date,price,price_target,price_target_upside,forward_pe_ratio,forward_pe_ratio:median:3,forward_ps_ratio,forward_ps_ratio:median:3,market_cap,sales_est_2fy_avg,eps_est_2fy_avg,eps_est_2y_num_est,eps_est_long_term_growth_num_est,eps_est_long_term_growth,cfo_per_share_est_2fy_avg,price_target_upside_mean_upper,price_target_upside_std_upper,price_target_upside_mean_lower,price_target_upside_std_lower,price_target_upside_upper_band,price_target_upside_lower_band
2021-04-19,43.87,47.0625,7.2772,19.5656,17.352,1.9647,1.6044,38974108000.0,5.8865,15.1938,8.0,1.0,16.8726,13.1727,6.784842205323194,12.710127626505836,8.953804761904761,5.484234548869825,19.49496983182903,3.4695702130349364
2021-04-20,42.52,47.0625,10.6832,18.9635,17.3634,1.9042,1.6061,37774768000.0,5.8865,15.1938,8.0,1.0,16.8726,13.1727,6.799608712121213,12.688209525051075,9.002090476190476,5.472358196133441,19.487818237172288,3.5297322800570354
2021-04-21,43.06,47.4375,10.166,19.1395,17.3747,1.9253,1.607,38254504000.0,6.0334,15.5074,8.0,1.0,16.8726,14.7497,6.812312075471698,12.665844319809144,9.034969841269842,5.466759707633348,19.47815639528084,3.568210133636493
2021-04-22,43.09,47.4375,10.0893,19.1528,17.3784,1.927,1.608,38281156000.0,6.0332,15.5074,8.0,1.0,16.8726,14.7497,6.824631578947368,12.64352051747272,9.090283333333332,5.441631801638207,19.46815209642009,3.648651531695125
2021-04-23,44.47,47.4375,6.673,19.7662,17.3821,1.9887,1.6114,39507148000.0,6.0332,15.5074,8.0,1.0,16.8726,14.7497,6.824063670411985,12.619735534730207,9.121428571428572,5.416216346755124,19.44379920514219,3.705212224673448
2021-04-26,44.1,47.4375,7.568,19.6017,17.4408,1.9722,1.6155,39178440000.0,6.0332,15.5074,8.0,1.0,16.8726,14.7497,6.826839552238806,12.596162874695034,9.172670634920635,5.370175624376829,19.42300242693384,3.8024950105438062
2021-04-27,44.96,47.4375,5.5105,19.984,17.455,2.0106,1.6161,39942464000.0,6.0332,15.5074,8.0,1.0,16.8726,14.7497,6.821946096654274,12.572896774596463,9.231475396825395,5.287906496158013,19.39484287125073,3.943568900667384
2021-04-28,44.49,47.4375,6.6251,19.7751,17.4693,1.9896,1.6168,39524916000.0,6.0332,15.5074,8.0,1.0,16.8726,14.7497,6.821217037037036,12.549511036331644,9.270949206349206,5.249292301112564,19.37072807336868,4.021656905236642
2021-04-29,44.15,49.75,12.684,19.0696,17.4755,1.9386,1.6174,39284670000.0,6.4715,16.0822,8.0,1.0,16.8726,15.1999,6.842850922509226,12.531311379429212,9.355868253968252,5.216916554987669,19.37416230193844,4.138951698980583
2021-04-30,43.58,50.1875,15.1618,18.7667,17.4817,1.9123,1.6196,38777484000.0,6.5239,16.2251,8.0,1.0,18.7533,15.1799,6.873435294117647,12.518335925000104,9.453160317460316,5.209916654612909,19.39177121911776,4.243243662847407
2021-05-03,43.46,50.1875,15.4798,18.715,17.4875,1.9071,1.6219,38670708000.0,6.5239,16.2251,8.0,1.0,18.7533,15.1799,6.90496043956044,12.506155131676037,9.493785714285716,5.236939719488335,19.41111557123648,4.256845994797381
2021-05-04,43.13,50.1875,16.3633,18.5729,17.4932,1.8926,1.6252,38377074000.0,6.5239,16.2251,8.0,1.0,18.7533,15.1799,6.9394799270073,12.496299656034385,9.501401587301588,5.246292431544179,19.43577958304169,4.25510915575741
2021-05-05,43.27,50.1875,15.9868,18.5668,17.4932,1.8987,1.6286,38501646000.0,6.5239,16.2407,8.0,1.0,18.7533,15.1799,6.972379272727273,12.485400998867638,9.55065,5.277972619053672,19.45778027159491,4.272677380946328
2021-05-06,44.16,50.1875,13.6492,18.9487,17.4932,1.9378,1.6292,39293568000.0,6.5239,16.2407,8.0,1.0,18.7533,15.1799,6.996570652173913,12.46915811893304,9.624969047619048,5.269155131281917,19.46572877110696,4.355813916337131
2021-05-07,44.84,50.1875,11.9257,19.2405,17.5163,1.9676,1.6299,39898632000.0,6.5239,16.2407,8.0,1.0,18.7533,15.1799,7.014365342960288,12.450071627959844,9.681784126984128,5.254930067834043,19.464436970920133,4.426854059150084
2021-05-10,45.41,50.1875,10.5208,19.4851,17.5394,1.9926,1.6357,40405818000.0,6.5239,16.2407,8.0,1.0,18.7533,15.1799,7.026978417266187,12.429357514013224,9.758357936507938,5.19549643899183,19.45633593127941,4.562861497516108
2021-05-11,44.5,50.1875,12.7809,19.0946,17.5441,1.9527,1.6415,39596100000.0,6.5239,16.2407,8.0,1.0,18.7533,15.1799,7.047601792114695,12.411763691099738,9.868284126984127,5.110391067218467,19.45936548321444,4.75789305976566
2021-05-12,42.43,50.1875,18.2831,18.2064,17.5488,1.8619,1.6438,37754214000.0,6.5239,16.2407,8.0,1.0,18.7533,15.1799,7.087728571428571,12.407681693701983,10.01884365079365,5.076252615329505,19.495410265130555,4.942591035464146
2021-05-13,43.25,50.1875,16.0405,18.5582,17.5663,1.8979,1.6462,38483850000.0,6.5239,16.2407,8.0,1.0,18.7533,15.1799,7.11958896797153,12.397014979971098,10.119770634920634,5.068486563258412,19.516603947942627,5.051284071662223
2021-05-14,43.64,50.1875,15.0034,18.7256,17.5838,1.915,1.6484,38830872000.0,6.5239,16.2407,8.0,1.0,18.7533,15.1799,7.147545744680851,12.383838708618066,10.217853174603174,5.042190001746277,19.53138445329892,5.175663172856898
2021-05-17,44.17,50.1875,13.6235,18.953,17.5876,1.9382,1.6507,39302466000.0,6.5239,16.2407,8.0,1.0,18.7533,15.1799,7.170428975265018,12.367854463854531,10.302838095238096,5.008251257768266,19.53828343911956,5.29458683746983
2021-05-18,43.66,50.1875,14.9508,18.7149,17.5914,1.9142,1.6514,38848668000.0,6.601,16.3311,8.0,1.0,18.7533,15.489,7.197824647887324,12.354613078700924,10.405396031746031,4.969616626781628,19.55243772658825,5.435779404964404
2021-05-19,43.44,50.1875,15.5329,18.6206,17.6046,1.9046,1.6522,38652912000.0,6.601,16.3311,8.0,1.0,18.7533,15.489,7.227070526315789,12.342721684688408,10.556760317460316,4.829985083936903,19.5697922110042,5.726775233523413
2021-05-20,43.89,50.1875,14.3484,18.8135,17.6177,1.9243,1.6527,39053322000.0,6.601,16.3311,8.0,1.0,18.7533,15.489,7.251970279720281,12.32824244847056,10.689514285714283,4.699725011695319,19.580212728190844,5.989789274018966
2021-05-21,43.88,50.1875,14.3744,18.8092,17.618,1.9238,1.6532,39044424000.0,6.601,16.3311,8.0,1.0,18.7533,15.489,7.276787108013937,12.313849923366078,10.795335714285711,4.630333511330968,19.590637031380016,6.165002202954745
2021-05-24,44.38,50.25,13.2267,19.0129,17.6184,1.9446,1.655,39489324000.0,6.6352,16.1626,9.0,1.0,18.7533,15.489,7.297446527777778,12.297377404202148,10.886720634920636,4.562766248219503,19.594823931979924,6.323954386701133
2021-05-25,44.72,50.25,12.3658,19.1586,17.6452,1.9595,1.6568,39791856000.0,6.6352,16.1626,9.0,1.0,18.7533,15.489,7.314984083044983,12.279629026970785,10.95891507936508,4.512968283833942,19.594613110015768,6.445946795531137
2021-05-26,44.72,50.25,12.3658,19.1586,17.672,1.9595,1.658,39791856000.0,6.6352,16.1626,9.0,1.0,18.7533,15.489,7.332400689655173,12.26195314246863,11.035971428571427,4.452563076267133,19.594353832123804,6.583408352304296
2021-05-27,45.31,50.25,10.9027,19.4114,17.699,1.9853,1.6592,40316838000.0,6.6352,16.1626,9.0,1.0,18.7533,15.489,7.344669759450173,12.242582729793616,11.11383253968254,4.362146314040026,19.587252489243788,6.751686225642515
2021-05-28,45.93,50.25,9.4056,19.677,17.726,2.0123,1.662,40868514000.0,6.6354,16.1635,9.0,1.0,18.7533,15.489,7.351727739726026,12.222124344633722,11.158536507936509,4.314920181836136,19.57385208435975,6.843616326100372
2021-06-01,46.85,50.25,7.2572,20.0711,17.7324,2.0526,1.6647,41687130000.0,6.6354,16.1635,9.0,1.0,18.7533,15.489,7.351405119453925,12.201179350453204,11.158969841269842,4.314522445124543,19.552584469907128,6.844447396145299
2021-06-02,46.05,50.25,9.1205,19.7284,17.7389,2.0175,1.6674,40975290000.0,6.6354,16.1635,9.0,1.0,18.7533,15.489,7.357422448979591,12.180777405559736,11.18000238095238,4.297911050721567,19.53819985453933,6.882091330230813
2021-06-03,45.73,50.25,9.8841,19.5913,17.7406,2.0035,1.6701,40690554000.0,6.6354,16.1635,9.0,1.0,18.7533,15.489,7.365987457627119,12.160933960975589,11.19653253968254,4.288807973483189,19.526921418602708,6.907724566199351
2021-06-04,45.89,50.3125,9.6372,19.6363,17.7423,2.0099,1.6709,40832922000.0,6.6361,16.1694,9.0,1.0,18.7533,15.489,7.373660472972974,12.141022425254553,11.193215873015872,4.289859198498981,19.514682898227527,6.903356674516893
2021-06-07,46.06,50.5,9.6396,19.709,17.7563,2.0173,1.6717,40984188000.0,6.6361,16.1694,9.0,1.0,18.7533,15.489,7.381289898989899,12.121209734363338,11.18658492063492,4.291623454667368,19.50249963335324,6.894961465967553
2021-06-08,46.36,50.5,8.9301,19.8374,17.7703,2.0305,1.6718,41251128000.0,6.6361,16.1694,9.0,1.0,18.7533,15.489,7.386487248322148,12.101119057895932,11.1978126984127,4.2837854531894735,19.48760630621808,6.914027245223226
2021-06-09,46.19,50.5,9.331,19.7647,17.8022,2.023,1.6719,41099862000.0,6.6361,16.1694,9.0,1.0,18.7533,15.489,7.392990635451505,12.081321482645269,11.17916984126984,4.286780534718737,19.474312118096773,6.892389306551104
2021-06-10,45.86,50.5,10.1177,19.6234,17.8341,2.0086,1.6724,40806228000.0,6.6361,16.1694,9.0,1.0,18.7533,15.489,7.402073000000001,12.062127533111829,11.171623015873015,4.287813648341812,19.46420053311183,6.883809367531203
2021-06-11,46.1,50.5,9.5445,19.7261,17.8364,2.0191,1.6728,41019780000.0,6.6361,16.1694,9.0,1.0,18.7533,15.489,7.409190697674418,12.042640354340064,11.17210634920635,4.28762527610327,19.451831052014484,6.88448107310308
2021-06-14,46.21,50.5,9.2837,19.7732,17.8386,2.0239,1.6728,41117658000.0,6.6361,16.1694,9.0,1.0,18.7533,15.489,7.415397682119205,12.023103197700362,11.163575396825395,4.2903253299243085,19.438500879819568,6.873250066901089
2021-06-15,46.53,50.5,8.5321,19.9101,17.8766,2.0379,1.6728,41402394000.0,6.6361,16.1694,9.0,1.0,18.7533,15.489,7.419083168316831,12.003352328343864,11.140123015873016,4.296614595127926,19.422435496660697,6.843508420745089
2021-06-16,46.91,50.5,7.653,20.0727,17.9147,2.0546,1.6732,41740518000.0,6.6361,16.1694,9.0,1.0,18.7533,15.489,7.419852631578948,11.98353595630132,11.096646031746031,4.30401671808375,19.403388587880265,6.792629313662282
2021-06-17,46.13,50.5,9.4732,19.739,17.9254,2.0204,1.6737,41046474000.0,6.6361,16.1694,9.0,1.0,18.7533,15.489,7.426584918032787,11.964387674652514,11.09264206349206,4.305300459189438,19.3909725926853,6.787341604302623
2021-06-18,45.05,50.5,12.0977,19.2769,17.936,1.9731,1.675,40085490000.0,6.6361,16.1694,9.0,1.0,18.7533,15.489,7.44185,11.947742228539369,11.117047619047618,4.302186907398907,19.389592228539367,6.814860711648711
2021-06-21,46.5,50.6471,8.9185,19.8769,18.0819,2.0345,1.6764,41375700000.0,6.5454,15.8858,10.0,2.0,16.3194,19.0216,7.446659934853421,11.928501516910874,11.131872222222222,4.291266897122865,19.375161451764296,6.840605325099357
2021-06-22,46.11,50.6471,9.8397,19.711,18.1157,2.0174,1.6766,41028678000.0,6.5454,15.8892,10.0,2.0,16.3194,19.0216,7.454429545454546,11.909838741989711,11.155978571428571,4.275252264456149,19.364268287444258,6.880726306972423
2021-06-23,46.1,50.6471,9.8636,19.7067,18.1495,2.017,1.6768,41019780000.0,6.5454,15.8892,10.0,2.0,16.3194,19.0216,7.462226213592234,11.891278697210517,11.174333333333337,4.264602154855748,19.35350491080275,6.909731178477587
2021-06-24,46.22,50.6471,9.5783,19.758,18.163,2.0222,1.6769,41126556000.0,6.5454,15.8892,10.0,2.0,16.3194,19.0216,7.469052258064516,11.872629875920229,11.17942619047619,4.262290976687169,19.341682133984744,6.917135213789022
2021-06-25,47.06,50.6471,7.6224,20.1171,18.1765,2.059,1.677,41873988000.0,6.5454,15.8892,10.0,2.0,16.3194,19.0216,7.469545337620579,11.853468194342645,11.176695238095238,4.264475721246098,19.32301353196322,6.91221951684914
2021-06-28,47.88,50.8824,6.2707,20.4677,18.1778,2.0948,1.6772,42603624000.0,6.5454,15.8892,10.0,2.0,16.3194,19.0216,7.465702884615385,11.834590449753636,11.157130952380951,4.281384578782262,19.30029333436902,6.875746373598689
2021-06-29,48.71,50.8824,4.4599,20.8225,18.1792,2.1311,1.678,43342158000.0,6.5454,15.8892,10.0,2.0,16.3194,19.0216,7.456099680511182,11.81683096725538,11.12022380952381,4.319049048805635,19.272930647766565,6.801174760718176
2021-06-30,48.6,50.8824,4.6963,20.7754,18.19,2.1263,1.6788,43244280000.0,6.5454,15.8892,10.0,2.0,16.3194,19.0216,7.44731050955414,11.798967085326748,11.07144761904762,4.35675361827526,19.246277594880887,6.71469400077236
2021-07-01,48.75,50.8824,4.3742,20.8396,18.2008,2.1329,1.6797,43377750000.0,6.5454,15.8892,10.0,2.0,16.3194,19.0216,7.437554603174604,11.781436389434136,11.033172222222223,4.394375830474962,19.21899099260873,6.638796391747261
2021-07-02,48.52,50.8824,4.8689,20.7412,18.2036,2.1228,1.6806,43173096000.0,6.5454,15.8892,10.0,2.0,16.3194,19.0216,7.429425949367089,11.763608335020718,10.988773809523808,4.428310976906303,19.193034284387807,6.560462832617505
2021-07-06,48.17,50.8824,5.6309,20.5916,18.2064,2.1075,1.6808,42861666000.0,6.5454,15.8892,10.0,2.0,16.3194,19.0216,7.423752365930599,11.745414675648762,10.92408650793651,4.446681922860774,19.16916704157936,6.477404585075735
2021-07-07,48.83,51.1765,4.8054,20.8417,18.2158,2.1364,1.6809,43448934000.0,6.5454,15.9992,10.0,2.0,16.3194,19.0216,7.41551855345912,11.727793329920988,10.874506349206351,4.479941622597291,19.143311883380107,6.39456472660906
2021-07-08,48.05,51.1765,6.5068,20.5088,18.2252,2.1021,1.6835,42754890000.0,6.552,15.9992,10.0,2.0,16.3194,19.0216,7.412669905956113,11.709449419650593,10.884864285714285,4.468214163595404,19.122119325606704,6.416650122118881
2021-07-09,48.27,51.6471,6.9963,20.5676,18.2492,2.1118,1.6861,42950646000.0,6.4895,16.0142,10.0,2.0,16.3194,18.9649,7.411368749999999,11.691104814415684,10.920238888888887,4.418985137317826,19.10247356441568,6.501253751571063
2021-07-12,49.21,51.7647,5.1914,20.9592,18.2733,2.1522,1.6863,43787058000.0,6.5109,16.0442,10.0,2.0,16.3194,18.9649,7.404452959501558,11.67348078268106,10.9254873015873,4.41172161832518,19.077933742182616,6.513765683262121
2021-07-13,49.23,51.7647,5.1487,20.9686,18.2782,2.1531,1.6865,43804854000.0,6.5109,16.0438,10.0,2.0,16.3194,19.0327,7.39744751552795,11.65596150140305,10.94795873015873,4.374579030723238,19.053409016931,6.573379699435492
2021-07-14,49.0,51.7647,5.6422,20.8706,18.2832,2.1431,1.687,43600200000.0,6.5109,16.0438,10.0,2.0,16.3194,19.0327,7.392013312693498,11.63825790055863,10.97765396825397,4.325092350471191,19.030271213252128,6.652561617782778
2021-07-15,49.56,51.7647,4.4485,21.1046,18.2942,2.1675,1.6876,44098488000.0,6.4695,15.9892,10.0,2.0,16.3194,19.0327,7.382928395061729,11.621378646326624,10.98444523809524,4.314061614888854,19.00430704138835,6.670383623206384
2021-07-16,49.08,51.7647,5.47,20.8771,18.3052,2.1452,1.6896,43671384000.0,6.4712,15.9947,10.0,2.0,16.3194,19.0327,7.377042461538461,11.603915724504436,10.975984920634922,4.323889336864565,18.980958186042898,6.652095583770357
2021-07-19,48.25,51.7647,7.2844,20.4875,18.3316,2.1068,1.6916,42932850000.0,6.4725,15.9989,10.0,2.0,16.3194,19.0327,7.376758282208589,11.586050929008438,10.970510317460318,4.328154973950562,18.962809211217028,6.642355343509757
2021-07-20,49.9,51.7647,3.7369,21.1881,18.358,2.1788,1.6939,44401020000.0,6.4725,15.9989,10.0,2.0,16.3194,19.0327,7.3656272171253825,11.570018279612867,10.936668253968254,4.368046250279914,18.935645496738253,6.56862200368834
2021-07-21,50.45,51.9444,2.9621,21.4098,18.3694,2.2013,1.6962,44890410000.0,6.4741,16.0051,10.0,2.0,16.3194,19.0327,7.352201829268292,11.554872044941966,10.889612698412698,4.421862867651794,18.90707387421026,6.467749830760904
2021-07-22,50.81,51.9444,2.2326,21.5626,18.3807,2.217,1.6962,45210738000.0,6.4741,16.0051,10.0,2.0,16.3194,19.0327,7.336640729483283,11.540696533391564,10.830243650793651,4.487515552383039,18.87733726287485,6.342728098410612
2021-07-23,51.9,51.9444,0.0855,22.0242,18.3948,2.2646,1.6962,46180620000.0,6.4741,16.0063,10.0,2.0,16.3194,19.0327,7.314667575757575,11.530055556735512,10.74876507936508,4.588340530907779,18.844723132493087,6.1604245484573
2021-07-26,51.51,52.5294,1.979,21.83,18.409,2.2451,1.6969,45833598000.0,6.5383,16.0591,9.0,2.0,16.3194,19.0327,7.298547734138973,11.51630740138914,10.668351587301586,4.652609305767866,18.81485513552812,6.01574228153372
2021-07-27,51.96,52.0625,0.1973,22.0787,18.4189,2.269,1.6976,46234008000.0,6.5365,16.0529,9.0,1.0,13.8855,19.0931,7.2771584337349395,11.505500689253468,10.536366666666668,4.711993879945122,18.78265912298841,5.824372786721546
2021-07-28,51.57,52.5294,1.8604,21.8554,18.4288,2.2477,1.7178,45886986000.0,6.5383,16.0591,9.0,2.0,16.3194,19.0327,7.260891891891892,11.491994322207564,10.389684920634922,4.69192148466394,18.75288621409945,5.697763435970982
2021-07-29,53.94,58.0,7.5269,22.1057,18.4302,2.314,1.7379,48055146000.0,7.2988,17.8734,9.0,2.0,17.5716,20.051,7.261688323353293,11.474735333068791,10.337230952380953,4.686644117122033,18.736423656422083,5.65058683525892
2021-07-30,55.25,58.4706,5.8291,22.5575,18.4316,2.3631,1.738,49222225000.0,7.2646,17.5569,10.0,2.0,17.5716,18.9955,7.257411940298508,11.45781205326483,10.278360317460317,4.6963816735879735,18.71522399356333,5.581978643872343
2021-08-02,54.61,59.0588,8.1465,22.1721,18.4331,2.3222,1.738,48652049000.0,7.523,17.7484,10.0,2.0,18.6895,19.1361,7.260058035714286,11.44080087727114,10.241601587301588,4.694785176086094,18.700858912985424,5.546816411215494
2021-08-03,57.18,59.0588,3.2858,23.2156,18.4494,2.4315,1.7381,50941662000.0,7.523,17.7484,10.0,2.0,18.6895,19.1361,7.248264985163205,11.425814370955976,10.162079365079366,4.727218441228527,18.67407935611918,5.434860923850839
2021-08-04,57.04,59.0588,3.5393,23.0847,18.4658,2.4256,1.7428,50816936000.0,7.523,17.777,10.0,2.0,18.6895,19.1361,7.2372917159763315,11.410633070061234,10.076790476190476,4.749117547291164,18.647924786037564,5.327672928899312
2021-08-05,56.32,59.0588,4.8629,22.7933,18.4676,2.3951,1.7476,50175488000.0,7.5229,17.777,10.0,2.0,18.6895,19.1361,7.230287610619469,11.39447071666961,10.006265873015872,4.760115567658658,18.62475832728908,5.246150305357214
2021-08-06,56.38,59.0588,4.7513,22.8176,18.4693,2.3976,1.7565,50228942000.0,7.5229,17.777,10.0,2.0,18.6895,19.1361,7.222996470588235,11.378446577534412,9.953764285714287,4.781426271002676,18.601443048122647,5.172338014711611
2021-08-09,56.24,59.0588,5.0121,22.7609,18.4957,2.3917,1.7654,50104216000.0,7.5229,17.777,10.0,2.0,18.6895,19.1361,7.216512903225806,11.362332053795797,9.915576984126984,4.801644747628285,18.5788449570216,5.113932236498699
2021-08-10,56.61,59.0588,4.3257,22.9107,18.5221,2.4074,1.7666,50433849000.0,7.5229,17.777,10.0,2.0,18.6895,19.1361,7.208060233918128,11.346736306816153,9.821715873015872,4.79434270358579,18.55479654073428,5.027373169430082
2021-08-11,56.89,59.6471,4.8464,22.9673,18.5401,2.4101,1.7678,50683301000.0,7.7872,17.979,10.0,2.0,18.6895,19.6839,7.201174927113703,11.33085293299644,9.723387301587302,4.768045417166003,18.532027860110144,4.955341884421299
2021-08-12,55.98,59.5556,6.3873,22.6337,18.5582,2.3722,1.7682,49872582000.0,7.7687,17.9281,11.0,2.0,18.6895,19.6839,7.198809011627907,11.314408691810286,9.640381746031746,4.733972432659953,18.5132177034382,4.906409313371793
2021-08-13,56.15,59.5556,6.0652,22.7025,18.5625,2.3794,1.7686,50024035000.0,7.7687,17.9281,11.0,2.0,18.6895,19.6839,7.195523188405797,11.29811620592567,9.556810317460318,4.703057979295275,18.493639394331467,4.853752338165043
2021-08-16,56.6,59.5556,5.2219,22.8844,18.5668,2.3985,1.771,50424940000.0,7.7687,17.9281,11.0,2.0,18.6895,19.6839,7.189819075144508,11.282229169036125,9.469761111111112,4.680752449698212,18.47204824418064,4.7890086614129
2021-08-17,55.15,59.5556,7.9884,22.2981,18.5671,2.337,1.7733,49133135000.0,7.7687,17.9281,11.0,2.0,18.6895,19.6839,7.192120461095102,11.265995138636038,9.40045873015873,4.636978755962057,18.45811559973114,4.763479974196673
2021-08-18,55.17,59.5556,7.9492,22.3062,18.5675,2.3379,1.7737,49150953000.0,7.7687,17.9281,11.0,2.0,18.6895,19.6839,7.194295977011493,11.249823206917528,9.31593253968254,4.564454017940476,18.444119183929025,4.751478521742064
2021-08-19,55.25,59.5556,7.7929,22.3386,18.5702,2.3413,1.7741,49222225000.0,7.7687,17.9281,11.0,2.0,18.6895,19.6839,7.1960111747851006,11.23369373789661,9.254923015873016,4.532666972512573,18.42970491268171,4.722256043360444
2021-08-20,55.37,59.5556,7.5593,22.3871,18.5729,2.3463,1.7748,49329133000.0,7.7687,17.9281,11.0,2.0,18.6895,19.6839,7.197049142857143,11.217604883130134,9.183705555555555,4.487675364628011,18.414654025987275,4.696030190927546
2021-08-23,55.88,59.5556,6.5777,22.5933,18.5968,2.3679,1.7754,49783492000.0,7.7687,17.9281,11.0,2.0,18.6895,19.6839,7.195284615384615,11.201617051772596,9.099711904761904,4.435917478431874,18.39690166715721,4.663794426330029
2021-08-24,56.61,59.5556,5.2033,22.8884,18.6206,2.3989,1.7772,50433849000.0,7.7687,17.9281,11.0,2.0,18.6895,19.6839,7.189625568181818,11.186152832329498,9.0135,4.40489441079355,18.375778400511315,4.608605589206451
2021-08-25,57.74,59.5556,3.1444,23.3453,18.634,2.4468,1.7789,51440566000.0,7.7687,17.9281,11.0,2.0,18.6895,19.6839,7.178166005665723,11.17232691545632,8.877557936507937,4.318079274962048,18.35049292112204,4.5594786615458895
2021-08-26,57.38,59.5556,3.7916,23.1998,18.6474,2.4315,1.7812,51119842000.0,7.7687,17.9281,11.0,2.0,18.6895,19.6839,7.168599435028249,11.157942743958229,8.756942857142857,4.245012806264408,18.326542178986475,4.511930050878449
2021-08-27,58.32,59.5556,2.1187,23.5798,18.6507,2.4713,1.7835,51957288000.0,7.7687,17.9281,11.0,2.0,18.6895,19.6839,7.154374366197184,11.14539489724213,8.640059523809525,4.223201404170635,18.29976926343932,4.416858119638889
2021-08-30,58.03,59.5556,2.629,23.4626,18.654,2.4591,1.7838,51698927000.0,7.7687,17.9281,11.0,2.0,18.6895,19.6839,7.141662640449439,11.132270106609692,8.525728571428571,4.188980394317619,18.27393274705913,4.336748177110952
2021-08-31,57.6,59.5556,3.3951,23.2887,18.6844,2.4407,1.7841,51315840000.0,7.7688,17.9281,11.0,2.0,18.6895,19.6839,7.131168067226891,11.118392218407667,8.416976984126984,4.1422673439393405,18.24956028563456,4.274709640187644
2021-09-01,57.89,59.5556,2.8772,23.406,18.7149,2.453,1.7843,51574201000.0,7.7688,17.9281,11.0,2.0,18.6895,19.6839,7.119285474860336,11.105085455550643,8.262252380952381,3.977651012760488,18.22437093041098,4.284601368191893
2021-09-02,57.92,59.5556,2.8239,23.4181,18.715,2.4544,1.7845,51600928000.0,7.7687,17.9281,11.0,2.0,18.6895,19.6839,7.10732061281337,11.091881681268054,8.144438888888889,3.9161865416442816,18.199202294081424,4.228252347244608
2021-09-03,57.41,59.7222,4.0275,23.2213,18.715,2.4333,1.7858,51146569000.0,7.753,17.8657,11.0,2.0,18.6895,19.6839,7.098765555555556,11.077611916424017,8.039201587301587,3.8460625480714303,18.17637747197957,4.193139039230157
2021-09-07,56.22,59.7222,6.2295,22.74,18.7203,2.3829,1.7871,50086398000.0,7.753,17.8657,11.0,2.0,18.6895,19.6839,7.096357617728532,11.062310252135592,7.948669047619047,3.7514337422050414,18.158667869864125,4.197235305414004
2021-09-08,56.66,59.7222,5.4045,22.9179,18.7256,2.4015,1.7887,50478394000.0,7.753,17.8657,11.0,2.0,18.6895,19.6839,7.091683977900553,11.047335748339018,7.891553174603175,3.7347808851966247,18.13901972623957,4.15677228940655
2021-09-09,56.73,59.8889,5.5683,22.9462,18.7462,2.4045,1.7903,50540757000.0,7.753,17.8657,11.0,2.0,18.6895,19.6839,7.087487327823692,11.032356192331708,7.845988095238096,3.727762952905856,18.1198435201554,4.118225142332241
2021-09-10,56.43,59.8889,6.1295,22.8249,18.7667,2.3917,1.7909,50273487000.0,7.753,17.8657,11.0,2.0,18.6895,19.6839,7.084855494505495,11.017264053233674,7.812910317460317,3.7243271810050382,18.102119547739168,4.088583136455279
2021-09-13,55.74,59.8889,7.4433,22.5458,18.7721,2.3625,1.7915,49658766000.0,7.753,17.8657,11.0,2.0,18.6895,19.6839,7.085837534246576,11.002136037715854,7.790480952380952,3.717919312189887,18.08797357196243,4.072561640191065
2021-09-14,54.98,59.8889,8.9285,22.2384,18.7775,2.3303,1.7917,48981682000.0,7.753,17.8657,11.0,2.0,18.6895,19.6839,7.090872131147541,10.987476454848547,7.75646746031746,3.687381823371826,18.07834858599609,4.069085636945634
2021-09-15,55.76,59.8889,7.4048,22.5539,18.7826,2.3633,1.7918,49676584000.0,7.753,17.8657,11.0,2.0,18.6895,19.6839,7.091727520435968,10.97246821077061,7.726828571428572,3.674961242241525,18.064195731206578,4.051867329187047
2021-09-16,55.07,59.8889,8.7505,22.2748,18.7878,2.3341,1.795,49061863000.0,7.753,17.8657,11.0,2.0,18.6895,19.6839,7.096235054347826,10.95785032196945,7.743367460317461,3.674840807084428,18.054085376317275,4.068526653233032
2021-09-17,55.0,59.8889,8.8889,22.2465,18.7897,2.3311,1.7982,48999500000.0,7.753,17.8657,11.0,2.0,18.6895,19.6839,7.1010932249322485,10.943349733649663,7.759142857142857,3.675462976756643,18.044442958581914,4.083679880386214
2021-09-20,53.82,59.8889,11.2763,21.7692,18.7915,2.2811,1.8036,47948238000.0,7.753,17.8657,11.0,2.0,18.6895,19.6839,7.112377567567568,10.930666649530297,7.804109523809524,3.683615037203101,18.043044217097865,4.120494486606424
2021-09-21,51.69,59.8889,15.8617,20.9077,18.7986,2.1908,1.8089,46050621000.0,7.753,17.8657,11.0,2.0,18.6895,19.6839,7.13596064690027,10.925332574915103,7.862168253968254,3.752414329503656,18.061293221815376,4.1097539244646
2021-09-22,52.59,59.8889,13.8789,21.2717,18.8057,2.229,1.8094,46852431000.0,7.753,17.8657,11.0,2.0,18.6895,19.6839,7.154086827956989,10.916198182054035,7.901271428571428,3.7893509173125386,18.070285010011023,4.11192051125889
2021-09-23,53.49,59.8889,11.9628,21.6357,18.8075,2.2671,1.8098,47654241000.0,7.753,17.8657,11.0,2.0,18.6895,19.6839,7.166978820375335,10.904358989393966,7.92966746031746,3.8063715702980097,18.0713378097693,4.123295890019451
2021-09-24,53.12,59.8889,12.7427,21.4861,18.8092,2.2514,1.8112,47324608000.0,7.753,17.8657,11.0,2.0,18.6895,19.6839,7.181887165775401,10.89354806595893,7.961715873015873,3.8298756256445534,18.07543523173433,4.131840247371319
2021-09-27,52.37,59.8889,14.3573,21.1827,18.8114,2.2197,1.8125,46656433000.0,7.753,17.8657,11.0,2.0,18.6895,19.6839,7.2010216,10.885283142733275,8.032049206349207,3.865426660595128,18.08630474273328,4.166622545754079
2021-09-28,51.96,59.8889,15.2596,21.0169,18.8135,2.2023,1.814,46291164000.0,7.753,17.8657,11.0,2.0,18.6895,19.6839,7.222453989361702,10.878700840779835,8.099947619047619,3.9167173623985847,18.10115483014154,4.1832302566490345
2021-09-29,52.85,59.8889,13.3186,21.3769,18.8203,2.24,1.8156,47084065000.0,7.753,17.8657,11.0,2.0,18.6895,19.6839,7.238624137931034,10.868760610983074,8.145873015873017,3.943836080151693,18.107384748914107,4.202036935721324
2021-09-30,51.76,59.8333,15.5976,20.9555,18.827,2.1929,1.8159,46112984000.0,7.7883,17.7958,11.0,2.0,18.6895,19.6839,7.26073783068783,10.86284783016148,8.20582380952381,3.9992952761491374,18.123585660849308,4.206528533374672
2021-10-01,52.46,60.1667,14.6906,21.3209,18.8554,2.2351,1.8161,46736614000.0,7.4287,17.6281,11.0,2.0,18.4139,19.6761,7.280341688654353,10.855180503401678,8.264882539682539,4.039795095518205,18.13552219205603,4.225087444164334
2021-10-04,52.33,60.1667,14.9755,21.2741,18.8837,2.2301,1.8164,46620797000.0,7.4138,17.6082,11.0,2.0,18.4139,19.6229,7.300592105263157,10.848035019359804,8.330775396825397,4.081121682041603,18.14862712462296,4.249653714783793
2021-10-05,52.82,60.1111,13.8037,21.4908,18.9152,2.2533,1.8168,47057338000.0,7.4119,17.6074,11.0,2.0,18.4139,19.6229,7.317660629921259,10.838873483284887,8.384988888888888,4.108218837934002,18.15653411320615,4.276770050954886
2021-10-06,52.61,59.6316,13.3465,21.4463,18.9467,2.2567,1.817,46870249000.0,7.0369,17.4829,12.0,3.0,13.2759,19.6229,7.333442931937173,10.829034019746592,8.432379365079365,4.130856468468863,18.162476951683765,4.301522896610503
2021-10-07,53.35,59.6316,11.7743,21.7524,18.9477,2.2887,1.8173,47529515000.0,7.0379,17.4659,12.0,3.0,13.2759,19.6229,7.345037859007832,10.81723092938224,8.469203174603175,4.139864715624182,18.162268788390072,4.3293384589789925
2021-10-08,51.5,59.5789,15.6872,21.0213,18.9487,2.2103,1.8178,45881350000.0,7.0161,17.3755,12.0,3.0,13.2759,19.5679,7.366762239583333,10.81148452610365,8.534088095238095,4.188519721459766,18.178246765686985,4.345568373778329
2021-10-11,51.25,59.5789,16.2515,20.9397,18.9508,2.1996,1.8183,45658625000.0,7.0162,17.368,12.0,3.0,13.2759,19.5679,7.38983948051948,10.80688838399204,8.610844444444444,4.240717501811355,18.196727864511523,4.370126942633089
2021-10-12,50.3,59.5789,18.4471,20.5298,18.953,2.1597,1.8183,44812270000.0,6.9903,17.4752,13.0,3.0,12.9942,19.3552,7.418485233160622,10.807508152502344,8.704438095238094,4.326458821953285,18.225993385662967,4.37797927328481
2021-10-13,50.73,59.5789,17.4431,20.7053,18.9582,2.1782,1.8183,45195357000.0,6.9903,17.4752,13.0,3.0,12.9942,19.3552,7.444388630490956,10.805522087739526,8.798996031746032,4.386281965590491,18.24991071823048,4.412714066155541
2021-10-14,53.01,59.5789,12.3918,21.6359,18.9635,2.2761,1.8186,47226609000.0,6.9903,17.4752,13.0,3.0,12.9942,19.3552,7.457139690721649,10.794474915057492,8.858999206349205,4.38328320717697,18.251614605779142,4.475715999172235
2021-10-15,53.43,59.5789,11.5083,21.8073,18.9686,2.2941,1.8188,47600787000.0,6.9903,17.4752,13.0,3.0,12.9942,19.3552,7.467553984575835,10.782512119742194,8.892579365079365,4.387273489762299,18.25006610431803,4.505305875317067
2021-10-18,53.98,59.5789,10.3722,22.0318,18.9806,2.3177,1.8202,48090782000.0,6.9903,17.4752,13.0,3.0,12.9942,19.3552,7.475001794871795,10.769648340114896,8.89011111111111,4.386345423319488,18.24465013498669,4.503765687791622
2021-10-19,53.97,59.5789,10.3926,22.0277,18.9875,2.3173,1.8214,48081873000.0,6.9903,17.4752,13.0,3.0,12.9942,19.3552,7.48246368286445,10.756844234745383,8.891909523809524,4.386919141692589,18.239307917609835,4.504990382116935
2021-10-20,54.02,59.5789,10.2904,22.0481,18.9981,2.3194,1.8226,48126418000.0,6.9903,17.4726,13.0,3.0,12.9942,19.3552,7.489626785714286,10.74401594823986,8.893505555555556,4.387394812565784,18.23364273395415,4.506110742989772
2021-10-21,54.32,59.5789,9.6813,22.1705,19.0087,2.3312,1.8226,48393688000.0,6.9899,17.4697,13.0,3.0,12.9942,19.3552,7.495203562340967,10.730872610726502,8.917380952380954,4.383398048066654,18.22607617306747,4.5339829043143
2021-10-22,54.66,59.5789,8.9991,22.3093,19.0093,2.3458,1.8226,48696594000.0,6.9899,17.4697,13.0,3.0,12.9942,19.3552,7.4990205583756335,10.7174792124796,8.928738888888889,4.381727422539633,18.21649977085524,4.547011466349256
2021-10-25,54.6,59.5789,9.1189,22.2848,19.0098,2.3432,1.8234,48643140000.0,6.9899,17.4697,13.0,3.0,12.9942,19.3552,7.503121518987342,10.704180016301502,8.957376984126984,4.370986494715615,18.20730153528884,4.58639048941137
2021-10-26,53.73,59.5789,10.8857,21.9297,19.0114,2.3059,1.8243,47868057000.0,6.9899,17.4697,13.0,3.0,12.9942,19.3552,7.511663383838384,10.69197309866044,8.99119126984127,4.369279310550361,18.203636482498823,4.621911959290909
2021-10-27,53.16,59.5789,12.0747,21.6971,19.0129,2.2814,1.8254,47360244000.0,6.9899,17.4697,13.0,3.0,12.9942,19.3552,7.52315717884131,10.680920035399856,8.986355555555555,4.365495119750926,18.204077214241167,4.620860435804629
2021-10-28,54.42,59.7368,9.7699,22.6778,19.0202,2.3548,1.8265,48542640000.0,6.8325,16.7757,16.0,3.0,12.7854,16.1113,7.528802261306533,10.66805397045751,8.943562698412698,4.330764872929229,18.196856231764045,4.61279782548347
2021-10-29,52.23,59.7368,14.3726,21.8061,19.0275,2.2581,1.827,46589160000.0,6.9058,16.7534,16.0,3.0,12.7854,16.1891,7.545954636591479,10.660150783365715,8.934775396825398,4.31850239479731,18.2061054199572,4.616273002028088
2021-11-01,52.17,59.7368,14.5041,21.7811,19.032,2.2555,1.8274,46535640000.0,6.9058,16.7534,16.0,3.0,12.7854,16.1891,7.563350000000001,10.652466621955668,8.920019841269841,4.296035225144625,18.215816621955668,4.623984616125216
2021-11-02,52.4,59.7368,14.0015,21.8771,19.0365,2.2654,1.8286,46740800000.0,6.9058,16.7534,16.0,3.0,12.7854,16.1891,7.57940523690773,10.643999414813372,8.904263492063492,4.273490947384441,18.223404651721104,4.630772544679052
2021-11-03,51.97,59.7368,14.9448,21.6976,19.0472,2.2468,1.8298,46357240000.0,6.9058,16.7534,16.0,3.0,12.7854,16.1891,7.597727114427861,10.637064487941888,8.914546031746031,4.286537947064551,18.23479160236975,4.62800808468148
2021-11-04,52.97,59.7368,12.7748,22.1151,19.0578,2.2901,1.83,47249240000.0,6.9058,16.7534,16.0,3.0,12.7854,16.1891,7.610573449131514,10.626955668588906,8.92128492063492,4.291973659696789,18.23752911772042,4.62931126093813
2021-11-05,52.79,59.7368,13.1593,22.0399,19.0584,2.2823,1.8301,47088680000.0,6.9058,16.7534,16.0,3.0,12.7854,16.1891,7.62430792079208,10.61735215853739,8.942225396825396,4.306252950135431,18.24166007932947,4.635972446689966
2021-11-08,53.34,59.7368,11.9925,22.276,19.0642,2.3109,1.8318,47579280000.0,6.9058,16.7534,16.0,3.0,12.7854,16.1891,7.635093580246914,10.606424966717675,8.935968253968253,4.3012004167516285,18.24151854696459,4.634767837216625
2021-11-09,54.81,59.7368,8.9889,22.89,19.0696,2.3746,1.8322,48890520000.0,6.9058,16.7534,16.0,3.0,12.7854,16.1891,7.638428078817734,10.593535591116243,8.862204761904763,4.218520105797458,18.23196366993397,4.643684656107306
2021-11-10,54.63,59.7368,9.348,22.8148,19.0806,2.3668,1.8325,48729960000.0,6.9058,16.7534,16.0,3.0,12.7854,16.1891,7.642628501228502,10.580820663987804,8.809089682539684,4.169260449716826,18.223449165216305,4.639829232822858
2021-11-11,54.5,59.7368,9.6088,22.7605,19.0916,2.3611,1.8329,48614000000.0,6.9058,16.7534,16.0,3.0,12.7854,16.1891,7.647447549019608,10.56826240779177,8.766275396825398,4.132680173963392,18.21570995681138,4.633595222862006
2021-11-12,56.12,59.7368,6.4448,23.491,19.0931,2.4318,1.8333,50059040000.0,6.9035,16.7509,16.0,3.0,12.7426,16.1571,7.644507090464548,10.555470673528912,8.709301587301589,4.114625909430614,18.19997776399346,4.594675677870975
2021-11-15,55.7,59.7368,7.2474,23.3152,19.0946,2.4136,1.834,49684400000.0,6.9035,16.7509,16.0,3.0,12.7426,16.1571,7.643538536585366,10.542577019231729,8.648163492063492,4.078213510283241,18.186115555817096,4.569949981780251
2021-11-16,56.26,59.7368,6.1799,23.5496,19.1024,2.4378,1.8346,50183920000.0,6.9035,16.7509,16.0,3.0,12.7426,16.1571,7.639977372262773,10.529959868352814,8.573933333333335,4.036807285605822,18.16993724061559,4.537126047727512
2021-11-17,56.12,59.7368,6.4448,23.491,19.1102,2.4318,1.8348,50059040000.0,6.9035,16.7509,16.0,3.0,12.7426,16.1571,7.637076456310679,10.517306726673116,8.511206349206349,4.007662268320475,18.1543831829838,4.503544080885874
2021-11-18,57.02,59.7368,4.7646,23.8677,19.1114,2.4708,1.8351,50861840000.0,6.9035,16.7509,16.0,3.0,12.7426,16.1571,7.630121307506053,10.505486153946348,8.434938095238095,3.986574172190628,18.1356074614524,4.448363923047468
2021-11-19,57.15,59.7368,4.5263,23.9221,19.1125,2.4764,1.837,50977800000.0,6.9035,16.7509,16.0,3.0,12.7426,16.1571,7.622624154589372,10.493868732327838,8.365887301587302,3.978253288949524,18.11649288691721,4.387634012637777
2021-11-22,56.41,59.7368,5.8975,23.6124,19.126,2.4443,1.8388,50317720000.0,6.9035,16.7509,16.0,3.0,12.7426,16.1571,7.618467228915662,10.481529409008903,8.314551587301588,3.967945547362981,18.09999663792457,4.346606039938608
2021-11-23,54.87,59.7368,8.8697,22.9678,19.1395,2.3776,1.8392,48944040000.0,6.8956,16.7425,16.0,3.0,12.7426,16.1571,7.621475,10.469073185215466,8.286804761904763,3.951579485458616,18.090548185215468,4.335225276446147
2021-11-24,55.69,59.7368,7.2667,23.311,19.1462,2.4131,1.8395,49675480000.0,6.8956,16.7425,16.0,3.0,12.7426,16.1571,7.620624220623501,10.456497026461005,8.257947619047618,3.945595351775765,18.077121247084506,4.312352267271853
2021-11-26,55.38,59.7368,7.8671,23.1812,19.1528,2.3997,1.8415,49398960000.0,6.8956,16.7425,16.0,3.0,12.7426,16.1571,7.621213875598086,10.443958692454077,8.245737301587301,3.9443957258821913,18.06517256805216,4.301341575705109
2021-11-29,55.98,59.7368,6.711,23.4324,19.1557,2.4257,1.8436,49934160000.0,6.8956,16.7425,16.0,3.0,12.7426,16.1571,7.619041527446301,10.4315532136485,8.241402380952382,3.945790719386233,18.0505947410948,4.295611661566149
2021-11-30,54.12,59.7368,10.3784,22.6538,19.1586,2.3451,1.8446,48275040000.0,6.8956,16.7425,16.0,3.0,12.7426,16.1571,7.625611428571429,10.419967562126285,8.251385714285712,3.949622197946853,18.04557899069772,4.30176351633886
2021-12-01,53.6,59.7368,11.4493,22.4362,19.1586,2.3226,1.8457,47811200000.0,6.8956,16.7425,16.0,3.0,12.7426,16.1571,7.6346938242280284,10.409223728005657,8.263807936507936,3.957252476041521,18.043917552233687,4.306555460466415
2021-12-02,55.52,59.7368,7.5951,23.2398,19.1586,2.4058,1.8458,49523840000.0,6.8956,16.7425,16.0,3.0,12.7426,16.1571,7.6346,10.396854058286626,8.247600793650793,3.955764161655698,18.031454058286627,4.291836631995095
2021-12-03,56.12,59.7368,6.4448,23.491,19.1996,2.4318,1.846,50059040000.0,6.8956,16.7425,16.0,3.0,12.7426,16.1571,7.631787234042553,10.384689338535528,8.222245238095237,3.957009159263772,18.01647657257808,4.265236078831466
2021-12-06,55.85,59.7368,6.9594,23.378,19.2405,2.4201,1.8464,49818200000.0,6.8956,16.7425,16.0,3.0,12.7426,16.1571,7.630201415094339,10.372458428611992,8.206604761904762,3.958083458298648,18.002659843706333,4.248521303606115
2021-12-07,56.64,59.7368,5.4675,23.7087,19.2587,2.4543,1.8469,50522880000.0,6.8956,16.7425,16.0,3.0,12.7426,16.1571,7.625112705882353,10.36075065713025,8.175942063492064,3.9642634097820415,17.985863363012605,4.211678653710022
2021-12-08,56.44,59.6316,5.6549,23.623,19.2769,2.4456,1.8472,50344480000.0,6.8955,16.7403,16.0,3.0,11.6883,16.1571,7.62048779342723,10.348994608518485,8.140523015873015,3.9667116949365337,17.969482401945715,4.1738113209364816
2021-12-09,55.99,59.6316,6.504,23.4366,19.2769,2.4261,1.8475,49943080000.0,6.8956,16.7425,16.0,3.0,11.6883,16.1571,7.61787306791569,10.336981972501102,8.116392063492063,3.9673506473636464,17.954855040416792,4.149041416128416
2021-12-10,55.51,59.8421,7.8042,23.2308,19.2769,2.4042,1.8476,49514920000.0,6.9239,16.7689,16.0,3.0,11.6883,16.1571,7.6183084112149535,10.324874611271412,8.104650000000001,3.966057365772744,17.943183022486366,4.138592634227257
2021-12-13,54.93,60.0,9.2299,23.074,19.2855,2.3955,1.8476,48997560000.0,6.652,16.6833,16.0,3.0,11.6883,15.7711,7.622065034965034,10.313099309533833,8.110188095238096,3.967146065525869,17.935164344498865,4.143042029712227
2021-12-14,53.55,60.0,12.0448,22.4943,19.2941,2.3353,1.8484,47766600000.0,6.652,16.6833,16.0,3.0,11.6883,15.7711,7.632350465116279,10.30328014039493,8.145043650793651,3.9823611683622575,17.935630605511207,4.162682482431394
2021-12-15,53.55,59.85,11.7647,22.6532,19.2961,2.3456,1.8491,47766600000.0,6.7475,16.6145,17.0,3.0,11.1805,15.788,7.641938283062645,10.293217367258109,8.163230158730158,3.9936913228995823,17.935155650320752,4.169538835830576
2021-12-16,53.87,59.85,11.1008,22.7886,19.2981,2.3597,1.8518,48052040000.0,6.7475,16.6145,17.0,3.0,11.1805,15.788,7.649944907407407,10.282616065912071,8.155318253968254,3.986815946680304,17.93256097331948,4.16850230728795
2021-12-17,52.26,59.85,14.5235,22.1309,19.3028,2.2891,1.8546,46615920000.0,6.7476,16.5692,17.0,3.0,11.1805,15.788,7.665819168591224,10.27601845661183,8.19980238095238,4.026472036837525,17.941837625203053,4.173330344114856
2021-12-20,50.91,59.85,17.5604,21.5592,19.3278,2.23,1.8558,45411720000.0,6.7476,16.5692,17.0,3.0,11.1805,15.788,7.6886177419354835,10.275128500178525,8.261077777777778,4.109518772370126,17.963746242114006,4.151559005407653
2021-12-21,52.13,59.85,14.8091,22.0759,19.3482,2.2834,1.8569,46499960000.0,6.7476,16.5692,17.0,3.0,11.1805,15.788,7.704986666666667,10.268960630950248,8.300327777777778,4.148380382012053,17.973947297616913,4.151947395765725
2021-12-22,52.52,59.85,13.9566,22.241,19.3525,2.3005,1.8574,46847840000.0,6.7476,16.5692,17.0,3.0,11.1805,15.788,7.719325229357798,10.261519099420696,8.33507619047619,4.177406408487068,17.980844328778495,4.157669781989123
2021-12-23,52.82,59.85,13.3094,22.3681,19.3568,2.3137,1.8578,47115440000.0,6.7476,16.5692,17.0,3.0,11.1805,15.788,7.732117162471396,10.253232228925572,8.38021111111111,4.200304603644336,17.98534939139697,4.179906507466774
2021-12-27,53.53,59.85,11.8065,22.6688,19.3604,2.3448,1.8595,47748760000.0,6.7476,16.5692,17.0,3.0,11.1805,15.788,7.741419406392694,10.243344315843222,8.42414603174603,4.207009435609145,17.98476372223592,4.217136596136885
2021-12-28,53.48,59.85,11.911,22.6476,19.3641,2.3426,1.8612,47704160000.0,6.7476,16.5692,17.0,3.0,11.1805,15.788,7.750917312072893,10.23357941992218,8.483281746031746,4.20320670611194,17.984496731995073,4.280075039919806
2021-12-29,53.74,59.85,11.3696,22.7577,19.3727,2.354,1.8616,47936080000.0,6.7476,16.5692,17.0,3.0,11.1805,15.788,7.759141590909091,10.223372860954337,8.536244444444446,4.197146166748205,17.982514451863427,4.339098277696241
2021-12-30,53.55,59.85,11.7647,22.6772,19.3813,2.3456,1.8619,47766600000.0,6.7476,16.5692,17.0,3.0,11.1805,15.788,7.768224489795918,10.21353001162,8.594899206349206,4.190151611987282,17.981754501415917,4.404747594361924
2021-12-31,54.24,59.8,10.2507,22.9694,19.3963,2.3759,1.8638,48382080000.0,6.7476,16.5692,17.0,3.0,11.1805,15.788,7.773840950226244,10.2026267874109,8.637611904761904,4.179282284232235,17.976467737637144,4.458329620529669
2022-01-03,52.52,59.95,14.147,22.6097,19.4114,2.3511,1.8656,46847840000.0,6.0904,16.3144,17.0,3.0,11.1805,15.7245,7.788227313769751,10.195576201415374,8.7052,4.199083238174764,17.983803515185127,4.506116761825235
2022-01-04,53.82,59.95,11.3898,23.1693,19.4167,2.4093,1.8656,48007440000.0,6.0904,16.3144,17.0,3.0,11.1805,15.7245,7.796338963963964,10.185496510910031,8.757457142857143,4.191125920636224,17.981835474873996,4.56633122222092
2022-01-05,52.37,59.95,14.4739,22.5451,19.422,2.3444,1.8656,46714040000.0,6.0904,16.3144,17.0,3.0,11.1805,15.7245,7.811344719101124,10.178943098279808,8.820688095238095,4.216918831917139,17.99028781738093,4.603769263320956
2022-01-06,53.5,59.95,12.0561,23.0296,19.4504,2.3949,1.8658,47722000000.0,6.0904,16.3142,17.0,3.0,11.1805,15.725,7.820862107623318,10.16948612955284,8.860845238095239,4.223493213473582,17.990348237176157,4.637352024621657
2022-01-07,51.84,59.75,15.2585,22.4318,19.4789,2.347,1.8661,46241280000.0,5.7019,16.2906,17.0,3.0,11.1805,15.725,7.837501118568232,10.16416859112933,8.940742857142856,4.2486682019744535,18.001669709697563,4.692074655168403
2022-01-10,52.32,59.75,14.2011,22.6631,19.482,2.3687,1.8675,46669440000.0,5.7019,16.2669,17.0,3.0,11.1805,15.725,7.851705580357143,10.157243491956388,9.0125873015873,4.260553100149995,18.00894907231353,4.752034201437306
2022-01-11,52.54,59.75,13.7229,22.7584,19.4851,2.3787,1.8689,46865680000.0,5.7019,16.2669,17.0,3.0,11.1805,15.725,7.864781737193764,10.149683676775066,9.076719841269842,4.270220967809915,18.01446541396883,4.806498873459927
2022-01-12,53.0,59.75,12.7358,23.0005,19.4925,2.4033,1.8694,47276000000.0,5.6389,16.1945,17.0,3.0,11.1805,15.5027,7.875606222222222,10.140974831299404,9.142492063492064,4.2621795023786575,18.016581053521627,4.880312561113406
2022-01-13,52.2,59.75,14.4636,22.6533,19.4999,2.367,1.8699,46562400000.0,5.6389,16.1945,17.0,3.0,11.1805,15.5027,7.890213747228381,10.1344498063974,9.21386984126984,4.2754712604300655,18.02466355362578,4.938398580839775
2022-01-14,51.1,59.65,16.7319,22.2474,19.5328,2.3307,1.8732,45581200000.0,5.4314,16.1627,17.0,3.0,11.1805,15.5027,7.909775,10.13174691103149,9.28885,4.323930028013899,18.041521911031488,4.9649199719861015
2022-01-18,49.65,59.65,20.141,21.685,19.5741,2.2766,1.8774,44287800000.0,5.2177,16.0052,17.0,3.0,11.1805,15.5027,7.936775496688742,10.13683568826706,9.41904126984127,4.401686677722922,18.0736111849558,5.017354592118347
2022-01-19,48.79,59.65,22.2587,21.3094,19.5826,2.2372,1.8781,43520680000.0,5.2177,16.0052,17.0,3.0,11.1805,15.5027,7.968321585903084,10.14792615676055,9.57218888888889,4.509603280559814,18.11624774266363,5.062585608329076
2022-01-20,48.03,59.65,24.1932,20.9775,19.587,2.2024,1.881,42842760000.0,5.2177,16.0052,17.0,3.0,11.1805,15.5027,8.003980659340659,10.165241774174502,9.746479365079365,4.645980711045955,18.16922243351516,5.10049865403341
2022-01-21,47.8,59.65,24.7908,20.9861,19.5913,2.2059,1.8838,42637600000.0,4.9647,15.8058,17.0,3.0,11.1805,15.5027,8.040793859649122,10.184449580867728,9.942553174603177,4.755035305621835,18.22524344051685,5.18751786898134
2022-01-24,47.66,59.45,24.7377,20.9329,19.5965,2.2,1.885,42512720000.0,4.9562,15.8068,17.0,3.0,11.1805,15.5027,8.077329759299781,10.20321454268548,10.123177777777776,4.880706919271278,18.280544301985262,5.242470858506499
2022-01-25,47.21,59.45,25.9267,20.8203,19.6017,2.1792,1.8861,42111320000.0,4.9562,15.5629,17.0,3.0,11.1805,15.5027,8.116302183406113,10.226114514876786,10.327379365079365,4.998909308740368,18.342416698282896,5.328470056338995
2022-01-26,46.67,59.45,27.3838,20.5894,19.6103,2.1526,1.8862,41629640000.0,4.9546,15.5666,17.0,3.0,11.1805,15.5027,8.158279302832245,10.254456879227346,10.529946031746032,5.167357808298594,18.41273618205959,5.362588223447438
2022-01-27,46.09,59.45,28.9868,20.3335,19.6189,2.1258,1.8862,41112280000.0,4.9546,15.5666,17.0,3.0,11.1805,15.5027,8.203558695652175,10.28921256584444,10.700262698412695,5.415297247002956,18.49277126149661,5.284965451409741
2022-01-28,46.45,59.45,27.9871,20.4905,19.6212,2.1418,1.8886,41433400000.0,4.9695,15.5859,17.0,3.0,11.1805,15.5027,8.246473101952278,10.319241568855984,10.87611984126984,5.612051610212036,18.565714670808266,5.264068231057805
2022-01-31,47.68,59.45,24.6854,21.0331,19.6234,2.1985,1.8909,42530560000.0,4.9695,15.5859,17.0,3.0,11.1805,15.5027,8.282055194805194,10.336376889715888,11.007380952380952,5.739661933664266,18.61843208452108,5.267719018716687
2022-02-01,47.05,59.45,26.3549,20.7552,19.6265,2.1695,1.8918,41968600000.0,4.9695,15.5859,17.0,3.0,11.1805,15.5027,8.321089416846652,10.359290021260367,11.190469047619048,5.858098490144616,18.680379438107018,5.332370557474433
2022-02-02,47.51,59.45,25.1316,20.9581,19.6296,2.1907,1.8926,42378920000.0,4.9695,15.5859,17.0,3.0,11.1805,15.5027,8.35731896551724,10.377482610759492,11.361836507936507,5.947624242907151,18.73480157627673,5.414212265029357
2022-02-03,46.24,59.45,28.5683,20.3979,19.6299,2.1321,1.894,41246080000.0,4.9695,15.5859,17.0,3.0,11.1805,15.5027,8.400783440860215,10.40857866774492,11.549974603174602,6.1130323658353225,18.809362108605136,5.43694223733928
2022-02-04,45.84,59.45,29.6902,20.2214,19.6302,2.1137,1.8954,40889280000.0,4.9695,15.5859,17.0,3.0,11.1805,15.5027,8.446468884120172,10.444048078792362,11.74790238095238,6.292252562158853,18.89051696291253,5.455649818793527
2022-02-07,45.72,59.45,30.0306,20.1685,19.6332,2.1081,1.8954,40782240000.0,4.9695,15.5859,17.0,3.0,11.1805,15.5027,8.492687580299785,10.48053707631845,11.946461904761904,6.470223257549736,18.973224656618235,5.476238647212168
2022-02-08,46.06,57.0,23.7516,18.225,19.6302,1.9862,1.8954,40924310000.0,1.3371,7.3405,7.0,2.0,10.8758,4.9768,8.525292094017093,10.493043402760092,12.100635714285714,6.518443945451604,19.018335496777183,5.58219176883411
2022-02-09,47.98,56.75,18.2784,18.866,19.6299,2.0547,1.8966,42630230000.0,1.2988,7.344,8.0,2.0,7.8284,5.8728,8.54608763326226,10.491497324926945,12.207238888888888,6.508685197905637,19.037584958189203,5.698553690983252
2022-02-10,47.15,56.75,20.3606,18.5207,19.6296,2.0191,1.8978,41892775000.0,1.2988,7.3431,8.0,2.0,7.8284,5.8728,8.571224893617021,10.494465518932202,12.318138095238094,6.527743166845455,19.065690412549223,5.790394928392639
2022-02-11,45.5,56.75,24.7253,17.8726,19.6265,1.9486,1.8978,40426750000.0,1.2989,7.3437,8.0,2.0,7.8284,5.8728,8.60552229299363,10.509687057453627,12.466234126984126,6.5960617349950885,19.11520935044726,5.870172391989038
2022-02-14,44.79,56.75,26.7024,17.5937,19.6234,1.9182,1.8979,39795915000.0,1.2989,7.3437,8.0,2.0,7.8284,5.8728,8.64386313559322,10.531517604122476,12.636714285714287,6.684327846091533,19.1753807397157,5.952386439622754
2022-02-15,45.75,56.75,24.0437,17.9793,19.6212,1.9577,1.8983,40648875000.0,1.2393,7.1683,9.0,2.0,7.8284,8.4406,8.67642093023256,10.544157761183094,12.764137301587304,6.747738303695384,19.220578691415653,6.016398997891919
2022-02-16,45.65,56.75,24.3154,17.94,19.6189,1.9534,1.8987,40560025000.0,1.2393,7.1683,9.0,2.0,7.8284,8.4406,8.709414556962026,10.55747120454606,12.894027777777778,6.8115306720841104,19.266885761508085,6.082497105693667
2022-02-17,44.58,56.8,27.4114,17.5105,19.6103,1.8954,1.8983,39609330000.0,1.2419,7.1724,9.0,2.0,7.8284,8.4406,8.748787157894736,10.581181216989696,13.049730158730158,6.917396450437374,19.32996837488443,6.1323337082927845
2022-02-18,44.08,56.8,28.8566,17.21,19.6017,1.8723,1.8979,39165080000.0,1.2428,7.1753,9.0,3.0,8.5523,8.4406,8.791030462184874,10.610141761601517,13.21875634920635,7.041255124439092,19.40117222378639,6.177501224767258
2022-02-22,45.29,56.35,24.4204,17.5788,19.5965,1.9185,1.8983,40240165000.0,2.037,8.099,10.0,3.0,8.8856,8.4719,8.8237964360587,10.623121828684212,13.36036507936508,7.085904726927339,19.446918264742912,6.274460352437741
2022-02-23,43.84,56.35,28.5356,17.016,19.5913,1.8556,1.8979,38951840000.0,2.0373,8.099,10.0,3.0,8.8856,8.4761,8.865034518828452,10.650211737838712,13.545542063492062,7.175338411044939,19.51524625666716,6.370203652447123
2022-02-24,44.71,56.35,26.0344,17.3537,19.587,1.8924,1.8978,39724835000.0,2.0373,8.099,10.0,3.0,8.8856,8.4761,8.900878705636744,10.667949053325913,13.727208730158727,7.199619229076188,19.56882775896265,6.5275895010825415
2022-02-25,45.23,56.35,24.5855,17.5555,19.5826,1.9171,1.8979,40186855000.0,2.0371,8.099,10.0,3.0,8.8856,8.0631,8.933555,10.680826901238165,13.892239682539682,7.20836689510274,19.614381901238165,6.6838727874369415
2022-02-28,44.88,56.35,25.557,17.4041,19.5741,1.9023,1.8983,39875880000.0,2.0371,8.0999,10.0,3.0,8.8856,8.0631,8.968115176715177,10.696583832817758,14.078257936507937,7.204531688745421,19.66469900953293,6.873726247762516
2022-03-01,43.72,56.4,29.0027,16.829,19.5656,1.8525,1.8979,38845220000.0,2.0682,8.4798,10.0,3.0,8.8856,8.0631,9.009680705394192,10.724354564156062,14.287573015873017,7.252195616373463,19.73403526955025,7.035377399499554
2022-03-02,44.91,56.3684,25.5141,17.287,19.5328,1.9003,1.8983,39902535000.0,2.0684,8.4798,10.0,3.0,8.8856,8.0631,9.043851345755693,10.739512732925904,14.463120634920635,7.254129118898508,19.7833640786816,7.208991516022127
2022-03-03,45.88,56.3684,22.8605,17.6604,19.4999,1.9413,1.8987,40764380000.0,2.0684,8.4798,10.0,3.0,8.8856,8.0631,9.072398140495867,10.746755861014478,14.621718253968252,7.2171527785675,19.819154001510345,7.404565475400752
2022-03-04,45.0,56.3684,25.2631,17.3364,19.4925,1.9068,1.8988,39982500000.0,2.0676,8.4855,10.0,3.0,8.8856,8.0535,9.105781030927837,10.760791446464742,14.799807142857144,7.200536700198745,19.866572477392577,7.599270442658399
2022-03-07,43.52,56.3684,29.523,16.7662,19.4851,1.8441,1.8987,38667520000.0,2.0676,8.4855,10.0,3.0,8.8856,8.0535,9.147791769547323,10.78951450177698,15.00215238095238,7.253433399473297,19.937306271324303,7.748718981479082
2022-03-08,43.58,56.3684,29.3447,16.7893,19.482,1.8466,1.8983,38720830000.0,2.0676,8.4855,10.0,3.0,8.8856,8.0535,9.18926386036961,10.817194506545402,15.185606349206347,7.3217733793473725,20.00645836691501,7.863832969858977
2022-03-09,44.59,56.3684,26.4149,17.1784,19.4789,1.8894,1.8979,39618215000.0,2.0676,8.4855,10.0,3.0,8.8856,8.0535,9.224562295081968,10.8341803824772,15.352355555555556,7.33646738111534,20.058742677559167,8.015888174440214
2022-03-10,43.81,56.3684,28.6656,16.8779,19.4504,1.8563,1.8978,38925185000.0,2.0676,8.4855,10.0,3.0,8.8856,8.0535,9.264319018404908,10.858722062357376,15.53566746031746,7.378482190118317,20.123041080762285,8.157185270199143
2022-03-11,43.22,56.2632,30.1786,16.6506,19.422,1.8313,1.8978,38400970000.0,2.0676,8.4855,10.0,3.0,8.8856,8.0535,9.307001224489795,10.888681461107714,15.726533333333334,7.443977035612113,20.19568268559751,8.282556297721221
2022-03-14,42.91,56.2632,31.1191,16.5312,19.4167,1.8182,1.8966,38125535000.0,2.0676,8.4855,10.0,3.0,8.8856,8.0535,9.351425050916497,10.922014226403428,15.914436507936507,7.531517594478355,20.273439277319923,8.382918913458155
2022-03-15,45.2,56.2632,24.4761,17.4134,19.4114,1.9152,1.8978,40160200000.0,2.0676,8.4855,10.0,3.0,8.8856,8.0535,9.382166260162602,10.932172318360596,16.03783015873016,7.54350049100573,20.3143385785232,8.494329667724429
2022-03-16,46.88,56.2632,20.0154,18.0927,19.3963,1.9898,1.8978,41652880000.0,1.9305,8.4279,10.0,3.0,8.8856,8.0535,9.403734685598376,10.931551689597926,16.137914285714288,7.511633477988314,20.335286375196304,8.626280807725974
2022-03-17,47.12,56.2632,19.4041,18.186,19.3813,2.0,1.8979,41866120000.0,1.9305,8.4274,10.0,3.0,8.8856,8.0535,9.423978340080971,10.929724386374335,16.222466666666666,7.4877355618371375,20.35370272645531,8.734731104829528
2022-03-18,47.78,56.2632,17.7547,18.4408,19.3727,2.028,1.8983,42452530000.0,1.9305,8.4274,10.0,3.0,8.8856,8.0535,9.44080808080808,10.925074803513413,16.29283015873016,7.459874363974483,20.365882884321493,8.832955794755676
2022-03-21,47.48,56.2632,18.4987,18.325,19.3604,2.0153,1.8987,42185980000.0,1.9305,8.4274,10.0,3.0,8.8856,8.0535,9.45906995967742,10.921609213422345,16.350150793650794,7.448759351814226,20.380679173099765,8.901391441836568
2022-03-22,47.49,56.2632,18.4738,18.3211,19.3568,2.015,1.8988,42194865000.0,1.9583,8.4867,10.0,3.0,8.8856,8.0535,9.47720824949698,10.918084658275664,16.370881746031746,7.451023626647862,20.39529290777265,8.919858119383884
2022-03-23,46.52,56.2632,20.9441,17.9468,19.3525,1.9738,1.8988,41333020000.0,1.9583,8.4867,10.0,3.0,8.8856,8.0535,9.500234136546185,10.919192265223131,16.42695476190476,7.458700863132779,20.41942640176932,8.96825389877198
2022-03-24,46.17,56.2632,21.8609,17.8118,19.3482,1.959,1.8994,41022045000.0,1.9583,8.4867,10.0,3.0,8.8856,8.0535,9.52500501002004,10.922249266286428,16.50551111111111,7.463430227569363,20.447254276306467,9.042080883541749
2022-03-25,46.39,56.1579,21.056,17.896,19.3278,1.9691,1.8999,41217515000.0,1.9589,8.488,10.0,3.0,8.8856,8.0673,9.548067,10.92347872837905,16.571489682539685,7.466645055035978,20.47154572837905,9.104844627503706
2022-03-28,46.89,56.1579,19.7652,18.0889,19.3075,1.9903,1.9001,41661765000.0,1.9589,8.488,10.0,3.0,8.8856,8.0673,9.568460479041915,10.922092548682915,16.614409523809528,7.469357986155778,20.49055302772484,9.14505153765375
2022-03-29,48.08,56.1579,16.801,18.548,19.3028,2.0408,1.9003,42719080000.0,1.9589,8.488,10.0,3.0,8.8856,8.0673,9.582867928286852,10.915960795677202,16.62664285714286,7.468383515256102,20.498828723964053,9.158259341886756
2022-03-30,47.57,56.1579,18.0532,18.3512,19.2981,2.0192,1.9013,42265945000.0,1.9589,8.488,10.0,3.0,8.8856,8.0673,9.599707554671967,10.911620887281206,16.66421904761905,7.463515552807189,20.51132844195317,9.20070349481186
2022-03-31,45.87,56.0,22.0842,17.692,19.2961,1.947,1.9023,40755495000.0,1.9589,8.5147,10.0,3.0,8.8856,8.0673,9.624478373015874,10.914944561547644,16.715700000000002,7.4784557934697,20.53942293456352,9.237244206530304
2022-04-01,46.04,56.0,21.6334,17.7576,19.2941,1.9542,1.9032,40906540000.0,1.9589,8.5147,10.0,3.0,8.8856,8.0673,9.477355952380954,10.229514511294438,16.770801587301587,7.488985413707119,19.7068704636754,9.281816173594468
2022-04-04,45.25,56.0,23.7569,17.4528,19.2855,1.9207,1.9042,40204625000.0,1.9589,8.5147,10.0,3.0,8.8856,8.0673,9.418015873015872,10.057988636898832,16.840495238095237,7.51296653593357,19.476004509914706,9.327528702161668
2022-04-05,44.54,55.8947,25.4933,17.2602,19.2769,1.8902,1.9032,39573790000.0,2.0707,8.6395,10.0,3.0,8.8856,8.0673,9.332895833333334,9.734209017151054,16.93326984126984,7.547263174521192,19.067104850484387,9.38600666674865
2022-04-06,43.88,55.8947,27.3808,17.0045,19.2769,1.8622,1.9023,38987380000.0,2.0707,8.6395,10.0,3.0,8.8856,8.0673,9.299400793650792,9.642390585803096,17.044653174603173,7.597299762201724,18.94179137945389,9.447353412401448
2022-04-07,43.69,55.5789,27.2119,16.9683,19.2769,1.855,1.9013,38818565000.0,2.011,8.4049,10.0,3.0,8.8856,8.0673,9.266569642857142,9.552579135415767,17.16717380952381,7.636006977714801,18.81914877827291,9.53116683180901
2022-04-08,43.38,55.2105,27.2718,16.8479,19.2587,1.8418,1.9003,38543130000.0,2.011,8.4049,10.0,3.0,8.8856,8.0673,9.24389285714286,9.49596426939124,17.259115079365078,7.687612563391274,18.739857126534098,9.571502515973805
2022-04-11,42.44,55.0,29.5947,16.4637,19.2405,1.8012,1.9001,37707940000.0,2.0298,8.4123,10.0,3.0,8.8856,8.0673,9.231558333333332,9.465374826539549,17.365013492063493,7.7651332037961245,18.69693315987288,9.599880288267368
2022-04-12,41.78,55.0,31.6419,16.2076,19.1996,1.7732,1.8999,37121530000.0,2.0298,8.4123,10.0,3.0,8.8856,8.0673,9.220954365079365,9.437171262379833,17.46973412698413,7.868132443421793,18.6581256274592,9.601601683562336
2022-04-13,42.11,54.2105,28.7355,16.3375,19.1586,1.7865,1.8994,37414735000.0,2.0533,8.3773,10.0,3.0,8.8856,7.9539,9.194208134920634,9.362279083858208,17.55935634920635,7.931881612707033,18.55648721877884,9.627474736499316
2022-04-14,41.28,54.2105,31.3239,16.0155,19.1586,1.7513,1.8988,36677280000.0,2.0533,8.3773,10.0,3.0,8.8856,7.9539,9.162308928571427,9.25865727344612,17.709611111111112,8.012119632089632,18.420966202017546,9.69749147902148
2022-04-18,41.29,53.6842,30.0174,16.025,19.1586,1.7523,1.8988,36686165000.0,2.054,8.3787,10.0,3.0,8.8856,7.9539,9.143846626984129,9.207532938533715,17.85650873015873,8.067001470177361,18.35137956551784,9.789507259981368
2022-04-19,42.5,53.6842,26.3158,16.4946,19.1557,1.8037,1.8987,37761250000.0,2.054,8.3787,10.0,3.0,8.8856,7.9539,9.13162242063492,9.18054401292395,17.983045238095237,8.073706149783858,18.312166433558872,9.90933908831138
2022-04-20,43.45,53.6842,23.554,16.8633,19.1528,1.844,1.8983,38605325000.0,2.054,8.3787,10.0,3.0,8.8856,7.9539,9.12183115079365,9.162471829685648,18.0875007936508,8.059844797925077,18.284302980479296,10.027655995725716
2022-04-21,42.82,53.6842,25.3718,16.6182,19.1462,1.8172,1.8979,38045570000.0,2.054,8.3789,10.0,3.0,8.8856,7.9539,9.117370436507937,9.153991502285514,18.207194444444443,8.055109363451837,18.27136193879345,10.152085080992606
2022-04-22,41.67,53.6842,28.8318,16.1718,19.1395,1.7684,1.8978,37023795000.0,2.054,8.3789,10.0,3.0,8.8856,7.9539,9.13475496031746,9.18310675784504,18.359182539682536,8.073600969214002,18.317861718162497,10.285581570468532
2022-04-25,41.96,53.6842,27.9414,16.2844,19.1125,1.7807,1.8966,37281460000.0,2.054,8.3789,10.0,3.0,8.8856,7.9539,9.158143055555556,9.215970711603228,18.509518253968253,8.074274762908722,18.374113767158786,10.43524349105953
2022-04-26,40.05,53.6842,34.0429,15.5431,19.1114,1.6997,1.8954,35584425000.0,2.054,8.3789,10.0,3.0,8.8856,7.9539,9.201182142857144,9.281331050382684,18.70732777777777,8.147348599917816,18.482513193239825,10.559979177859958
2022-04-27,40.26,53.6842,33.3438,15.6101,19.1102,1.7075,1.8954,35771010000.0,2.1624,8.5088,10.0,3.0,8.8856,7.9539,9.245456746031747,9.343087089157446,18.885566666666666,8.22019790627942,18.588543835189192,10.665368760387246
2022-04-28,39.41,50.2632,27.5392,15.3173,19.1024,1.648,1.8954,34448281000.0,2.0759,8.517,10.0,3.0,9.219,7.8727,9.286206944444444,9.37800236671704,19.0083007936508,8.233131188319541,18.66420931116149,10.775169605331252
2022-04-29,38.27,49.9474,30.5132,14.8621,19.0946,1.5976,1.8954,33451807000.0,2.0728,8.4642,10.0,3.0,9.219,7.7926,9.333697023809524,9.424748546488852,19.17293015873016,8.254286569159309,18.758445570298377,10.918643589570852
2022-05-02,38.6,49.9474,29.3974,14.9903,19.0916,1.6114,1.894,33740260000.0,2.0728,8.4642,10.0,3.0,9.219,7.7926,9.36712003968254,9.465963998749489,19.2921746031746,8.292821394772133,18.833084038432027,10.999353208402468
2022-05-03,38.38,49.9474,30.1391,14.9049,19.0806,1.6022,1.8926,33547958000.0,2.0728,8.4642,10.0,3.0,9.219,7.7926,9.396976388888888,9.507693650886283,19.416261904761907,8.337458060055098,18.90467003977517,11.078803844706808
2022-05-04,39.41,49.9474,26.7379,15.3049,19.0696,1.6452,1.8925,34448281000.0,2.0728,8.4642,10.0,3.0,9.219,7.7926,9.413935714285714,9.531004796033946,19.517344444444443,8.348484975443718,18.94494051031966,11.168859469000726
2022-05-05,37.96,49.9474,31.579,14.7429,19.0642,1.5846,1.8924,33180836000.0,2.0728,8.4638,10.0,3.0,9.219,7.7925,9.445107142857143,9.577733043435725,19.649361904761903,8.406915981669957,19.022840186292868,11.242445923091946
2022-05-06,37.78,49.9474,32.2059,14.673,19.0589,1.5771,1.8916,33023498000.0,2.0728,8.4638,10.0,3.0,9.219,7.7925,9.479203571428572,9.628079571640445,19.803576984126984,8.457867352605302,19.10728314306901,11.345709631521682
2022-05-09,38.13,49.9474,30.9924,14.8089,19.0584,1.5917,1.8909,33329433000.0,2.0728,8.4638,10.0,3.0,9.219,7.7925,9.524324206349206,9.675484216705794,19.945109523809524,8.494920552513081,19.199808423055,11.450188971296445
2022-05-10,38.09,49.9474,31.13,14.7934,19.0578,1.5901,1.8906,33294469000.0,2.0728,8.4638,10.0,3.0,9.219,7.7925,9.566897619047618,9.723228732441395,20.096994444444444,8.52263362030596,19.29012635148901,11.574360824138484
2022-05-11,37.59,49.9474,32.8742,14.6009,19.0472,1.5689,1.8902,32857419000.0,2.0872,8.4436,10.0,3.0,9.219,7.568,9.606207936507936,9.777286250616651,20.28656031746032,8.539203644425706,19.38349418712459,11.747356673034608
2022-05-12,39.1,49.9474,27.7427,15.1874,19.0365,1.6319,1.8898,34177310000.0,2.0872,8.4436,10.0,3.0,9.219,7.568,9.615270436507934,9.791993990945189,20.43255,8.50788168270108,19.40726442745312,11.924668317298918
2022-05-13,40.19,49.9474,24.2782,15.6108,19.032,1.6774,1.8894,35130079000.0,2.0872,8.4436,10.0,3.0,9.219,7.568,9.619083333333334,9.797337838159391,20.548973809523808,8.458810286693344,19.41642117149273,12.090163522830464
2022-05-16,39.86,49.9474,25.3071,15.4826,19.0202,1.6636,1.8878,34841626000.0,2.0872,8.4436,10.0,3.0,9.219,7.568,9.627262301587304,9.80872637408534,20.6986746031746,8.373683671120519,19.43598867567264,12.324990932054083
2022-05-17,40.18,50.1579,24.833,15.6027,19.0129,1.6765,1.8862,35121338000.0,2.1069,8.4566,10.0,3.0,9.219,7.568,9.643811309523809,9.827350316681011,20.838242857142856,8.293864597182013,19.47116162620481,12.544378259960842
2022-05-18,37.36,49.1053,31.4382,14.5517,19.0114,1.5614,1.8862,32656376000.0,2.1079,8.4597,10.0,3.0,8.3822,7.5388,9.67632738095238,9.872283038215848,21.038705555555552,8.241821387866244,19.548610419168227,12.796884167689308
2022-05-19,37.41,49.1053,31.2625,14.5712,19.0098,1.5635,1.8861,32700081000.0,2.1079,8.4597,10.0,3.0,8.3822,7.5388,9.72019503968254,9.918965047874169,21.23567142857143,8.186627206471401,19.63916008755671,13.049044222100028
2022-05-20,37.96,49.1053,29.3606,14.7854,19.0093,1.5865,1.885,33180836000.0,2.1079,8.4597,10.0,3.0,8.3822,7.5388,9.768306150793652,9.955311717459733,21.43087777777778,8.08332857287781,19.723617868253385,13.34754920489997
2022-05-23,38.27,48.8421,27.625,14.9067,18.9981,1.5994,1.8838,33451807000.0,2.1079,8.4603,10.0,3.0,8.3822,7.5388,9.808594444444443,9.986421015880032,21.614200793650795,7.957835373542227,19.79501546032448,13.656365420108568
2022-05-24,37.94,48.8421,28.7351,14.7782,18.9875,1.5856,1.881,33163354000.0,2.1079,8.4603,10.0,3.0,8.3822,7.5388,9.856105952380952,10.019401632320452,21.79545158730159,7.856434900179472,19.875507584701403,13.939016687122116
2022-05-25,38.29,48.8421,27.5584,14.9145,18.9806,1.6003,1.8781,33469289000.0,2.1079,8.4603,10.0,3.0,8.3822,7.5388,9.9062751984127,10.0446290854889,21.943774603174603,7.786558019335014,19.9509042839016,14.157216583839588
2022-05-26,39.33,48.8421,24.1854,15.3196,18.9736,1.6437,1.8774,34378353000.0,2.1079,8.46,10.0,3.0,8.3822,7.5388,9.945714087301589,10.06161351650355,22.07805,7.676534282560103,20.007327603805138,14.401515717439898
2022-05-27,40.23,48.8421,21.4072,15.6702,18.9686,1.6806,1.8766,35165043000.0,2.1068,8.4586,10.0,3.0,8.3822,7.5388,9.988436904761905,10.06448057399492,22.185511111111108,7.570041600701817,20.052917478756825,14.61546951040929
2022-05-31,39.31,48.6316,23.7131,15.3639,18.9582,1.6422,1.8744,34360871000.0,2.1068,8.4586,10.0,3.0,8.3822,7.5388,10.047995238095238,10.05668736241042,22.32044841269841,7.442456608263029,20.10468260050565,14.877991804435382
2022-06-01,38.94,48.6316,24.8885,15.2193,18.953,1.6267,1.8723,34037454000.0,2.1068,8.4586,10.0,3.0,8.3822,7.5388,10.105882142857142,10.057979553969576,22.43560793650793,7.368083299307702,20.16386169682672,15.067524637200233
2022-06-02,40.08,48.6316,21.3363,15.6648,18.9508,1.6743,1.8711,35033928000.0,2.1068,8.4586,10.0,3.0,8.3822,7.5388,10.16407123015873,10.037888840604264,22.51407619047619,7.302501017283677,20.201960070763,15.21157517319251
2022-06-03,39.59,48.6316,22.8381,15.5224,18.9487,1.6579,1.8699,34605619000.0,2.0202,8.3333,10.0,3.0,8.3822,7.5388,10.228942658730158,10.013861818820304,22.635052380952384,7.178579379913191,20.24280447755046,15.456473001039193
2022-06-06,39.57,48.6316,22.9002,15.5146,18.9477,1.657,1.8694,34588137000.0,2.0202,8.3333,10.0,3.0,8.3822,7.5388,10.300617857142855,9.97486631599774,22.765650793650792,7.029820607210395,20.2754841731406,15.735830186440396
2022-06-07,39.99,48.6316,21.6094,15.6793,18.9467,1.6746,1.8689,34955259000.0,2.0202,8.3333,10.0,3.0,8.3822,7.5388,10.375454563492063,9.917663803722975,22.88192063492064,6.885981829639936,20.29311836721504,15.995938805280698
2022-06-08,39.39,48.6316,23.4618,15.444,18.9152,1.6495,1.8675,34430799000.0,2.0202,8.3333,10.0,3.0,8.3822,7.5388,10.445647817460316,9.884721819049595,23.024732539682542,6.706174846236359,20.330369636509914,16.318557693446184
2022-06-09,38.85,48.6316,25.1779,15.2323,18.8837,1.6269,1.8661,33958785000.0,2.0202,8.3336,10.0,3.0,8.3822,7.5388,10.511294642857145,9.872446253667912,23.17967698412698,6.524720806779903,20.38374089652505,16.654956177347078
2022-06-10,37.34,48.6316,30.24,14.6403,18.8749,1.5636,1.8658,32638894000.0,1.292,7.5416,9.0,3.0,8.3822,7.5388,10.577094444444445,9.893222154317606,23.36805793650793,6.380467850386604,20.47031659876205,16.987590086121333
2022-06-13,36.49,48.6316,33.2738,14.307,18.866,1.528,1.8656,31895909000.0,1.292,7.5416,9.0,3.0,8.3822,7.5388,10.649111309523809,9.926080864183865,23.57019761904762,6.286199413845764,20.57519217370767,17.283998205201854
2022-06-14,35.94,48.6316,35.3133,14.0914,18.8465,1.505,1.8656,31415154000.0,1.292,7.5416,9.0,3.0,8.3822,7.5388,10.728940873015873,9.962335640383037,23.77720873015873,6.239483727322615,20.691276513398908,17.537725002836115
2022-06-15,36.77,48.6316,32.2589,14.4168,18.827,1.5398,1.8656,32140657000.0,1.292,7.5416,9.0,3.0,8.3822,7.5388,10.80356488095238,9.982485536835895,23.937638095238096,6.195121554834714,20.78605041778828,17.742516540403383
2022-06-16,34.58,48.6316,40.635,13.5581,18.8203,1.4481,1.8639,30226378000.0,1.292,7.5416,9.0,3.0,8.3822,7.5388,10.887653174603177,10.05480316929922,24.16676746031746,6.274677887571061,20.9424563439024,17.8920895727464
2022-06-17,34.41,48.6316,41.3298,13.4915,18.8135,1.4409,1.8622,30077781000.0,1.292,7.5416,9.0,3.0,8.3822,7.5388,10.973028373015872,10.130112766222798,24.40668015873016,6.348571923461504,21.10314113923867,18.058108235268648
2022-06-21,35.01,48.6316,38.9077,13.7267,18.8114,1.4661,1.8619,30602241000.0,1.292,7.5416,9.0,3.0,8.3822,7.5388,11.048838690476188,10.19583098789445,24.600205555555554,6.416185189238962,21.24466967837064,18.18402036631659
2022-06-22,34.78,48.1053,38.3131,13.6494,18.8092,1.4576,1.8616,30401198000.0,1.1918,7.3947,9.0,3.0,8.3822,7.5388,11.134803571428572,10.2426791965504,24.764909523809525,6.49984344892622,21.37748276797897,18.265066074883304
2022-06-23,34.82,48.1053,38.1542,13.6651,18.8075,1.4593,1.8612,30436162000.0,1.1918,7.3944,9.0,3.0,8.3822,7.5388,11.217507142857142,10.292208535390868,24.95018809523809,6.546342622852676,21.50971567824801,18.403845472385413
2022-06-24,36.3,48.1053,32.5215,14.2459,18.8057,1.5213,1.8595,31729830000.0,1.1918,7.3944,9.0,3.0,8.3822,7.5388,11.284034325396826,10.321350461214507,25.09752857142857,6.505724027664996,21.60538478661133,18.591804543763573
2022-06-27,36.11,48.1053,33.2188,14.1713,18.7986,1.5133,1.8578,31563751000.0,1.1918,7.3944,9.0,3.0,8.3822,7.5388,11.342753174603176,10.361790974241206,25.255539682539684,6.45873350340554,21.704544148844384,18.796806179134144
2022-06-28,35.99,47.8947,33.0778,14.1242,18.7915,1.5083,1.8574,31458859000.0,1.1918,7.3944,9.0,3.0,8.3822,7.5388,11.395799603174604,10.404488130120615,25.424359523809525,6.381927532715259,21.80028773329522,19.042431991094265
2022-06-29,35.79,47.8947,33.8215,14.0458,18.7897,1.4999,1.8569,31284039000.0,1.1918,7.3944,9.0,3.0,8.3822,7.5388,11.46129126984127,10.441564766907016,25.59825238095238,6.308860995275992,21.90285603674829,19.28939138567639
2022-06-30,35.66,47.8947,34.3093,13.9947,18.7878,1.4945,1.8566,31170406000.0,1.1918,7.3944,9.0,3.0,8.3822,7.5388,11.528650992063492,10.47924411046705,25.78031349206349,6.225410673674228,22.00789510253054,19.554902818389262
2022-07-01,36.0,47.8947,33.0408,14.1282,18.7826,1.5087,1.8563,31467600000.0,1.1918,7.3944,9.0,3.0,8.3822,7.5388,11.59692857142857,10.507097066886704,25.949171428571425,6.130025684394613,22.104025638315274,19.81914574417681
2022-07-05,36.07,47.8421,32.6368,14.1768,18.7775,1.5128,1.856,31528787000.0,1.1216,7.2171,9.0,3.0,8.3822,7.5388,11.666967063492065,10.529482547830922,26.12683888888889,5.994301928064355,22.196449611322983,20.13253696082453
2022-07-06,36.18,47.1579,30.3425,14.284,18.7721,1.5226,1.8556,31624938000.0,1.1205,7.2167,9.0,3.0,8.3822,7.4988,11.74282380952381,10.52602938396034,26.2553746031746,5.908387603560749,22.268853193484148,20.34698699961385
2022-07-07,36.4,47.0,29.1209,14.4307,18.7667,1.5348,1.8553,31817240000.0,1.1202,7.1033,9.0,3.0,8.3822,7.4988,11.813081547619047,10.523608054561915,26.39609761904762,5.76080637611739,22.33668960218096,20.63529124293023
2022-07-08,36.07,46.6842,29.4267,14.2999,18.7462,1.5208,1.855,31528787000.0,1.1202,7.1033,9.0,3.0,8.3822,7.4988,11.883791071428572,10.521988521337615,26.51477063492064,5.666485700143546,22.405779592766187,20.848284934777087
2022-07-11,36.53,46.1053,26.2122,14.5283,18.7256,1.5443,1.8548,31930873000.0,1.0014,6.8852,9.0,3.0,8.3822,7.4834,11.9475,10.511316964297874,26.62712063492064,5.515853861999181,22.45881696429788,21.111266772921454
2022-07-12,36.13,45.7895,26.7354,14.383,18.7203,1.5283,1.8546,31581233000.0,1.0009,6.885,9.0,2.0,7.5733,7.4834,12.01003253968254,10.505345036273,26.718207142857143,5.420554419543176,22.51537757595554,21.297652723313966
2022-07-13,35.73,45.7895,28.1542,14.2373,18.715,1.5131,1.8536,31231593000.0,1.0023,6.8868,9.0,2.0,7.2502,7.4804,12.07063373015873,10.510212851161144,26.82894603174603,5.304066538325534,22.580846581319875,21.5248794934205
2022-07-14,35.61,45.3684,27.4035,14.2122,18.715,1.5091,1.8525,31126701000.0,0.8435,6.5169,9.0,2.0,7.2502,7.4806,12.134078373015871,10.506057294538786,26.93752222222222,5.172014317550049,22.64013566755466,21.76550790467217
2022-07-15,36.0,44.7895,24.4153,14.4283,18.7149,1.5305,1.8508,31467600000.0,0.7724,6.4337,9.0,2.0,7.2502,7.4806,12.2009,10.47675674406702,27.030216666666668,5.017813530784148,22.677656744067026,22.01240313588252
2022-07-18,35.55,44.7895,25.9902,14.2479,18.6844,1.5114,1.8491,31074255000.0,0.7714,6.4337,9.0,2.0,7.2502,7.4806,12.271928769841267,10.4485581128993,27.121697619047616,4.890328328109961,22.72048688274057,22.231369290937657
2022-07-19,37.17,44.7895,20.4991,14.9032,18.654,1.5813,1.8484,32490297000.0,0.7198,6.4004,9.0,2.0,7.2502,7.1522,12.331184126984128,10.410217727936704,27.15159603174603,4.837530085444906,22.74140185492083,22.314065946301124
2022-07-20,37.39,44.7895,19.7901,14.9914,18.6507,1.5906,1.8476,32682599000.0,0.7198,6.4004,9.0,2.0,7.2502,7.1522,12.388555952380951,10.37133899158129,27.14881111111111,4.8416975170487495,22.75989494396224,22.30711359406236
2022-07-21,38.27,44.7895,17.0355,15.3442,18.6474,1.6281,1.8476,33451807000.0,0.7198,6.4004,9.0,2.0,7.2502,7.1522,12.441548214285715,10.326529214034444,27.107357142857143,4.905836286227767,22.76807742832016,22.201520856629376
2022-07-22,38.5,44.6316,15.9262,15.46,18.634,1.6399,1.8475,33652850000.0,0.7214,6.4024,9.0,2.0,7.2502,7.1522,12.49254146825397,10.2799577540463,27.04174603174603,4.999509787611641,22.77249922230027,22.042236244134383
2022-07-25,38.23,44.6316,16.745,15.3516,18.6206,1.6284,1.8472,33416843000.0,0.7214,6.4026,9.0,2.0,7.2502,7.1522,12.550068452380954,10.222192529441172,26.97789047619048,5.079235939649688,22.772260981822125,21.89865453654079
2022-07-26,38.09,44.6316,17.1741,15.2953,18.5968,1.6225,1.8469,33294469000.0,0.7214,6.4026,9.0,2.0,7.2502,7.1522,12.603402976190475,10.17585757048526,26.917861904761903,5.150123523611605,22.779260546675737,21.7677383811503
2022-07-27,39.54,44.6316,12.8771,15.8776,18.5729,1.6842,1.8468,34561914000.0,0.7214,6.4026,9.0,2.0,7.2502,7.1522,12.645959523809523,10.131881137086644,26.81429365079365,5.29926833230021,22.777840660896167,21.515025318493443
2022-07-28,39.48,44.7895,13.4486,15.7933,18.5702,1.6112,1.8466,34059396000.0,1.4961,6.8105,9.0,2.0,7.2502,7.1897,12.68839761904762,10.090191613800744,26.703696825396825,5.431063871926965,22.77858923284836,21.27263295346986
2022-07-29,40.53,44.9474,10.8991,16.1487,18.5675,1.6384,1.8463,34965231000.0,1.5731,6.932,9.0,2.0,6.7502,7.3125,12.733236706349206,10.031642124764304,26.56014365079365,5.606448445545526,22.76487883111351,20.953695205248124
2022-08-01,40.57,44.9474,10.7897,16.089,18.5671,1.631,1.846,34999739000.0,1.5753,6.9236,9.0,2.0,7.5193,7.2777,12.753169642857143,10.017742380595893,26.42365634920635,5.778135673983422,22.77091202345304,20.64552067522293
2022-08-02,40.41,44.9474,11.2284,16.0255,18.5668,1.6246,1.8458,34861707000.0,1.5753,6.9236,9.0,2.0,7.5193,7.2777,12.7699125,10.008104626229931,26.316854761904764,5.932819589228854,22.778017126229933,20.384035172675908
2022-08-03,40.76,44.9474,10.2733,16.1643,18.5625,1.6386,1.8457,35163652000.0,1.5753,6.9236,9.0,2.0,7.5193,7.2777,12.787566269841273,9.995805857964248,26.18922301587301,6.102547149552105,22.78337212780552,20.08667586632091
2022-08-04,41.81,44.9474,7.5039,16.5807,18.5582,1.6809,1.8449,36069487000.0,1.5753,6.9236,9.0,2.0,7.5193,7.2777,12.800811706349206,9.98434341398529,26.04932063492064,6.324992829482994,22.78515512033449,19.72432780543764
2022-08-05,41.88,44.9474,7.3243,16.6085,18.5531,1.6837,1.8441,36129876000.0,1.5753,6.9236,9.0,2.0,7.5193,7.2777,12.816120436507935,9.96998081694331,25.88071746031746,6.536905152453507,22.78610125345125,19.34381230786396
2022-08-08,41.94,44.9474,7.1707,16.6323,18.548,1.6861,1.8441,36181638000.0,1.5753,6.9236,9.0,2.0,7.5193,7.2777,12.82733015873016,9.960427465361448,25.70199126984127,6.736716644312991,22.787757624091608,18.96527462552828
2022-08-09,41.76,44.9474,7.6327,16.5609,18.535,1.6788,1.844,36026352000.0,1.5753,6.9236,9.0,2.0,7.5193,7.2777,12.844323611111111,9.94419893077012,25.52423015873016,6.914737797536771,22.78852254188123,18.60949236119339
2022-08-10,42.86,45.0526,5.1157,16.9971,18.5221,1.7231,1.8438,36975322000.0,1.5753,6.9236,9.0,2.0,7.5193,7.2777,12.859592460317462,9.926360871573548,25.376326190476192,7.148319753947013,22.785953331891008,18.22800643652917
2022-08-11,43.05,45.0526,4.6518,17.0725,18.5214,1.7307,1.8436,37139235000.0,1.5753,6.9236,9.0,2.0,7.5193,7.2777,12.8741375,9.908902606046029,25.26817857142857,7.356608543807239,22.783040106046027,17.91157002762133
2022-08-12,43.97,45.0526,2.4621,17.4373,18.5207,1.7591,1.8427,37932919000.0,1.5778,6.9236,9.0,2.0,7.5193,7.2777,12.88628234126984,9.892335862828734,25.126126984126987,7.620210779440852,22.77861820409857,17.505916204686137
2022-08-15,44.41,45.0526,1.447,17.6118,18.495,1.7767,1.8418,38312507000.0,1.5778,6.9236,9.0,2.0,7.5193,7.2777,12.894795436507936,9.880611453308514,24.94137857142857,7.906802794491441,22.77540688981645,17.034575776937128
2022-08-16,44.39,45.0526,1.4927,17.6039,18.4693,1.7759,1.8406,38295253000.0,1.5778,6.9236,9.0,2.0,7.5193,7.2777,12.903268650793647,9.868968791766044,24.74130158730159,8.176251832422848,22.772237442559693,16.565049754878743
2022-08-17,44.13,45.0526,2.0906,17.5008,18.4676,1.7655,1.8395,38070951000.0,1.5778,6.9236,9.0,2.0,7.5193,7.2777,12.914996825396823,9.852553687641723,24.56707063492064,8.421462807993116,22.76755051303855,16.14560782692752
2022-08-18,44.3,45.0526,1.6989,17.5689,18.4658,1.7723,1.8392,38217610000.0,1.5778,6.9223,9.0,2.0,7.5193,7.2777,12.923486309523808,9.841012622035832,24.387574603174603,8.66439140222961,22.76449893155964,15.723183200944993
2022-08-19,42.48,45.0526,6.056,16.8471,18.4533,1.6995,1.8388,36647496000.0,1.5778,6.9223,9.0,2.0,7.5193,7.2777,12.939232936507937,9.82361201917739,24.2180873015873,8.812374678670784,22.762844955685324,15.405712622916516
2022-08-22,41.62,45.0526,8.2475,16.506,18.4408,1.6651,1.837,35905574000.0,1.5778,6.9223,9.0,2.0,7.5193,7.2777,12.957717261904763,9.805950984923756,24.054523015873016,8.916239736859174,22.76366824682852,15.138283279013844
2022-08-23,41.46,45.0526,8.6652,16.44,18.4408,1.6536,1.8351,35767542000.0,1.5808,6.921,9.0,2.0,7.5193,7.2777,12.980421626984128,9.782664789032738,23.929481746031744,9.020928434412095,22.763086416016865,14.908553311619649
2022-08-24,41.66,45.0526,8.1435,16.5193,18.4408,1.6616,1.8348,35940082000.0,1.5808,6.921,9.0,2.0,7.5193,7.2777,13.007551587301586,9.75013441503092,23.767639682539684,9.120010667590975,22.757686002332505,14.647629014948707
2022-08-25,41.99,45.0526,7.2936,16.6501,18.437,1.6748,1.8346,36224773000.0,1.5808,6.921,9.0,2.0,7.5193,7.2777,13.03354880952381,9.717275910813544,23.618903174603176,9.234843869648818,22.75082472033736,14.384059304954356
2022-08-26,40.24,45.0526,11.9597,15.9562,18.4331,1.605,1.834,34715048000.0,1.5808,6.921,9.0,2.0,7.5193,7.2777,13.072176984126983,9.674052815123924,23.51869841269841,9.292590685512732,22.746229799250905,14.226107727185676
2022-08-29,39.74,45.0526,13.3684,15.758,18.4324,1.585,1.8333,34283698000.0,1.5808,6.921,9.0,2.0,7.5193,7.2777,13.109054761904762,9.63955595041442,23.42196349206349,9.334548742092306,22.74861071231918,14.087414749971188
2022-08-30,39.31,45.0526,14.6085,15.5875,18.4316,1.5679,1.8329,33912737000.0,1.5808,6.921,9.0,2.0,7.5193,7.2777,13.148517063492063,9.60477125503037,23.30772380952381,9.35376422932656,22.75328831852244,13.95395958019725
2022-08-31,39.12,45.0526,15.1651,15.5146,18.4302,1.5603,1.8325,33748824000.0,1.5808,6.9213,9.0,2.0,7.5193,7.2777,13.186250595238096,9.575158522081066,23.22558888888889,9.379636397875778,22.76140911731916,13.845952491013112
2022-09-01,39.79,45.1053,13.3584,15.769,18.4288,1.5866,1.8322,34326833000.0,1.631,7.0242,9.0,2.0,7.5193,7.2777,13.22323253968254,9.53962134182798,23.1501753968254,9.420704393907624,22.76285388151052,13.729471002917776
2022-09-02,39.58,45.1579,14.0927,15.6672,18.4189,1.577,1.8318,34145666000.0,1.6324,7.024,9.0,2.0,7.5193,7.2777,13.264602182539685,9.49791863084048,23.061521428571428,9.453165404063215,22.762520813380164,13.608356024508211
2022-09-06,40.3,45.1579,12.0543,15.9509,18.409,1.6057,1.8316,34766810000.0,1.6324,7.0239,9.0,2.0,7.5193,7.2777,13.291366666666669,9.47539305844815,22.92288095238095,9.485685370676958,22.766759725114817,13.437195581703993
2022-09-07,41.5,45.1579,8.8142,16.4259,18.3948,1.6535,1.8313,35802050000.0,1.6324,7.0239,9.0,2.0,7.5193,7.2777,13.31607003968254,9.44736150066723,22.75994047619048,9.550601337224222,22.76343154034977,13.209339138966254
2022-09-08,42.12,45.1579,7.2125,16.6706,18.3807,1.6782,1.8307,36336924000.0,1.6324,7.0241,9.0,2.0,7.5193,7.2777,13.33481507936508,9.425792442516135,22.60754047619048,9.644557415787888,22.760607521881216,12.962983060402587
2022-09-09,42.17,45.1579,7.0854,16.6904,18.3694,1.6802,1.8301,36380059000.0,1.6324,7.0241,9.0,2.0,7.5193,7.2777,13.35511746031746,9.401209208278775,22.43626904761905,9.72737442741436,22.75632666859624,12.70889462020469
2022-09-12,42.29,45.1579,6.7815,16.7379,18.3546,1.685,1.83,36483583000.0,1.6324,7.0241,9.0,2.0,7.5193,7.2777,13.368288293650794,9.387302772529653,22.25057777777777,9.801432599181751,22.755591066180447,12.449145178596025
2022-09-13,40.88,45.1579,10.4645,16.1798,18.3512,1.6288,1.8298,35267176000.0,1.6324,7.0241,9.0,2.0,7.5193,7.2777,13.384459325396826,9.375234980616836,22.08665238095238,9.824616126450683,22.75969430601366,12.262036254501696
2022-09-14,40.18,45.1579,12.389,15.9028,18.3381,1.6009,1.8286,34663286000.0,1.6324,7.0241,9.0,2.0,7.5193,7.2777,13.403822023809523,9.363049541946326,21.99072301587302,9.860044928077487,22.76687156575585,12.13067808779553
2022-09-15,40.4,45.1579,11.777,15.9899,18.325,1.6097,1.8274,34853080000.0,1.6324,7.0241,9.0,2.0,7.5193,7.2777,13.425674007936507,9.346327366337349,21.92533888888889,9.90048092738914,22.772001374273856,12.024857961499752
2022-09-16,38.44,45.1579,17.4763,15.2147,18.3231,1.5316,1.827,33162188000.0,1.6324,7.0239,9.0,2.0,7.5193,7.2777,13.462535317460317,9.3255303157367,21.91003888888889,9.905896478505928,22.78806563319701,12.004142410382965
2022-09-19,38.82,45.1579,16.3264,15.3651,18.3211,1.5468,1.8265,33490014000.0,1.6324,7.0239,9.0,2.0,7.5193,7.2777,13.499739087301586,9.29939040838241,21.89870317460317,9.911505282859432,22.799129495684,11.987197891743742
2022-09-20,37.81,45.1579,19.4337,14.9654,18.3132,1.5065,1.8254,32618687000.0,1.6324,7.0239,9.0,2.0,7.5193,7.2777,13.541405952380952,9.278774524302609,21.90612380952381,9.909289137890225,22.82018047668356,11.996834671633586
2022-09-21,37.51,45.1579,20.389,14.8466,18.3052,1.4946,1.8243,32359877000.0,1.6324,7.0239,9.0,2.0,7.5193,7.2777,13.576496825396823,9.27114396404765,21.92132380952381,9.905450261010309,22.84764078944448,12.015873548513502
2022-09-22,36.2,45.1579,24.7456,14.3281,18.2942,1.4424,1.8234,31229740000.0,1.6324,7.0239,9.0,2.0,7.5193,7.2777,13.62528253968254,9.265082278527553,21.95149444444445,9.90823898990176,22.89036481821009,12.043255454542685
2022-09-23,36.11,45.1579,25.0565,14.2925,18.2832,1.4388,1.8226,31152097000.0,1.6324,7.0239,9.0,2.0,7.5193,7.2777,13.666834325396826,9.269302650387749,21.97685634920635,9.912094346108695,22.93613697578457,12.064762003097655
2022-09-26,35.28,45.1579,27.9986,13.964,18.2492,1.4057,1.8226,30436056000.0,1.6324,7.0239,9.0,2.0,7.5193,7.2777,13.714950000000002,9.280647588693729,22.03195634920635,9.926220901708763,22.99559758869373,12.105735447497588
2022-09-27,35.55,45.1579,27.0264,14.0708,18.2252,1.4165,1.8226,30668985000.0,1.6324,7.0239,9.0,2.0,7.5193,7.2777,13.76525496031746,9.283957024547949,22.08958492063492,9.934030603593456,23.04921198486541,12.155554317041464
2022-09-28,36.9,45.1579,22.3791,14.5994,18.2251,1.4585,1.8214,31833630000.0,2.3319,7.1211,9.0,2.0,7.5193,7.2777,13.807979761904765,9.273926188406875,22.13385555555556,9.92269650715215,23.08190595031164,12.211159048403406
2022-09-29,35.62,45.1579,26.7768,14.0757,18.225,1.408,1.8202,30729374000.0,2.3319,7.3553,9.0,2.0,7.5193,7.2777,13.857855753968254,9.275947473303289,22.203090476190475,9.924430241471253,23.133803227271542,12.278660234719222
2022-09-30,35.56,45.1579,26.9907,14.052,18.2157,1.4056,1.8195,30677612000.0,2.3319,7.3553,9.0,2.0,7.5193,7.2777,13.90842023809524,9.27794258443683,22.24203095238095,9.933581614217244,23.186362822532068,12.308449338163706
2022-10-03,36.81,45.1579,22.6783,14.546,18.2064,1.455,1.8186,31755987000.0,2.3319,7.3553,9.0,2.0,7.5193,7.2777,13.95193373015873,9.267517037863511,22.25032380952381,9.933505602607228,23.21945076802224,12.316818206916585
2022-10-04,38.58,45.1053,16.9137,15.2587,18.2036,1.5259,1.8183,33282966000.0,2.3313,7.3557,9.0,2.0,7.5193,7.2777,13.984999007936509,9.248237895193997,22.1960126984127,9.943904591135118,23.233236903130503,12.252108107277584
2022-10-05,38.2,44.7895,17.25,15.1263,18.2008,1.5082,1.8183,32955140000.0,2.7006,7.4699,9.0,2.0,7.5193,8.3263,14.024001785714283,9.220377271834751,22.13058968253969,9.94915331119856,23.24437905754904,12.181436371341125
2022-10-06,37.21,44.7368,20.2279,14.7512,18.1934,1.4706,1.8183,32101067000.0,2.6995,7.4714,9.0,2.0,7.5193,8.3196,14.06298869047619,9.204941338104405,22.07382063492064,9.939358493402448,23.2679300285806,12.134462141518188
2022-10-07,35.33,44.6842,26.4766,14.031,18.186,1.3989,1.8182,30479191000.0,2.6288,7.4053,9.0,2.0,7.5193,8.3196,14.11816369047619,9.19581928319364,22.06798492063492,9.93653308679498,23.31398297366983,12.13145183383994
2022-10-10,35.6,44.6842,25.5174,14.1382,18.1826,1.4096,1.8182,30712120000.0,2.6288,7.4054,9.0,2.0,7.5193,8.3196,14.17039384920635,9.185633017941656,22.05406111111112,9.93041008949762,23.356026867148007,12.123651021613494
2022-10-11,35.15,44.5789,26.8248,13.97,18.1792,1.3935,1.8178,30323905000.0,2.6387,7.5396,9.0,2.0,6.6199,8.3288,14.223612698412698,9.181084350920916,22.03207777777778,9.9166399112836,23.404697049333613,12.11543786649418
2022-10-12,34.88,44.5263,27.6557,13.8837,18.1778,1.3841,1.8173,30090976000.0,2.5557,7.4395,9.0,2.0,6.6199,8.3288,14.277196626984129,9.180512084603729,22.000441269841268,9.89206499192781,23.457708711587856,12.108376277913456
2022-10-13,34.85,44.5263,27.7656,13.8718,18.1765,1.3829,1.8172,30065095000.0,2.5557,7.4395,9.0,2.0,6.6199,8.3288,14.323065674603177,9.19005145044473,21.992743650793653,9.887158256538626,23.513117125047906,12.105585394255026
2022-10-14,34.57,44.5263,28.8004,13.7921,18.163,1.3724,1.8172,29823539000.0,2.5554,7.4406,9.0,2.0,6.6199,8.3288,14.369487896825396,9.203988695557191,21.97271587301588,9.87064758353304,23.573476592382587,12.102068289482837
2022-10-17,35.55,44.5263,25.2498,14.1831,18.1495,1.4113,1.817,30668985000.0,2.5554,7.4406,9.0,2.0,6.6199,8.3288,14.40944265873016,9.207431826095288,21.93487777777778,9.848676014798274,23.61687448482545,12.086201762979504
2022-10-18,36.32,44.5263,22.5944,14.4903,18.1211,1.4419,1.8168,31333264000.0,2.5554,7.4402,9.0,2.0,6.6199,8.3288,14.44514742063492,9.204204347676686,21.90534285714286,9.841010104394222,23.649351768311607,12.064332752748635
2022-10-19,34.89,44.3158,27.0158,13.891,18.0927,1.3844,1.8164,30099603000.0,2.8241,7.4795,8.0,2.0,6.6199,8.3288,14.486799404761904,9.213510985541578,21.93281746031746,9.850477582168963,23.70031039030349,12.082339878148495
2022-10-20,34.06,44.3158,30.111,13.5686,18.0908,1.3515,1.8161,29383562000.0,2.8241,7.4805,8.0,2.0,6.6199,8.3288,14.540353373015872,9.225744101654518,21.97043015873016,9.872736759073636,23.76609747467039,12.097693399656524
2022-10-21,35.19,44.3158,25.9329,14.0188,18.0889,1.3963,1.8159,30358413000.0,2.8241,7.4805,8.0,2.0,6.6199,8.3288,14.586353769841269,9.224632156245436,21.947423015873017,9.859988829601514,23.810985926086705,12.087434186271503
2022-10-24,35.85,44.3158,23.6145,14.2817,18.0854,1.4225,1.8156,30927795000.0,2.8241,7.4805,8.0,2.0,6.6199,8.3288,14.631002579365076,9.2137346406613,21.91308253968254,9.846471555948014,23.84473722002637,12.066610983734527
2022-10-25,37.29,44.3158,18.841,14.8554,18.0819,1.4796,1.814,32170083000.0,2.8241,7.4805,8.0,2.0,6.6199,8.3288,14.672153174603174,9.186034507035288,21.79243253968254,9.789625681520889,23.858187681638466,12.002806858161652
2022-10-26,37.14,44.3158,19.3209,14.798,18.0306,1.4744,1.8125,32040678000.0,2.7756,7.5476,8.0,2.0,6.6199,8.3288,14.707211706349206,9.16994572778371,21.681139682539683,9.73682088048113,23.87715743413292,11.944318802058554
2022-10-27,37.88,44.8947,18.5182,15.0133,17.9793,1.5005,1.8112,32444220000.0,2.5413,7.6221,10.0,3.0,8.0278,9.1873,14.740017261904764,9.153899780255284,21.609544444444445,9.726562214238363,23.893917042160048,11.88298223020608
2022-10-28,39.95,44.5263,11.4551,15.765,17.963,1.5805,1.8098,34217175000.0,2.8258,7.7665,10.0,3.0,8.0278,9.6374,14.756985714285715,9.13982968820632,21.45828968253968,9.73517605173185,23.89681540249204,11.723113630807832
2022-10-31,39.76,44.5263,11.9877,15.69,17.9468,1.573,1.8094,34054440000.0,2.8258,7.7665,10.0,3.0,8.0278,9.6374,14.760213293650796,9.138561365561266,21.320117460317466,9.745137722635496,23.89877465921206,11.574979737681966
2022-11-01,39.71,44.5789,12.2611,15.6795,17.9434,1.5727,1.8089,34011615000.0,2.7498,7.7232,10.0,3.0,8.0278,9.7542,14.753977976190477,9.13919352565285,21.17822857142857,9.745857913553726,23.893171501843327,11.432370657874843
2022-11-02,39.12,44.5789,13.9542,15.4466,17.94,1.5493,1.8063,33506280000.0,2.7498,7.7225,10.0,3.0,8.0278,9.7542,14.762257142857145,9.136569659369178,21.07677063492064,9.75405472343945,23.89882680222632,11.322715911481188
2022-11-03,39.37,44.5789,13.2306,15.5453,17.938,1.5592,1.8037,33720405000.0,2.7498,7.7225,10.0,3.0,8.0278,9.7542,14.78000634920635,9.124857096268158,20.931148412698413,9.732950870396817,23.904863445474508,11.198197542301598
2022-11-04,40.28,44.5789,10.6725,15.9046,17.936,1.5952,1.8024,34499820000.0,2.7498,7.7225,10.0,3.0,8.0278,9.7542,14.791723611111111,9.115760899712846,20.760248412698417,9.722440585176036,23.90748451082396,11.03780782752238
2022-11-07,41.04,44.5789,8.6231,16.2047,17.9254,1.6253,1.8012,35150760000.0,2.7498,7.7225,10.0,3.0,8.0278,9.7542,14.807101785714286,9.098754379383946,20.582714285714285,9.738325727916218,23.905856165098232,10.844388557798068
2022-11-08,41.41,44.5789,7.6525,16.3508,17.9147,1.64,1.7997,35467665000.0,2.7498,7.7225,10.0,3.0,8.0278,9.7542,14.824407936507937,9.07676440508532,20.39638492063492,9.759485296158372,23.90117234159326,10.63689962447655
2022-11-09,40.34,44.5789,10.5079,15.9283,17.9054,1.5976,1.7982,34551210000.0,2.7498,7.7225,10.0,3.0,8.0278,9.7542,14.846620833333333,9.052394031532742,20.218874603174605,9.73408862569016,23.899014864866075,10.484785977484446
2022-11-10,43.48,44.5789,2.5274,17.1681,17.896,1.7188,1.795,37240620000.0,2.7516,7.7225,10.0,3.0,8.0278,9.7542,14.845040873015872,9.054478434926258,20.018753174603177,9.836826469862652,23.89951930794213,10.181926704740524
2022-11-11,44.44,44.7222,0.635,17.5763,17.8843,1.7606,1.7918,38062860000.0,2.7507,7.7244,10.0,3.0,8.0278,9.508,14.841052777777778,9.060303477739566,19.83110873015873,9.979396719048896,23.901356255517346,9.851712011109838
2022-11-14,43.61,44.7222,2.5503,17.2481,17.8726,1.7277,1.7917,37351965000.0,2.7507,7.7244,10.0,3.0,8.0278,9.508,14.840328373015872,9.061273417028072,19.65049920634921,10.084869710488086,23.901601790043944,9.56562949586112
2022-11-15,44.35,44.7222,0.8392,17.5407,17.8556,1.7569,1.7915,37985775000.0,2.7555,7.7244,10.0,3.0,8.0278,9.508,14.83796865079365,9.064770668703764,19.460072222222223,10.21195857064564,23.90273931949741,9.248113651576585
2022-11-16,43.86,44.7222,1.9658,17.3469,17.8386,1.7375,1.7909,37566090000.0,2.7555,7.7244,10.0,3.0,8.0278,9.508,14.848890873015874,9.045880784836546,19.226164285714287,10.272757144342265,23.89477165785242,8.953407141372024
2022-11-17,43.04,44.7222,3.9085,17.0226,17.8364,1.705,1.7903,36863760000.0,2.7555,7.7244,10.0,3.0,8.0278,9.508,14.861365277777775,9.026390592668594,19.009069047619047,10.30534286937776,23.88775587044637,8.703726178241288
2022-11-18,43.92,44.7222,1.8265,17.3707,17.8341,1.7398,1.7887,37617480000.0,2.7555,7.7244,10.0,3.0,8.0278,9.508,14.862924007936508,9.024066780680746,18.790544444444446,10.375772188968376,23.88699078861725,8.41477225547607
2022-11-21,43.89,44.7222,1.8961,17.3588,17.823,1.7387,1.7871,37591785000.0,2.7555,7.7244,10.0,3.0,8.0278,9.508,14.863288888888889,9.02353768690933,18.586346825396824,10.453402099861584,23.886826575798217,8.132944725535241
2022-11-22,44.04,44.7222,1.549,17.4181,17.8118,1.7446,1.7868,37720260000.0,2.7555,7.7244,10.0,3.0,8.0278,9.508,14.859875595238096,9.028256144135192,18.370584126984127,10.522589104294948,23.88813173937329,7.8479950226891795
2022-11-23,44.16,44.7222,1.2731,17.4656,17.791,1.7493,1.7865,37823040000.0,2.7555,7.7244,10.0,3.0,8.0278,9.508,14.857130357142855,9.032183665308612,18.161970634920635,10.599258357814076,23.889314022451472,7.562712277106559
2022-11-25,44.21,44.7222,1.1586,17.4854,17.7703,1.7513,1.7855,37865865000.0,2.7555,7.7244,10.0,3.0,8.0278,9.508,14.857262103174602,9.031982968942348,17.979218253968256,10.692673912943611,23.88924507211695,7.286544341024642
2022-11-28,43.31,44.7222,3.2607,17.1294,17.764,1.7157,1.7845,37095015000.0,2.7555,7.7244,10.0,3.0,8.0278,9.508,14.856245833333332,9.0332613756372,17.835198412698414,10.768074922012673,23.88950720897053,7.067123490685743
2022-11-29,43.52,44.7222,2.7624,17.2125,17.7576,1.724,1.7843,37274880000.0,2.7555,7.7244,10.0,3.0,8.0278,9.508,14.847435912698414,9.04290069713971,17.668923015873016,10.83811261418642,23.890336609838123,6.8308104016865965
2022-11-30,44.32,44.7222,0.9075,17.5289,17.7499,1.7557,1.7841,37960080000.0,2.7555,7.7244,10.0,3.0,8.0278,9.508,14.836398412698411,9.056530474477876,17.47859761904762,10.92056571650732,23.89292888717629,6.558031902540298
2022-12-01,44.93,44.7222,-0.4625,17.7701,17.7576,1.7799,1.7838,38482545000.0,2.7555,7.7244,10.0,3.0,8.0278,9.508,14.820001984126984,9.07675055671702,17.30559126984127,11.031074011674653,23.896752540844005,6.274517258166616
2022-12-02,44.68,44.8333,0.3431,17.6713,17.7499,1.7699,1.7835,38268420000.0,2.7555,7.7244,10.0,3.0,8.0278,9.508,14.80073214285714,9.097172762028064,17.12705952380952,11.122472968538489,23.897904904885205,6.004586555271034
2022-12-05,43.76,44.8333,2.4527,17.3074,17.7423,1.7335,1.7821,37480440000.0,2.7555,7.7244,10.0,3.0,8.0278,9.508,14.784814682539682,9.111763189498156,16.96477777777778,11.1865508669859,23.89657787203784,5.778226910791879
2022-12-06,43.02,44.8333,4.215,17.0147,17.7406,1.7042,1.7807,36846630000.0,2.7555,7.7244,10.0,3.0,8.0278,9.508,14.77826626984127,9.118181635306811,16.82672698412698,11.235995031870866,23.89644790514808,5.590731952256116
2022-12-07,43.08,44.8333,4.0699,17.0384,17.7389,1.7066,1.7803,36898020000.0,2.7555,7.7244,10.0,3.0,8.0278,9.508,14.763166865079366,9.129616327064175,16.672823015873014,11.27711877917169,23.892783192143543,5.395704236701324
2022-12-08,43.47,45.1667,3.9032,17.1927,17.7324,1.722,1.7799,37232055000.0,2.7555,7.7244,10.0,3.0,8.0278,9.508,14.7489498015873,9.1409532249104,16.50397619047619,11.307983292116653,23.889903026497706,5.19599289835954
2022-12-09,43.02,45.1765,5.0128,17.0147,17.726,1.7042,1.7794,36846630000.0,2.7555,7.7244,10.0,3.0,8.0278,9.508,14.740079166666666,9.148239415316082,16.303760317460316,11.286143242444403,23.888318581982748,5.017617075015913
2022-12-12,43.26,45.2353,4.5661,17.1157,17.709,1.7147,1.7789,37052190000.0,2.755,7.7248,10.0,3.0,8.201,9.472,14.72858611111111,9.157388891828736,16.07592142857143,11.230450873781423,23.885975002939844,4.845470554790007
2022-12-13,44.32,45.5294,2.7288,17.5351,17.692,1.7545,1.7778,37960080000.0,2.8477,7.7248,10.0,3.0,8.201,9.472,14.711208531746031,9.17185105127346,15.817314285714286,11.158860402472785,23.88305958301949,4.658453883241501
2022-12-14,43.8,45.6167,4.1477,17.3253,17.682,1.7342,1.7767,37514700000.0,2.8202,7.6995,11.0,3.0,8.201,9.472,14.693384325396824,9.183649276182354,15.594209523809525,11.108412343599303,23.87703360157918,4.48579718021022
2022-12-15,42.46,45.6167,7.4345,16.7952,17.672,1.6811,1.7763,36366990000.0,2.8202,7.6995,11.0,3.0,8.201,9.472,14.688338293650794,9.186943599248185,15.330713492063492,10.90152083748581,23.87528189289897,4.429192654577681
2022-12-16,41.75,45.6167,9.2616,16.5144,17.6716,1.653,1.7759,35758875000.0,2.8202,7.6995,11.0,3.0,8.201,9.472,14.6888125,9.186656730830954,15.076203968253967,10.661374976348265,23.875469230830955,4.414828991905704
2022-12-19,41.5,45.6167,9.9198,16.4155,17.6713,1.6431,1.7756,35544750000.0,2.8202,7.6995,11.0,3.0,8.201,9.472,14.694505357142855,9.182802210383324,14.84614126984127,10.453743372616527,23.87730756752618,4.392397897224743
2022-12-20,41.37,45.6167,10.2652,16.3641,17.6658,1.638,1.7754,35433405000.0,2.8202,7.6995,11.0,3.0,8.201,9.472,14.701376190476193,9.17817965492288,14.62353888888889,10.246613939880646,23.879555845399068,4.376924949008243
2022-12-21,42.09,45.6167,8.3789,16.6489,17.6604,1.6665,1.7748,36050085000.0,2.8202,7.6995,11.0,3.0,8.201,9.472,14.703019047619048,9.176971228754825,14.387226984126984,10.040878208120386,23.879990276373874,4.346348776006598
2022-12-22,41.68,45.6167,9.4451,16.4867,17.6394,1.6503,1.7741,35698920000.0,2.8202,7.6995,11.0,3.0,8.201,9.472,14.704027976190476,9.176363933001223,14.204080952380952,9.91715717693912,23.8803919091917,4.286923775441832
2022-12-23,41.79,45.6167,9.157,16.5302,17.6184,1.6546,1.7737,35793135000.0,2.8202,7.6995,11.0,3.0,8.201,9.472,14.70639007936508,9.174779254183868,14.013114285714288,9.778780820922162,23.881169333548947,4.234333464792126
2022-12-27,41.87,45.6167,8.9484,16.5618,17.6177,1.6578,1.7733,35861655000.0,2.8202,7.6995,11.0,3.0,8.201,9.472,14.706811904761906,9.174509084192,13.821611111111112,9.637691642987772,23.881320988953902,4.183919468123339
2022-12-28,40.96,45.6167,11.3689,16.2019,17.6148,1.6218,1.7732,35082240000.0,2.8202,7.6995,11.0,3.0,8.201,9.472,14.711293452380952,9.172321228263325,13.643415873015874,9.471074623500062,23.883614680644275,4.172341249515812
2022-12-29,41.85,45.6167,9.0005,16.5539,17.6118,1.657,1.7732,35844525000.0,2.8202,7.6995,11.0,3.0,8.201,9.472,14.707639484126984,9.17423227833411,13.44255238095238,9.296042643015095,23.88187176246109,4.146509737937283
2022-12-30,41.25,45.6167,10.5859,16.3166,17.6078,1.6332,1.7728,35330625000.0,2.8202,7.6995,11.0,3.0,8.201,9.472,14.710395436507936,9.172782067424263,13.264338888888888,9.13109784835955,23.883177503932203,4.133241040529338
2023-01-03,41.61,45.6167,9.7626,16.4512,17.5988,1.6475,1.7723,35638965000.0,2.8202,7.7395,11.0,3.0,8.201,9.472,14.709005555555557,9.173479950936146,13.082797619047618,8.968806299154595,23.882485506491705,4.113991319893023
2023-01-04,42.03,45.8389,9.0623,16.6153,17.5937,1.6641,1.7711,35998695000.0,2.8202,7.7394,11.0,3.0,8.201,9.472,14.699642063492064,9.176836411060416,12.913907142857145,8.840637468275093,23.87647847455248,4.0732696745820505
2023-01-05,41.53,45.8389,10.3754,16.4176,17.5926,1.6443,1.7699,35570445000.0,2.8202,7.7394,11.0,3.0,8.201,9.472,14.698298611111111,9.177420943407954,12.765133333333331,8.722658960330895,23.875719554519065,4.042474373002438
2023-01-06,43.13,45.95,6.5384,17.0663,17.5914,1.7082,1.7692,36940845000.0,2.8038,7.6811,11.0,3.0,8.201,9.472,14.700950793650794,9.17486385582271,12.58348015873016,8.610507111263775,23.875814649473504,3.972973047466384
2023-01-09,43.5,45.95,5.6322,17.2127,17.5876,1.7229,1.7686,37257750000.0,2.8038,7.6811,11.0,3.0,8.201,9.472,14.707087896825398,9.167744303098244,12.420146825396824,8.544856221364448,23.87483219992364,3.8752906040323776
2023-01-10,44.0,45.95,4.4318,17.4051,17.5838,1.7402,1.7685,37686000000.0,2.8772,7.6805,11.0,3.0,8.201,9.472,14.706892857142858,9.167962287481355,12.243134126984128,8.476678675803802,23.874855144624213,3.7664554511803257
2023-01-11,45.19,46.1722,2.1735,17.8328,17.5876,1.7872,1.7686,38705235000.0,2.9396,7.7016,12.0,3.0,8.201,9.472,14.70660753968254,9.168350861698269,12.036938095238094,8.402208551849807,23.87495840138081,3.634729543388288
2023-01-12,45.25,47.0056,3.8798,17.7863,17.5914,1.7879,1.7692,38756625000.0,2.8463,7.6786,13.0,3.0,8.201,9.472,14.710534523809525,9.16327735459834,11.850242063492065,8.31896842849505,23.873811878407864,3.5312736349970137
2023-01-13,45.87,47.0056,2.4757,18.03,17.5926,1.8124,1.7699,39287655000.0,2.8463,7.7087,14.0,3.0,8.201,9.472,14.708318055555557,9.166106593629417,11.676118253968252,8.283398150763068,23.87442464918497,3.392720103205185
2023-01-17,45.43,47.2278,3.9573,17.8563,17.5988,1.7933,1.7723,38910795000.0,2.8473,7.6039,15.0,3.0,8.201,9.472,14.703201587301589,9.171395585751132,11.501253968253968,8.211051122575295,23.87459717305272,3.2902028456786727
2023-01-18,43.52,47.45,9.0303,17.0807,17.5937,1.7143,1.7711,37274880000.0,2.8489,7.6028,15.0,3.0,8.201,9.472,14.705297023809525,9.169975655652497,11.410231746031746,8.173993164583944,23.87527267946202,3.236238581447802
2023-01-19,41.91,47.45,13.2188,16.4488,17.5926,1.6508,1.7699,35895915000.0,2.8489,7.6028,15.0,3.0,8.201,9.472,14.715649801587302,9.165335786436364,11.358078571428573,8.140995784227998,23.880985588023663,3.2170827872005727
2023-01-20,42.57,47.45,11.4635,16.7059,17.5914,1.677,1.7692,36461205000.0,2.8441,7.6443,15.0,3.0,8.201,9.7596,14.72075376984127,9.162801683298664,11.31385634920635,8.125027083391185,23.88355545313993,3.1888292658151656
2023-01-23,43.28,47.45,9.6349,16.9725,17.5876,1.705,1.7686,37069320000.0,2.8441,7.644,15.0,3.0,8.201,9.7596,14.72059861111111,9.16288731092236,11.263925396825396,8.115781755616077,23.88348592203347,3.14814364120932
2023-01-24,43.7,47.45,8.5812,17.0817,17.5838,1.721,1.7685,37429050000.0,2.8401,7.5568,16.0,3.0,8.201,9.7596,14.717085515873016,9.164904865635624,11.199133333333334,8.10425324155168,23.88199038150864,3.094880091781654
2023-01-25,43.51,47.45,9.0554,17.0074,17.5813,1.7135,1.7684,37266315000.0,2.8401,7.5568,16.0,3.0,8.201,9.7596,14.71102261904762,9.167642557111096,11.134699206349206,8.088627730333513,23.87866517615872,3.046071476015692
2023-01-26,43.65,47.45,8.7056,17.0621,17.5788,1.719,1.7684,37386225000.0,2.8401,7.5568,16.0,3.0,8.201,9.7596,14.694907936507937,9.171052566580489,11.101592063492063,8.089975908973859,23.865960503088424,3.0116161545182045
2023-01-27,43.62,47.45,8.7804,17.0537,17.5776,1.7178,1.7684,37360530000.0,2.8461,7.5646,16.0,3.0,8.201,9.7596,14.67196765873016,9.17135855645494,11.064542857142856,8.08983080624493,23.843326215185098,2.974712050897928
2023-01-30,43.58,47.45,8.8802,17.0381,17.5763,1.7162,1.7681,37326270000.0,2.8461,7.5646,16.0,3.0,8.201,9.7596,14.661539285714284,9.174956508455606,11.04851984126984,8.09216012828244,23.83649579416989,2.9563597129874
2023-01-31,45.53,47.45,4.217,17.8005,17.5776,1.793,1.7684,38996445000.0,2.8461,7.5646,16.0,3.0,8.201,9.7596,14.643623015873017,9.186533717881154,10.996355555555557,8.114994397115122,23.830156733754173,2.8813611584404324
2023-02-01,46.14,47.45,2.8392,18.0389,17.5788,1.817,1.7684,39518910000.0,2.8461,7.5646,16.0,3.0,8.201,9.7596,14.623902976190475,9.201202090111517,10.929774603174602,8.147425870474107,23.825105066302,2.7823487327004948
2023-02-02,47.13,47.45,0.679,18.426,17.5813,1.856,1.7684,40366845000.0,2.8461,7.5646,16.0,3.0,8.201,9.7596,14.598850198412698,9.221964917015026,10.853629365079366,8.198285381791226,23.820815115427724,2.655343983288139
2023-02-03,46.89,47.45,1.1943,18.3322,17.5838,1.8466,1.7685,40161285000.0,2.8461,7.5657,16.0,3.0,8.201,9.7596,14.572875198412698,9.24126541880037,10.803553174603174,8.238082979137243,23.81414061721307,2.565470195465931
2023-02-06,46.15,47.5611,3.0576,18.0428,17.5876,1.8174,1.7686,39527475000.0,2.8461,7.5657,16.0,3.0,8.201,9.7596,14.551662103174603,9.255420444478352,10.769690476190476,8.261235501956683,23.80708254765296,2.5084549742337927
2023-02-07,44.39,49.1235,10.6634,15.6556,17.5838,1.6642,1.7685,37829158000.0,4.9224,10.7999,4.0,2.0,7.3014,20.9052,14.55026706349206,9.25595446073667,10.797410317460317,8.254920108869232,23.80622152422873,2.5424902085910848
2023-02-08,45.06,48.7833,8.263,15.9437,17.5813,1.6899,1.7684,38400132000.0,4.8553,10.389,6.0,2.0,8.9864,20.5957,14.547170436507937,9.257799787836682,10.8024126984127,8.253177783976204,23.80497022434462,2.5492349144364947
2023-02-09,44.92,48.7833,8.6004,15.8941,17.5788,1.6846,1.7684,38280824000.0,4.8553,10.389,6.0,2.0,8.9864,20.5957,14.532186706349206,9.261307508216714,10.830069047619048,8.239796951997981,23.79349421456592,2.590272095621067
2023-02-10,44.83,48.7833,8.8184,15.8612,17.5776,1.6812,1.7684,38204126000.0,4.8553,10.3893,6.0,2.0,8.9864,20.5957,14.515485515873015,9.264011588089843,10.863137301587305,8.223147693196223,23.77949710396286,2.63998960839108
2023-02-13,45.44,48.7833,7.3576,16.0707,17.5763,1.7041,1.7681,38723968000.0,4.8553,10.3891,6.0,2.0,8.9864,20.5957,14.496659325396829,9.2689059364458,10.901990476190475,8.194652356911151,23.765565261842628,2.707338119279326
2023-02-14,45.13,48.7833,8.0951,15.9611,17.5726,1.6925,1.7678,38459786000.0,4.8553,10.3891,6.0,2.0,8.9864,20.5957,14.479794047619048,9.27281231008028,10.954753174603177,8.15459228845874,23.752606357699328,2.8001608861444343
2023-02-15,45.48,48.7833,7.2632,16.0849,17.5689,1.7056,1.7666,38758056000.0,4.8553,10.3891,6.0,2.0,8.9864,20.5957,14.462081944444444,9.278063140066733,11.000550793650792,8.117144701568419,23.740145084511177,2.8834060920823728
2023-02-16,45.23,48.7833,7.8561,15.9965,17.5622,1.6962,1.7655,38545006000.0,4.8553,10.3891,6.0,2.0,8.9864,20.5957,14.44449384920635,9.28217447914732,11.04630873015873,8.082693260808806,23.726668328353668,2.963615469349924
2023-02-17,45.22,48.7833,7.8799,15.9929,17.5555,1.6959,1.7654,38536484000.0,4.8553,10.3891,6.0,2.0,8.9864,20.5957,14.4232248015873,9.284915794612337,11.095364285714286,8.044173133606412,23.70814059619964,3.051191152107874
2023-02-21,43.83,48.7833,11.3012,15.5013,17.5521,1.6437,1.7654,37351926000.0,4.8553,10.3891,6.0,2.0,8.9864,20.5957,14.414933333333334,9.285835966259915,11.136992857142856,8.031447690763445,23.700769299593247,3.1055451663794127
2023-02-22,43.6,48.7833,11.8883,15.42,17.5488,1.6351,1.763,37155920000.0,4.8553,10.3891,6.0,2.0,8.9864,20.5957,14.405718253968256,9.28603466152768,11.165888095238095,8.027517221583398,23.691752915495933,3.138370873654697
2023-02-23,44.45,48.7833,9.7487,15.7206,17.5448,1.667,1.7606,37880290000.0,4.8553,10.3891,6.0,2.0,8.9864,20.5957,14.391011507936508,9.28753188146619,11.174487301587302,8.025397065197357,23.67854338940269,3.149090236389945
2023-02-24,44.25,48.7833,10.2447,15.6499,17.5407,1.6595,1.7598,37709850000.0,4.8553,10.3891,6.0,2.0,8.9864,20.5957,14.379461309523808,9.289064312199262,11.191163492063492,8.021230497699054,23.66852562172307,3.169932994364439
2023-02-27,44.96,48.7833,8.5038,15.901,17.5448,1.6861,1.7598,38314912000.0,4.8553,10.3891,6.0,2.0,8.9864,20.5957,14.356109523809524,9.289012260064188,11.200768253968254,8.017249720363276,23.645121783873712,3.1835185336049783
2023-02-28,45.03,49.1167,9.0755,15.8909,17.5407,1.6881,1.7591,38374566000.0,4.9077,10.6658,6.0,2.0,8.9864,23.8067,14.336439682539682,9.28967841127042,11.177877777777775,8.019182702434403,23.6261180938101,3.158695075343374
2023-03-01,45.59,49.1167,7.7357,16.0885,17.54,1.7091,1.758,38851798000.0,4.9077,10.6658,6.0,2.0,8.9864,23.8067,14.318363690476192,9.29364819334159,11.133173809523807,8.022573052622796,23.612011883817782,3.110600756901013
2023-03-02,46.09,49.1167,6.5669,16.265,17.54,1.7278,1.758,39277898000.0,4.9077,10.6658,6.0,2.0,8.9864,23.8067,14.297594246031746,9.299260681299026,11.069351587301588,8.026690241774523,23.59685492733077,3.042661345527065
2023-03-03,47.79,49.1167,2.7761,16.8649,17.54,1.7915,1.7598,40726638000.0,4.9077,10.6658,6.0,2.0,8.9864,23.8067,14.269178174603177,9.31255913218366,10.97102619047619,8.05195839192612,23.581737306786835,2.919067798550069
2023-03-06,48.38,49.1167,1.5227,17.0731,17.5448,1.8136,1.7654,41229436000.0,4.9077,10.6658,6.0,2.0,8.9864,23.8067,14.227809523809524,9.32279495684765,10.877092063492064,8.092818436669479,23.55060448065717,2.7842736268225856
2023-03-07,47.55,49.1167,3.2948,16.7802,17.5407,1.7825,1.7654,40522110000.0,4.9077,10.6658,6.0,2.0,8.9864,23.8067,14.199290476190477,9.334226926449867,10.791394444444444,8.115634020987503,23.533517402640346,2.675760423456941
2023-03-08,47.39,49.1167,3.6436,16.7231,17.54,1.7765,1.7655,40385758000.0,4.9077,10.6658,6.0,2.0,8.9864,23.8067,14.172219444444442,9.345031569590285,10.724642857142856,8.13971697430749,23.517251014034727,2.584925882835368
2023-03-09,46.15,49.1167,6.4284,16.2856,17.54,1.73,1.7655,39329030000.0,4.9077,10.6658,6.0,2.0,8.9864,23.8067,14.149980952380952,9.350105719830244,10.705707936507936,8.146968412150462,23.5000866722112,2.558739524357474
2023-03-10,45.64,49.3944,8.2261,16.0908,17.54,1.7101,1.7655,38894408000.0,4.9078,10.6656,6.0,2.0,8.9864,23.8067,14.141300396825397,9.35357675740674,10.713752380952382,8.14399144820494,23.49487715423213,2.5697609327474424
2023-03-13,44.75,49.3944,10.3785,15.777,17.5448,1.6768,1.7678,38135950000.0,4.9078,10.6656,6.0,2.0,8.9864,23.8067,14.139453174603174,9.354229024825958,10.739888095238095,8.137535732243395,23.49368219942913,2.6023523629947025
2023-03-14,45.75,49.3944,7.9659,16.1296,17.5407,1.7143,1.7666,38988150000.0,5.0549,10.8818,7.0,2.0,8.9864,23.8067,14.134827380952382,9.356708925031157,10.749288095238096,8.133609783840017,23.491536305983537,2.615678311398078
2023-03-15,43.31,49.3944,14.0485,15.2694,17.54,1.6228,1.7655,36908782000.0,5.0549,10.8818,7.0,2.0,8.9864,23.8067,14.142325595238097,9.355119216771085,10.77773253968254,8.138871059067933,23.49744481200917,2.638861480614608
2023-03-16,44.48,49.3944,11.0486,15.6819,17.54,1.6667,1.7655,37905856000.0,5.0549,10.8818,7.0,2.0,8.9864,23.8067,14.13802876984127,9.356043640832944,10.767094444444444,8.137624071713425,23.49407241067421,2.629470372731019
2023-03-17,43.75,49.3944,12.9015,15.4245,17.54,1.6393,1.7655,37283750000.0,5.0549,10.8818,7.0,2.0,8.9864,23.8067,14.1415251984127,9.355250004381126,10.776019047619046,8.13935694447388,23.496775202793827,2.6366621031451665
2023-03-20,44.99,49.3944,9.7897,15.8617,17.5407,1.6858,1.7678,38340478000.0,5.0549,10.8818,7.0,2.0,8.9864,23.8067,14.147721825396824,9.351322500671785,10.715014285714284,8.117512710141893,23.499044326068606,2.597501575572391
2023-03-21,45.2,49.3389,9.1569,15.9357,17.54,1.6936,1.7666,38519440000.0,5.0549,10.8818,7.0,2.0,8.9864,23.8067,14.152197420634922,9.348386714205995,10.658113492063494,8.102979054726564,23.50058413484092,2.55513443733693
2023-03-22,44.18,49.3389,11.677,15.5761,17.5394,1.6554,1.7655,37650196000.0,5.0549,10.8818,7.0,2.0,8.9864,23.8067,14.164234126984123,9.341269626098006,10.596552380952382,8.06515140354074,23.50550375308213,2.531400977411641
2023-03-23,44.3,49.3389,11.3745,15.6184,17.5394,1.6599,1.7655,37752460000.0,5.0549,10.8818,7.0,2.0,8.9864,23.8067,14.169845634920634,9.338737237019156,10.525008730158728,8.01743182678369,23.50858287193979,2.507576903375037
2023-03-24,43.92,49.5556,12.8315,15.4768,17.5394,1.643,1.7655,37428624000.0,5.0561,10.8815,7.0,3.0,9.3243,23.8067,14.177543253968253,9.336026223438198,10.43045238095238,7.918014786171795,23.51356947740645,2.512437594780585
2023-03-27,44.3,49.5556,11.8637,15.6107,17.5407,1.6572,1.7678,37752460000.0,5.0561,10.8815,7.0,3.0,9.3243,23.8067,14.184445634920634,9.333020551161894,10.32574761904762,7.809543571837933,23.51746618608253,2.516204047209687
2023-03-28,44.75,49.5556,10.7388,15.7693,17.54,1.674,1.7666,38135950000.0,5.0561,10.8815,7.0,3.0,9.3243,23.8067,14.188481746031744,9.331085702773766,10.18876507936508,7.646749876807251,23.51956744880551,2.5420152025578293
2023-03-29,45.38,49.5556,9.2014,15.9913,17.5394,1.6976,1.7655,38672836000.0,5.0561,10.8815,7.0,3.0,9.3243,23.8067,14.19583511904762,9.32568014357639,10.047296825396826,7.4961564702233074,23.521515262624007,2.5511403551735183
2023-03-30,45.09,49.5556,9.9037,15.8891,17.5394,1.6867,1.7655,38425698000.0,5.0561,10.8815,7.0,3.0,9.3243,23.8067,14.202182936507937,9.321658709952722,9.948285714285715,7.413909778547025,23.52384164646066,2.53437593573869
2023-03-31,45.75,49.5556,8.3183,16.1216,17.5394,1.7114,1.7655,38988150000.0,5.0561,10.8815,7.0,3.0,9.3243,23.8067,14.203743055555556,9.320605875729711,9.801789682539685,7.259482702736719,23.524348931285267,2.542306979802964
2023-04-03,45.69,49.5556,8.4605,16.0988,17.5407,1.7092,1.7678,38937018000.0,5.0564,10.892,7.0,3.0,9.3243,23.8789,14.20456984126984,9.320076837459348,9.654724603174603,7.09429427847131,23.52464667872919,2.560430324703294
2023-04-04,42.89,49.5556,15.5412,15.1122,17.54,1.6044,1.7666,36550858000.0,5.0564,10.892,7.0,3.0,9.3243,23.8789,14.221022222222222,9.315091819774894,9.598080952380954,7.01755468451762,23.53611404199712,2.580526267863334
2023-04-05,42.1,49.6111,17.8411,14.8339,17.5394,1.5738,1.7655,35877620000.0,5.2097,10.9586,7.0,3.0,9.3243,23.8789,14.243181150793651,9.310382996221149,9.60544126984127,7.025770547796454,23.5535641470148,2.579670722044816
2023-04-06,41.8,49.6111,18.6868,14.7282,17.5394,1.5624,1.7655,35621960000.0,5.2289,11.0268,7.0,3.0,9.3243,23.8789,14.266423214285716,9.306817923656409,9.616844444444446,7.039430026876452,23.573241137942123,2.5774144175679945
2023-04-10,42.3,49.6667,17.4154,14.8923,17.5448,1.5801,1.7681,36048060000.0,5.2505,10.9146,8.0,4.0,8.9412,23.4015,14.286344047619048,9.302782774853316,9.594523015873015,7.0099113133581765,23.58912682247237,2.584611702514839
2023-04-11,43.52,49.6667,14.1239,15.3218,17.5407,1.6257,1.7678,37087744000.0,5.2505,10.9146,8.0,4.0,8.9412,23.4015,14.300211904761904,9.297308185536073,9.496485714285717,6.856621199882286,23.597520090297976,2.6398645144034285
2023-04-12,43.86,49.6667,13.2392,15.4268,17.54,1.6369,1.7666,37377492000.0,5.3314,10.9204,8.0,4.0,8.9412,23.4015,14.31157599206349,9.292493211321933,9.399039682539682,6.712852471873162,23.60406920338542,2.68618721066652
2023-04-13,44.1,49.6667,12.6229,15.5112,17.54,1.6458,1.7666,37582020000.0,5.3314,10.9204,8.0,4.0,8.9412,23.4015,14.323565476190476,9.286394345993642,9.28632619047619,6.534789328266788,23.60995982218412,2.7515368622094023
2023-04-14,44.3,49.6667,12.1144,15.5805,17.54,1.6533,1.7666,37752460000.0,5.3314,10.9203,8.0,4.0,8.9412,23.4015,14.334399007936508,9.280612657319972,9.16298253968254,6.328716225107081,23.61501166525648,2.8342663145754585
2023-04-17,44.77,49.6667,10.9375,15.7408,17.5448,1.6703,1.7681,38152994000.0,5.3313,10.92,8.0,4.0,8.9412,23.4015,14.345130555555556,9.273534594224424,9.02942619047619,6.106668596531951,23.61866514977998,2.9227575939442394
2023-04-18,44.81,49.6667,10.8384,15.7549,17.5407,1.6718,1.7678,38187082000.0,5.3313,10.92,8.0,4.0,8.9412,23.4015,14.357049206349206,9.265139323450114,8.886870634920637,5.845508064462124,23.62218852979932,3.0413625704585128
2023-04-19,44.98,49.6667,10.4195,15.8146,17.54,1.6781,1.7666,38331956000.0,5.3313,10.92,8.0,4.0,8.9412,23.4015,14.363283928571429,9.261422177706686,8.769169841269841,5.659755135159481,23.624706106278115,3.1094147061103605
2023-04-20,45.38,49.6667,9.4462,15.9553,17.5394,1.6931,1.7655,38672836000.0,5.3313,10.92,8.0,4.0,8.9412,23.4015,14.360829563492064,9.262563211977753,8.664819047619048,5.522356656018808,23.623392775469817,3.1424623916002403
2023-04-21,45.22,49.6667,9.8335,15.899,17.5394,1.6873,1.7655,38536484000.0,5.3313,10.92,8.0,4.0,8.9412,23.4015,14.36016984126984,9.262874416818605,8.528451587301587,5.272052417170984,23.62304425808844,3.256399170130604
2023-04-24,41.93,49.6667,18.4515,14.7423,17.54,1.5645,1.7666,35732746000.0,5.3313,10.92,8.0,4.0,8.9412,23.4015,14.376761507936507,9.262698410631137,8.435915873015874,4.984695505106303,23.63945991856765,3.4512203679095714
2023-04-25,42.32,49.6667,17.3599,14.8794,17.5394,1.5791,1.7655,36065104000.0,5.3313,10.92,8.0,4.0,8.9412,23.4015,14.397965674603174,9.257258528246872,8.36787619047619,4.799006892921651,23.655224202850047,3.5688692975545395
2023-04-26,40.65,48.8235,20.107,14.394,17.5372,1.5058,1.7654,34641930000.0,5.5106,10.5121,8.0,4.0,8.4104,22.3465,14.422844642857145,9.255715650729984,8.340038888888888,4.719371352779574,23.678560293587125,3.6206675361093135
2023-04-27,41.46,48.55,17.1008,14.7235,17.5372,1.5343,1.7654,35332212000.0,5.5684,10.1096,9.0,4.0,8.4104,22.3026,14.445841269841267,9.24792340779187,8.32622777777778,4.690854900823855,23.69376467763314,3.635372876953925
2023-04-28,41.82,48.4944,15.9598,14.8693,17.5372,1.5462,1.7654,35639004000.0,5.632,9.8604,9.0,4.0,9.166,22.2361,14.4643625,9.241574651652714,8.299552380952381,4.637080039416533,23.705937151652712,3.662472341535848
2023-05-01,41.17,48.4944,17.7906,14.6382,17.54,1.5222,1.7666,35085074000.0,5.632,9.8604,9.0,4.0,9.166,22.2361,14.474494642857143,9.242418154531403,8.293777777777777,4.624689339307364,23.71691279738855,3.669088438470413
2023-05-02,41.82,48.4944,15.9598,14.8693,17.5394,1.5462,1.7655,35639004000.0,5.632,9.8604,9.0,4.0,9.166,22.2361,14.476077976190476,9.2426044834315,8.329529365079365,4.666546323765762,23.718682459621977,3.662983041313603
2023-05-03,41.09,48.4944,18.02,14.6431,17.5372,1.5188,1.7654,35016898000.0,5.633,9.8614,9.0,4.0,9.166,22.2361,14.481118055555555,9.243845424861824,8.377404761904764,4.734820827830562,23.72496348041738,3.642583934074201
2023-05-04,41.1,48.4944,17.9912,14.6467,17.5372,1.5192,1.7654,35025420000.0,5.633,9.8614,9.0,4.0,9.166,22.2361,14.484348015873016,9.244788759597402,8.422881746031745,4.799497820787616,23.72913677547042,3.623383925244129
2023-05-05,42.38,48.4944,14.4276,15.1023,17.5372,1.5665,1.7654,36116236000.0,5.633,9.8614,9.0,4.0,9.166,22.2361,14.481254365079366,9.24454586364256,8.426638888888888,4.804045626360819,23.725800228721926,3.6225932625280697
2023-05-08,42.6,48.4944,13.8366,15.1807,17.54,1.5746,1.7666,36303720000.0,5.633,9.8614,9.0,4.0,9.166,22.2361,14.48162619047619,9.244516099669372,8.431448412698412,4.809194127763862,23.72614229014556,3.6222542849345496
2023-05-09,42.78,48.4944,13.3576,15.2573,17.5394,1.5813,1.7655,36457116000.0,5.633,9.8617,9.0,4.0,9.166,22.2361,14.484467261904763,9.243949049861802,8.452758730158731,4.82512669821261,23.72841631176657,3.6276320319461206
2023-05-10,43.08,48.4944,12.5682,15.3643,17.5372,1.5923,1.7654,36712776000.0,5.633,9.8617,9.0,4.0,9.166,22.2361,14.488529563492063,9.242653512210564,8.484069047619048,4.839020789448547,23.731183075702624,3.645048258170501
2023-05-11,42.83,48.4944,13.2253,15.2752,17.5372,1.5831,1.7654,36499726000.0,5.633,9.8617,9.0,4.0,9.166,22.2361,14.48941130952381,9.242511477767875,8.52829761904762,4.856794467110507,23.731922787291687,3.671503151937113
2023-05-12,42.4,48.4944,14.3736,15.1218,17.5372,1.5672,1.7654,36133280000.0,5.633,9.8617,9.0,4.0,9.166,22.2361,14.481654365079365,9.240961655502629,8.558977777777777,4.881546227184904,23.722616020581995,3.677431550592873
2023-05-15,42.81,48.4944,13.2782,15.268,17.5394,1.5824,1.7666,36482682000.0,5.633,9.8617,9.0,4.0,9.166,22.2361,14.476173611111111,9.24085442670668,8.644301587301587,4.869218027322088,23.71702803781779,3.7750835599795
2023-05-16,42.15,48.4944,15.052,15.0326,17.5372,1.558,1.7655,35920230000.0,5.633,9.8617,9.0,4.0,9.166,22.2361,14.47627003968254,9.240860192835616,8.758722222222223,4.848851913133991,23.717130232518155,3.909870309088232
2023-05-17,42.9,48.4944,13.0406,15.3001,17.5351,1.5857,1.7654,36559380000.0,5.633,9.8617,9.0,4.0,9.166,22.2361,14.475113492063494,9.241003609728024,8.841978571428571,4.83142810868361,23.71611710179152,4.010550462744961
2023-05-18,43.27,48.4059,11.8694,15.4574,17.5351,1.5998,1.7654,36874694000.0,5.6339,9.8629,9.0,3.0,9.5546,22.2361,14.468999603174602,9.241707574876116,8.929519841269842,4.784970147535313,23.71070717805072,4.144549693734529
2023-05-19,42.79,48.4059,13.1243,15.286,17.5351,1.582,1.7654,36465638000.0,5.6339,9.8629,9.0,3.0,9.5546,22.2361,14.464220634920634,9.241779082726827,9.018079365079366,4.758240859146554,23.70599971764746,4.259838505932812
2023-05-22,42.43,48.4059,14.0841,15.1574,17.5394,1.5687,1.7666,36158846000.0,5.6339,9.8629,9.0,3.0,9.5546,22.2361,14.46369623015873,9.241793166338946,9.098838095238094,4.757177318080342,23.70548939649768,4.341660777157752
2023-05-23,41.51,48.4059,16.6126,14.8287,17.5372,1.5347,1.7655,35374822000.0,5.6339,9.8629,9.0,3.0,9.5546,22.2361,14.468137103174604,9.24228790982964,9.216188095238095,4.758719636383097,23.710425013004244,4.457468458854999
2023-05-24,41.3,48.4059,17.2056,14.7537,17.5351,1.5269,1.7654,35195860000.0,5.6339,9.8629,9.0,3.0,9.5546,22.2361,14.476031746031746,9.24292472264774,9.337692063492064,4.765764089899692,23.718956468679487,4.5719279735923735
2023-05-25,41.2,48.4059,17.49,14.718,17.5351,1.5232,1.7654,35110640000.0,5.6339,9.8629,9.0,3.0,9.5546,22.2361,14.48619880952381,9.24341714234482,9.464207936507938,4.768935337093326,23.72961595186863,4.695272599414612
2023-05-26,40.89,48.4059,18.3808,14.6072,17.5351,1.5118,1.7654,34846458000.0,5.6339,9.8629,9.0,3.0,9.5546,22.2361,14.498133333333334,9.2445569990061,9.599983333333332,4.77738974019505,23.742690332339432,4.822593593138283
2023-05-30,41.75,48.4059,15.9423,14.9144,17.5372,1.5436,1.7655,35579350000.0,5.6339,9.8629,9.0,3.0,9.5546,22.2361,14.50813253968254,9.24338575416663,9.717314285714286,4.749875816258275,23.75151829384917,4.967438469456011
2023-05-31,40.9,48.4059,18.3518,14.6108,17.5351,1.5121,1.7654,34854980000.0,5.6339,9.8629,9.0,3.0,9.5546,22.2361,14.525882936507935,9.242157470984552,9.83708492063492,4.775959831172338,23.76804040749249,5.061125089462582
2023-06-01,41.5,48.4059,16.6407,14.8251,17.5351,1.5343,1.7654,35366300000.0,5.6339,9.8629,9.0,3.0,9.5546,22.2361,14.544500992063492,9.236935729497832,9.947230158730155,4.77152673377024,23.781436721561324,5.175703424959917
2023-06-02,43.44,48.4059,11.4316,15.4839,17.5351,1.6061,1.7654,37019568000.0,5.6339,9.8615,9.0,3.0,9.5546,22.2361,14.549086507936508,9.23481113381928,10.030754761904763,4.703650524936781,23.783897641755782,5.327104236967982
2023-06-05,43.2,48.4059,12.0507,15.3983,17.5394,1.5972,1.7666,36815040000.0,5.6339,9.8615,9.0,3.0,9.5546,22.2361,14.553385317460318,9.23313938831416,10.130065873015871,4.611524794306861,23.786524705774475,5.518541078709012
2023-06-06,43.85,48.4059,10.3897,15.6311,17.5372,1.6212,1.7655,37368970000.0,5.6339,9.8616,9.0,3.0,9.5546,22.2361,14.554878373015873,9.232403643001348,10.209800793650793,4.527031486605796,23.787282016017222,5.682769307044997
2023-06-07,45.6,48.4059,6.1533,16.2549,17.5351,1.6859,1.7654,38860320000.0,5.6339,9.8616,9.0,3.0,9.5546,22.2361,14.547961111111112,9.23739835684793,10.239170634920637,4.488140514753488,23.78535946795904,5.7510301201671465
2023-06-08,45.6,48.2882,5.8952,16.2515,17.5351,1.6839,1.7654,38860320000.0,5.7202,9.8377,9.0,3.0,9.5546,22.0267,14.541939484126983,9.242055792655714,10.252505555555556,4.472567677499112,23.783995276782697,5.779937878056443
2023-06-09,45.3,48.2882,6.5965,16.1803,17.5351,1.6728,1.7654,38604660000.0,5.7202,9.8389,9.0,3.0,9.5546,22.0267,14.536513888888887,9.245922824518043,10.272557936507935,4.450234874293425,23.78243671340693,5.822323062214512
2023-06-12,45.83,48.2882,5.3637,16.3696,17.5394,1.6924,1.7666,39056326000.0,5.7202,9.8389,9.0,3.0,9.5546,22.0267,14.52708134920635,9.25286216116334,10.284149206349204,4.435389535285518,23.77994351036969,5.848759671063688
2023-06-13,46.77,48.2882,3.2461,16.7054,17.5372,1.7271,1.7655,39857394000.0,5.7202,9.8389,9.0,3.0,9.5546,22.0267,14.514584523809525,9.263851718220415,10.27012777777778,4.45493639346996,23.77843624202994,5.815191384307819
2023-06-14,46.16,48.5824,5.2478,16.4875,17.5351,1.7046,1.7654,39337552000.0,5.7202,9.8389,9.0,3.0,9.5546,22.0267,14.506576785714286,9.270124526931005,10.275538095238096,4.448362790004661,23.77670131264529,5.8271753052334345
2023-06-15,46.54,48.5824,4.3885,16.6232,17.5351,1.7186,1.7654,39661388000.0,5.7202,9.8389,9.0,3.0,9.5546,22.0267,14.498355357142856,9.27726833866764,10.288710317460318,4.428248898746954,23.77562369581049,5.860461418713364
2023-06-16,46.88,48.5824,3.6314,16.7447,17.5351,1.7311,1.7654,39951136000.0,5.7202,9.8389,9.0,3.0,9.5546,22.0267,14.490375992063491,9.284894076105118,10.2846126984127,4.434211718896424,23.77527006816861,5.850400979516276
2023-06-20,47.61,48.5824,2.0424,17.0054,17.5394,1.7581,1.7678,40573242000.0,5.7202,9.8389,9.0,3.0,9.5546,22.0267,14.475632341269842,9.29876616695138,10.241818253968257,4.487635789007954,23.774398508221225,5.754182464960301
2023-06-21,48.22,48.5824,0.7516,17.2233,17.5372,1.7806,1.7681,41093084000.0,5.7202,9.8389,9.0,3.0,9.5546,22.0267,14.453120238095238,9.318248449671652,10.174278571428571,4.565862918513658,23.77136868776689,5.608415652914913
2023-06-22,47.86,48.5824,1.5094,17.0947,17.5372,1.7673,1.7681,40786292000.0,5.7202,9.8389,9.0,3.0,9.5546,22.0267,14.438419642857143,9.332830239622984,10.107529365079364,4.630630192638115,23.771249882480127,5.47689917244125
2023-06-23,48.05,48.5824,1.108,17.1626,17.5372,1.7743,1.7684,40948210000.0,5.7202,9.8389,9.0,3.0,9.5546,22.0267,14.42109484126984,9.349473560007397,10.034853174603176,4.699483508619938,23.77056840127724,5.335369665983237
2023-06-26,48.63,48.5824,-0.0979,17.3697,17.54,1.7958,1.7692,41442486000.0,5.7202,9.8389,9.0,3.0,9.5546,22.0267,14.40132996031746,9.369634921448524,9.967576984126984,4.783307119676401,23.770964881765984,5.184269864450583
2023-06-27,49.49,48.6412,-1.7151,17.6624,17.5407,1.8271,1.7699,42175378000.0,5.7104,9.8541,9.0,3.0,9.6051,22.2965,14.37892242063492,9.39466284924622,9.879003968253969,4.895080666863933,23.77358526988114,4.983923301390036
2023-06-28,49.32,48.6412,-1.3763,17.6017,17.5448,1.8208,1.7711,42030504000.0,5.7104,9.8541,9.0,3.0,9.6051,22.2965,14.361067857142858,9.41605581385648,9.795406349206347,4.996404195639129,23.777123670999337,4.79900215356722
2023-06-29,49.49,48.6412,-1.7151,17.6624,17.5521,1.8271,1.7728,42175378000.0,5.7104,9.8541,9.0,3.0,9.6051,22.2965,14.345223015873016,9.436393999629752,9.710775396825396,5.100100967842771,23.781617015502768,4.610674428982625
2023-06-30,49.71,48.6412,-2.1501,17.7409,17.5622,1.8352,1.7732,42362862000.0,5.7104,9.8541,9.0,3.0,9.6051,22.2965,14.332107936507937,9.454735928458028,9.603481746031749,5.206042043924064,23.786843864965963,4.3974397021076825
2023-07-03,50.04,48.6412,-2.7954,17.8587,17.5776,1.8474,1.7743,42644088000.0,5.7104,9.8541,9.0,3.0,9.6051,22.2965,14.317243452380952,9.47578091077787,9.509863492063491,5.321746773676613,23.79302436315882,4.188116718386879
2023-07-05,49.24,48.6412,-1.2161,17.5732,17.5763,1.8179,1.7748,41962328000.0,5.7104,9.8541,9.0,3.0,9.6051,22.2965,14.306151587301589,9.490702978800172,9.416196825396826,5.405853549373195,23.79685456610176,4.01034327602363
2023-07-06,49.07,48.6412,-0.8739,17.515,17.5763,1.8113,1.7756,41817454000.0,5.7224,9.8423,9.0,3.0,9.6051,22.2622,14.294757142857144,9.505491627936756,9.331780158730158,5.482900527494923,23.8002487707939,3.848879631235235
2023-07-07,49.33,49.7588,0.8692,17.5965,17.5788,1.8208,1.7762,42039026000.0,5.7272,9.8682,9.0,3.0,9.6051,22.2622,14.285309325396826,9.516480090249935,9.266755555555555,5.534462694507012,23.801789415646763,3.732292861048543
2023-07-10,51.26,49.7588,-2.9286,18.3,17.5914,1.8932,1.7778,43683772000.0,5.7265,9.8685,9.0,3.0,9.6051,22.2622,14.269964087301586,9.538007901357684,9.161168253968256,5.639062004108934,23.80797198865927,3.5221062498593225
2023-07-11,53.0,49.7588,-6.1155,18.9211,17.5926,1.9574,1.7789,45166600000.0,5.7265,9.8685,9.0,3.0,9.6051,22.2622,14.24491984126984,9.574932320798707,9.060740476190476,5.79662274939033,23.81985216206855,3.264117726800146
2023-07-12,53.12,49.8765,-6.106,18.964,17.5937,1.9619,1.7794,45268864000.0,5.7265,9.8685,9.0,3.0,9.6051,22.2622,14.218923214285716,9.612365637501648,8.967580158730158,5.944601587847929,23.831288851787363,3.0229785708822288
2023-07-13,53.12,49.8765,-6.106,18.964,17.5965,1.9619,1.7802,45268864000.0,5.7265,9.8685,9.0,3.0,9.6051,22.2622,14.19650773809524,9.646570728005727,8.883946825396826,6.081476275112054,23.84307846610097,2.802470550284772
2023-07-14,53.84,51.2882,-4.7396,19.208,17.6017,1.988,1.7806,45882448000.0,5.6772,9.7897,9.0,3.0,9.6051,22.2623,14.176888095238096,9.675022845548517,8.829080952380952,6.1729965811326375,23.85191094078661,2.656084371248314
2023-07-17,54.56,51.2882,-5.9967,19.4649,17.6118,2.0146,1.783,46496032000.0,5.6772,9.7897,9.0,3.0,9.6051,22.2623,14.15379503968254,9.709264263834063,8.750696031746033,6.297790138814175,23.863059303516607,2.4529058929318577
2023-07-18,55.24,51.2882,-7.1539,19.7103,17.6148,2.0398,1.7835,47075528000.0,5.6706,9.7898,9.0,3.0,9.6051,22.2623,14.130774404761905,9.746006342366435,8.674270634920635,6.431556410575262,23.87678074712834,2.242714224345373
2023-07-19,55.23,51.8176,-6.1785,19.7067,17.6177,2.0395,1.7838,47067006000.0,5.6706,9.7898,9.0,3.0,9.6051,22.2623,14.1076623015873,9.780337125168822,8.593827777777777,6.553261394849375,23.887999426756124,2.040566382928402
2023-07-20,54.67,51.8176,-5.2175,19.5069,17.6184,2.0188,1.7843,46589774000.0,5.6706,9.7898,9.0,3.0,9.6051,22.2623,14.082856944444444,9.813474831523113,8.480749999999999,6.667596581122838,23.89633177596756,1.8131534188771603
2023-07-21,53.75,52.1118,-3.0478,19.1759,17.6604,1.9846,1.7855,45805750000.0,5.6794,9.8009,9.0,3.0,9.6051,22.2623,14.069395238095238,9.83233055541115,8.35165,6.732288674924819,23.901725793506387,1.6193613250751806
2023-07-24,53.81,52.1118,-3.1559,19.1973,17.6624,1.9868,1.7872,45856882000.0,5.6794,9.8009,9.0,3.0,9.6051,22.2623,14.057256349206348,9.849831796678664,8.235623015873015,6.803826983104949,23.90708814588501,1.431796032768066
2023-07-25,53.91,52.1118,-3.3356,19.233,17.6624,1.9905,1.7872,45942102000.0,5.6794,9.8009,9.0,3.0,9.6051,22.2623,14.046208333333334,9.866230354408533,8.13268253968254,6.880178915442074,23.91243868774187,1.2525036242404657
2023-07-26,54.43,52.1118,-4.259,19.4185,17.6668,2.0097,1.7876,46385246000.0,5.6794,9.8009,9.0,3.0,9.6051,22.2623,14.037588293650794,9.8803397403517,8.03077619047619,6.968013702000703,23.917928034002493,1.0627624884754878
2023-07-27,56.75,56.7722,0.0391,20.0049,17.6716,2.0804,1.7891,48288575000.0,5.7073,9.997,9.0,3.0,9.655,22.846,14.033739285714288,9.88542319915972,7.959218253968253,7.003612619480399,23.919162484874008,0.9556056344878544
2023-07-28,58.99,58.3278,-1.1226,20.7128,17.682,2.1569,1.7909,50194591000.0,5.8256,10.0528,9.0,3.0,9.655,22.8297,14.031120436507935,9.889270125715177,7.881216666666666,7.04981102575388,23.920390562223112,0.8314056409127861
2023-07-31,59.55,58.55,-1.6793,20.8764,17.709,2.1774,1.7917,50671095000.0,5.8256,10.0534,9.0,3.0,9.655,22.8297,14.02409722222222,9.899182729767547,7.798203174603175,7.100538621484346,23.92327995198977,0.6976645531188286
2023-08-01,59.8,58.55,-2.0903,20.9641,17.726,2.1865,1.7918,50883820000.0,5.8256,10.0534,9.0,3.0,9.655,22.8297,14.005015476190476,9.920976785258423,7.711135714285715,7.1542226377039215,23.9259922614489,0.5569130765817931
2023-08-02,58.98,58.55,-0.7291,20.6766,17.7324,2.1565,1.7924,50186082000.0,5.8256,10.0534,9.0,3.0,9.655,22.8297,13.992003174603171,9.936011051604364,7.671880952380953,7.1870423014057225,23.928014226207537,0.48483865097523
2023-08-03,58.1,58.55,0.7745,20.3688,17.7399,2.1243,1.7931,49437290000.0,5.8256,10.0535,9.0,3.0,9.655,22.8297,13.97737619047619,9.950049742458775,7.655494444444445,7.20049018101753,23.92742593293497,0.4550042634269147
2023-08-04,57.08,58.55,2.5753,20.0112,17.7416,2.087,1.7946,48569372000.0,5.8256,10.0535,9.0,3.0,9.655,22.8297,13.975966468253969,9.951617743822933,7.670544444444444,7.187762220558625,23.9275842120769,0.4827822238858195
2023-08-07,58.1,59.45,2.3236,20.3724,17.7701,2.1233,1.8012,49437290000.0,5.8613,9.9633,9.0,3.0,9.655,22.8297,13.973554365079366,9.954299414942604,7.679507142857143,7.180322370826364,23.92785378002197,0.4991847720307794
2023-08-08,57.39,59.45,3.5895,20.1234,17.7782,2.0973,1.8024,48833151000.0,5.8613,9.9633,9.0,3.0,9.655,22.8297,13.971027777777778,9.956777764525487,7.683728571428571,7.177739229611097,23.927805542303265,0.5059893418174735
2023-08-09,56.16,59.45,5.8583,19.6921,17.7863,2.0524,1.8037,47786544000.0,5.8613,9.9633,9.0,3.0,9.655,22.8297,13.973224206349206,9.954861798778152,7.645592857142857,7.17454559272638,23.92808600512736,0.4710472644164767
2023-08-10,55.4,59.45,7.3105,19.4256,17.8005,2.0246,1.8089,47139860000.0,5.8613,10.0101,10.0,3.0,9.655,22.8297,13.977784523809524,9.9512743523982,7.638033333333333,7.174391655302975,23.929058876207723,0.4636416780303589
2023-08-11,55.54,59.45,7.04,19.4747,17.8118,2.0297,1.8098,47258986000.0,5.8613,10.01,10.0,3.0,9.655,22.8297,13.98317003968254,9.946773826116065,7.625649206349205,7.174063909966256,23.9299438657986,0.4515852963829498
2023-08-14,56.02,58.7833,4.9327,19.6424,17.8341,2.0473,1.8124,47667418000.0,5.9236,10.052,11.0,3.0,9.655,22.8297,13.98334126984127,9.946616968761962,7.594810317460317,7.17724661041361,23.92995823860324,0.4175637070467077
2023-08-15,55.41,58.7833,6.0879,19.4285,17.8364,2.0248,1.8124,47148369000.0,5.9338,10.0744,11.0,3.0,9.655,22.8297,13.982747222222224,9.94708046331036,7.584733333333334,7.178473558388368,23.92982768553258,0.4062597749449663
2023-08-16,54.47,59.45,9.1426,19.1002,17.8386,1.9905,1.8124,46348523000.0,5.9295,10.0698,11.0,3.0,9.655,22.8297,13.988853174603172,9.943154411225686,7.593046825396826,7.179675811396416,23.93200758582886,0.4133710140004094
2023-08-17,53.05,59.45,12.0641,18.6023,17.8563,1.9387,1.8125,45140245000.0,5.9295,10.0698,11.0,3.0,9.655,22.8297,14.00242896825397,9.935829004784656,7.631149206349206,7.190642077831458,23.938257973038624,0.4405071285177477
2023-08-18,53.39,59.45,11.3504,18.7215,17.8587,1.9511,1.8136,45429551000.0,5.9295,10.0698,11.0,3.0,9.655,22.8297,14.009099603174604,9.932911476054384,7.658881746031746,7.198250901005402,23.94201107922899,0.4606308450263441
2023-08-21,53.57,59.45,10.9763,18.7846,17.896,1.9577,1.8161,45582713000.0,5.9295,10.0698,11.0,3.0,9.655,22.8297,14.015105753968252,9.930154759630144,7.683456349206349,7.204294456075509,23.9452605135984,0.4791618931308399
2023-08-22,53.8,59.45,10.5019,18.8653,17.916,1.9661,1.8164,45778420000.0,5.9295,10.0698,11.0,3.0,9.655,22.8297,14.020480753968254,9.92751291783615,7.677112698412698,7.201434752180874,23.947993671804404,0.4756779462318246
2023-08-23,55.23,59.45,7.6408,19.3667,17.936,2.0183,1.8168,46995207000.0,5.9295,10.0698,11.0,3.0,9.655,22.8297,14.02064246031746,9.927408127534532,7.643402380952382,7.191498784976274,23.948050587851995,0.4519035959761073
2023-08-24,53.93,59.45,10.2355,18.9109,17.94,1.9708,1.817,45889037000.0,5.9295,10.0698,11.0,3.0,9.655,22.8297,14.0279,9.923292249936706,7.647265873015874,7.192769512805688,23.951192249936707,0.4544963602101859
2023-08-25,55.02,59.45,8.0516,19.2931,17.94,2.0106,1.8172,46816518000.0,5.9295,10.0698,11.0,3.0,9.655,22.8297,14.033551388888888,9.919066747463395,7.629860317460318,7.189086344153452,23.952618136352285,0.4407739733068663
2023-08-28,55.57,59.45,6.9822,19.4859,17.9468,2.0307,1.8174,47284513000.0,5.9295,10.0698,11.0,3.0,9.655,22.8297,14.041166071428572,9.91216143007188,7.617784126984127,7.188884545545781,23.953327501500453,0.4288995814383458
2023-08-29,56.76,59.45,4.7393,19.9032,17.963,2.0742,1.8176,48297084000.0,5.9295,10.0698,11.0,3.0,9.655,22.8297,14.04304642857143,9.910302917122774,7.583369841269841,7.192228658337005,23.953349345694203,0.3911411829328353
2023-08-30,57.18,59.45,3.9699,20.0505,17.9793,2.0896,1.8179,48654462000.0,5.9295,10.0698,11.0,3.0,9.655,22.8297,14.046719444444443,9.906216867217106,7.553482539682539,7.199411389518843,23.95293631166156,0.3540711501636959
2023-08-31,57.45,59.1167,2.9011,20.1466,17.9793,2.0995,1.8182,48884205000.0,5.9295,10.0697,11.0,3.0,9.655,22.8297,14.047259325396826,9.905600768942293,7.524388888888889,7.210828086218427,23.95286009433912,0.3135608026704615
2023-09-01,57.94,59.1167,2.0309,20.317,18.03,2.1172,1.8183,49301146000.0,5.9345,10.0698,11.0,3.0,9.655,22.8297,14.04455257936508,9.908703202714078,7.518474603174603,7.215058129550364,23.95325578207916,0.3034164736242388
2023-09-05,56.42,59.1167,4.7797,19.7854,18.0046,2.0617,1.8188,48007778000.0,5.9345,10.0698,11.0,3.0,9.655,22.8297,14.04832738095238,9.904802069023134,7.54432380952381,7.199222379656676,23.95312944997552,0.3451014298671344
2023-09-06,56.4,59.1167,4.8168,19.7784,18.03,2.0609,1.8195,47990760000.0,5.9345,10.0698,11.0,3.0,9.655,22.8297,14.052281547619046,9.900709131061737,7.556403174603175,7.193309618081985,23.952990678680784,0.3630935565211901
2023-09-07,57.25,59.8389,4.5221,20.0617,18.03,2.0916,1.8205,48714025000.0,5.9474,10.1136,11.0,3.0,9.655,23.0263,14.053262896825396,9.899737972988436,7.563375396825397,7.189911682169037,23.95300086981383,0.3734637146563599
2023-09-08,58.66,59.8389,2.0097,20.5558,18.03,2.1432,1.8208,49913794000.0,5.9474,10.1241,11.0,3.0,9.655,23.0263,14.044890277777778,9.908148865604849,7.528306349206349,7.206249471859846,23.953039143382625,0.3220568773465029
2023-09-11,58.94,59.8389,1.5251,20.6539,18.0046,2.1534,1.8226,50152046000.0,5.9474,10.1241,11.0,3.0,9.655,23.0263,14.037193055555557,9.916378018024176,7.47512380952381,7.225758991623615,23.95357107357973,0.2493648179001946
2023-09-12,56.58,59.7278,5.5634,19.8262,18.03,2.0672,1.8226,48143922000.0,5.9474,10.1241,11.0,3.0,9.655,23.0263,14.037183333333337,9.916386340007838,7.436908730158731,7.223013338390295,23.95356967334117,0.2138953917684354
2023-09-13,55.24,59.7278,8.1242,19.3411,18.03,2.0182,1.8234,47003716000.0,5.9474,10.1238,11.0,3.0,9.655,23.0263,14.041141071428571,9.913621690674132,7.438165079365079,7.223119851956753,23.954762762102703,0.2150452274083267
2023-09-14,54.76,59.7278,9.072,19.173,18.03,2.0007,1.8254,46595284000.0,5.9474,10.1238,11.0,3.0,9.655,23.0263,14.044372619047618,9.911731987695624,7.398669047619047,7.2002549322919975,23.95610460674324,0.1984141153270497
2023-09-15,54.46,59.7278,9.6728,19.068,18.03,1.9897,1.8268,46340014000.0,5.9474,10.1238,11.0,3.0,9.655,23.0263,14.045849404761904,9.911023662183704,7.38775,7.195717359349306,23.956873066945608,0.1920326406506944
2023-09-18,54.39,59.7278,9.8139,19.0435,18.0046,1.9872,1.8272,46280451000.0,5.9474,10.1238,11.0,3.0,9.655,23.0263,14.050629365079365,9.9083949916737,7.363245238095239,7.182034610505444,23.959024356753066,0.1812106275897944
2023-09-19,53.85,59.7278,10.9151,18.8544,18.03,1.9674,1.8274,45820965000.0,5.9474,10.1238,11.0,3.0,9.655,23.0263,14.054924206349208,9.906562016460269,7.372176984126984,7.185775159891032,23.96148622280948,0.1864018242359524
2023-09-20,53.83,59.7278,10.9563,18.8474,18.03,1.9667,1.8286,45803947000.0,5.9474,10.1238,11.0,3.0,9.655,23.0263,14.05902619047619,9.904846554647966,7.386457936507937,7.191136536301995,23.96387274512416,0.195321400205942
2023-09-21,52.56,59.7278,13.6374,18.4027,18.03,1.9203,1.83,44723304000.0,5.9474,10.1238,11.0,3.0,9.655,23.0263,14.063710912698411,9.904086123218187,7.402016666666666,7.202605422825892,23.9677970359166,0.1994112438407747
2023-09-22,52.87,59.8389,13.1812,18.488,18.03,1.9303,1.8307,44987083000.0,6.026,10.2401,11.0,3.0,9.655,23.0263,14.05839246031746,9.903838396657124,7.416355555555556,7.21236884232149,23.962230856974585,0.2039867132340651
2023-09-25,53.58,59.8389,11.6814,18.7362,18.03,1.9562,1.8322,45591222000.0,6.026,10.2401,11.0,3.0,9.655,23.0263,14.05403234126984,9.90440127809151,7.407227777777778,7.206185874157228,23.95843361936135,0.2010419036205499
2023-09-26,52.72,59.95,13.714,18.4213,18.0344,1.9244,1.8325,44859448000.0,6.0939,10.3793,11.0,3.0,10.1633,23.5639,14.057506944444444,9.903973349419672,7.421912698412698,7.217216868738143,23.96148029386412,0.2046958296745549
2023-09-27,55.08,59.95,8.8417,19.246,18.0389,2.0105,1.8329,46867572000.0,6.0939,10.3793,11.0,3.0,10.1633,23.5639,14.049766865079365,9.906526941359113,7.406856349206349,7.2122190246886095,23.95629380643848,0.1946373245177399
2023-09-28,55.94,59.95,7.1684,19.5465,18.0389,2.0419,1.834,47599346000.0,6.0939,10.3793,11.0,3.0,10.1633,23.5639,14.035503174603177,9.911257525050114,7.390721428571428,7.210446077591739,23.94676069965329,0.1802753509796888
2023-09-29,55.2,59.95,8.6051,19.2879,18.0389,2.0149,1.8348,46969680000.0,6.0939,10.3793,11.0,3.0,10.1633,23.5639,14.022299801587302,9.91405562302137,7.38041507936508,7.207752964646593,23.93635542460867,0.172662114718487
2023-10-02,54.56,59.95,9.879,19.043,18.03,1.9915,1.8348,46425104000.0,6.0939,10.5074,11.0,3.0,10.1633,23.5639,14.015475198412698,9.915724725936904,7.392801587301586,7.210718031807818,23.931199924349603,0.1820835554937687
2023-10-03,53.52,59.95,12.0142,18.6806,18.0344,1.9536,1.8351,45540168000.0,6.0939,10.5074,11.0,3.0,10.1633,23.5639,14.008365277777775,9.915872742217172,7.421005555555555,7.22186897235126,23.924238019994952,0.1991365832042957
2023-10-04,54.61,59.95,9.7784,19.0524,18.0389,1.9954,1.8352,46467649000.0,6.093,10.5074,11.0,3.0,10.1633,23.5639,13.998618849206348,9.917614809192813,7.375269047619047,7.188201506429493,23.91623365839916,0.1870675411895535
2023-10-05,53.51,59.95,12.0351,18.717,18.0389,1.9513,1.8352,45531659000.0,6.0543,9.9664,12.0,3.0,10.1633,22.3315,13.992784722222222,9.917903861810313,7.329189682539682,7.139015608508896,23.91068858403253,0.1901740740307858
2023-10-06,54.28,59.6722,9.934,19.0029,18.0389,1.9788,1.8352,46186852000.0,6.0153,9.9174,12.0,3.0,10.1633,22.3315,13.985106746031748,9.919548267188556,7.259723015873016,7.069865446608371,23.904655013220303,0.1898575692646451
2023-10-09,55.02,59.6722,8.4555,19.262,18.03,2.0058,1.837,46816518000.0,6.0153,9.9174,12.0,3.0,10.1633,22.3315,13.97540238095238,9.922566253844945,7.188612698412699,7.011721412263783,23.897968634797323,0.1768912861489164
2023-10-10,55.42,59.6722,7.6727,19.402,18.0344,2.0204,1.8388,47156878000.0,6.0153,9.9174,12.0,3.0,10.1633,22.3315,13.967264285714284,9.926056470661528,7.137412698412698,6.984173809131501,23.89332075637581,0.1532388892811971
2023-10-11,56.04,59.4789,6.1365,19.6225,18.0389,2.0433,1.8392,47684436000.0,6.0039,9.908,12.0,3.0,10.1633,22.3315,13.948314484126984,9.93188131501355,7.081042063492064,6.963163136832101,23.88019579914053,0.1178789266599631
2023-10-12,54.48,59.4789,9.1757,19.0763,18.0389,1.9865,1.8392,46357032000.0,6.0039,9.908,12.0,3.0,10.1633,22.3315,13.9342751984127,9.933620030253175,7.053683333333333,6.947970178539986,23.86789522866588,0.1057131547933467
2023-10-13,52.56,59.4789,13.1638,18.3976,18.0389,1.9159,1.8392,44723304000.0,6.0239,9.9265,12.0,3.0,10.1633,22.3971,13.92379246031746,9.93163575330092,7.0620119047619045,6.9547107101487775,23.85542821361838,0.107301194613127
2023-10-16,53.15,59.3944,11.7486,18.6236,18.0344,1.9389,1.837,45225335000.0,5.9533,9.6353,12.0,3.0,10.1633,22.3971,13.91249384920635,9.930863205087098,7.068449206349206,6.958700804854332,23.84335705429345,0.1097484014948744
2023-10-17,52.9,59.3944,12.2767,18.536,18.0389,1.9298,1.8388,45012610000.0,5.9414,9.8502,12.0,3.0,10.1633,22.3971,13.912265476190475,9.930899568298166,7.079864285714286,6.966110272150107,23.843165044488643,0.1137540135641783
2023-10-18,50.15,59.3944,18.4335,17.5724,18.0344,1.8295,1.837,42672635000.0,5.9414,9.8502,12.0,3.0,10.1633,22.3971,13.926005952380953,9.932357584283388,7.14346746031746,7.033109526720998,23.858363536664346,0.1103579335964619
2023-10-19,49.0,59.3944,21.2131,17.1695,18.03,1.7875,1.8352,41694100000.0,5.9414,9.8502,12.0,3.0,10.1633,22.3971,13.947515674603176,9.93638391116766,7.236855555555556,7.141222190147135,23.88389958577084,0.0956333654084202
2023-10-20,48.28,59.2833,22.7906,16.8864,18.0046,1.759,1.8352,41081452000.0,6.0302,9.9752,13.0,3.0,10.1633,22.3971,13.972114880952384,9.94291015124757,7.339689682539682,7.271025109535357,23.91502503219996,0.0686645730043249
2023-10-23,48.5,59.2833,22.2336,16.9634,17.9468,1.7671,1.8351,41268650000.0,6.0302,9.9752,13.0,3.0,10.1633,22.3971,13.995811706349206,9.948348676692202,7.369706349206349,7.324871863952319,23.944160383041407,0.0448344852540296
2023-10-24,48.15,59.2833,23.1221,16.841,17.9434,1.7543,1.8342,40970835000.0,6.0302,9.9752,13.0,3.0,10.1633,22.3971,14.022479960317462,9.954773004750956,7.415438095238095,7.405289406362056,23.977252965068416,0.0101486888760389
2023-10-25,47.04,59.2833,26.0274,16.4527,17.94,1.7139,1.8333,40026336000.0,6.0302,9.9752,13.0,3.0,10.1633,22.3971,14.05626626984127,9.966579714893824,7.462425396825396,7.504579987041966,24.02284598473509,-0.0421545902165698
2023-10-26,46.4,57.0611,22.9765,16.1729,17.896,1.7085,1.8325,39658080000.0,5.8441,9.8122,14.0,4.0,9.8702,22.269,14.083761507936508,9.972044992120578,7.509057936507935,7.5827986098680915,24.055806500057088,-0.073740673360156
2023-10-27,46.5,57.0611,22.712,16.152,17.8726,1.7151,1.8325,39743550000.0,5.784,9.5825,14.0,4.0,10.3561,22.1295,14.107226388888888,9.978416778382195,7.5626468253968255,7.666397802250467,24.085643167271087,-0.1037509768536413
2023-10-30,47.37,57.0611,20.4583,16.4542,17.8563,1.7471,1.8333,40487139000.0,5.784,9.5825,14.0,4.0,10.3561,22.1295,14.123860515873016,9.98200892783393,7.583819047619048,7.69848674549195,24.105869443706943,-0.1146676978729015
2023-10-31,47.66,57.0611,19.7253,16.5417,17.8475,1.7578,1.8329,40735002000.0,5.784,9.5877,14.0,4.0,10.3561,22.1295,14.143613293650793,9.983226004188104,7.613703968253968,7.73846664007703,24.1268392978389,-0.1247626718230625
2023-11-01,49.66,57.0611,14.9035,17.2359,17.8386,1.8316,1.8325,42444402000.0,5.784,9.5877,14.0,4.0,10.3561,22.1295,14.144666666666668,9.983278222224692,7.588969841269841,7.709867074146229,24.12794488889136,-0.1208972328763877
2023-11-02,49.97,57.0611,14.1907,17.3435,17.8341,1.843,1.8333,42709359000.0,5.784,9.5877,14.0,4.0,10.3561,22.1295,14.144044841269842,9.983265550118755,7.558807142857143,7.676206408430503,24.1273103913886,-0.1173992655733604
2023-11-03,50.53,57.0611,12.9252,17.5378,17.8328,1.8637,1.8352,43187991000.0,5.784,9.5878,14.0,4.0,10.3561,22.1295,14.141909325396824,9.983411216805068,7.546883333333333,7.66661231353464,24.12532054220189,-0.119728980201307
2023-11-06,50.27,57.0611,13.5093,17.4476,17.8005,1.8541,1.8388,42965769000.0,5.784,9.5878,14.0,4.0,10.3561,22.1295,14.139061111111111,9.983386471202795,7.544285714285714,7.66451933121153,24.12244758231391,-0.1202336169258169
2023-11-07,50.45,57.0611,13.1043,17.5101,17.7934,1.8607,1.8392,43119615000.0,5.784,9.5878,14.0,4.0,10.3561,22.1295,14.13971488095238,9.98330774235898,7.542275396825397,7.663015437266899,24.123022623311364,-0.1207400404415013
2023-11-08,50.95,57.0611,11.9943,17.6891,17.7863,1.8792,1.8395,43546965000.0,5.784,9.597,14.0,4.0,10.3561,22.1295,14.137403373015871,9.983670060144687,7.537720634920634,7.660174248642896,24.12107343316056,-0.1224536137222616
2023-11-09,50.43,57.0611,13.1491,17.5086,17.7701,1.86,1.8418,43102521000.0,5.784,9.5968,14.0,4.0,10.3561,22.1295,14.139698214285712,9.983308974796838,7.537115873015873,7.659724623357357,24.12300718908255,-0.1226087503414836
2023-11-10,51.5,56.6111,9.9245,17.8559,17.7701,1.8991,1.843,44017050000.0,5.8147,9.9037,14.0,4.0,10.3561,22.1295,14.141554563492065,9.98243625111692,7.501805555555556,7.638181800311502,24.12399081460898,-0.1363762447559455
2023-11-13,50.94,56.6111,11.1329,17.6617,17.7409,1.8784,1.843,43538418000.0,5.8147,9.9037,14.0,4.0,10.3561,22.1295,14.145096031746032,9.981048779151076,7.484779365079365,7.627586375585121,24.12614481089711,-0.1428070105057566
2023-11-14,52.81,56.6111,7.1977,18.3101,17.7492,1.9474,1.8433,45136707000.0,5.8147,9.9037,14.0,4.0,10.3561,22.1295,14.140312103174605,9.983804794861566,7.422443650793651,7.597283315843916,24.12411689803617,-0.174839665050265
2023-11-15,52.35,56.6111,8.1396,18.1506,17.7576,1.9304,1.8436,44743545000.0,5.8147,9.9037,14.0,4.0,10.3561,22.1295,14.143674801587302,9.98149282507968,7.3835468253968255,7.580817487196932,24.12516762666698,-0.1972706618001067
2023-11-16,52.68,56.6111,7.4622,18.265,17.7576,1.9426,1.8436,45025596000.0,5.8147,9.9037,14.0,4.0,10.3561,22.1295,14.144100992063493,9.981202363601286,7.348569047619047,7.570114068006853,24.125303355664776,-0.221545020387806
2023-11-17,53.22,56.6111,6.3719,18.4254,17.7576,1.9625,1.844,45487134000.0,5.8147,9.9101,14.0,4.0,10.3561,22.1295,14.144481944444443,9.980901449258598,7.294978571428571,7.552780322711506,24.12538339370304,-0.2578017512829351
2023-11-20,53.59,56.6111,5.6374,18.6491,17.7492,1.9767,1.845,45803373000.0,5.8395,9.7046,14.0,4.0,10.3561,22.1295,14.142879960317462,9.982204454083094,7.22794126984127,7.529488948589018,24.12508441440056,-0.301547678747748
2023-11-21,52.73,56.6111,7.3603,18.3498,17.7576,1.9449,1.846,45068331000.0,5.8395,9.7046,14.0,4.0,10.3561,22.1295,14.14803015873016,9.978024958892483,7.154510317460318,7.482201158758944,24.12605511762264,-0.3276908412986259
2023-11-22,52.75,56.6111,7.3196,18.3568,17.7638,1.9457,1.8463,45085425000.0,5.8395,9.7046,14.0,4.0,10.3561,22.1295,14.15357242063492,9.973444688322434,7.07605,7.427593938613027,24.12701710895736,-0.3515439386130268
2023-11-24,52.98,56.6111,6.8537,18.4368,17.7576,1.9542,1.8466,45282006000.0,5.8395,9.7046,14.0,4.0,10.3561,22.1295,14.155469642857144,9.971961872472969,6.991634920634921,7.3684979122893,24.127431515330112,-0.3768629916543791
2023-11-27,52.14,56.6111,8.5752,18.1445,17.7409,1.9232,1.8474,44564058000.0,5.8395,9.7046,14.0,4.0,10.3561,22.1295,14.154885317460318,9.972280840887176,6.913812698412698,7.298699439763117,24.12716615834749,-0.3848867413504191
2023-11-28,51.63,56.6111,9.6477,17.967,17.7492,1.9044,1.8475,44128161000.0,5.8395,9.7046,14.0,4.0,10.3561,22.1295,14.159609523809523,9.969574800296956,6.863855555555555,7.257835922968352,24.129184324106483,-0.3939803674127971
2023-11-29,52.21,56.8158,8.8217,18.167,17.7576,1.9246,1.8476,44623887000.0,5.8396,9.7092,14.0,4.0,10.3561,21.8387,14.161503571428572,9.968467572415191,6.788219841269842,7.186466312162339,24.12997114384376,-0.3982464708924969
2023-11-30,51.96,56.8158,9.3453,18.08,17.7576,1.9154,1.8491,44410212000.0,5.8396,9.7046,14.0,4.0,10.3561,21.8387,14.16673035714286,9.965243371485382,6.730319841269841,7.135660948773012,24.13197372862824,-0.4053411075031707
2023-12-01,53.22,56.8158,6.7565,18.5184,17.7576,1.9619,1.8525,45487134000.0,5.8396,9.7046,14.0,4.0,10.3561,21.8387,14.159544047619049,9.969285833168971,6.693215873015872,7.123163528932003,24.12882988078802,-0.4299476559161306
2023-12-04,53.46,56.8158,6.2772,18.6038,17.7409,1.9707,1.8491,45692262000.0,5.8396,9.7042,14.0,4.0,10.3561,21.8387,14.149281944444445,9.97474174317476,6.647394444444444,7.106975849406685,24.124023687619204,-0.4595814049622406
2023-12-05,52.57,56.8158,8.0765,18.2941,17.7492,1.9379,1.8508,44931579000.0,5.8396,9.7042,14.0,4.0,10.3561,21.8387,14.150237103174604,9.974135912270972,6.629035714285714,7.100215906525327,24.124373015445578,-0.471180192239613
2023-12-06,53.01,56.8158,7.1794,18.4472,17.7576,1.9541,1.8525,45307647000.0,5.8396,9.7042,14.0,4.0,10.3561,21.8387,14.151694642857144,9.97306127968842,6.637179365079365,7.100254339155168,24.12475592254556,-0.4630749740758029
2023-12-07,52.89,57.5278,8.7688,18.4048,17.7576,1.9497,1.8525,45205083000.0,5.8396,9.7039,14.0,4.0,10.3561,21.8387,14.155284722222222,9.970792480702086,6.659985714285714,7.102466724689055,24.126077202924307,-0.4424810104033412
2023-12-08,55.27,57.8611,4.6881,19.209,17.7576,2.0374,1.8525,47239269000.0,5.8579,9.8322,14.0,4.0,10.3561,21.8387,14.153738293650797,9.972202939988929,6.644839682539682,7.104637693823217,24.12594123363972,-0.4597980112835351
2023-12-11,55.95,57.8611,3.4157,19.4082,17.7492,2.0625,1.8491,47820465000.0,5.8239,9.8482,14.0,4.0,10.3561,21.8387,14.149295436507936,9.976494790584493,6.629379365079365,7.1095656703157175,24.12579022709243,-0.4801863052363524
2023-12-12,56.33,57.8611,2.7181,19.54,17.7576,2.0765,1.8508,48145251000.0,5.8239,9.8482,14.0,4.0,10.3561,21.8387,14.14178373015873,9.983685374196613,6.625188888888889,7.111731050597776,24.12546910435534,-0.4865421617088863
2023-12-13,55.8,57.8611,3.6937,19.3569,17.7638,2.057,1.8525,47692260000.0,5.8239,9.6668,14.0,4.0,10.185,21.8388,14.133627976190477,9.9905494815317,6.612854761904762,7.115485689953858,24.124177457722176,-0.5026309280490961
2023-12-14,58.81,57.8611,-1.6135,20.401,17.7638,2.1679,1.8525,50264907000.0,5.8239,9.6668,14.0,4.0,10.185,21.8388,14.112113293650795,10.01278158378451,6.565219841269841,7.150500026857154,24.124894877435302,-0.5852801855873127
2023-12-15,57.33,57.8611,0.9264,19.8876,17.7638,2.1134,1.8525,48999951000.0,5.8239,9.6668,14.0,4.0,10.185,21.8388,14.090052976190476,10.029579402331132,6.543751587301587,7.163427809631255,24.119632378521608,-0.6196762223296677
2023-12-18,56.76,58.5833,3.2123,19.6899,17.7492,2.0924,1.8491,48512772000.0,5.8239,9.6669,14.0,4.0,10.185,21.8388,14.073083928571428,10.040750171975366,6.553036507936508,7.158303033044738,24.1138341005468,-0.6052665251082301
2023-12-19,56.99,58.5833,2.7958,19.7697,17.7576,2.1008,1.8508,48709353000.0,5.8239,9.6714,14.0,4.0,10.185,21.8388,14.056605753968254,10.052445753446795,6.5692603174603175,7.147357433357708,24.109051507415053,-0.57809711589739
2023-12-20,56.0,58.5833,4.613,19.4262,17.7576,2.0644,1.8508,47863200000.0,5.8239,9.6714,14.0,4.0,10.185,21.8388,14.036942063492065,10.061219826549236,6.593892063492064,7.135117717841625,24.098161890041304,-0.541225654349561
2023-12-21,56.92,58.5833,2.9222,19.7454,17.7576,2.0983,1.8508,48649524000.0,5.8239,9.6714,14.0,4.0,10.185,21.8388,14.007898015873016,10.072150669807518,6.608290476190476,7.125783210403579,24.08004868568053,-0.5174927342131035
2023-12-22,57.1,58.5833,2.5977,19.8078,17.7576,2.1049,1.8533,48803370000.0,5.8239,9.6714,14.0,4.0,10.185,21.8388,13.983669047619047,10.084898956226104,6.629684126984127,7.109516142044197,24.06856800384515,-0.4798320150600696
2023-12-26,57.44,58.5833,1.9904,19.9258,17.7409,2.1174,1.8548,49093968000.0,5.8239,9.6714,14.0,4.0,10.185,21.8388,13.959926587301586,10.099038662809928,6.659092857142857,7.082333532266717,24.05896525011152,-0.4232406751238597
2023-12-27,57.78,58.5833,1.3903,20.0437,17.7492,2.13,1.855,49384566000.0,5.8239,9.6714,14.0,4.0,10.185,21.8388,13.93627757936508,10.114508717208672,6.68105,7.061480256124844,24.05078629657375,-0.3804302561248436
2023-12-28,57.64,58.5833,1.6365,19.9951,17.7492,2.1248,1.8556,49264908000.0,5.8239,9.6714,14.0,4.0,10.185,21.8388,13.91609900793651,10.12890049700114,6.70765,7.035865787961065,24.04499950493765,-0.3282157879610645
2023-12-29,57.45,58.5833,1.9727,19.9292,17.7492,2.1178,1.856,49102515000.0,5.8239,9.6714,14.0,4.0,10.185,21.8388,13.89638015873016,10.142476562304772,6.740370634920635,7.003856674193995,24.03885672103493,-0.26348603927336
2024-01-02,56.45,59.1944,4.8616,19.617,17.7409,2.0829,1.8582,48247815000.0,5.7672,9.68,14.0,4.0,10.185,21.8388,13.88346746031746,10.149839973628692,6.801140476190477,6.95349384519966,24.03330743394616,-0.1523533690091829
2024-01-03,54.9,59.0833,7.6199,19.1236,17.7492,2.0344,1.86,46923030000.0,5.6009,9.8811,14.0,4.0,10.185,21.8388,13.875243650793651,10.153238670379666,6.87126746031746,6.916449471904907,24.02848232117332,-0.045182011587447
2024-01-04,55.48,59.0833,6.4948,19.327,17.7492,2.0559,1.86,47418756000.0,5.6009,9.8809,14.0,4.0,10.185,21.8388,13.867791468253968,10.15728182490587,6.929749206349206,6.881501194649343,24.025073293159835,0.0482480116998633
2024-01-05,55.72,59.5833,6.9334,19.4133,17.7638,2.066,1.8607,47623884000.0,5.6099,9.8723,14.0,4.0,10.3708,21.4033,13.853478769841267,10.161968894227243,6.9778777777777785,6.859947656860305,24.01544766406851,0.1179301209174736
2024-01-08,56.42,59.5833,5.6067,19.6606,17.7934,2.0919,1.8622,48222174000.0,5.6096,9.8726,14.0,4.0,10.3708,21.4033,13.842004365079363,10.168019489301336,7.045618253968254,6.803248561155552,24.01002385438069,0.2423696928127015
2024-01-09,56.8,59.5833,4.9002,19.7778,17.8005,2.1052,1.863,48546960000.0,5.6095,9.8722,14.0,4.0,10.3708,21.4033,13.82300892857143,10.175776282540102,7.133044444444445,6.702804546284328,23.99878521111153,0.4302398981601172
2024-01-10,57.04,59.5833,4.4588,19.8614,17.8062,2.1141,1.8637,48752088000.0,5.6095,9.8722,14.0,4.0,10.3708,21.4033,13.80793492063492,10.184022752007683,7.216892063492064,6.601176895331428,23.99195767264261,0.6157151681606354
2024-01-11,56.86,60.3611,6.1574,19.7987,17.8223,2.1074,1.8649,48598242000.0,5.6095,9.8722,14.0,4.0,10.3708,21.4033,13.789877182539684,10.189512878161043,7.314220634920635,6.492686064627779,23.97939006070073,0.8215345702928563
2024-01-12,56.14,60.5833,7.9147,19.5331,17.8334,2.0806,1.8692,47982858000.0,5.6095,9.8716,14.0,4.0,10.3708,21.4033,13.777404166666669,10.192855551284255,7.414651587301587,6.401978845260144,23.970259717950924,1.0126727420414428
2024-01-16,55.85,60.5833,8.475,19.4315,17.8561,2.0717,1.8826,47734995000.0,5.5972,9.9146,14.0,4.0,10.3708,21.8215,13.766991666666666,10.195591466605862,7.52950634920635,6.288252212241516,23.962583133272528,1.2412541369648338
2024-01-17,55.06,60.5833,10.0314,19.1914,17.8563,2.0435,1.8861,47059782000.0,5.5973,9.916,14.0,4.0,10.3708,21.8215,13.761625793650794,10.196846831690443,7.665897619047619,6.152123282594005,23.95847262534124,1.513774336453614
2024-01-18,55.4,60.5833,9.3561,19.3099,17.8587,2.0561,1.8894,47350380000.0,5.5973,9.916,14.0,4.0,10.3708,21.8215,13.751491865079366,10.198685628593902,7.789188095238096,6.026841150023625,23.950177493673262,1.762346945214471
2024-01-19,55.88,60.5833,8.4168,19.4901,17.8726,2.0739,1.8902,47760636000.0,5.5973,9.9152,14.0,4.0,10.3708,21.8215,13.734993650793651,10.200580106826497,7.897396825396825,5.9127634095464,23.935573757620148,1.9846334158504249
2024-01-22,56.32,60.5833,7.5698,19.6435,17.94,2.0902,1.8924,48136704000.0,5.5973,9.9152,14.0,4.0,10.3708,21.8215,13.710050793650794,10.2002545377354,7.981663492063492,5.830616892598711,23.9103053313862,2.151046599464782
2024-01-23,55.91,60.4722,8.1599,19.551,17.9434,2.0762,1.8925,47786277000.0,5.5214,10.0214,14.0,4.0,10.3708,21.8215,13.682076984126985,10.19609544693886,8.071471428571428,5.744201854111507,23.87817243106584,2.3272695744599208
2024-01-24,54.97,60.4722,10.0095,19.2223,17.9468,2.0413,1.8926,46982859000.0,5.5214,10.0214,14.0,4.0,10.3708,21.8215,13.65393472222222,10.186595802304486,8.177384920634921,5.6545225210420496,23.840530524526702,2.522862399592872
2024-01-25,56.31,60.4722,7.3916,19.6909,17.967,2.0911,1.8932,48128157000.0,5.5214,10.0214,14.0,4.0,10.3708,21.8215,13.6194125,10.178257498576968,8.26985,5.543702468217512,23.797669998576968,2.7261475317824875
2024-01-26,55.51,60.4722,8.9393,19.4111,17.9793,2.0614,1.8954,47444397000.0,5.5214,10.0214,14.0,4.0,10.3708,21.8215,13.588066468253968,10.168270685179657,8.340486507936507,5.4944727650300935,23.75633715343362,2.846013742906414
2024-01-29,56.31,60.4722,7.3916,19.6909,18.03,2.0911,1.8987,48128157000.0,5.5214,10.0214,14.0,4.0,10.3708,21.8215,13.551290476190475,10.157068484723736,8.408059523809523,5.429128047768767,23.70835896091421,2.9789314760407564
2024-01-30,56.33,60.4722,7.3535,19.6979,18.0344,2.0918,1.8989,48145251000.0,5.5214,10.0214,14.0,4.0,10.3708,21.8215,13.511547817460317,10.142013129651474,8.479748412698413,5.353980681410645,23.653560947111792,3.125767731287768
2024-01-31,54.71,60.4722,10.5323,19.1314,18.0389,2.0317,1.8991,46760637000.0,5.5214,10.0214,14.0,4.0,10.3708,21.8215,13.474931746031746,10.119319279486286,8.57992777777778,5.272085858658142,23.59425102551804,3.307841919119638
2024-02-01,55.59,60.4722,8.7825,19.4391,18.0428,2.0644,1.8999,47512773000.0,5.5214,10.0214,14.0,4.0,10.3708,21.8215,13.436827380952382,10.100705378327076,8.65541666666667,5.205401947865403,23.537532759279458,3.450014718801266
2024-02-02,56.78,60.4722,6.5026,19.8615,18.08,2.1086,1.9003,48529866000.0,5.518,10.0099,14.0,4.0,10.3708,21.8215,13.400750396825396,10.092917665286391,8.700877777777778,5.160846090445165,23.493668062111787,3.540031687332613
2024-02-05,56.26,60.4722,7.487,19.6796,18.0889,2.0892,1.9042,48085422000.0,5.518,10.0099,14.0,4.0,10.3708,21.8215,13.363314087301587,10.079756553691643,8.739859523809523,5.132680294476708,23.44307064099323,3.6071792293328153
2024-02-06,54.31,61.0294,12.3723,17.616,18.0854,1.811,1.9032,46391602000.0,7.1193,8.1,5.0,4.0,10.0935,11.3848,13.337998015873016,10.066154648071056,8.819611111111112,5.110206033752111,23.404152663944075,3.709405077359
2024-02-07,53.83,61.0882,13.4836,17.3505,18.0819,1.7698,1.9023,45981586000.0,7.2137,8.0995,6.0,4.0,10.0935,11.3848,13.308068055555555,10.043179611502415,8.898135714285713,5.105211073614411,23.35124766705797,3.792924640671302
2024-02-08,55.06,61.0756,10.9255,17.7453,18.0819,1.8094,1.9023,47032252000.0,7.4028,8.0509,7.0,4.0,10.0935,11.3848,13.270836507936506,10.017075726073204,8.938351587301588,5.101029963585627,23.28791223400971,3.837321623715961
2024-02-09,56.01,61.2565,9.3671,18.1344,18.0889,1.8392,1.9023,47843742000.0,7.4357,8.0559,7.0,4.0,8.2062,12.8539,13.2298375,9.990595057736863,8.95467380952381,5.09906947770174,23.220432557736864,3.85560433182207
2024-02-12,56.04,61.3988,9.5625,18.1453,18.0889,1.8377,1.9042,47869368000.0,7.4696,8.0582,7.0,4.0,8.2062,22.8978,13.201684523809524,9.980873675935811,8.97469365079365,5.0964432061075975,23.182558199745337,3.878250444686053
2024-02-13,53.97,61.3988,13.7647,17.4751,18.0854,1.7698,1.9032,46101174000.0,7.4696,8.0582,7.0,4.0,8.2062,22.8978,13.19272876984127,9.978334055018614,9.044788888888888,5.101140293028263,23.171062824859884,3.943648595860625
2024-02-14,55.0,61.3988,11.6342,17.8086,18.0819,1.8036,1.9023,46981000000.0,7.4696,8.0582,7.0,4.0,8.2062,22.8978,13.175414484126986,9.97344149679679,9.088807142857142,5.099350355254039,23.148855980923777,3.9894567876031033
2024-02-15,56.05,61.6576,10.0046,18.1798,18.0819,1.8303,1.9023,47877910000.0,7.6328,7.9834,8.0,4.0,8.2062,22.8978,13.146206746031746,9.96109734124426,9.095648412698411,5.100001287383992,23.10730408727601,3.995647125314421
2024-02-16,54.0,61.4544,13.8044,17.5148,18.08,1.7634,1.9023,46126800000.0,7.6328,7.9834,8.0,4.0,8.2062,22.8978,13.120615476190476,9.942751964955107,9.109460317460316,5.1104506582036,23.06336744114558,3.999009659256716
2024-02-20,53.43,61.2726,14.6783,17.3249,18.0389,1.7497,1.9042,45639906000.0,7.4766,8.0997,9.0,4.0,8.2062,22.8978,13.102033333333331,9.931041745369424,9.135872222222222,5.130684562366228,23.03307507870276,4.005187659855994
2024-02-21,53.77,61.2726,13.9531,17.4346,18.0344,1.7608,1.9032,45930334000.0,7.4766,8.0997,9.0,4.0,8.2062,22.8978,13.081473214285714,9.918499244857315,9.15949761904762,5.146057668382195,22.99997245914303,4.0134399506654255
2024-02-22,53.85,61.2726,13.7838,17.4605,18.03,1.7634,1.9013,45998670000.0,7.4766,8.0997,9.0,4.0,8.2062,22.8978,13.054434325396826,9.89791044709337,9.185544444444444,5.161190045771401,22.9523447724902,4.024354398673043
2024-02-23,54.2,61.2726,13.0491,17.574,18.0046,1.7749,1.9001,46297640000.0,7.4766,8.0997,9.0,4.0,8.2062,22.8978,13.023070238095238,9.872750749567642,9.22846746031746,5.170720662852868,22.89582098766288,4.057746797464593
2024-02-26,54.0,61.2726,13.4678,17.5092,17.9569,1.7683,1.9003,46126800000.0,7.4766,8.0997,9.0,4.0,8.2062,22.8978,13.001338888888888,9.859659153525197,9.254120634920636,5.183758427046123,22.860998042414085,4.0703622078745125
2024-02-27,55.04,61.2726,11.3238,17.8464,17.9468,1.8024,1.8997,47015168000.0,7.4766,8.0997,9.0,4.0,8.2062,22.8978,12.967188492063492,9.83552523826112,9.280090476190477,5.185881963198688,22.80271373032461,4.094208512991789
2024-02-28,54.76,61.2726,11.893,17.7556,17.9434,1.7932,1.8991,46775992000.0,7.4766,8.0997,9.0,4.0,8.2062,22.8978,12.939130158730157,9.81832952417524,9.319065079365078,5.1869274651465584,22.7574596829054,4.13213761421852
2024-02-29,55.58,61.2726,10.2422,18.0215,17.9434,1.8201,1.8987,47476436000.0,7.4766,8.0997,9.0,4.0,8.2062,22.8978,12.910671230158732,9.805283540774106,9.362738888888888,5.171200760658636,22.71595477093284,4.191538128230252
2024-03-01,56.46,61.2726,8.5239,18.3068,17.9434,1.8489,1.8979,48228132000.0,7.4766,8.0997,9.0,4.0,8.2062,22.8978,12.876875396825396,9.790952318765504,9.398881746031746,5.149074486319365,22.6678277155909,4.249807259712381
2024-03-04,57.15,61.2726,7.2136,18.5305,17.918,1.8715,1.8932,48817530000.0,7.4767,8.0997,9.0,4.0,8.2062,22.8978,12.833643055555552,9.767684209364468,9.433107936507936,5.1197872584334405,22.601327264920023,4.313320678074495
2024-03-05,56.59,61.2726,8.2746,18.349,17.94,1.8532,1.8929,48339178000.0,7.4767,8.0997,9.0,4.0,8.2062,22.8978,12.7994376984127,9.753365282850986,9.482661111111112,5.07761184778794,22.552802981263685,4.405049263323172
2024-03-06,57.72,61.2726,6.1549,18.7153,17.9434,1.8902,1.8926,49304424000.0,7.4767,8.0997,9.0,4.0,8.2062,22.8978,12.766291666666667,9.74749014498044,9.493575396825396,5.06889250315991,22.513781811647107,4.424682893665487
2024-03-07,59.55,61.2726,2.8927,19.3087,17.9434,1.9501,1.8926,50867610000.0,7.4767,8.0997,9.0,4.0,8.2062,22.8978,12.721905952380954,9.741402634881426,9.47830476190476,5.085964094829814,22.463308587262382,4.392340667074947
2024-03-08,58.05,61.2726,5.5514,18.8223,17.9434,1.901,1.8926,49586310000.0,7.4767,8.0997,9.0,4.0,8.2062,22.8978,12.674343253968257,9.717699891457409,9.48647380952381,5.078761308589868,22.39204314542566,4.4077125009339415
2024-03-11,57.14,61.2726,7.2324,18.5273,17.918,1.8712,1.8902,48808988000.0,7.4767,8.0997,9.0,4.0,8.2062,22.8978,12.630469642857143,9.692169624347692,9.52792380952381,5.038403933730352,22.322639267204835,4.489519875793458
2024-03-12,57.9,61.2726,5.8249,18.7737,17.94,1.8961,1.8913,49458180000.0,7.4767,8.0997,9.0,4.0,8.2062,22.8978,12.589616468253968,9.677334565652515,9.562049206349206,4.998167455342035,22.266951033906484,4.563881751007171
2024-03-13,57.86,61.2726,5.898,18.7559,17.9434,1.8947,1.8924,49424012000.0,7.4767,8.1009,9.0,4.0,8.2062,22.8978,12.54444265873016,9.65525707357626,9.564704761904762,4.996114419440176,22.199699732306417,4.568590342464586
2024-03-14,57.31,61.2726,6.9143,18.5776,17.9434,1.8767,1.8902,48954202000.0,7.4767,8.1009,9.0,4.0,8.2062,22.8978,12.498283333333337,9.626352135302485,9.55510238095238,5.000066307583849,22.12463546863582,4.555036073368531
2024-03-15,57.05,61.2726,7.4016,18.4933,17.9434,1.8682,1.8902,48732110000.0,7.4767,8.1009,9.0,4.0,8.2062,22.8978,12.4512248015873,9.593057146023808,9.541845238095238,5.003570664948987,22.04428194761111,4.538274573146251
2024-03-18,57.1,61.2726,7.3075,18.5095,17.918,1.8699,1.8792,48774820000.0,7.4767,8.1009,9.0,4.0,8.2062,22.8978,12.41716011904762,9.580746968854218,9.523073015873017,5.007510896601917,21.99790708790184,4.5155621192711
2024-03-19,58.48,61.2726,4.7753,18.9569,17.94,1.9151,1.8843,49953616000.0,7.4767,8.1009,9.0,4.0,8.2062,22.8978,12.386921825396826,9.580768128539722,9.483084126984128,5.025256970709751,21.96768995393655,4.457827156274377
2024-03-20,58.55,61.2726,4.65,18.9795,17.94,1.9173,1.8843,50013410000.0,7.4767,8.1009,9.0,4.0,8.2062,22.8978,12.357647817460318,9.581825031337608,9.433361111111113,5.041942058976528,21.939472848797926,4.391419052134583
2024-03-21,59.82,61.2726,2.4283,19.3912,17.94,1.9589,1.8843,51098244000.0,7.4767,8.1009,9.0,4.0,8.2062,22.8978,12.327238293650794,9.588980306136456,9.365678571428573,5.078442129135475,21.91621859978725,4.287236442293096
2024-03-22,57.86,61.2726,5.898,18.7559,17.94,1.8947,1.8843,49424012000.0,7.4767,8.1009,9.0,4.0,8.2062,22.8978,12.302236904761903,9.58928436249122,9.304254761904762,5.073163600478311,21.891521267253125,4.231091161426451
2024-03-25,57.37,61.2726,6.8025,18.597,17.896,1.8787,1.8786,49005454000.0,7.4767,8.1009,9.0,4.0,8.2062,22.8978,12.279079563492065,9.588443492972736,9.25363015873016,5.065987578354697,21.8675230564648,4.187642580375462
2024-03-26,57.54,61.2726,6.487,18.6521,17.918,1.8843,1.8787,49150668000.0,7.4767,8.1009,9.0,4.0,8.2062,22.8978,12.25039484126984,9.584093635911607,9.21240476190476,5.0672081487440455,21.83448847718145,4.145196613160715
2024-03-27,57.68,61.2726,6.2285,18.6975,17.94,1.8889,1.879,49270256000.0,7.4767,8.1009,9.0,4.0,8.2062,22.8978,12.219378174603175,9.578223157765738,9.152996031746031,5.057880525855177,21.79760133236892,4.095115505890854
2024-03-28,58.13,61.2726,5.4062,18.8434,17.94,1.9036,1.879,49654646000.0,7.4767,8.1009,9.0,4.0,8.2062,22.8978,12.188326984126984,9.574885770663704,9.12573015873016,5.06882024152012,21.76321275479069,4.056909917210039
2024-04-01,57.4,61.7989,7.6636,18.6086,17.896,1.8813,1.8784,49031080000.0,7.4117,8.1017,9.0,4.0,8.1554,23.0905,12.164315873015871,9.571020255305127,9.12966031746032,5.067482268063068,21.735336128321,4.062178049397251
2024-04-02,56.8,61.7989,8.8009,18.4135,17.918,1.8616,1.8776,48518560000.0,7.4117,8.1017,9.0,4.0,8.1554,23.0905,12.148442658730158,9.569949071293044,9.131214285714286,5.067350141992875,21.7183917300232,4.063864143721411
2024-04-03,56.94,62.22,9.2729,18.4588,17.94,1.8662,1.8767,48638148000.0,7.4117,8.1017,9.0,4.0,8.1554,23.0905,12.13102142857143,9.567170091647885,9.126403968253967,5.066922267829361,21.69819152021931,4.059481700424606
2024-04-04,55.85,62.4305,11.7825,18.1055,17.94,1.8305,1.8723,47707070000.0,7.4117,8.1017,9.0,4.0,8.1554,23.0905,12.110581547619049,9.556862277979889,9.12456507936508,5.0659077865010245,21.667443825598934,4.058657292864056
2024-04-05,56.44,62.6411,10.9871,18.3074,17.94,1.8508,1.8715,48211048000.0,7.4099,8.1025,9.0,4.0,8.1554,23.0905,12.089457936507936,9.54753331743915,9.134157936507936,5.068299639135143,21.636991253947087,4.0658582973727935
2024-04-08,57.84,62.7989,8.5735,18.7616,17.896,1.8967,1.8715,49406928000.0,7.4099,8.1025,9.0,4.0,8.1554,23.0905,12.059332142857144,9.534590968705226,9.106684920634924,5.0618268843424215,21.59392311156237,4.044858036292501
2024-04-09,58.11,62.7989,8.069,18.8491,17.918,1.9055,1.8719,49637562000.0,7.4099,8.1025,9.0,4.0,8.1554,23.0905,12.02476011904762,9.517357441222464,9.091883333333334,5.0621150999755935,21.54211756027008,4.02976823335774
2024-04-10,56.89,62.7989,10.3865,18.4534,17.94,1.8655,1.8715,48595438000.0,7.4099,8.1025,9.0,4.0,8.1554,23.0905,11.991041269841269,9.492917682018394,9.107208730158732,5.063095982420646,21.483958951859663,4.044112747738086
2024-04-11,56.62,62.7989,10.9129,18.3658,17.94,1.8567,1.8712,48364804000.0,7.4099,8.1025,9.0,4.0,8.1554,23.0905,11.958701984126984,9.468693867327048,9.132924603174605,5.0639802503515705,21.42739585145403,4.068944352823032
2024-04-12,56.84,62.7989,10.4836,18.4378,17.94,1.8639,1.8699,48552728000.0,7.4099,8.1026,9.0,4.0,8.1554,23.0905,11.925392063492064,9.444214782613503,9.167425396825395,5.058207415453696,21.36960684610557,4.1092179813717
2024-04-15,55.46,62.7989,13.2328,17.9966,17.896,1.8094,1.8662,47373932000.0,7.8453,8.0982,9.0,4.0,8.1554,23.4946,11.892927976190476,9.411421269512772,9.199624603174602,5.071157145278654,21.30434924570325,4.128467457895948
2024-04-16,54.76,62.7989,14.6802,17.7694,17.8843,1.7866,1.8658,46775992000.0,7.8453,8.0982,9.0,4.0,8.1554,23.4946,11.859273809523808,9.370900122952024,9.211659523809525,5.082427073250484,21.230173932475832,4.129232450559039
2024-04-17,54.25,62.7989,15.7583,17.6308,17.8726,1.7727,1.8655,46340350000.0,7.8446,8.0999,9.0,4.0,8.1554,23.4946,11.833525396825396,9.342221982196834,9.24348253968254,5.110912210681534,21.17574737902224,4.1325703290010045
2024-04-18,53.38,62.7989,17.645,17.3481,17.8587,1.7442,1.8639,45597196000.0,7.8446,8.0999,9.0,4.0,8.1554,23.4946,11.80638472222222,9.305283391743668,9.286088095238096,5.158553534650779,21.11166811396589,4.127534560587317
2024-04-19,53.53,62.6937,17.1188,17.4132,17.8563,1.7506,1.8637,45725326000.0,7.8439,8.1027,9.0,4.0,8.1554,23.4946,11.78079226190476,9.272778623354112,9.27565396825397,5.141203621498086,21.05357088525887,4.134450346755884
2024-04-22,53.62,62.6937,16.9222,17.4425,17.8396,1.7535,1.8612,45802204000.0,7.8439,8.1027,9.0,4.0,8.1554,23.4946,11.762154166666663,9.252924690909808,9.241599206349209,5.075287387007782,21.01507885757648,4.166311819341425
2024-04-23,55.14,62.6937,13.6991,17.937,17.8464,1.8032,1.8607,47100588000.0,7.8439,8.1027,9.0,4.0,8.1554,23.4946,11.742600793650794,9.23835777453855,9.169444444444446,4.944051499239242,20.980958568189344,4.225392945205204
2024-04-24,54.77,62.6937,14.4672,17.8166,17.8396,1.7911,1.8604,46784534000.0,7.8439,8.1027,9.0,4.0,8.1554,23.4946,11.720964682539682,9.21912410559357,9.10780634920635,4.826900455435173,20.94008878813325,4.280905893771176
2024-04-25,59.81,63.7463,6.5813,19.5317,17.8464,2.1354,1.8607,54606530000.0,7.4742,8.0141,9.0,4.0,8.4576,30.4126,11.676816865079363,9.190252695972948,8.976530158730158,4.664917916041405,20.86706956105231,4.311612242688753
2024-04-26,60.5,64.1147,5.9747,19.73,17.8464,2.1635,1.8607,55236500000.0,7.3445,8.1435,9.0,4.0,8.4576,60.422,11.633232142857144,9.16501848443082,8.817381746031746,4.41385986366412,20.798250627287963,4.403521882367626
2024-04-29,62.71,64.1147,2.24,20.4507,17.8328,2.2426,1.86,57254230000.0,7.3445,8.1435,9.0,4.0,8.4576,60.422,11.57013115079365,9.119791185081198,8.65280634920635,4.265806807810252,20.689922335874847,4.386999541396097
2024-04-30,61.49,64.1147,4.2685,20.0528,17.8396,2.199,1.8604,56140370000.0,7.3445,8.1435,9.0,4.0,8.4576,60.422,11.512442063492063,9.073627618963137,8.506429365079367,4.092432017606611,20.5860696824552,4.413997347472756
2024-05-01,61.12,64.3284,5.2493,19.9023,17.8464,2.1914,1.8607,55802560000.0,7.2512,8.1889,8.0,4.0,8.4576,60.422,11.46821607142857,9.0496460860161,8.385723015873017,3.9592179374248846,20.517862157444668,4.426505078448132
2024-05-02,60.94,64.5389,5.9056,19.8612,17.8464,2.1896,1.8607,55638220000.0,7.248,8.1896,8.0,4.0,8.4576,68.6501,11.419391468253968,9.012997600696751,8.276042857142858,3.8319447716361337,20.43238906895072,4.444098085506725
2024-05-03,62.09,65.4337,5.3852,20.2584,17.8464,2.242,1.8607,56688170000.0,6.7715,8.1397,7.0,4.0,8.4576,68.6501,11.371748214285716,8.9811846518869,8.200500793650795,3.7938791165033576,20.35293286617261,4.406621677147437
2024-05-06,64.06,65.4337,2.1444,20.8835,17.8328,2.3132,1.86,58486780000.0,6.7715,8.1382,7.0,4.0,8.4576,68.6501,11.316203174603174,8.95140396867037,8.104895238095239,3.793501834365983,20.267607143273544,4.311393403729256
2024-05-07,64.26,65.4337,1.8265,20.9487,17.8396,2.3204,1.8604,58669380000.0,6.7715,8.1382,7.0,4.0,8.4576,68.6501,11.266775793650794,8.934841871515978,8.016810317460317,3.809501071349585,20.20161766516677,4.207309246110732
2024-05-08,64.31,65.4337,1.7473,20.965,17.8464,2.3222,1.8607,58715030000.0,6.7715,8.1382,7.0,4.0,8.4576,68.6501,11.207585912698413,8.898752572431016,7.923461111111112,3.8179351958036807,20.106338485129427,4.105525915307432
2024-05-09,65.24,65.4337,0.2969,21.2681,17.8464,2.3558,1.8607,59564120000.0,6.7715,8.1382,7.0,4.0,8.4576,68.6501,11.144274404761903,8.86249673458536,7.821815079365079,3.849259841913992,20.006771139347265,3.972555237451087
2024-05-10,65.5,65.4337,-0.1012,21.3529,17.8464,2.3652,1.8607,59801500000.0,6.7715,8.1382,7.0,4.0,8.4576,68.6501,11.082580753968257,8.832227952876721,7.725819047619048,3.894923448648924,19.914808706844976,3.830895598970124
2024-05-13,64.33,65.4337,1.7157,20.9585,17.8328,2.3229,1.86,58733290000.0,6.7715,8.1372,7.0,4.0,8.4576,68.6501,11.024219047619049,8.796605258088727,7.635077777777778,3.900744192892321,19.820824305707774,3.734333584885457
2024-05-14,64.96,65.4337,0.7292,21.1637,17.8328,2.3457,1.8604,59308480000.0,6.7715,8.1372,7.0,4.0,8.4576,68.6501,10.960439285714289,8.754298958100373,7.562099206349206,3.943353183482341,19.71473824381465,3.6187460228668655
2024-05-15,65.8,65.4337,-0.5567,21.4374,17.8396,2.376,1.8607,60075400000.0,6.7715,8.1372,7.0,4.0,8.4576,68.6501,10.904289682539684,8.737183126187139,7.469324603174603,3.995831903825634,19.641472808726824,3.473492699348969
2024-05-16,65.0,65.4863,0.7482,21.1768,17.8396,2.3471,1.8607,59345000000.0,6.7715,8.1372,7.0,4.0,8.4576,68.6501,10.857603174603174,8.728439582365883,7.418138095238095,4.040399667436143,19.586042756969057,3.377738427801952
2024-05-17,65.23,65.4863,0.3929,21.2517,17.8396,2.3554,1.8607,59554990000.0,6.7715,8.1372,7.0,4.0,8.4576,68.6501,10.808170238095238,8.716985568861547,7.356656349206348,4.087993020003865,19.525155806956786,3.268663329202483
2024-05-20,65.98,65.4863,-0.7483,21.5094,17.8247,2.3825,1.86,60239740000.0,6.7715,8.1382,7.0,4.0,8.4576,68.6501,10.75741369047619,8.709633837011857,7.291493650793651,4.151245621328654,19.46704752748805,3.1402480294649973
2024-05-21,66.22,65.4863,-1.108,21.5876,17.8328,2.3912,1.86,60458860000.0,6.7715,8.1382,7.0,4.0,8.4576,68.6501,10.692837896825395,8.67658641628014,7.232129365079365,4.217455942400791,19.369424313105537,3.014673422678574
2024-05-22,65.35,65.4863,0.2086,21.304,17.8396,2.3598,1.8604,59664550000.0,6.7715,8.1372,7.0,4.0,8.4576,68.6501,10.631223015873015,8.640410885735687,7.189043650793651,4.261379802392685,19.271633901608705,2.9276638484009654
2024-05-23,64.35,65.4863,1.7658,20.965,17.8396,2.3236,1.8604,58751550000.0,6.7715,8.1363,7.0,4.0,8.4576,68.6501,10.576471428571429,8.608864951279044,7.144642857142857,4.288639476802582,19.18533637985047,2.856003380340275
2024-05-24,65.65,65.4863,-0.2494,21.3955,17.8396,2.3771,1.8604,59938450000.0,6.7692,8.1368,7.0,4.0,8.4576,74.5417,10.52116507936508,8.588635178383488,7.0845714285714285,4.338884787018214,19.109800257748567,2.745686641553214
2024-05-28,64.67,65.4863,1.4828,21.0761,17.8247,2.3416,1.8584,59043710000.0,6.7692,8.1368,7.0,4.0,8.4576,74.5417,10.467093055555557,8.559474086351427,7.041945238095239,4.367459444475483,19.02656714190698,2.6744857936197555
2024-05-29,63.07,65.4863,4.0572,20.5547,17.8328,2.2837,1.86,57582910000.0,6.7692,8.1368,7.0,4.0,8.4576,74.5417,10.42046369047619,8.53014421172665,7.006088095238096,4.373313234875601,18.95060790220284,2.6327748603624945
2024-05-30,63.34,65.4863,3.6137,20.6427,17.8396,2.2934,1.8604,57829420000.0,6.7692,8.1368,7.0,4.0,8.4576,74.5417,10.379646825396824,8.513349253815734,6.958199206349207,4.377190700227752,18.89299607921256,2.5810085061214547
2024-05-31,63.19,65.4863,3.8596,20.5938,17.8396,2.288,1.8604,57692470000.0,6.7692,8.1368,7.0,4.0,8.4576,74.5417,10.344830158730158,8.504037427038996,6.91881746031746,4.382609331383947,18.84886758576916,2.536208128933513
2024-06-03,61.99,65.4863,5.8701,20.2027,17.8247,2.2446,1.8584,56596870000.0,6.7692,8.1368,7.0,4.0,8.4576,74.5417,10.30942738095238,8.485394201021169,6.891236507936508,4.378149572970008,18.79482158197355,2.5130869349665
2024-06-04,61.27,65.4863,7.1142,19.9681,17.8328,2.2185,1.86,55939510000.0,6.7692,8.1368,7.0,4.0,8.4576,74.5417,10.274160912698411,8.461583917121002,6.8940753968253965,4.378177478114701,18.735744829819417,2.515897918710696
2024-06-05,63.17,65.4863,3.8925,20.5873,17.8396,2.2873,1.8604,57674210000.0,6.7692,8.1368,7.0,4.0,8.4576,74.5417,10.239550198412696,8.451916075870509,6.875149206349207,4.386012804409071,18.691466274283208,2.489136401940136
2024-06-06,62.48,65.4863,5.0399,20.3624,17.8396,2.2623,1.8604,57044240000.0,6.7692,8.1368,7.0,4.0,8.4576,74.5417,10.204236309523813,8.436339990418075,6.851049206349207,4.387701224026121,18.640576299941884,2.4633479823230857
2024-06-07,62.71,65.4863,4.6546,20.4307,17.8396,2.2702,1.8604,57254230000.0,6.7676,8.1363,7.0,4.0,8.4576,74.5417,10.168034722222224,8.420884546658712,6.831011111111112,4.391952856399589,18.588919268880936,2.4390582547115223
2024-06-10,62.54,65.4863,4.9391,20.3753,17.8247,2.264,1.8584,57099020000.0,6.7676,8.1363,7.0,4.0,8.4576,74.5417,10.13495873015873,8.408585465738875,6.8006166666666665,4.3916868165889245,18.543544195897603,2.408929850077742
2024-06-11,62.0,65.4863,5.8531,20.1994,17.8328,2.2445,1.86,56606000000.0,6.7676,8.1363,7.0,4.0,8.4576,74.5417,10.100020833333334,8.389663016396431,6.809862698412698,4.38842880896095,18.489683849729765,2.421433889451748
2024-06-12,64.38,65.74,2.1125,20.9762,17.8396,2.3306,1.8604,58778940000.0,6.7676,8.1363,7.0,4.0,8.4576,74.5417,10.054256150793652,8.370138221983607,6.799519841269841,4.398017574772085,18.424394372777257,2.401502266497756
2024-06-13,63.99,65.74,2.7348,20.8477,17.8396,2.3165,1.8604,58422870000.0,6.7676,8.1363,7.0,4.0,8.4576,74.5417,9.99968234126984,8.327825127261255,6.79965238095238,4.39789384206068,18.32750746853109,2.4017585388917
2024-06-14,64.35,65.74,2.1601,20.965,17.8396,2.3295,1.8604,58751550000.0,6.7676,8.1363,7.0,4.0,8.4576,74.5417,9.93794880952381,8.270074369538168,6.787480952380953,4.408667481908252,18.20802317906198,2.378813470472701
2024-06-17,65.12,65.74,0.9521,21.2159,17.8247,2.3574,1.8584,59454560000.0,6.7676,8.1363,7.0,4.0,8.4576,74.5417,9.869771825396825,8.201820800717185,6.807842857142857,4.375355135436384,18.07159262611401,2.4324877217064733
2024-06-18,65.72,65.74,0.0304,21.4114,17.8328,2.3791,1.86,60002360000.0,6.7676,8.1363,7.0,4.0,8.4576,74.5417,9.805826388888889,8.152402849737696,6.8007317460317465,4.3857063834170535,17.958229238626586,2.415025362614693
2024-06-20,64.22,65.74,2.3669,20.9227,17.8328,2.3248,1.86,58632860000.0,6.7676,8.1363,7.0,4.0,8.4576,74.5417,9.729897619047618,8.042162152448578,6.794022222222222,4.391882429681285,17.772059771496195,2.402139792540937
2024-06-21,62.88,65.74,4.5483,20.4861,17.8328,2.2763,1.86,57409440000.0,6.7676,8.1363,7.0,4.0,8.4576,74.5417,9.656918452380951,7.920809093707708,6.807930952380953,4.381882720319571,17.57772754608866,2.426048232061381
2024-06-24,64.63,66.24,2.4911,21.0555,17.8166,2.3415,1.8567,59007190000.0,6.7003,8.1447,7.0,4.0,8.4576,74.5417,9.584663293650795,7.818891259472588,6.791090476190475,4.394445216960786,17.403554553123385,2.3966452592296887
2024-06-25,63.93,66.3511,3.7871,20.7875,17.8247,2.3135,1.8584,58368090000.0,6.7865,8.3246,7.0,4.0,8.767,75.8779,9.516159325396826,7.717277992017366,6.797954761904761,4.3890256813577775,17.233437317414193,2.408929080546984
2024-06-26,62.86,66.74,6.1724,20.4429,17.8247,2.2758,1.8584,57391180000.0,6.7855,8.3248,7.0,4.0,8.767,75.8779,9.452703373015874,7.612100973493734,6.826325396825396,4.373182883108229,17.064804346509607,2.453142513717167
2024-06-27,63.23,66.74,5.5512,20.5633,17.8247,2.2892,1.8584,57728990000.0,6.7855,8.3248,7.0,4.0,8.767,75.8779,9.399190873015874,7.544102532776543,6.854585714285714,4.353141584772456,16.943293405792417,2.501444129513258
2024-06-28,63.08,66.74,5.8022,20.5145,17.8247,2.2838,1.8584,57592040000.0,6.7855,8.3248,7.0,4.0,8.767,75.8779,9.344792857142856,7.470492665858417,6.889600793650794,4.326499574880405,16.815285523001272,2.563101218770389
2024-07-01,61.9,66.74,7.8191,20.1307,17.8142,2.241,1.8565,56514700000.0,6.7855,8.3248,7.0,4.0,8.767,75.8779,9.294676388888888,7.395307919683678,6.938669047619047,4.301432647729736,16.689984308572566,2.637236399889312
2024-07-02,62.83,66.74,6.2231,20.4332,17.8166,2.2747,1.8567,57363790000.0,6.7855,8.3248,7.0,4.0,8.767,75.8779,9.23991765873016,7.315078738064334,6.9724023809523805,4.27878315710381,16.554996396794493,2.6936192238485708
2024-07-03,63.46,66.74,5.1686,20.6381,17.8247,2.2975,1.8584,57938980000.0,6.7855,8.3248,7.0,4.0,8.767,75.8779,9.18209880952381,7.231219098971782,6.974838888888889,4.277658828396265,16.413317908495593,2.697180060492624
2024-07-05,63.24,66.74,5.5345,20.5659,17.8166,2.2895,1.8567,57738120000.0,6.7855,8.3249,7.0,4.0,8.767,75.8779,9.127522817460315,7.154181386389273,6.958288095238096,4.279177106661758,16.28170420384959,2.679110988576338
2024-07-08,63.13,66.74,5.7184,20.4629,17.8118,2.287,1.8563,57637690000.0,6.7874,8.4741,7.0,4.0,8.767,75.8779,9.074113293650797,7.078402299541658,6.95212619047619,4.2804086776322565,16.152515593192454,2.6717175128439337
2024-07-09,62.29,66.74,7.144,20.1919,17.8142,2.2566,1.8565,56870770000.0,6.7874,8.4742,7.0,4.0,8.767,75.8779,9.028084523809524,7.0149675481975455,6.953797619047619,4.2804424246373465,16.043052072007068,2.6733551944102727
2024-07-10,63.6,67.24,5.7233,20.6206,17.8166,2.3042,1.8567,58066800000.0,6.7815,8.4705,7.0,4.0,8.767,75.8413,8.981660714285715,6.958929261331708,6.954723015873016,4.280161458004474,15.940589975617424,2.674561557868542
2024-07-11,66.41,67.24,1.2498,21.5316,17.8166,2.406,1.8567,60632330000.0,6.7815,8.4705,7.0,4.0,8.767,75.8413,8.925754166666668,6.907344045538889,6.925751587301588,4.306452914234453,15.833098212205556,2.619298673067135
2024-07-12,66.0,67.8511,2.8047,21.3987,17.8166,2.4018,1.8567,60258000000.0,6.7831,8.4705,7.0,4.0,8.767,75.8413,8.879310714285714,6.869472338662851,6.91262380952381,4.31654268062642,15.748783052948564,2.596081128897389
2024-07-15,67.36,67.8511,0.7291,21.8396,17.8118,2.4513,1.8563,61499680000.0,6.7831,8.4705,7.0,4.0,8.767,79.5166,8.827710912698413,6.83265433791954,6.869542063492063,4.351091203150936,15.660365250617954,2.518450860341127
2024-07-16,69.88,68.0733,-2.5854,22.6567,17.8142,2.5355,1.8565,63800440000.0,6.7584,8.5635,7.0,4.0,8.767,79.5166,8.766719642857144,6.796898664144323,6.786207936507937,4.430736182543197,15.563618307001466,2.35547175396474
2024-07-17,67.58,68.6289,1.5521,21.911,17.8166,2.4521,1.8567,61700540000.0,6.7584,8.5635,7.0,4.0,8.767,79.5166,8.715427182539683,6.753381362369615,6.731264285714286,4.452497175985095,15.468808544909296,2.278767109729192
2024-07-18,67.05,68.6289,2.3548,21.7391,17.8166,2.4328,1.8567,61216650000.0,6.7584,8.5635,7.0,4.0,8.767,79.5166,8.67165634920635,6.722844700700784,6.670338888888889,4.4594943496137,15.394501049907134,2.2108445392751888
2024-07-19,66.24,68.6289,3.6064,21.4765,17.8166,2.4034,1.8567,60477120000.0,6.7584,8.5654,7.0,4.0,8.767,79.5166,8.627244047619046,6.682019597605745,6.624706349206349,4.461209044315265,15.30926364522479,2.1634973048910835
2024-07-22,68.0,68.6289,0.9249,22.0471,17.8142,2.4673,1.8563,62084000000.0,6.7584,8.5654,7.0,4.0,8.767,79.5166,8.588406349206348,6.669753995049009,6.565246825396825,4.486984729275419,15.258160344255357,2.0782620961214056
2024-07-23,68.27,68.6289,0.5257,22.1347,17.8166,2.4771,1.8565,62330510000.0,6.7584,8.5654,7.0,4.0,8.767,79.5166,8.550183333333333,6.660625673131183,6.50934126984127,4.518143149166939,15.210809006464515,1.991198120674332
2024-07-24,65.99,68.6289,3.9989,21.3955,17.8247,2.3944,1.8567,60248870000.0,6.7584,8.5654,7.0,4.0,8.767,79.5166,8.524317063492063,6.6529168709697535,6.47631746031746,4.521188117052161,15.177233934461816,1.9551293432652983
2024-07-25,64.83,68.9622,6.3739,21.0651,17.8247,2.3813,1.8567,59338899000.0,6.489,8.4314,8.0,4.0,8.5737,78.8726,8.505364087301587,6.645390446042842,6.447463492063492,4.510046525447102,15.15075453334443,1.9374169666163903
2024-07-26,66.77,69.2956,3.7825,21.6884,17.8247,2.4529,1.8567,61114581000.0,6.512,8.6314,8.0,4.0,8.5737,78.8726,8.479644841269842,6.638518121337688,6.418819841269841,4.515459858380335,15.11816296260753,1.9033599828895067
2024-07-29,67.62,70.24,3.8746,21.9645,17.8142,2.4851,1.8563,61892586000.0,6.5101,8.6314,8.0,4.0,8.5737,73.2112,8.453256944444444,6.630316709606933,6.378623809523809,4.515386025675938,15.083573654051378,1.8632377838478709
2024-07-30,67.43,70.24,4.1673,21.9028,17.8166,2.4782,1.8565,61718679000.0,6.5101,8.6314,8.0,4.0,8.5737,73.2112,8.435975595238096,6.630114089184716,6.353034126984127,4.518734507380026,15.066089684422812,1.834299619604101
2024-07-31,68.11,70.24,3.1273,22.1237,17.8247,2.5031,1.8567,62341083000.0,6.5101,8.6314,8.0,4.0,8.5737,73.2112,8.415496825396826,6.630540508829887,6.319492857142857,4.526926436427872,15.046037334226714,1.7925664207149845
2024-08-01,66.06,70.4695,6.675,21.4676,17.8328,2.4263,1.8584,60464718000.0,6.508,8.6319,8.0,4.0,8.5737,44.2642,8.407115674603173,6.630064599055286,6.2888793650793655,4.511224601800688,15.03718027365846,1.7776547632786777
2024-08-02,63.99,70.5289,10.2186,20.7949,17.8328,2.3544,1.8584,58570047000.0,6.3722,8.6319,8.0,4.0,8.5737,44.2642,8.40598253968254,6.62970537861592,6.300276984126984,4.519381920805877,15.03568791829846,1.7808950633211067
2024-08-05,63.55,70.5289,10.9817,20.6519,17.8166,2.3382,1.8565,58167315000.0,6.3722,8.6319,8.0,4.0,8.5737,44.2642,8.405493055555556,6.629505683890364,6.335825396825396,4.538561164262394,15.03499873944592,1.797264232563002
2024-08-06,64.14,70.5289,9.9609,20.8436,17.8247,2.3599,1.8567,58707342000.0,6.3722,8.6319,8.0,4.0,8.5737,44.2642,8.404873214285713,6.629345304035357,6.355459523809524,4.548920373243474,15.034218518321069,1.8065391505660504
2024-08-07,63.11,70.5289,11.7555,20.5089,17.8328,2.322,1.8584,57764583000.0,6.3722,8.6319,8.0,4.0,8.5737,44.2642,8.413308928571428,6.630901410643447,6.350564285714286,4.542721315431453,15.044210339214874,1.8078429702828336
2024-08-08,64.48,70.5289,9.381,20.9541,17.8328,2.3724,1.8584,59018544000.0,6.3722,8.6319,8.0,4.0,8.5737,44.2642,8.417389682539682,6.630862747746754,6.318003968253968,4.5057380117961925,15.048252430286436,1.8122659564577752
2024-08-09,64.38,71.2118,10.6117,20.9216,17.8328,2.3735,1.8584,58927014000.0,6.1837,8.6319,8.0,4.0,8.5737,44.2642,8.424217063492064,6.631348030610944,6.315513492063492,4.503256957613844,15.055565094103008,1.8122565344496488
2024-08-12,64.29,71.2118,10.7665,20.8924,17.8166,2.3702,1.8565,58844637000.0,6.1837,8.6319,8.0,4.0,8.5737,44.2642,8.43043492063492,6.63207355018025,6.326619841269841,4.512559328576652,15.06250847081517,1.8140605126931897
2024-08-13,65.47,71.2118,8.7701,21.2758,17.8247,2.4137,1.8567,59924691000.0,6.1837,8.6319,8.0,4.0,8.5737,44.2642,8.437685714285713,6.630439834055939,6.320330952380953,4.508563987177654,15.068125548341651,1.811766965203299
2024-08-14,65.68,71.7412,9.2284,21.3496,17.8328,2.431,1.8584,60116904000.0,6.1949,8.5805,9.0,4.0,8.5737,44.2642,8.44676626984127,6.628378224033973,6.284328571428572,4.466558917804413,15.075144493875245,1.8177696536241583
2024-08-15,68.4,71.7412,4.8848,22.2338,17.8328,2.5317,1.8584,62606520000.0,6.1949,8.5805,9.0,4.0,8.5737,44.2642,8.451573214285716,6.624907045617923,6.230761904761905,4.44229182637725,15.07648025990364,1.7884700783846543
2024-08-16,67.38,71.7412,6.4725,21.9029,17.8328,2.494,1.8584,61672914000.0,6.1949,8.5806,9.0,4.0,8.5737,44.2642,8.461544444444446,6.61812191231703,6.202729365079366,4.429412740706354,15.079666356761477,1.7733166243730114
2024-08-19,68.64,71.7412,4.5181,22.3125,17.8166,2.5406,1.8565,62826192000.0,6.1949,8.5806,9.0,4.0,8.5737,44.2642,8.467547222222224,6.613158645408099,6.129028571428572,4.378886000267435,15.080705867630323,1.7501425711611374
2024-08-20,68.56,71.7412,4.64,22.2865,17.8247,2.5376,1.8567,62752968000.0,6.1949,8.5806,9.0,4.0,8.5737,44.2642,8.472605555555555,6.609245136744669,6.049359523809524,4.312918035616902,15.081850692300224,1.7364414881926216
2024-08-21,69.66,71.7412,2.9877,22.6441,17.8328,2.5783,1.8584,63759798000.0,6.1949,8.5806,9.0,4.0,8.5737,44.2642,8.4751626984127,6.60686804663475,5.96233253968254,4.262495144937257,15.08203074504745,1.6998373947452832
2024-08-22,69.58,71.7412,3.1061,22.6181,17.8328,2.5754,1.8584,63686574000.0,6.1949,8.5806,9.0,4.0,8.5737,44.2642,8.469309722222222,6.610321170931651,5.877588888888889,4.21158967743494,15.079630893153873,1.6659992114539488
2024-08-23,71.25,71.7412,0.6894,23.1609,17.8328,2.6372,1.8584,65215125000.0,6.1949,8.5806,9.0,4.0,8.5737,44.2642,8.454313492063491,6.619392331264627,5.779496031746032,4.187085177474316,15.07370582332812,1.5924108542717157
2024-08-26,71.7,71.7412,0.0575,23.3072,17.8166,2.6539,1.8565,65627010000.0,6.1949,8.5806,9.0,4.0,8.5737,44.2642,8.437234722222222,6.6299431428407125,5.673065079365079,4.160446355963719,15.067177865062934,1.51261872340136
2024-08-27,71.76,71.7412,-0.0262,23.3267,17.8247,2.6561,1.8567,65681928000.0,6.1949,8.5806,9.0,4.0,8.5737,44.2642,8.421025,6.640641256180756,5.582985714285714,4.159992934238625,15.061666256180755,1.422992780047089
2024-08-28,71.11,71.7412,0.8876,23.1154,17.8328,2.632,1.8584,65086983000.0,6.1949,8.5806,9.0,4.0,8.5737,44.2642,8.408314682539682,6.648928892996049,5.495641269841269,4.141943271253745,15.057243575535733,1.3536979985875242
2024-08-29,71.09,71.7412,0.916,23.1089,17.8328,2.6313,1.8584,65068677000.0,6.1949,8.5806,9.0,4.0,8.5737,44.2642,8.386402579365079,6.655396311128577,5.421623809523809,4.139772699585036,15.041798890493656,1.2818511099387733
2024-08-30,72.78,71.7412,-1.4273,23.6583,17.8328,2.6938,1.8584,66615534000.0,6.1949,8.5806,9.0,4.0,8.5737,44.2642,8.357046031746032,6.6660003535063,5.342646031746032,4.17488918813723,15.023046385252332,1.1677568436088022
2024-09-03,70.06,72.1529,2.9873,22.7934,17.8247,2.5932,1.8565,64125918000.0,6.1949,8.5823,9.0,4.0,8.5737,44.2642,8.333988095238094,6.664432249162322,5.309103968253968,4.176714396755557,14.998420344400415,1.1323895714984111
2024-09-04,69.11,72.1529,4.403,22.4843,17.8328,2.558,1.8567,63256383000.0,6.1949,8.5823,9.0,4.0,8.5737,44.2642,8.312634722222223,6.65974097011216,5.278376984126984,4.168957461143857,14.97237569233438,1.109419522983127
2024-09-05,69.04,73.225,6.0617,22.4069,17.8328,2.5547,1.8567,63192312000.0,6.2329,8.5773,9.0,4.0,8.5737,44.2642,8.298157142857143,6.656680625409038,5.277637301587301,4.168808964214895,14.95483776826618,1.1088283373724064
2024-09-06,69.48,73.3294,5.5403,22.535,17.8328,2.5815,1.8567,63595044000.0,5.8477,8.6314,10.0,4.0,8.5737,44.2642,8.281188095238095,6.652779593410997,5.29865,4.163360618591789,14.93396768864909,1.135289381408211
2024-09-09,70.73,73.3294,3.6751,22.9405,17.8166,2.6279,1.8563,64739169000.0,5.8477,8.6314,10.0,4.0,8.5737,44.2642,8.264562698412698,6.653801579309097,5.2837587301587305,4.165804168806328,14.918364277721796,1.117954561352403
2024-09-10,71.83,73.3294,2.0874,23.2972,17.8166,2.6688,1.8563,65745999000.0,5.8477,8.6314,10.0,4.0,8.5737,44.2642,8.251215873015873,6.659441109212043,5.242925396825397,4.171762184438471,14.910656982227916,1.071163212386926
2024-09-11,73.67,73.3294,-0.4623,23.8785,17.8247,2.7371,1.8565,67430151000.0,5.8514,8.6296,10.0,4.0,8.5737,38.8829,8.235988095238095,6.67058645074894,5.193026984126984,4.202234783091853,14.906574545987034,0.9907922010351308
2024-09-12,75.37,73.6824,-2.2391,24.4295,17.8247,2.8002,1.8565,68986161000.0,5.8514,8.6296,10.0,4.0,8.5737,38.8829,8.217487103174603,6.68669535571133,5.128446825396826,4.2535267022778696,14.904182458885934,0.8749201231189563
2024-09-13,76.51,74.1529,-3.0808,24.799,17.8247,2.8426,1.8565,70029603000.0,5.8514,8.6296,10.0,4.0,8.5737,38.8829,8.197919047619049,6.705310693230957,5.049120634920636,4.312744615250456,14.903229740850003,0.7363760196701792
2024-09-16,77.11,74.1529,-3.8349,24.9935,17.8142,2.8649,1.8562,70578783000.0,5.8514,8.6296,10.0,4.0,8.5737,38.8829,8.169547222222224,6.725921632072974,4.959942063492063,4.379370158374092,14.8954688542952,0.5805719051179707
2024-09-17,77.96,74.1529,-4.8834,25.269,17.8166,2.8965,1.8563,71356788000.0,5.8514,8.6296,10.0,4.0,8.5737,38.8829,8.135276587301588,6.748346190026447,4.863188888888889,4.460996498043523,14.883622777328036,0.4021923908453662
2024-09-18,78.19,74.1529,-5.1632,25.3436,17.8247,2.905,1.8565,71567307000.0,5.8514,8.6296,10.0,4.0,8.5737,38.8829,8.101665079365079,6.7723162685541,4.784311904761905,4.549547713988519,14.873981347919178,0.2347641907733857
2024-09-19,80.57,74.1529,-7.9646,26.115,17.8247,2.9934,1.8565,73745721000.0,5.8514,8.6296,10.0,4.0,8.5737,38.8829,8.051187103174604,6.797070400409523,4.684196031746031,4.689180605272647,14.848257503584126,-0.0049845735266158
2024-09-20,79.92,74.1529,-7.2161,25.9043,17.8247,2.9693,1.8565,73150776000.0,5.8514,8.6296,10.0,4.0,8.5737,38.8829,8.004475793650794,6.820941138013112,4.607653174603175,4.803616647830139,14.825416931663906,-0.1959634732269641
2024-09-23,80.88,74.1529,-8.3174,26.2155,17.8166,3.0049,1.8562,74029464000.0,5.8514,8.6296,10.0,4.0,8.5737,38.8829,7.949414087301587,6.8404775795467625,4.49483253968254,4.938120959714709,14.78989166684835,-0.4432884200321689
2024-09-24,80.41,74.1529,-7.7815,26.0631,17.8247,2.9875,1.8563,73599273000.0,5.8514,8.6296,10.0,4.0,8.5737,38.8829,7.893520238095237,6.853709500642091,4.379086507936508,5.05317705843537,14.747229738737328,-0.6740905504988621
2024-09-25,79.67,75.0353,-5.8174,25.8233,17.8328,2.96,1.8565,72921951000.0,5.8514,8.6296,10.0,4.0,8.5737,38.8829,7.832879365079365,6.839502024561915,4.28143253968254,5.13041773138735,14.67238138964128,-0.8489851917048101
2024-09-26,79.78,75.0353,-5.9472,25.8589,17.8328,2.9641,1.8565,73022634000.0,5.8514,8.6296,10.0,4.0,8.5737,38.8829,7.7713640873015875,6.823689966559243,4.1848,5.207537264727064,14.595054053860832,-1.0227372647270636
2024-09-27,80.52,75.0353,-6.8116,26.0988,17.8328,2.9916,1.8565,73699956000.0,5.8514,8.6296,10.0,4.0,8.5737,38.8829,7.70229623015873,6.794656144465018,4.087833333333333,5.297584220076264,14.49695237462375,-1.2097508867429303
2024-09-30,80.49,75.5647,-6.1191,25.988,17.8166,2.9852,1.8562,73672497000.0,6.0528,9.1177,10.0,4.0,9.5454,40.8328,7.636531349206349,6.767600323906853,3.9784468253968255,5.36502567411852,14.404131673113202,-1.3865788487216948
2024-10-01,79.35,76.3882,-3.7326,25.61,17.8166,2.9423,1.8562,72629055000.0,6.0521,9.1172,10.0,4.0,9.5454,40.8328,7.584722420634921,6.754450607339652,3.878974603174603,5.391025886726095,14.339173027974573,-1.512051283551492
2024-10-02,80.54,76.3882,-5.155,25.9941,17.8247,2.9864,1.8563,73718262000.0,6.0521,9.1172,10.0,4.0,9.5454,40.8328,7.521365674603175,6.723761447154601,3.764467460317461,5.428636058721724,14.245127121757776,-1.664168598404264
2024-10-03,80.05,76.3882,-4.5744,25.8359,17.8247,2.9682,1.8563,73269765000.0,6.0521,9.1172,10.0,4.0,9.5454,40.8328,7.458736507936508,6.688969968191214,3.6346507936507937,5.4309377818089954,14.147706476127722,-1.7962869881582018
2024-10-04,80.8,77.8,-3.7129,26.0973,17.8247,2.997,1.8563,73956240000.0,5.7894,8.9518,11.0,4.0,9.5454,40.8328,7.406373015873016,6.672869462053042,3.5179841269841265,5.429621454258766,14.07924247792606,-1.9116373272746392
2024-10-07,80.42,77.8,-3.2579,25.9704,17.8142,2.9835,1.856,73608426000.0,5.79,8.9515,11.0,4.0,9.5454,40.8328,7.366350000000001,6.676224858197658,3.424084126984127,5.4437795977195,14.04257485819766,-2.019695470735373
2024-10-08,80.84,77.8,-3.7605,26.1061,17.8166,2.9991,1.8562,73992852000.0,5.79,8.9515,11.0,4.0,9.5454,40.8328,7.3246625,6.679982484123217,3.330199206349206,5.464997297353441,14.004644984123216,-2.134798091004235
2024-10-09,82.08,78.0889,-4.8625,26.5262,17.8247,3.0539,1.8563,75127824000.0,5.6123,8.8875,12.0,4.0,9.5454,54.7014,7.27487996031746,6.677122423391166,3.2091753968253967,5.476318383610552,13.952002383708626,-2.267142986785156
2024-10-10,80.43,78.0889,-2.9107,26.0064,17.8247,2.9908,1.8563,73617579000.0,5.6573,8.9233,12.0,4.0,9.5454,54.7014,7.216571825396826,6.637303502880022,3.0994642857142853,5.459191719974244,13.853875328276848,-2.359727434259958
2024-10-11,81.61,79.2,-2.9531,26.4033,17.8247,3.0489,1.8563,74697633000.0,5.672,8.9182,12.0,4.0,9.5454,54.7014,7.160082738095238,6.602300028270411,2.9928238095238098,5.445013834714254,13.76238276636565,-2.452190025190444
2024-10-14,82.67,80.3667,-2.7861,26.7463,17.8142,3.0885,1.856,75667851000.0,5.672,8.9182,12.0,4.0,9.5454,54.7014,7.101330952380953,6.558566201480224,2.8656896825396823,5.390750787544695,13.659897153861175,-2.5250611050050127
2024-10-15,81.61,80.9222,-0.8428,26.4033,17.8166,3.0489,1.8562,74697633000.0,5.672,8.9182,12.0,4.0,9.5454,54.7014,7.04478630952381,6.50362421879638,2.74249126984127,5.29511630799591,13.54841052832019,-2.55262503815464
2024-10-16,81.05,81.6444,0.7334,26.2221,17.8247,3.028,1.8563,74185065000.0,5.672,8.9182,12.0,4.0,9.5454,54.7014,6.991150992063491,6.443590211316237,2.6232460317460315,5.167293769433395,13.434741203379728,-2.544047737687364
2024-10-17,81.44,81.6444,0.251,26.3287,17.8247,3.0427,1.8563,74542032000.0,5.6722,8.9188,12.0,4.0,9.5454,54.7014,6.934505357142857,6.376624817588455,2.485198412698413,4.992144926678163,13.311130174731312,-2.5069465139797504
2024-10-18,81.55,82.2,0.7971,26.3634,17.8247,3.0468,1.8563,74642715000.0,5.639,8.9199,12.0,4.0,9.5454,54.7014,6.885988095238095,6.329847785529204,2.355661111111111,4.818117460568663,13.2158358807673,-2.462456349457552
2024-10-21,81.38,82.2,1.0076,26.3085,17.8166,3.0405,1.8562,74487114000.0,5.639,8.9199,12.0,4.0,9.5454,54.6121,6.843157142857143,6.296290061008474,2.2293547619047622,4.63845239838658,13.139447203865616,-2.409097636481817
2024-10-22,80.15,82.2,2.5577,25.9108,17.8247,2.9945,1.8563,73361295000.0,5.639,8.9199,12.0,4.0,9.5454,54.6121,6.794629166666667,6.234452916377106,2.1409309523809523,4.522806802196547,13.029082083043772,-2.3818758498155943
2024-10-23,79.95,82.2,2.8143,25.8462,17.8328,2.987,1.8565,73178235000.0,5.639,8.9199,12.0,4.0,9.5454,54.6121,6.740469047619047,6.149482881114735,2.048447619047619,4.385805731634195,12.889951928733783,-2.337358112586577
2024-10-24,72.9,81.6444,11.9951,23.8852,17.8328,2.7989,1.8565,66703500000.0,4.1958,8.914,13.0,5.0,7.1191,47.8268,6.712814682539682,6.094092333912967,2.091414285714286,4.456517043067978,12.806907016452648,-2.3651027573536925
2024-10-25,73.72,81.5889,10.674,24.1752,17.8328,2.8486,1.8565,67453800000.0,3.8679,8.8703,13.0,5.0,8.8718,65.1955,6.687139087301588,6.049840432767455,2.128710317460318,4.508634936436279,12.736979520069042,-2.3799246189759606
2024-10-28,75.66,81.7556,8.0566,24.8636,17.8166,2.9225,1.8562,69228900000.0,3.888,8.8546,13.0,5.0,8.8718,65.1955,6.665741468253968,6.025791924953042,2.1748738095238096,4.539456002548064,12.69153339320701,-2.364582193024254
2024-10-29,74.6,81.7556,9.592,24.5113,17.8247,2.8813,1.8563,68259000000.0,3.8883,8.8548,13.0,5.0,8.8718,65.1955,6.646438095238095,6.000701883619974,2.2171238095238093,4.583656332936582,12.647139978858068,-2.3665325234127725
2024-10-30,73.6,81.7556,11.081,24.1827,17.8328,2.8427,1.8565,67344000000.0,3.8883,8.8548,13.0,5.0,8.8718,65.1955,6.631681746031746,5.980560570009675,2.263407142857143,4.643569722068318,12.61224231604142,-2.380162579211176
2024-10-31,72.72,81.8737,12.5876,23.8935,17.8328,2.8087,1.8565,66538800000.0,3.8883,8.8548,13.0,5.0,8.8718,65.1955,6.63392876984127,5.98258884197407,2.316438888888889,4.722974911370652,12.61651761181534,-2.4065360224817627
2024-11-01,72.59,81.8737,12.7892,23.8516,17.8328,2.8037,1.8565,66419850000.0,3.8883,8.8548,13.0,5.0,8.8718,65.1955,6.635519047619048,5.984121128402862,2.375200793650794,4.806776765417802,12.61964017602191,-2.431575971767008
2024-11-04,72.4,81.8737,13.0852,23.7892,17.8166,2.7963,1.8562,66246000000.0,3.8883,8.8548,13.0,5.0,8.8718,65.1955,6.637154166666667,5.9857736964133625,2.46203253968254,4.900480518721991,12.62292786308003,-2.438447979039451
2024-11-05,73.9,81.8737,10.7899,24.2821,17.8247,2.8543,1.8563,67618500000.0,3.8883,8.8548,13.0,5.0,8.8718,65.1955,6.630875793650794,5.979740166058019,2.5331706349206344,4.9559261495074605,12.610615959708811,-2.422755514586826
2024-11-06,75.38,81.8737,8.6146,24.8018,17.8328,2.9244,1.8565,68972700000.0,3.8845,8.919,13.0,5.0,8.8718,172.0707,6.621717063492063,5.973143111242343,2.5876730158730155,4.984891097055891,12.594860174734404,-2.397218081182875
2024-11-07,75.13,81.8737,8.976,24.6822,17.8328,2.9147,1.8565,68743950000.0,3.8845,8.849,13.0,5.0,8.8718,172.0707,6.618350992063492,5.971333561487199,2.656554761904762,5.012869561656098,12.58968455355069,-2.356314799751336
2024-11-08,76.68,81.8737,6.7732,25.1922,17.8328,2.9744,1.8565,70162200000.0,3.8843,8.8487,13.0,5.0,8.8718,172.0707,6.614680555555555,5.970667347748799,2.7111134920634923,5.020019245721828,12.585347903304354,-2.308905753658336
2024-11-11,76.29,81.8737,7.319,25.0641,17.8166,2.9592,1.8562,69805350000.0,3.8843,8.8487,13.0,5.0,8.8718,172.0707,6.6140188492063485,5.9705705809885625,2.7555841269841275,5.03592433713485,12.58458943019491,-2.280340210150723
2024-11-12,75.44,83.3474,10.4817,24.8027,17.8247,2.9383,1.8563,69027600000.0,3.7409,9.0934,13.0,5.0,8.8718,172.2273,6.613966865079365,5.970536724589748,2.8329849206349205,5.079290126607441,12.584503589669112,-2.246305205972521
2024-11-13,76.4,83.3474,9.0935,25.1184,17.8247,2.9757,1.8565,69906000000.0,3.7409,9.0934,13.0,5.0,8.8718,172.2273,6.626994841269841,5.968765424595753,2.9095738095238097,5.100481162309063,12.595760265865591,-2.1909073527852536
2024-11-14,74.97,83.3474,11.1743,24.6482,17.8247,2.92,1.8565,68597550000.0,3.7409,9.0934,13.0,5.0,8.8718,172.2273,6.64790615079365,5.966192431373,2.992320634920635,5.14947371793777,12.614098582166651,-2.157153083017135
2024-11-15,74.53,83.5579,12.1131,24.5027,17.8247,2.9028,1.8565,68194950000.0,3.7409,9.0928,13.0,5.0,8.8718,172.2273,6.666879960317461,5.968340752895964,3.085338095238096,5.207668493149136,12.635220713213425,-2.1223303979110404
2024-11-18,74.05,83.5579,12.8398,24.4107,17.8247,2.8842,1.8563,67755750000.0,3.7409,9.1785,13.0,5.0,8.8718,172.2273,6.690690674603174,5.968983164751385,3.1931801587301587,5.267989194431231,12.65967383935456,-2.0748090357010724
2024-11-19,74.33,83.5579,12.4148,24.503,17.8328,2.8951,1.8565,68011950000.0,3.7409,9.1785,13.0,5.0,8.8718,172.2273,6.711422817460318,5.970685594922441,3.300503968253968,5.31718013417499,12.68210841238276,-2.0166761659210217
2024-11-20,74.5,83.5579,12.1583,24.5591,17.8396,2.9193,1.8567,68167500000.0,3.7473,9.2594,13.0,5.0,8.8718,172.2273,6.727791468253968,5.974293432149588,3.395342857142857,5.3679179997676565,12.702084900403555,-1.9725751426247995
2024-11-21,76.01,83.5579,9.9301,25.0585,17.8396,2.9812,1.8567,69549150000.0,3.748,9.2212,13.0,5.0,8.8718,172.2273,6.743870039682539,5.971980530102496,3.4601388888888884,5.397285675803773,12.715850569785037,-1.9371467869148848
2024-11-22,77.0,83.8211,8.8586,25.4033,17.8396,3.0215,1.8567,70455000000.0,3.6906,9.1177,13.0,5.0,8.613,171.8246,6.757684523809523,5.968796330336625,3.5324246031746034,5.408187059334289,12.726480854146148,-1.875762456159686
2024-11-25,78.87,83.8211,6.2775,26.0203,17.8247,3.0949,1.8563,72166050000.0,3.6906,9.1177,13.0,5.0,8.613,171.8246,6.767066468253968,5.964307392745224,3.570477777777777,5.410517855405641,12.731373860999192,-1.840040077627864
2024-11-26,76.94,83.8211,8.9435,25.3835,17.8328,3.0192,1.8565,70400100000.0,3.6906,9.1177,13.0,5.0,8.613,171.8246,6.782285515873015,5.960045346002805,3.609257936507937,5.4315050663676585,12.74233086187582,-1.822247129859722
2024-11-27,76.9,83.8211,9.0001,25.3703,17.8396,3.0176,1.8567,70363500000.0,3.6906,9.1177,13.0,5.0,8.613,171.8246,6.797844047619048,5.955569013626448,3.652007142857143,5.452696070637864,12.753413061245496,-1.8006889277807212
2024-11-29,77.37,83.8211,8.338,25.5254,17.8328,3.0361,1.8565,70793550000.0,3.6906,9.1177,13.0,5.0,8.613,171.8246,6.807918055555556,5.9538678956939215,3.68755,5.468632782679875,12.761785951249475,-1.7810827826798752
2024-12-02,76.29,83.8211,9.8717,25.1691,17.8166,2.9937,1.8562,69805350000.0,3.6906,9.1177,13.0,5.0,8.613,171.8246,6.822023809523809,5.952685771346732,3.7193087301587298,5.492974542056809,12.77470958087054,-1.7736658118980788
2024-12-03,75.58,83.9789,11.1126,24.9357,17.8247,2.9658,1.8563,69155700000.0,3.6906,9.1184,13.0,5.0,8.613,171.8246,6.842272023809524,5.949883164894528,3.751042063492064,5.5242047402080905,12.79215518870405,-1.773162676716027
2024-12-04,75.38,83.9789,11.4074,24.868,17.8328,2.958,1.8565,68972700000.0,3.6906,9.1177,13.0,5.0,8.613,171.8246,6.865823412698413,5.944400996541284,3.810684126984127,5.566152246447007,12.810224409239698,-1.7554681194628796
2024-12-05,73.99,83.9789,13.5003,24.4095,17.8328,2.9034,1.8565,67700850000.0,3.6906,9.1177,13.0,5.0,8.613,171.8246,6.891928968253969,5.944589433379322,3.877830158730159,5.631742860355416,12.836518401633292,-1.7539127016252576
2024-12-06,73.67,83.9789,13.9933,24.324,17.8328,2.8909,1.8565,67408050000.0,3.6906,9.1211,13.0,5.0,8.613,171.8246,6.914826984126984,5.94968042247382,3.951946825396825,5.703047017904628,12.864507406600804,-1.751100192507803
2024-12-09,73.2,83.9789,14.7253,24.176,17.8166,2.8724,1.8562,66978000000.0,3.6906,9.1563,13.0,5.0,8.613,171.8246,6.935680753968255,5.958611373680193,4.02961507936508,5.782680175296903,12.894292127648448,-1.7530650959318237
2024-12-10,72.81,83.9789,15.3398,24.0226,17.8247,2.8551,1.8563,66621150000.0,3.6901,9.1582,13.0,5.0,8.7709,172.2773,6.9580416666666665,5.968972860464008,4.10490634920635,5.867745509965509,12.927014527130677,-1.7628391607591594
2024-12-11,73.7,84.58,14.7626,24.2802,17.8328,2.8942,1.8565,67435500000.0,3.7008,9.2902,14.0,5.0,8.7709,172.2773,6.979588095238095,5.977517438403527,4.205303968253968,5.9411456014396045,12.957105533641622,-1.735841633185636
2024-12-12,73.54,84.58,15.0122,24.2274,17.8328,2.8879,1.8565,67289100000.0,3.7008,9.2902,14.0,5.0,8.7709,172.2773,6.999428174603175,5.987562609126538,4.302743650793651,6.017030294854796,12.986990783729713,-1.7142866440611444
2024-12-13,73.01,84.58,15.8471,24.0521,17.8328,2.8671,1.8565,66804150000.0,3.7008,9.2911,14.0,5.0,8.7709,172.2773,7.021811111111111,5.999521754617646,4.411370634920634,6.101000678788014,13.021332865728755,-1.68963004386738
2024-12-16,71.59,84.58,18.145,23.5843,17.8166,2.8113,1.8562,65504850000.0,3.7008,9.2911,14.0,5.0,8.7709,172.2773,7.05239880952381,6.016864514139331,4.547822222222222,6.214226377619602,13.06926332366314,-1.6664041553973803
2024-12-17,70.28,84.58,20.3472,23.1718,17.8247,2.7621,1.8563,64306200000.0,3.6789,9.288,14.0,5.0,8.7709,171.4557,7.084540674603175,6.044521869261791,4.709066666666667,6.357995563093844,13.129062543864965,-1.6489288964271775
2024-12-18,67.03,84.58,26.1823,22.1002,17.8328,2.6344,1.8565,61332450000.0,3.6789,9.288,14.0,5.0,8.7709,171.4557,7.121738690476191,6.104073470696166,4.898077777777777,6.6357372325419295,13.225812161172357,-1.7376594547641524
2024-12-19,66.69,84.58,26.8256,22.0186,17.8328,2.6206,1.8565,61021350000.0,3.6361,9.289,14.0,5.0,8.7709,171.4453,7.156587896825397,6.166137027625258,5.074881746031745,6.917156206816869,13.322724924450654,-1.842274460785124
2024-12-20,68.49,84.58,23.4925,22.5972,17.8328,2.6918,1.8565,62668350000.0,3.6365,9.2955,14.0,5.0,8.7709,171.4453,7.183517857142857,6.207727472910727,5.241559523809524,7.104879177603907,13.391245330053584,-1.8633196537943828
2024-12-23,68.79,84.58,22.9539,22.6962,17.8166,2.7036,1.8562,62942850000.0,3.6365,9.2955,14.0,5.0,8.7709,171.4453,7.208693849206349,6.245863293850472,5.3936769841269845,7.276597811473919,13.45455714305682,-1.8829208273469344
2024-12-24,69.45,84.58,21.7855,22.914,17.8247,2.7295,1.8563,63546750000.0,3.6365,9.2955,14.0,5.0,8.7709,171.4453,7.235294246031746,6.279315952449132,5.517590476190476,7.421460903217746,13.514610198480876,-1.9038704270272708
2024-12-26,69.64,84.58,21.4532,22.9767,17.8247,2.737,1.8565,63720600000.0,3.6365,9.2955,14.0,5.0,8.7709,171.4453,7.2591198412698414,6.310421394760108,5.643796825396825,7.556028496599972,13.569541236029949,-1.9122316712031475
2024-12-27,68.9,84.58,22.7576,22.7325,17.8247,2.7079,1.8565,63043500000.0,3.6365,9.2955,14.0,5.0,8.7709,171.4453,7.286105158730158,6.347524566556208,5.778363492063492,7.70831829444124,13.633629725286363,-1.929954802377748
2024-12-30,68.23,84.58,23.9631,22.5115,17.8142,2.6816,1.8562,62430450000.0,3.6365,9.2955,14.0,5.0,8.7709,171.4453,7.315896230158731,6.390431293478187,5.906490476190476,7.8748830698055166,13.70632752363692,-1.9683925936150404
2024-12-31,68.26,84.53,23.8353,22.5214,17.8166,2.6827,1.8563,62457900000.0,3.6365,9.2913,14.0,5.0,8.7709,171.4453,7.340631150793651,6.430152999398029,6.046269841269842,8.035223988218634,13.77078415019168,-1.9889541469487924
2025-01-02,68.33,84.53,22.9767,22.5504,17.8247,2.6865,1.8565,62521950000.0,3.6365,9.2913,14.0,5.0,8.7709,171.4453,7.368361706349207,6.467354681408055,6.187603968253969,8.175062243847757,13.835716387757262,-1.987458275593788
2025-01-03,69.26,84.53,21.3254,22.8573,17.8247,2.7231,1.8565,63372900000.0,3.6365,9.2913,14.0,5.0,8.7709,171.4453,7.389670238095237,6.495607299859102,6.3129285714285714,8.285265317165052,13.88527753795434,-1.9723367457364809
2025-01-06,68.71,83.78,21.9328,22.7005,17.8142,2.7049,1.8562,62869650000.0,3.565,9.1912,14.0,5.0,8.7709,171.4453,7.41381746031746,6.526991487208159,6.4416142857142855,8.401068041412072,13.940808947525618,-1.959453755697787
2025-01-07,68.21,83.68,22.68,22.5614,17.8166,2.6852,1.8563,62412150000.0,3.565,9.1511,14.0,5.0,8.7709,171.4453,7.440836706349207,6.561921705707139,6.564915873015873,8.52456180270089,14.002758412056345,-1.959645929685016
2025-01-08,68.45,83.68,22.2498,22.6102,17.8247,2.6947,1.8565,62631750000.0,3.565,9.1534,14.0,5.0,8.7709,171.4453,7.464397023809524,6.593719322098792,6.696078571428571,8.637897361498233,14.058116345908315,-1.9418187900696613
2025-01-10,66.51,83.43,25.4398,22.0699,17.8396,2.6285,1.8563,60856650000.0,3.4809,9.0475,14.0,5.0,8.7035,172.2143,7.501899801587301,6.642017502230774,6.888062698412698,8.783475348701018,14.143917303818077,-1.8954126502883195
2025-01-13,67.11,83.23,24.0203,22.272,17.8559,2.652,1.856,61405650000.0,3.4842,9.0517,14.0,5.0,8.7035,172.2143,7.538384126984127,6.682108441226005,7.056440476190476,8.907052203104547,14.220492568210132,-1.850611726914071
2025-01-14,68.4,82.93,21.2427,22.7727,17.8561,2.7094,1.8562,62586000000.0,3.4701,8.9671,14.0,5.0,8.3855,166.0627,7.571739087301586,6.708475842859849,7.219246825396826,8.977671121645681,14.280214930161437,-1.7584242962488554
2025-01-15,68.8,82.83,20.3924,22.9219,17.8563,2.7252,1.8563,62952000000.0,3.4701,8.9302,14.0,5.0,8.3855,166.0627,7.607887698412698,6.728386320234678,7.401610317460318,9.010231028956676,14.336274018647376,-1.608620711496358
2025-01-16,69.74,82.83,18.7697,23.2381,17.8575,2.7652,1.8565,63812100000.0,3.425,8.9067,14.0,5.0,8.3855,166.0627,7.63743115079365,6.744654359448741,7.538257936507937,9.05127475991186,14.38208551024239,-1.5130168234039223
2025-01-17,69.66,82.63,18.619,23.2533,17.8774,2.7693,1.8565,63738900000.0,3.3419,8.8466,15.0,5.0,8.3855,166.0627,7.669461507936507,6.758410798727758,7.667338888888889,9.092639686031584,14.427872306664266,-1.425300797142695
2025-01-21,70.55,82.63,17.1226,23.5504,17.9468,2.8046,1.8567,64553250000.0,3.347,8.8466,15.0,5.0,8.3855,166.0627,7.695583134920635,6.769467824446441,7.774610317460318,9.124022311869563,14.465050959367076,-1.3494119944092473
2025-01-22,70.03,82.63,17.9923,23.3768,17.9569,2.784,1.8584,64077450000.0,3.347,8.8466,15.0,5.0,8.3855,166.0627,7.713364880952381,6.784734054844494,7.910065873015873,9.148177379261236,14.498098935796875,-1.238111506245363
2025-01-23,69.88,83.2947,19.1968,23.3314,17.9818,2.7805,1.8584,63940200000.0,3.3729,8.8909,15.0,5.0,8.3855,166.0627,7.725225992063492,6.799586951937366,8.058249206349206,9.178774834312057,14.524812944000857,-1.1205256279628504
2025-01-24,70.12,83.0842,18.4886,23.4594,18.0091,2.7941,1.8604,64159800000.0,3.3132,8.8035,15.0,5.0,8.3855,166.0627,7.739164682539682,6.814449639077332,8.173246825396825,9.21819333842542,14.553614321617015,-1.044946513028593
2025-01-27,67.43,83.0842,23.2155,22.5737,18.03,2.687,1.8584,61698450000.0,3.3132,8.8001,15.0,5.0,8.3855,166.0627,7.766110317460318,6.848724586751991,8.306910317460316,9.3135027471201,14.614834904212309,-1.0065924296597828
2025-01-28,67.3,83.0842,23.4535,22.5302,18.03,2.6818,1.86,61579500000.0,3.3132,8.8001,15.0,5.0,8.3855,166.0627,7.795618849206349,6.884191167886424,8.463029365079365,9.401508198190957,14.679810017092771,-0.9384788331115904
2025-01-29,64.8,83.0842,28.2164,21.6933,18.0344,2.5822,1.8604,59292000000.0,3.3132,8.8001,15.0,5.0,8.3855,166.0627,7.833636706349206,6.943812136750145,8.656218253968255,9.555305940549736,14.77744884309935,-0.8990876865814794
2025-01-30,65.97,83.0842,25.9424,22.085,18.0408,2.6288,1.8612,60362550000.0,3.3132,8.8001,15.0,5.0,8.3855,166.0627,7.867836706349205,6.990406741592657,8.829036507936507,9.669698034454717,14.858243447941865,-0.8406615265182094
2025-01-31,65.38,83.0842,27.0789,21.8874,18.0614,2.6053,1.8619,59822700000.0,3.3132,8.8013,15.0,5.0,8.3855,166.0627,7.904143253968253,7.042480923476369,9.01912857142857,9.791374660954306,14.946624177444622,-0.7722460895257353
2025-02-03,63.15,83.0842,31.5664,21.1409,18.0927,2.5164,1.863,57782250000.0,3.3132,8.8013,15.0,5.0,8.3855,166.0627,7.9491555555555555,7.120796264824439,9.216679365079363,9.992735126355132,15.069951820379996,-0.7760557612757673
2025-02-04,63.88,83.0842,30.0629,21.3853,18.0991,2.5455,1.8637,58450200000.0,3.3132,8.8013,15.0,5.0,8.3855,166.0627,8.000437103174603,7.186627496551274,9.374173809523809,10.163574220119097,15.187064599725876,-0.7894004105952863
2025-02-05,64.56,83.0842,28.693,21.6129,18.1055,2.5726,1.8638,59072400000.0,3.3132,8.8013,15.0,5.0,8.3855,166.0627,8.051734325396826,7.241772982674643,9.514739682539682,10.307443297563834,15.293507308071469,-0.792703615024152
2025-02-06,65.21,83.0842,27.4102,21.8305,18.1344,2.5985,1.8647,59667150000.0,3.3132,8.7997,15.0,5.0,8.3855,166.0627,8.104772420634921,7.285425277850161,9.65322619047619,10.429978088139473,15.390197698485082,-0.7767518976632815
2025-02-07,64.17,83.0842,29.4751,21.473,18.1445,2.5564,1.8647,58715550000.0,3.3259,8.77,15.0,5.0,8.3855,166.0627,8.16088511904762,7.340794314009408,9.793857936507935,10.576975201917485,15.501679433057028,-0.7831172654095475
2025-02-10,66.23,83.0842,25.448,22.1624,18.1445,2.6384,1.8638,60600450000.0,3.3259,8.77,15.0,5.0,8.3855,166.0627,8.205310515873016,7.377508466919664,9.92137380952381,10.668414490366857,15.58281898279268,-0.7470406808430443
2025-02-11,65.16,81.3667,24.8722,18.9342,18.1445,2.4265,1.8639,58865544000.0,4.4369,14.0209,8.0,3.0,11.9825,169.4487,8.23350257936508,7.413978644563301,10.03455238095238,10.751119062793194,15.64748122392838,-0.7165666818408134
2025-02-12,63.6,80.6444,26.7994,18.5699,18.1449,2.3794,1.8647,57456240000.0,4.2064,13.8864,9.0,3.0,11.9825,169.5966,8.27028115079365,7.459959498084633,10.16179761904762,10.854235816855796,15.730240648878285,-0.6924381978081744
2025-02-13,63.67,80.6444,26.66,18.5903,18.1449,2.3821,1.8647,57519478000.0,4.2064,13.8864,9.0,3.0,11.9825,169.5966,8.306113690476192,7.504786610825556,10.303780952380952,10.952449292425651,15.810900301301746,-0.6486683400447006
2025-02-14,65.13,80.6444,23.8207,19.0166,18.1449,2.4367,1.8647,58838442000.0,4.2064,13.8864,9.0,3.0,11.9825,169.5966,8.335880158730157,7.536507553308517,10.419592857142858,11.017941325740916,15.872387712038677,-0.5983484685980578
2025-02-18,66.59,80.5333,20.939,19.4503,18.1588,2.5038,1.8638,60157406000.0,4.0541,14.1971,9.0,3.0,11.6051,171.1221,8.36282738095238,7.557254688078272,10.547007142857144,11.046214679218826,15.920082069030652,-0.4992075363616823
2025-02-19,65.98,80.5579,22.0944,19.2721,18.167,2.4809,1.8639,59606332000.0,4.0541,14.1971,9.0,3.0,11.6051,171.1221,8.39060376984127,7.581955279027059,10.670990476190475,11.087708928549192,15.97255904886833,-0.4167184523587171
2025-02-20,67.11,80.5579,20.0386,19.6022,18.1798,2.5233,1.8639,60627174000.0,4.0541,14.1971,9.0,3.0,11.6051,171.1221,8.415951785714284,7.599513692981775,10.794169047619048,11.105005507243805,16.015465478696058,-0.3108364596247561
2025-02-21,66.13,80.53,21.7753,19.2776,18.1798,2.4865,1.8639,59741842000.0,4.0541,14.1994,9.0,3.0,11.6051,171.1221,8.443569246031746,7.622731562677933,10.930163492063492,11.133920980216152,16.066300808709677,-0.2037574881526591
2025-02-24,66.55,80.53,21.0068,19.4001,18.265,2.5023,1.8637,60121270000.0,4.0541,14.1994,9.0,3.0,11.6051,171.1221,8.469614682539683,7.6432003715865635,11.07317222222222,11.146803501486117,16.112815054126248,-0.0736312792638944
2025-02-25,67.2,80.53,19.8363,19.5896,18.2796,2.5267,1.8638,60708480000.0,4.0541,14.2004,9.0,3.0,11.6051,170.7184,8.486549404761906,7.658925926911408,11.205951587301588,11.150784826518642,16.145475331673314,0.0551667607829458
2025-02-26,66.1,80.53,21.8306,19.2689,18.2941,2.4854,1.8639,59714740000.0,4.0541,14.2015,9.0,3.0,11.6051,170.7184,8.506276190476191,7.680478761581569,11.373738888888887,11.150332139490574,16.18675495205776,0.2234067493983147
2025-02-27,64.08,80.53,25.671,18.68,18.3,2.4094,1.8639,57889872000.0,4.0541,14.2015,9.0,3.0,11.6051,170.7184,8.537868055555554,7.718252794300704,11.577020634920634,11.175826057453277,16.25612084985626,0.4011945774673577
2025-02-28,64.8,80.53,24.2747,18.8883,18.3068,2.4365,1.8639,58540320000.0,4.0541,14.1997,9.0,3.0,11.6051,170.7184,8.565705357142857,7.749658034394188,11.76988492063492,11.18366507536468,16.315363391537044,0.5862198452702412
2025-03-03,63.26,80.53,27.3,18.4394,18.3101,2.3786,1.8662,57149084000.0,4.0541,14.1997,9.0,3.0,11.6051,170.7184,8.602999404761905,7.794456969251048,11.979507142857145,11.22551354301216,16.397456374012954,0.7539935998449838
2025-03-04,62.07,80.58,29.8212,18.0667,18.3088,2.3378,1.8672,56074038000.0,4.0563,14.2019,9.0,3.0,11.6051,171.7304,8.644161507936508,7.851526708756471,12.208913492063491,11.29276336964418,16.49568821669298,0.9161501224193104
2025-03-05,64.87,80.58,24.2177,18.8368,18.3101,2.4433,1.8682,58603558000.0,4.0563,14.2042,9.0,3.0,11.6051,171.7304,8.676863888888889,7.882000790782111,12.412445238095238,11.276119236230963,16.558864679671,1.136326001864273
2025-03-06,65.37,80.58,23.2676,18.9819,18.3322,2.4621,1.8699,59055258000.0,4.0563,14.2042,9.0,3.0,11.6051,171.7304,8.710000198412699,7.908174580752603,12.5734,11.285245213109055,16.6181747791653,1.288154786890944
2025-03-07,67.39,80.58,19.5726,19.5685,18.349,2.5382,1.8712,60880126000.0,4.0563,14.2042,9.0,3.0,11.6051,171.7304,8.743326587301587,7.918503309042384,12.69379365079365,11.278298446469671,16.66182989634397,1.415495204323978
2025-03-10,67.05,80.58,20.179,19.4698,18.3533,2.5254,1.8741,60572970000.0,4.0563,14.2042,9.0,3.0,11.6051,171.7304,8.780343055555557,7.928282162640802,12.805835714285717,11.282008295486897,16.70862521819636,1.5238274187988186
2025-03-11,65.65,80.58,22.7418,19.0632,18.3568,2.4727,1.8767,59308210000.0,4.0563,14.2042,9.0,3.0,11.6051,171.7304,8.818928373015872,7.948827730081529,12.942355555555556,11.297451368676466,16.7677561030974,1.6449041868790903
2025-03-12,65.43,80.58,23.1545,18.9994,18.3613,2.4644,1.8776,59109462000.0,4.0563,14.2042,9.0,3.0,11.6051,171.7304,8.857640476190477,7.9710524996860785,13.096953968253969,11.302900623380928,16.828692975876557,1.7940533448730385
2025-03-13,64.25,80.58,25.4163,18.6567,18.3817,2.42,1.8786,58043450000.0,4.0563,14.2042,9.0,3.0,11.6051,171.7304,8.89531488095238,8.00435078614316,13.282103968253969,11.312181743585318,16.89966566709554,1.9699222246686503
2025-03-14,66.53,80.58,21.1183,19.3188,18.3976,2.5058,1.879,60103202000.0,4.0563,14.2042,9.0,3.0,11.6051,171.7304,8.920894642857142,8.022786681346101,13.453378571428573,11.265694153168637,16.943681324203244,2.187684418259936
2025-03-17,67.63,80.58,19.1483,19.6382,18.4038,2.5473,1.8828,61096942000.0,4.0563,14.2042,9.0,3.0,11.6051,171.7304,8.93829503968254,8.035454610928312,13.62311984126984,11.188219166970407,16.973749650610852,2.434900674299433
2025-03-18,67.3,80.5579,19.6997,19.5424,18.4048,2.5348,1.8843,60798820000.0,4.0563,14.2042,9.0,3.0,11.6051,171.7304,8.96157638888889,8.04961751563696,13.80391746031746,11.09984369051085,17.01119390452585,2.70407376980661
2025-03-19,67.68,80.5579,19.0276,19.6527,18.4135,2.5491,1.8889,61142112000.0,4.0563,14.2042,9.0,3.0,11.6051,171.7304,8.971455555555554,8.058923033414422,13.985365873015873,10.99557251179341,17.030378588969974,2.9897933612224623
2025-03-20,66.43,80.5579,21.2673,19.2897,18.4213,2.5021,1.8902,60012862000.0,4.0563,14.2042,9.0,3.0,11.6051,171.7304,8.991730753968254,8.076993445171672,14.19291111111111,10.88279215773766,17.068724199139925,3.3101189533734487
2025-03-21,66.17,80.5579,21.7438,19.2092,18.4254,2.492,1.8932,59777978000.0,4.0659,14.2201,9.0,3.0,11.6051,171.9325,9.009275,8.095085870240673,14.40645873015873,10.763273332381928,17.104360870240676,3.6431853977768025
2025-03-24,67.96,80.5579,18.5372,19.7289,18.4373,2.5594,1.8947,61395064000.0,4.0659,14.2201,9.0,3.0,11.6051,171.9325,9.02663115079365,8.106132393512615,14.616790476190475,10.579992887826975,17.132763544306265,4.0367975883635
2025-03-25,68.11,80.4526,18.1216,19.7529,18.4378,2.562,1.8954,61530574000.0,4.1791,14.2857,9.0,3.0,11.9844,174.4212,9.044418253968256,8.116248015496412,14.817883333333334,10.4009786236008,17.160666269464667,4.416904709732533
2025-03-26,66.97,80.4526,20.1323,19.4234,18.4394,2.5191,1.8964,60500698000.0,4.1791,14.2856,9.0,3.0,11.9844,174.4212,9.061194642857142,8.130426636256269,15.043674603174605,10.201616552989565,17.191621279113413,4.84205805018504
2025-03-27,65.67,80.4526,22.5104,19.0464,18.4472,2.4702,1.8979,59326278000.0,4.1791,14.2856,9.0,3.0,11.9844,174.4212,9.083289682539682,8.151828863401343,15.284086507936507,10.014630655550771,17.235118545941027,5.269455852385734
2025-03-28,63.33,79.9263,26.2061,18.3677,18.4472,2.3822,1.9,57212322000.0,4.1791,14.2856,9.0,3.0,11.9844,174.4212,9.109826587301589,8.185753575310756,15.53824126984127,9.880276156766266,17.295580162612342,5.657965113075004
2025-03-31,63.4,79.9263,26.0667,18.388,18.4534,2.3848,1.904,57275560000.0,4.1791,14.2856,9.0,3.0,11.9844,174.4212,9.138007142857145,8.219630768043682,15.792319841269842,9.733888155281218,17.357637910900827,6.058431685988625
2025-04-01,63.54,79.6105,25.2919,18.4286,18.4503,2.39,1.9044,57402036000.0,4.1829,14.2856,9.0,3.0,11.9844,174.4212,9.16688234126984,8.250768680906667,16.047109523809524,9.55602323892891,17.417651022176507,6.491086284880614
2025-04-02,65.04,79.2947,21.9168,18.8637,18.4534,2.4464,1.905,58757136000.0,4.1824,14.2855,9.0,3.0,11.9844,174.4212,9.19211130952381,8.27029173616043,16.269616666666668,9.36015886681208,17.46240304568424,6.909457799854588
2025-04-03,60.72,79.2947,30.5907,17.6107,18.4534,2.2839,1.9103,54854448000.0,4.1824,14.2855,9.0,3.0,11.9844,174.4212,9.233156944444444,8.324984552757389,16.54202380952381,9.272422162808883,17.558141497201834,7.269601646714925
2025-04-04,57.18,79.0842,38.3075,16.6298,18.4534,2.1537,1.9152,51656412000.0,4.1838,14.2802,9.0,3.0,11.9844,174.4212,9.292659325396826,8.425004915587051,16.88696428571429,9.267236797159931,17.71766424098388,7.619727488554355
2025-04-07,56.83,78.0842,37.3996,16.5449,18.4588,2.1425,1.9166,51340222000.0,4.2082,14.3028,9.0,3.0,11.9844,173.684,9.350078174603174,8.517429447813967,17.22009126984127,9.24398404444339,17.867507622417143,7.976107225397879
2025-04-08,55.55,78.0842,40.5656,16.1722,18.4561,2.0943,1.9173,50183870000.0,4.2082,14.3028,9.0,3.0,11.9844,173.684,9.39972976190476,8.625840590568746,17.57150793650794,9.283390578116236,18.02557035247351,8.288117358391702
2025-04-09,60.77,77.5053,27.5388,17.7291,18.4561,2.2943,1.9188,54899618000.0,4.2109,14.2988,9.0,3.0,11.9844,173.684,9.41897123015873,8.655473321430629,17.81592619047619,9.13482259430742,18.07444455158936,8.68110359616877
2025-04-10,59.05,77.5053,31.2537,17.2273,18.4561,2.2294,1.9218,53345770000.0,4.2109,14.2988,9.0,3.0,11.9844,173.684,9.443905555555556,8.700210258584962,18.09381666666667,9.004854008266918,18.14411581414052,9.088962658399751
2025-04-11,59.26,77.5053,30.7886,17.2886,18.4561,2.2373,1.9238,53535484000.0,4.2109,14.2988,9.0,3.0,11.9844,173.684,9.470439682539682,8.744848714684322,18.376761904761903,8.836289811352835,18.215288397224004,9.540472093409072
2025-04-14,60.59,75.6632,24.8774,17.6988,18.4734,2.2887,1.9272,54737006000.0,4.193,14.2392,9.0,3.0,11.8494,171.9598,9.491775992063491,8.769309503521207,18.59730238095238,8.645450162608945,18.26108549558469,9.951852218343436
2025-04-15,60.47,75.5053,24.8641,17.6637,18.4734,2.2841,1.9298,54628598000.0,4.193,14.2392,9.0,3.0,11.8494,171.9598,9.514841269841272,8.794437739105371,18.81807380952381,8.443547941903885,18.309279008946643,10.374525867619925
2025-04-16,59.19,74.7684,26.3193,17.2898,18.4588,2.2358,1.93,53472246000.0,4.193,14.2392,9.0,3.0,11.8494,171.9598,9.542016666666669,8.825168641260039,19.04906904761905,8.243539332335052,18.367185307926704,10.805529715283994
2025-04-17,59.9,74.0316,23.592,17.5326,18.4588,2.2635,1.9303,54113660000.0,4.1933,14.2367,9.0,3.0,11.8494,171.9598,9.564789682539685,8.846602505638854,19.24299603174603,8.057148771533567,18.41139218817854,11.185847260212464
2025-04-21,58.18,74.0316,27.2458,17.0286,18.488,2.1985,1.9387,52559812000.0,4.1933,14.2367,9.0,3.0,11.8494,171.9598,9.59714742063492,8.881389970401862,19.453411904761904,7.914830073795513,18.47853739103678,11.53858183096639
2025-04-22,59.47,74.0316,24.4856,17.4072,18.488,2.2473,1.9388,53725198000.0,4.1933,14.2366,9.0,3.0,11.8494,171.9598,9.624225198412695,8.905951831099939,19.64575,7.736922356800586,18.53017702951264,11.908827643199412
2025-04-23,58.6,74.0316,26.3338,17.1526,18.488,2.2144,1.9389,52939240000.0,4.1933,14.2366,9.0,3.0,11.8494,171.9598,9.65580119047619,8.936935204939914,19.848422222222226,7.571937015394605,18.592736395416104,12.276485206827616
2025-04-24,60.31,74.0316,22.7518,17.6531,18.4734,2.279,1.9408,54484054000.0,4.1933,14.2366,9.0,3.0,11.8494,171.9598,9.68220119047619,8.955947172274008,20.02099523809524,7.384567328680663,18.6381483627502,12.636427909414577
2025-04-25,60.06,74.0316,23.2627,17.5799,18.4734,2.2696,1.9438,54258204000.0,4.1933,14.2358,9.0,3.0,11.8494,171.9598,9.708846428571428,8.976351864704993,20.18532063492064,7.221423095665528,18.68519829327642,12.963897539255107
2025-04-28,60.49,74.0316,22.3865,17.7058,18.488,2.2858,1.9474,54646666000.0,4.1933,14.2358,9.0,3.0,11.8494,171.9598,9.716653968253969,8.98567772085364,20.34065555555556,7.053323487486562,18.70233168910761,13.287332068068997
2025-04-29,60.82,74.0316,21.7225,17.805,18.4734,2.2975,1.9486,54944788000.0,4.221,14.2248,9.0,3.0,11.8494,171.9598,9.72530992063492,8.995151403295619,20.417857142857144,7.014374813600231,18.72046132393054,13.403482329256914
2025-04-30,62.54,74.0316,18.3748,18.2956,18.4588,2.3625,1.9497,56498636000.0,4.221,14.2259,9.0,3.0,11.8494,171.9598,9.721873015873015,8.991507022863985,20.478974603174603,6.962150489806332,18.713380038737,13.516824113368273
2025-05-01,69.8,75.9789,8.8523,20.325,18.488,2.5493,1.9501,61305340000.0,4.2015,14.3015,9.0,3.0,11.7084,170.0624,9.705506944444444,8.985554285356052,20.485289682539683,6.951144698235925,18.691061229800496,13.534144984303758
2025-05-02,71.53,76.7289,7.2681,20.8027,18.488,2.6081,1.9511,62824799000.0,4.3258,14.2612,9.0,3.0,11.7084,170.6829,9.688261507936508,8.981866904440945,20.46684603174603,6.983288084433066,18.67012841237745,13.483557947312963
2025-05-05,70.81,77.3079,9.1765,20.5646,18.514,2.5782,1.9538,62192423000.0,4.4392,14.3156,9.0,3.0,11.7084,170.6829,9.67117003968254,8.974611321044044,20.451730952380952,7.005790793273448,18.645781360726584,13.445940159107504
2025-05-06,70.19,77.7816,10.8158,20.5144,18.5184,2.563,1.9541,61647877000.0,4.2647,13.8789,9.0,3.0,11.7084,170.6829,9.660963690476189,8.97036937437552,20.43766904761905,7.023457709527053,18.63133306485171,13.414211338091992
2025-05-07,69.99,77.7816,11.1324,20.4559,18.5228,2.5557,1.9542,61472217000.0,4.2647,13.8789,9.0,3.0,11.7084,170.6829,9.647297817460318,8.962852811096171,20.42451984126984,7.039424375535537,18.61015062855649,13.385095465734304
2025-05-08,70.5,78.2425,10.9823,20.4924,18.5289,2.5591,1.9552,61920150000.0,4.2594,13.8908,9.0,3.0,11.7084,170.6829,9.633391269841267,8.955315125536165,20.40783015873016,7.059428727836544,18.58870639537744,13.348401430893611
2025-05-09,71.44,78.5925,10.0119,20.7548,18.5333,2.5914,1.9568,62745752000.0,4.2589,13.892,9.0,3.0,11.7084,171.8474,9.62462996031746,8.952775112041742,20.40165555555556,7.068243190446237,18.5774050723592,13.33341236510932
2025-05-12,73.44,78.7925,7.2883,21.3247,18.5738,2.6638,1.9583,64502352000.0,4.2579,13.8944,9.0,3.0,11.8098,171.9376,9.6116373015873,8.951401848992381,20.391129365079365,7.086900128705886,18.563039150579684,13.30422923637348
2025-05-13,74.65,78.7925,5.5492,21.676,18.5776,2.7077,1.9589,65565095000.0,4.2579,13.8944,9.0,3.0,11.8098,171.9376,9.596144444444445,8.951662828762565,20.36393253968254,7.137452582010854,18.54780727320701,13.226479957671684
2025-05-14,73.36,79.2425,8.0187,21.3274,18.584,2.6572,1.9619,64432088000.0,4.4149,13.8916,9.0,3.0,11.4897,171.9376,9.587117658730158,8.95095368504354,20.37381746031746,7.119319132547256,18.53807134377369,13.254498327770206
2025-05-15,73.48,80.2925,9.2712,21.3623,18.5903,2.6615,1.9619,64537484000.0,4.4151,13.8911,9.0,3.0,11.4897,171.9376,9.579272222222222,8.949491257250338,20.389311111111112,7.092755584523992,18.52876347947256,13.29655552658712
2025-05-16,75.62,82.2425,8.7576,21.8795,18.597,2.7352,1.9619,66417046000.0,4.373,14.5005,9.0,3.0,12.3711,172.6011,9.568129365079365,8.947005902240262,20.375627777777776,7.113654518871642,18.51513526731963,13.261973258906137
2025-05-19,75.83,82.2425,8.4564,21.9416,18.6038,2.7428,1.9643,66601489000.0,4.373,14.5006,9.0,3.0,12.3711,172.6011,9.5585623015873,8.945608698556013,20.370571428571427,7.121959527521752,18.504171000143312,13.248611901049674
2025-05-20,74.95,82.8925,10.5971,21.6756,18.6062,2.711,1.9661,65828585000.0,4.373,14.5483,9.0,3.0,12.3711,172.7196,9.549723214285711,8.942370223682977,20.36599047619048,7.128105010679156,18.49209343796869,13.23788546551132
2025-05-21,72.09,82.8925,14.9847,20.8485,18.6086,2.6076,1.9664,63316647000.0,4.373,14.5483,9.0,3.0,12.3711,172.7196,9.553580555555554,8.944298117880985,20.388780952380955,7.106063760622685,18.49787867343654,13.28271719175827
2025-05-22,71.77,82.8925,15.4974,20.756,18.6236,2.596,1.967,63035591000.0,4.373,14.5483,9.0,3.0,12.3711,172.7196,9.560778968253969,8.947624902407824,20.409873015873018,7.087397384760273,18.508403870661795,13.322475631112743
2025-05-23,70.98,82.8925,16.7829,20.5275,18.6491,2.5674,1.969,62341734000.0,4.373,14.5483,9.0,3.0,12.3711,172.7196,9.568038095238094,8.952004724898726,20.444540476190475,7.058601856449284,18.520042820136823,13.385938619741191
2025-05-27,72.33,82.8925,14.6032,20.9179,18.6567,2.6162,1.9738,63527439000.0,4.373,14.5483,9.0,3.0,12.3711,172.7196,9.569068055555556,8.952555192268148,20.463944444444444,7.038974105678298,18.521623247823705,13.424970338766146
2025-05-28,71.04,82.8925,16.6843,20.5449,18.6684,2.5696,1.9767,62394432000.0,4.373,14.5483,9.0,3.0,12.3711,172.7196,9.56921031746032,8.952667910043752,20.517549206349205,6.983613009676301,18.52187822750407,13.533936196672904
2025-05-29,71.41,82.8925,16.0797,20.6519,18.68,2.583,1.9778,62719403000.0,4.373,14.5483,9.0,3.0,12.3711,172.7196,9.566976388888888,8.950898935855454,20.57485952380952,6.916476501261989,18.51787532474434,13.658383022547532
2025-05-30,71.2,82.8925,16.4221,20.5911,18.6806,2.5754,1.9817,62534960000.0,4.3732,14.5479,9.0,3.0,12.3711,172.7196,9.56485753968254,8.94914590025873,20.655372222222223,6.806890657122599,18.51400343994127,13.848481565099624
2025-06-02,70.34,82.8925,17.8455,20.3424,18.7153,2.5443,1.9866,61779622000.0,4.3732,14.5479,9.0,3.0,12.3711,172.7196,9.563795436507936,8.948129233343634,20.72602301587301,6.73012246536025,18.51192466985157,13.995900550512768
2025-06-03,70.8,82.8925,17.0798,20.4754,18.7162,2.5609,1.9868,62183640000.0,4.373,14.5483,9.0,3.0,12.3711,172.7196,9.56605238095238,8.949884532890993,20.790147619047623,6.655582988135222,18.51593691384337,14.1345646309124
2025-06-04,71.39,82.8925,16.1122,20.6461,18.717,2.5822,1.987,62701837000.0,4.373,14.5483,9.0,3.0,12.3711,172.7196,9.56160873015873,8.946068875872335,20.85184761904762,6.574767317223856,18.507677606031063,14.277080301823766
2025-06-05,71.4,82.8925,16.0959,20.649,18.7215,2.5826,1.9876,62710620000.0,4.373,14.5483,9.0,3.0,12.3711,172.7196,9.56052777777778,8.945244685725308,20.90124603174603,6.51471785413496,18.505772463503085,14.38652817761107
2025-06-06,71.04,82.8925,16.6843,20.5979,18.7362,2.5696,1.9888,62394432000.0,4.373,14.5482,9.0,3.0,12.3711,172.7196,9.570949801587302,8.950487389336935,20.94546587301587,6.466474930212497,18.52143719092424,14.478990942803373
2025-06-09,71.65,82.8925,15.6909,20.7747,18.7559,2.5916,1.9905,62930195000.0,4.373,14.5482,9.0,3.0,12.3711,172.7196,9.57817242063492,8.953960469001983,20.9794619047619,6.427069249850808,18.5321328896369,14.552392654911094
2025-06-10,71.75,82.8925,15.5296,20.8037,18.7588,2.5953,1.9905,63018025000.0,4.373,14.5482,9.0,3.0,12.3711,172.7196,9.588370634920636,8.957812849878575,20.99556746031746,6.410699083112028,18.546183484799208,14.584868377205431
2025-06-11,72.48,82.8925,14.366,21.0154,18.7616,2.6217,1.991,63659184000.0,4.373,14.5482,9.0,3.0,12.3711,172.7196,9.604665674603176,8.959021460972341,20.9985253968254,6.407527544679815,18.56368713557552,14.590997852145584
2025-06-12,72.48,82.8925,14.366,21.0154,18.7737,2.6217,1.9934,63659184000.0,4.373,14.5482,9.0,3.0,12.3711,172.7196,9.62147281746032,8.959994227126156,20.99567380952381,6.410420994701461,18.581467044586475,14.58525281482235
2025-06-13,71.24,82.8925,16.3567,20.6834,18.7846,2.5779,1.998,62570092000.0,4.2629,14.2308,9.0,3.0,12.3764,171.3646,9.640838293650791,8.963989874496791,21.003744444444443,6.403880154151042,18.604828168147584,14.5998642902934
2025-06-16,71.04,82.8925,16.6843,20.6254,18.8368,2.5706,2.0077,62394432000.0,4.2629,14.2308,9.0,3.0,12.3764,171.3646,9.6632998015873,8.967433761864042,21.01899603174603,6.391172997782553,18.630733563451344,14.627823033963478
2025-06-17,69.78,82.8925,18.7912,20.2596,18.8401,2.525,2.0097,61287774000.0,4.2629,14.2308,9.0,3.0,12.3764,171.3646,9.694143253968257,8.972050414459126,21.04898809523809,6.371596140705861,18.666193668427383,14.677391954532236
2025-06-18,69.86,82.8925,18.6552,20.2828,18.8434,2.5279,2.0101,61358038000.0,4.2629,14.2308,9.0,3.0,12.3764,171.3646,9.72074523809524,8.978714756125488,21.071274603174604,6.35815235519176,18.699459994220724,14.713122247982843
2025-06-20,70.47,82.8925,17.6281,20.4605,18.8454,2.5504,2.0106,61893801000.0,4.2509,14.2297,9.0,3.0,12.3764,171.2991,9.747014285714286,8.982449966253993,21.067172222222226,6.360221957921194,18.72946425196828,14.706950264301032
2025-06-23,71.78,82.8925,15.4813,20.8408,18.8518,2.5978,2.0149,63044374000.0,4.2509,14.2297,9.0,3.0,12.3764,171.2991,9.770525992063492,8.981919059259889,21.02855396825397,6.379372141628423,18.75244505132338,14.649181826625547
2025-06-24,72.46,82.8925,14.3976,21.0383,18.8544,2.6224,2.0166,63641618000.0,4.2509,14.2297,9.0,3.0,12.3764,171.2991,9.795040277777776,8.97764426976574,20.9350246031746,6.389588313519935,18.77268454754352,14.545436289654663
2025-06-25,72.43,82.8925,14.445,21.0296,18.859,2.6213,2.0182,63615269000.0,4.2509,14.2297,9.0,3.0,12.3764,171.2991,9.82220972222222,8.970939262382077,20.83676587301587,6.393471602091209,18.793148984604297,14.443294270924662
2025-06-26,72.59,82.8925,14.1927,21.076,18.8645,2.6271,2.0183,63755797000.0,4.2509,14.2297,9.0,3.0,12.3764,171.2991,9.847375,8.96536167142702,20.76295793650793,6.416207091026379,18.81273667142702,14.34675084548156
2025-06-27,73.67,82.9425,12.5865,21.3772,18.8768,2.665,2.0188,64704361000.0,4.3056,14.3108,9.0,3.0,12.6258,173.7453,9.8701498015873,8.957693006268538,20.680676984126983,6.45424844708249,18.82784280785584,14.226428537044493
2025-06-30,73.19,83.2786,13.7841,21.2182,18.916,2.6456,2.0246,64282777000.0,4.3955,14.4158,10.0,3.0,12.6258,173.7453,9.897693452380953,8.948319412791232,20.617173809523813,6.482591705781668,18.846012865172185,14.134582103742144
2025-07-01,74.3,83.2786,12.0843,21.54,18.9211,2.6857,2.0247,65257690000.0,4.3958,14.4154,10.0,3.0,12.6258,173.7453,9.925073214285714,8.933816056062218,20.542817460317465,6.526508261814536,18.85888927034793,14.016309198502926
2025-07-02,75.26,83.2786,10.6545,21.8183,18.9276,2.7204,2.0248,66100858000.0,4.3955,14.4158,10.0,3.0,12.6258,173.7453,9.94894384920635,8.919620933763348,20.44676111111111,6.582476580947042,18.8685647829697,13.864284530164069
2025-07-03,75.65,83.2786,10.0841,21.9314,18.9456,2.7345,2.0297,66443395000.0,4.3955,14.4052,9.0,3.0,12.6258,173.7453,9.97235496031746,8.904417317982023,20.33661031746032,6.639045754080431,18.876772278299484,13.697564563379885
2025-07-07,74.64,83.9929,12.5307,21.5885,18.9718,2.697,2.0344,65556312000.0,4.3323,14.4133,10.0,3.0,12.7936,174.1264,10.00148353174603,8.888681280072651,20.24689126984127,6.667709192243157,18.89016481181868,13.579182077598114
2025-07-08,74.9,83.9929,12.1401,21.6624,18.9795,2.7064,2.0359,65784670000.0,4.3323,14.4133,10.0,3.0,12.7936,174.1264,10.03111746031746,8.870811729101982,20.16088650793651,6.702017274717906,18.90192918941944,13.458869233218604
2025-07-09,75.89,83.9929,10.6772,21.9488,18.9807,2.7422,2.0374,66654187000.0,4.3323,14.4133,10.0,3.0,12.7936,174.1264,10.054715277777778,8.856640547021735,20.07637698412698,6.7541476368959215,18.911355824799514,13.322229347231058
2025-07-10,76.77,83.9929,9.4085,22.2033,18.9907,2.774,2.0395,67427091000.0,4.3323,14.4133,10.0,3.0,12.7936,174.1264,10.075116865079366,8.843248856490808,19.976977777777776,6.818460926090502,18.918365721570176,13.158516851687274
2025-07-11,76.62,83.9929,9.6227,22.1599,19.0012,2.7685,2.0398,67295346000.0,4.3323,14.4133,10.0,3.0,12.7936,174.1264,10.09248492063492,8.83372334409283,19.87334841269841,6.876032457477073,18.926208264727748,12.99731595522134
2025-07-14,76.61,84.3262,10.0721,22.1442,19.0298,2.7682,2.0419,67286563000.0,4.3323,14.4139,10.0,3.0,12.7936,174.1264,10.11827996031746,8.814586058534736,19.7767,6.927751604935091,18.932866018852195,12.848948395064909
2025-07-15,75.38,84.4214,11.9944,21.7754,19.043,2.7234,2.0426,66206254000.0,4.3322,14.4157,10.0,3.0,12.7936,174.1264,10.154212301587302,8.785141074134915,19.66999047619048,6.943357416644293,18.939353375722217,12.72663305954618
2025-07-16,75.43,84.2786,11.7309,21.7899,19.0432,2.7252,2.0433,66250169000.0,4.3323,14.4157,10.0,3.0,12.7936,174.1264,10.189602976190477,8.755384385641143,19.57245555555556,6.968030910316747,18.944987361831625,12.60442464523881
2025-07-17,76.93,84.2786,9.5523,22.2232,19.045,2.7794,2.0435,67567619000.0,4.3323,14.4157,10.0,3.0,12.7936,174.1264,10.220671031746033,8.725174511994885,19.4796746031746,7.023224900456385,18.94584554374092,12.456449702718215
2025-07-18,76.63,84.2786,9.9812,22.1372,19.0494,2.7686,2.0473,67304129000.0,4.3323,14.4167,10.0,3.0,12.7936,174.1264,10.249878968253968,8.699596528202482,19.39704603174604,7.073465170538757,18.94947549645645,12.323580861207276
2025-07-21,75.97,84.2786,10.9367,21.9465,19.0722,2.7447,2.0561,66724451000.0,4.3323,14.4167,10.0,3.0,12.7936,174.1264,10.283476984126985,8.669373239770163,19.334879365079363,7.113331500941844,18.952850223897148,12.22154786413752
2025-07-22,76.42,84.2786,10.2834,22.0765,19.0763,2.761,2.0565,67119686000.0,4.3323,14.4167,10.0,3.0,12.7936,174.1264,10.318074801587304,8.634369446176208,19.268723809523813,7.158659639607777,18.95244424776351,12.110064169916036
2025-07-23,79.61,84.2786,5.8643,22.998,19.0883,2.8762,2.057,69921463000.0,4.3323,14.4167,10.0,3.0,12.7936,174.1264,10.341969246031748,8.605240930167435,19.17937222222222,7.255269953766227,18.947210176199185,11.924102268455991
2025-07-24,79.44,84.2786,6.0909,22.9489,19.1119,2.8701,2.0609,69772152000.0,4.3323,14.4167,10.0,3.0,12.7936,174.1264,10.364406547619048,8.579294162003498,19.08491666666667,7.347730302102874,18.943700709622547,11.737186364563794
2025-07-25,80.73,84.2786,4.3956,23.3216,19.1275,2.916,2.0614,70905159000.0,4.3323,14.416,10.0,3.0,12.7936,174.1264,10.3791751984127,8.56255039743115,18.967446825396824,7.463332974318553,18.94172559584385,11.50411385107827
2025-07-28,80.18,84.5167,5.4087,23.1627,19.1744,2.8961,2.0625,70422094000.0,4.3323,14.4141,10.0,3.0,12.7936,174.1264,10.396168452380952,8.544114070993407,18.86363809523809,7.5603808893876465,18.94028252337436,11.303257205850445
2025-07-29,71.67,83.9929,17.1939,20.8234,19.1759,2.5532,2.0634,62087721000.0,4.3018,14.2026,11.0,4.0,9.9189,171.6814,10.436901587301586,8.527439017049614,18.81584761904762,7.551678725800977,18.9643406043512,11.264168893246644
2025-07-30,68.2,84.1833,23.4359,19.8112,19.1759,2.4278,2.0644,59081660000.0,4.3552,14.2241,11.0,4.0,9.9189,172.0499,10.491851785714283,8.521781510809147,18.815707936507938,7.551592419696477,19.01363329652343,11.264115516811462
2025-07-31,68.62,84.3262,22.8887,19.8662,19.1759,2.4353,2.0644,59445506000.0,4.5933,14.4622,11.0,4.0,9.9189,172.0499,10.537188293650791,8.526840821877217,18.773424603174604,7.5133531738173085,19.064029115528008,11.260071429357296
2025-08-01,66.92,84.3262,26.0105,19.3741,19.1914,2.375,2.0652,57972796000.0,4.5933,14.4622,11.0,4.0,9.9189,172.0499,10.59102380952381,8.538724818975204,18.77396507936508,7.5138754339243325,19.129748628499016,11.260089645440743
2025-08-04,66.54,84.3262,26.7301,19.2641,19.2085,2.3624,2.0694,57643602000.0,4.5939,14.4622,11.0,4.0,9.9189,170.7106,10.647391666666666,8.55132414944704,18.771196825396824,7.510854906248064,19.198715816113705,11.26034191914876
2025-08-05,66.38,84.3262,27.0356,19.2177,19.209,2.3567,2.0717,57504994000.0,4.5939,14.4622,11.0,4.0,9.9189,170.7106,10.705181150793653,8.563479393710391,18.7352380952381,7.459779027063599,19.268660544504044,11.2754590681745
2025-08-06,66.11,84.3262,27.5544,19.1396,19.209,2.3471,2.0728,57271093000.0,4.5939,14.4622,11.0,4.0,9.9189,170.7106,10.761299206349207,8.581054931115062,18.715329365079366,7.432603658477396,19.34235413746427,11.282725706601967
2025-08-07,66.36,84.1833,26.8585,19.212,19.209,2.3542,2.074,57487668000.0,4.6187,14.417,11.0,4.0,9.9189,170.7106,10.813053174603176,8.599342193749374,18.70076984126984,7.414677471202909,19.41239536835255,11.286092370066934
2025-08-08,66.03,84.1833,27.4925,19.1164,19.209,2.3425,2.0752,57201789000.0,4.6187,14.417,11.0,4.0,9.9189,170.7106,10.862492063492065,8.62348043276325,18.70142301587301,7.41545442544601,19.485972496255314,11.285968590427
2025-08-11,64.88,84.1833,29.7523,18.7835,19.2092,2.3017,2.0784,56205544000.0,4.6187,14.417,11.0,4.0,9.9189,170.7106,10.916914087301588,8.655973939168614,18.703623015873017,7.4187167076271905,19.572888026470203,11.284906308245828
2025-08-12,65.73,84.1833,28.0744,19.0296,19.2091,2.3318,2.0804,56941899000.0,4.6187,14.417,11.0,4.0,9.9189,170.7106,10.965495238095238,8.683433976994348,18.72446746031746,7.441472861221325,19.648929215089588,11.282994599096137
2025-08-13,67.05,84.1833,25.553,19.4117,19.2092,2.3787,2.0805,58085415000.0,4.6187,14.417,11.0,4.0,9.9189,170.7106,11.004572023809525,8.704693683678403,18.72987063492064,7.446218023035021,19.709265707487926,11.283652611885616
2025-08-14,65.76,84.1833,28.016,19.0382,19.2092,2.3329,2.0813,56967888000.0,4.6187,14.417,11.0,4.0,9.9189,170.7106,11.045654365079368,8.73602866666267,18.73952619047619,7.457545710638947,19.78168303174204,11.281980479837245
2025-08-15,65.4,84.1833,28.7206,18.934,19.2092,2.3201,2.0824,56656020000.0,4.6186,14.416,11.0,4.0,9.9189,170.7106,11.088671428571429,8.769579493912833,18.75588015873016,7.477287065946041,19.85825092248426,11.278593092784115
2025-08-18,66.49,84.1833,26.6105,19.2496,19.212,2.3588,2.0861,57600287000.0,4.6186,14.416,11.0,4.0,9.9189,170.7106,11.131682936507936,8.792457639658833,18.77802142857143,7.496510450300055,19.92414057616677,11.281510978271378
2025-08-19,66.98,84.1833,25.6842,19.3914,19.2177,2.3762,2.087,58024774000.0,4.6186,14.416,11.0,4.0,9.9189,170.7106,11.170564484126984,8.81341283965384,18.815681746031743,7.51933794147762,19.983977323780824,11.296343804554123
2025-08-20,66.84,84.1833,25.9475,19.3509,19.2223,2.3712,2.0881,57903492000.0,4.6186,14.416,11.0,4.0,9.9189,170.7106,11.20390753968254,8.837480787566033,18.846261904761903,7.540583741105056,20.041388327248573,11.305678163656848
2025-08-21,65.01,84.1833,29.4928,18.832,19.2223,2.3068,2.0894,56318163000.0,4.6039,14.3708,11.0,4.0,9.9189,170.7106,11.238488293650793,8.874873223867661,18.92129523809524,7.599351613245561,20.113361517518456,11.321943624849675
2025-08-22,67.75,84.1833,24.2558,19.6257,19.233,2.404,2.0899,58691825000.0,4.6039,14.3708,11.0,4.0,9.9189,170.7106,11.264094246031744,8.893794038726474,18.940981746031746,7.610009662652531,20.15788828475822,11.330972083379216
2025-08-25,66.0,84.1833,27.5505,19.1188,19.246,2.3419,2.0911,57175800000.0,4.6039,14.3708,11.0,4.0,9.9189,170.7106,11.296979563492064,8.923320805093525,18.99291587301587,7.646461791635841,20.22030036858559,11.346454081380031
2025-08-26,66.48,84.1833,26.6295,19.2578,19.2478,2.3589,2.0911,57591624000.0,4.6039,14.3708,11.0,4.0,9.9189,170.7106,11.32897876984127,8.94934297030816,19.04683015873016,7.676346584768299,20.27832174014943,11.37048357396186
2025-08-27,67.59,84.1833,24.5499,19.5794,19.2496,2.3983,2.0916,58553217000.0,4.6039,14.3708,11.0,4.0,9.9189,170.7106,11.362528571428571,8.96716617553499,19.068411904761906,7.688049337558774,20.32969474696356,11.380362567203129
2025-08-28,66.17,84.1833,27.2228,19.168,19.2496,2.3479,2.0918,57323071000.0,4.6039,14.3708,11.0,4.0,9.9189,170.7106,11.396233531746033,8.994804141610349,19.080727777777778,7.699944722384894,20.39103767335638,11.380783055392884
2025-08-29,65.2,84.1833,29.1155,18.8871,19.2496,2.3135,2.0919,56482760000.0,4.6039,14.3708,11.0,4.0,9.9189,170.7106,11.438026984126983,9.028106738554284,19.11914682539683,7.738049841221662,20.46613372268127,11.381096984175166
2025-09-02,63.5,84.1833,32.5721,18.3957,19.2578,2.2532,2.0943,55010050000.0,4.6039,14.3707,11.0,4.0,9.9189,170.7106,11.488800595238096,9.074834792126683,19.160988888888888,7.796672065985352,20.563635387364776,11.364316822903536
2025-09-03,62.47,83.7548,34.072,18.1288,19.2537,2.2181,2.0958,54117761000.0,4.5381,14.2611,11.0,4.0,9.6086,170.352,11.547000396825396,9.125381237327026,19.1947253968254,7.85216742426641,20.672381634152423,11.342557972558987
2025-09-04,63.54,83.7548,31.8143,18.4393,19.2537,2.2561,2.0978,55044702000.0,4.5381,14.2611,11.0,4.0,9.6086,170.352,11.60224722222222,9.163624364307555,19.255015873015875,7.919915173287324,20.765871586529776,11.335100699728551
2025-09-05,65.51,83.7548,27.8504,19.011,19.2537,2.326,2.0989,56751313000.0,4.5381,14.2611,11.0,4.0,9.6086,170.352,11.651749801587302,9.183893242548956,19.2913873015873,7.948959759837648,20.83564304413626,11.34242754174965
2025-09-08,65.61,83.7548,27.6555,19.04,19.2599,2.3296,2.1028,56837943000.0,4.5381,14.2611,11.0,4.0,9.6086,170.352,11.702592261904762,9.201438611950977,19.3555373015873,7.983786540510599,20.90403087385574,11.3717507610767
2025-09-09,63.47,83.7548,31.9597,18.4195,19.2578,2.2536,2.1049,54984061000.0,4.5381,14.2611,11.0,4.0,9.6086,170.352,11.756520833333331,9.240350819165617,19.44903492063492,8.06210458858799,20.996871652498942,11.386930332046932
2025-09-10,62.5,81.1357,29.8171,18.6206,19.2537,2.2469,2.1051,54143750000.0,4.0886,12.903,11.0,4.0,9.6086,170.352,11.806124603174602,9.270078264264868,19.505188095238093,8.109721805700728,21.07620286743947,11.395466289537366
2025-09-11,62.3,79.3738,27.4058,18.7611,19.2537,2.2503,2.1063,53970490000.0,3.964,12.6628,11.0,4.0,9.6086,170.352,11.85152876984127,9.29034989706876,19.53892857142857,8.133834136955208,21.14187866691003,11.405094434473362
2025-09-12,61.67,78.7071,27.6262,18.7515,19.2537,2.2376,2.108,53424721000.0,3.8483,12.2494,11.0,4.0,9.6086,164.8167,11.902355158730158,9.306457822576348,19.55646746031746,8.148977322828518,21.208812981306504,11.407490137488942
2025-09-15,61.24,78.7071,28.5224,18.6776,19.2599,2.225,2.1138,53052212000.0,3.8506,12.3876,11.0,4.0,8.9678,161.5342,11.955921230158731,9.324288107279823,19.61523015873016,8.18693713987129,21.28020933743856,11.428293018858868
2025-09-16,60.93,78.231,28.3949,18.633,19.2578,2.2166,2.1141,52783659000.0,3.8537,12.3911,11.0,4.0,8.9678,161.5342,12.001221825396824,9.348599241740098,19.68861587301588,8.224076107103263,21.34982106713692,11.46453976591261
2025-09-17,60.72,78.231,28.8389,18.5682,19.2537,2.209,2.1156,52601736000.0,3.8537,12.3911,11.0,4.0,8.9678,161.5342,12.04232242063492,9.377012577746372,19.76114920634921,8.264378092529412,21.41933499838129,11.496771113819792
2025-09-18,61.1,78.231,28.0376,18.685,19.2537,2.2228,2.1173,52930930000.0,3.8537,12.3911,11.0,4.0,8.9678,161.5342,12.07995257936508,9.403087343263524,19.832657142857144,8.296896004568776,21.48303992262861,11.535761138288368
2025-09-19,60.39,78.0881,29.3063,18.4538,19.2537,2.1973,2.1176,52315857000.0,3.8462,12.4601,11.0,4.0,9.1204,160.6648,12.118907936507938,9.433714314298127,19.89645873015873,8.338819687090249,21.552622250806067,11.557639043068482
2025-09-22,60.31,78.0881,29.4779,18.4293,19.2599,2.1944,2.121,52246553000.0,3.8462,12.4601,11.0,4.0,9.1204,160.6648,12.15792380952381,9.464774298142537,19.95784047619048,8.380885793854329,21.622698107666345,11.576954682336147
2025-09-23,59.74,78.0881,30.7133,18.2552,19.2578,2.1737,2.1233,51752762000.0,3.8462,12.4601,11.0,4.0,9.1204,160.6648,12.197205952380951,9.50062274549467,20.05447619047619,8.434401403911798,21.69782869787562,11.620074786564391
2025-09-24,58.99,78.0881,32.3751,18.026,19.2537,2.1464,2.1238,51103037000.0,3.8462,12.4601,11.0,4.0,9.1204,160.6648,12.23970357142857,9.542871673354,20.16759920634921,8.50357112844716,21.78257524478257,11.66402807790205
2025-09-25,58.75,78.0881,32.9159,17.9526,19.2537,2.1376,2.1246,50895125000.0,3.8462,12.4601,11.0,4.0,9.1204,160.6648,12.277954563492065,9.58702042619214,20.26905634920635,8.579072761845541,21.864974989684203,11.689983587360809
2025-09-26,58.84,78.0881,32.7126,17.9801,19.2537,2.1409,2.1274,50973092000.0,3.8462,12.4601,11.0,4.0,9.1204,160.6648,12.316707341269842,9.630057236251735,20.35002619047619,8.648261452265958,21.946764577521577,11.701764738210231
2025-09-29,59.13,78.0881,32.0617,18.0688,19.2599,2.1515,2.1365,51224319000.0,3.8462,12.4601,11.0,4.0,9.1204,160.6648,12.357144444444444,9.6700899966458,20.39649920634921,8.695585474899325,22.027234441090243,11.700913731449884
2025-09-30,59.7,78.0881,30.8008,18.2424,19.2578,2.1722,2.1376,51718110000.0,3.8462,12.46,11.0,4.0,9.1204,160.6648,12.391046825396826,9.70474666949504,20.434071428571432,8.730439288474429,22.095793494891865,11.703632140097003
2025-10-01,59.46,77.6119,30.5279,18.2041,19.2537,2.1644,2.1392,51510198000.0,3.8137,12.3185,11.0,4.0,9.1204,160.6648,12.434075,9.737000279608658,20.475626984126983,8.766135095070505,22.17107527960865,11.709491889056482
2025-10-02,58.9,77.6119,31.7689,18.0409,19.2537,2.1457,2.1417,51025070000.0,3.8149,12.3198,11.0,4.0,9.1204,160.6648,12.482885515873017,9.772147919722592,20.553818253968256,8.82284817988754,22.255033435595607,11.730970074080716
2025-10-03,59.65,76.7548,28.6753,18.3957,19.2537,2.1802,2.1428,51674795000.0,3.6068,11.9173,11.0,4.0,9.1204,160.6648,12.52270734126984,9.7971757140278,20.538616666666663,8.807052448630062,22.31988305529764,11.731564218036604
2025-10-06,59.81,76.7548,28.331,18.4451,19.2599,2.1861,2.146,51813403000.0,3.6068,11.9173,11.0,4.0,9.1204,160.6648,12.559318452380952,9.821722721608236,20.45943809523809,8.690095374481105,22.38104117398919,11.76934272075699
2025-10-07,59.18,76.7071,29.6166,18.2649,19.2578,2.163,2.1464,51267634000.0,3.6071,11.9182,11.0,4.0,9.1204,160.6648,12.59424384920635,9.851033213271975,20.397668253968256,8.595870392840093,22.44527706247833,11.801797861128165
2025-10-08,59.8,76.7071,28.2727,18.4562,19.2537,2.1857,2.149,51804740000.0,3.6071,11.9182,11.0,4.0,9.1204,160.6648,12.630938888888888,9.8749399285706,20.30010555555556,8.43335985329985,22.50587881745949,11.866745702255704
2025-10-09,58.1,76.7071,32.026,17.9304,19.2537,2.1236,2.149,50332030000.0,3.6071,11.9153,11.0,4.0,9.1204,160.6648,12.670603373015874,9.912618527592333,20.335718253968253,8.473550804175597,22.58322190060821,11.862167449792656
2025-10-10,56.66,76.7071,35.3814,17.486,19.2537,2.0709,2.149,49084558000.0,3.6071,11.9153,11.0,4.0,9.1204,160.6648,12.721094246031743,9.96333132697891,20.368477777777777,8.523927684431808,22.684425573010657,11.844550093345967
