date,price,price_target,price_target_upside,forward_pe_ratio,forward_pe_ratio:median:3,forward_ps_ratio,forward_ps_ratio:median:3,market_cap,sales_est_2fy_avg,eps_est_2fy_avg,eps_est_2y_num_est,eps_est_long_term_growth_num_est,eps_est_long_term_growth,cfo_per_share_est_2fy_avg,price_target_upside_mean_upper,price_target_upside_std_upper,price_target_upside_mean_lower,price_target_upside_std_lower,price_target_upside_upper_band,price_target_upside_lower_band
2002-03-18,32.889999,26.4923,-19.4518,22.187,16.7736,5.6617,5.2216,19309060612.92,13.0849,2.8398,3.0,2.0,12.5,10.5579,9.927691358024692,22.375726344201844,3.8552714285714287,20.703871201554016,32.30341770222654,-16.84859977298259
2002-03-19,32.59,26.4923,-18.7103,21.9846,16.7982,5.6101,5.2256,19132937200.0,13.0849,2.8398,3.0,2.0,12.5,10.5579,9.751998159509204,22.419055619234506,3.138877777777777,19.888193640231453,32.171053778743705,-16.749315862453678
2002-03-20,32.549999,27.4898,-15.5459,20.7325,16.8228,5.1374,5.2216,19109453412.92,13.5732,3.1387,3.0,2.0,12.5,11.075,9.59774268292683,22.43730982953417,2.4573380952380948,19.01972314898348,32.035052512461,-16.56238505374538
2002-03-21,32.259998,29.0787,-9.8614,20.0447,16.8228,4.7082,5.2104,18960458964.522,14.4382,3.1548,3.0,2.0,12.5,11.075,9.479808484848483,22.4200369789528,1.7984420634920633,17.95928440705523,31.89984546380128,-16.160842343563164
2002-03-22,32.299999,30.1319,-6.7124,19.8525,16.8228,4.714,5.2011,18983969112.261,14.4382,2.9783,3.0,2.0,12.5,11.075,9.382265060240965,22.387297495044383,1.0731730158730155,16.359755459895684,31.769562555285347,-15.286582444022669
2002-03-25,31.700001,30.1319,-4.9467,19.5812,16.7736,4.7786,5.186,18631326887.739,14.0403,2.817,3.0,2.0,12.5,11.1003,9.296462874251496,22.34728892345226,0.6289055555555554,15.74059342260925,31.64375179770376,-15.111687867053694
2002-03-26,32.049999,30.1319,-5.9847,19.8207,16.7982,4.8428,5.182,18837034362.261,14.0212,2.812,3.0,2.0,12.5,11.1003,9.20550357142857,22.3114512990618,0.2531968253968253,15.320093201846731,31.516954870490373,-15.066896376449908
2002-03-27,32.630001,30.1319,-7.6558,20.1793,16.8228,4.9305,5.182,19177924157.739,14.0212,2.812,3.0,2.0,12.5,11.1003,9.105732544378698,22.28272937262216,-0.1157507936507937,14.93861160560646,31.388461917000853,-15.054362399257254
2002-03-28,32.650002,30.1319,-7.7124,20.1917,16.8228,4.9335,5.1709,19189679525.478,14.0212,2.812,3.0,2.0,12.5,11.1003,9.006802352941177,22.25412009117991,-0.4258063492063493,14.68345402079361,31.26092244412109,-15.10926036999996
2002-04-01,32.439999,30.1319,-7.115,20.0618,16.7618,4.9018,5.1345,19066252572.261,14.0212,2.812,3.0,2.0,12.5,11.1003,8.912522807017544,22.222794745277028,-0.7268563492063493,14.42433273216616,31.135317552294573,-15.151189081372507
2002-04-02,31.83,30.1319,-5.3349,19.6846,16.7736,4.8096,5.1296,18707732370.0,14.0212,2.8725,3.0,2.0,12.5,11.1003,8.829688953488372,22.184335651249608,-1.0128357142857145,14.150914622536416,31.01402460473798,-15.163750336822131
2002-04-03,31.280001,30.3908,-2.8427,19.1843,16.7982,4.7128,5.1246,18384476507.739,14.0556,2.8977,3.0,2.0,12.5,11.1003,8.762218497109828,22.13754690612614,-1.3035738095238096,13.802170154263036,30.899765403235968,-15.105743963786844
2002-04-04,31.0,29.0646,-6.2432,19.0126,16.7982,4.6706,5.1097,18219909000.0,14.0556,2.9406,3.0,2.0,12.5,11.1003,8.675980459770114,22.10276545170108,-1.5855880952380954,13.532438957554469,30.7787459114712,-15.118027052792565
2002-04-05,31.110001,29.0646,-6.5747,19.08,16.7982,4.6872,5.1063,18284560877.739,14.0556,2.9406,3.0,2.0,12.5,11.1003,8.588833714285714,22.069291588679413,-1.808804761904762,13.378846891955144,30.658125302965125,-15.187651653859906
2002-04-08,31.190001,29.0646,-6.8144,19.1291,16.7618,4.6992,5.1057,18331579997.739,14.0556,2.9406,3.0,2.0,12.5,11.1003,8.501315340909091,22.036754152519,-2.0568230158730163,13.176559135253282,30.538069493428093,-15.233382151126298
2002-04-09,31.709999,29.0646,-8.3425,19.6408,16.7736,4.7777,5.1003,18637203102.261,14.0523,3.2136,3.0,2.0,12.5,12.5241,8.406152542372881,22.01050299222889,-2.302273015873016,13.000754621780487,30.416655534601773,-15.303027637653503
2002-04-10,32.970001,29.3146,-11.0871,20.0267,16.7982,4.9676,5.0949,19377755417.739,14.0523,3.0952,3.0,2.0,13.5,12.5241,8.296639887640449,21.996816246739137,-2.6346007936507942,12.679388966302756,30.293456134379586,-15.313989759953548
2002-04-11,32.400002,29.3146,-9.5228,19.6805,16.7982,4.8817,5.0899,19042744775.478,14.0523,3.0952,3.0,2.0,13.5,12.5241,8.197089944134078,21.975339247474288,-2.985070634920635,12.243759680810934,30.17242919160837,-15.22883031573157
2002-04-12,32.439999,29.3146,-9.6344,20.2295,16.7982,4.8877,5.0892,19066252572.261,14.0966,5.4287,4.0,2.0,13.5,12.6065,8.098026111111112,21.954137164390904,-3.291007142857143,11.917584165393135,30.05216327550201,-15.20859130825028
2002-04-15,32.32,29.3146,-9.2989,19.9297,16.7736,4.977,5.0845,18995724480.0,13.9176,5.3158,4.0,2.0,13.5,12.6065,8.001910497237569,21.931223522788244,-3.5653666666666672,11.649706579762457,29.93313402002581,-15.215073246429125
2002-04-16,32.700001,29.3146,-10.3529,20.164,16.7982,5.0355,5.0837,19219065887.739,13.9176,5.3158,4.0,2.0,13.5,12.6065,7.90105989010989,21.91283456902821,-3.835290476190476,11.405354478240003,29.813894459138098,-15.24064495443048
2002-04-17,32.669998,29.3146,-10.2706,20.1455,16.8228,5.0309,5.0828,19201431954.522,13.7794,5.1534,5.0,2.0,13.5,12.6065,7.801761202185792,21.89379892549167,-4.128150793650794,11.086116959467825,29.69556012767746,-15.214267753118616
2002-04-18,32.0,29.3146,-8.3919,19.7324,16.8228,4.9277,5.0819,18807648000.0,13.7794,5.1534,5.0,2.0,13.5,12.6065,7.7137521739130435,21.866510560347475,-4.416844444444445,10.710469176819922,29.58026273426052,-15.127313621264369
2002-04-19,32.130001,29.3146,-8.7625,19.8125,16.8228,4.9478,5.0764,18884054657.739,13.7794,5.1534,5.0,2.0,13.5,12.6065,7.624691351351351,21.840628709300784,-4.7633198412698405,10.118392147807077,29.465320060652136,-14.881711989076916
2002-04-22,32.0,28.736,-10.2,20.3123,16.7736,4.9277,5.0494,18807648000.0,13.7794,5.5298,5.0,2.0,13.5,12.6216,7.528859677419355,21.82069621806357,-5.102303968253969,9.55964927764533,29.34955589548293,-14.661953245899298
2002-04-23,32.299999,28.736,-11.0341,20.2001,16.7982,4.9739,5.0477,18983969112.261,13.7794,5.396,5.0,2.0,13.5,12.6216,7.429592513368983,21.80425573980268,-5.479545238095238,8.813628791662255,29.23384825317165,-14.293174029757491
2002-04-24,32.630001,29.3369,-10.0922,19.8769,16.7982,5.0248,5.0458,19177924157.739,13.7794,5.0602,5.0,2.0,13.5,12.5642,7.336391489361702,21.783393552265185,-5.794419047619048,8.241109569185149,29.119785041626887,-14.035528616804196
2002-04-25,32.580002,29.3369,-9.9543,20.1223,16.7982,5.0171,5.0439,19148537795.478,13.7794,5.1424,5.0,2.0,13.5,12.5642,7.244906349206349,21.761756672254343,-6.109669841269842,7.605067967299432,29.00666302146069,-13.714737808569271
2002-04-26,32.150002,29.3369,-8.7499,19.88,16.7982,4.9508,5.0355,18895810025.478,13.7794,5.1131,5.0,2.0,13.5,12.5642,7.160723157894736,21.735106728119405,-6.305638888888889,7.346008065816175,28.89582988601414,-13.651646954705065
2002-04-29,32.110001,29.3369,-8.6363,19.8553,16.7618,4.9447,5.0314,18872299877.739,13.7794,5.1131,5.0,2.0,13.5,12.5642,7.078016230366492,21.70794770835396,-6.47526507936508,7.146847712711636,28.78596393872045,-13.622112792076717
2002-04-30,33.310001,29.3369,-11.9277,20.5973,16.7736,5.1295,5.0331,19577586677.739,13.7794,5.1131,5.0,2.0,13.5,12.5642,6.979028125,21.694449396780428,-6.679478571428571,6.927012246117217,28.673477521780427,-13.606490817545788
2002-05-01,34.580002,29.3369,-15.1622,21.3826,16.7736,5.3258,5.0348,20324015795.478,13.707,4.8166,5.0,2.0,13.5,12.5642,6.864306735751296,21.696495327666263,-6.924126984126984,6.671218026746449,28.56080206341756,-13.595345010873434
2002-05-02,33.639999,29.3369,-12.7916,20.2846,16.7736,5.1635,5.0348,19771539372.261,13.9747,3.953,5.0,2.0,13.5,12.075,6.76298762886598,21.68617928296745,-7.119661111111111,6.474841864743594,28.44916691183344,-13.594502975854706
2002-05-03,33.349998,29.3369,-12.0333,20.1097,16.7736,5.1189,5.0348,19601094474.522,13.9747,3.9616,5.0,2.0,13.5,12.075,6.66659641025641,21.67205555059748,-7.298172222222222,6.293846523894825,28.33865196085389,-13.592018746117049
2002-05-06,32.549999,29.3369,-9.8713,19.5097,16.7501,5.0209,5.0309,19130903862.261,13.6337,5.1733,5.0,2.0,13.5,12.075,6.582219387755102,21.64866751464446,-7.425851587301588,6.179636870143601,28.23088690239956,-13.605488457445189
2002-05-07,31.549999,29.3369,-7.0146,18.9103,16.7618,4.8666,5.0283,18543164862.261,13.6337,5.1733,5.0,2.0,13.5,12.075,6.5132,21.61508969086369,-7.4979547619047615,6.120669412521631,28.12828969086369,-13.618624174426392
2002-05-08,31.799999,29.3369,-7.7456,18.8066,16.7736,4.9052,5.0257,18690099612.261,13.6337,5.1222,5.0,2.0,13.5,12.075,6.441185858585859,21.583959380669665,-7.6488015873015875,5.884295267519994,28.02514523925552,-13.533096854821585
2002-05-09,31.559999,29.3369,-7.044,18.6646,16.7736,4.8682,5.0248,18549042252.261,13.6337,5.1222,5.0,2.0,13.5,12.075,6.373421105527638,21.550597617506423,-7.67007619047619,5.877163426067827,27.924018723034063,-13.547239616544015
2002-05-10,30.93,29.5279,-4.5331,17.7422,16.7736,4.6571,5.0244,18178767270.0,13.8879,7.9881,4.0,2.0,13.5,14.0269,6.318888500000001,21.510211722452706,-7.760780952380952,5.737088724497386,27.829100222452706,-13.497869676878338
2002-05-13,31.860001,29.5279,-7.3198,18.2757,16.7501,4.7972,5.0196,18725365127.739,13.8879,7.9957,4.0,2.0,13.5,14.0269,6.251034328358208,21.477923647630973,-7.862384126984127,5.612693168131212,27.728957975989186,-13.47507729511534
2002-05-14,32.349998,29.5279,-8.7236,18.5568,16.7618,4.871,5.0184,19013355474.522,13.8879,7.9957,4.0,2.0,13.5,14.0269,6.176902475247525,21.450320993848745,-7.976861904761905,5.479362356287262,27.627223469096272,-13.456224261049169
2002-05-15,32.619999,29.5279,-9.4792,18.7116,16.7736,4.9116,5.0171,19172045592.261,13.8879,7.9957,4.0,2.0,13.5,14.0269,6.09977881773399,21.425357016954354,-8.102361111111112,5.327969076681687,27.525135834688346,-13.430330187792798
2002-05-16,32.91,29.5279,-10.2768,18.878,16.7736,4.9553,5.0088,19342490490.0,13.8879,7.9957,4.0,2.0,13.5,14.0269,6.019501470588235,21.40325399652473,-8.197284126984126,5.258316543768242,27.422755467112964,-13.455600670752368
2002-05-17,32.68,29.5279,-9.6453,18.7461,16.7736,4.9206,5.0042,19207310520.0,13.8879,7.9957,4.0,2.0,13.5,14.0269,5.943087804878049,21.378744159300407,-8.296938095238097,5.164250858567765,27.321831964178457,-13.461188953805864
2002-05-20,31.889999,29.5279,-7.407,18.2929,16.7501,4.8017,5.0017,18742996122.261,13.8879,7.9957,4.0,2.0,13.5,14.0269,5.878281553398058,21.346811362770485,-8.361142063492062,5.101626850272104,27.225092916168546,-13.462768913764164
2002-05-21,31.809999,29.5279,-7.1742,18.247,16.7501,4.7896,4.9839,18695977002.261,13.8879,7.9957,4.0,2.0,13.5,14.0269,5.815226086956522,21.3142514760447,-8.416946031746033,5.049199159734629,27.12947756300122,-13.466145191480662
2002-05-22,31.35,29.5279,-5.8121,17.9831,16.7618,4.7204,4.9804,18425617650.0,13.8879,7.9957,4.0,2.0,13.5,14.0269,5.75932548076923,21.277984339137817,-8.444319047619048,5.025410057596797,27.037309819907048,-13.469729105215844
2002-05-23,31.280001,29.5279,-5.6013,17.943,16.7618,4.7098,4.9755,18384476507.739,13.8879,8.0454,4.0,2.0,13.5,14.0269,5.704968421052632,21.241314753509304,-8.476302380952381,4.994044559119897,26.94628317456193,-13.47034694007228
2002-05-24,30.950001,29.5279,-4.5948,17.7537,16.7618,4.6602,4.9722,18190522637.739,13.8879,8.232,4.0,2.0,13.5,14.0269,5.655921904761905,21.202353639882027,-8.521360317460317,4.93234198543587,26.85827554464393,-13.453702302896186
2002-05-28,30.76,29.5279,-4.0055,17.6447,16.7446,4.6315,4.9688,18078851640.0,13.8879,8.232,4.0,2.0,13.5,14.0269,5.61013317535545,21.162266381232133,-8.55324365079365,4.889539665162777,26.772399556587583,-13.442783315956428
2002-05-29,30.610001,29.5279,-3.5351,17.5587,16.7501,4.609,4.9676,17990691377.739,13.8879,8.232,4.0,2.0,13.5,14.0269,5.566995283018867,21.121400351851687,-8.568942063492063,4.870034460171434,26.688395634870552,-13.438976523663497
2002-05-30,30.129999,29.2422,-2.9466,17.5103,16.7618,4.5367,4.965,17708575482.261,13.8879,8.4588,4.0,2.0,13.5,14.0269,5.527025352112676,21.079599887734965,-8.579366666666667,4.856455981754674,26.60662523984764,-13.43582264842134
2002-05-31,30.4,29.2422,-3.8086,17.6672,16.7618,4.5773,4.9589,17867265600.0,13.8879,8.4588,4.0,2.0,13.5,14.0269,5.483400934579439,21.039739651678723,-8.610425396825397,4.812790879727749,26.52314058625816,-13.423216276553145
2002-06-03,29.35,29.2422,-0.3673,17.057,16.7446,4.4192,4.9493,17250139650.0,13.8879,8.4588,4.0,2.0,13.5,14.0269,5.456188372093023,20.994315963163125,-8.611065079365078,4.811680926051888,26.45050433525615,-13.422746005416965
2002-06-04,29.4,29.2422,-0.5367,17.0861,16.7501,4.4268,4.9478,17279526600.0,13.8879,8.4588,4.0,2.0,13.5,14.0269,5.428443518518519,20.949403857879016,-8.59668253968254,4.8332090893580695,26.377847376397533,-13.42989162904061
2002-06-05,29.66,29.2422,-1.4086,17.2372,16.7618,4.4659,4.9473,17432338740.0,13.8879,8.351,4.0,2.0,13.5,14.0269,5.396936405529954,20.90600624518059,-8.586060317460317,4.847617386454242,26.30294265071054,-13.43367770391456
2002-06-06,29.27,29.2422,-0.095,17.0105,16.7618,4.4072,4.9458,17203120530.0,13.8879,8.351,4.0,2.0,13.5,14.0269,5.371744036697248,20.86109646142087,-8.564719047619048,4.879181165232035,26.23284049811812,-13.443900212851084
2002-06-07,29.530001,29.2422,-0.9746,17.3726,16.7618,4.5951,4.9437,17355933257.739,13.5722,8.211,4.0,2.0,13.5,14.0269,5.342765296803653,20.817612532966773,-8.51166507936508,4.9252303538465645,26.160377829770425,-13.436895433211646
2002-06-10,29.85,29.2422,-2.0362,17.5609,16.7618,4.6449,4.9395,17544009150.0,13.5722,8.211,4.0,2.0,13.5,14.0269,5.309224545454545,20.77598651100185,-8.456684126984127,4.958695869495002,26.0852110564564,-13.415379996479128
2002-06-11,29.440001,29.2422,-0.6719,17.3197,16.7736,4.58,4.9365,17303036747.739,13.5748,8.211,4.0,2.0,13.5,14.0269,5.282160633484163,20.732618763443924,-8.41255873015873,5.003191039267233,26.014779396928088,-13.415749769425965
2002-06-12,28.950001,29.2422,1.0093,17.0314,16.7982,4.5038,4.9335,17015044637.739,13.5748,8.211,4.0,2.0,13.5,14.0269,5.262913513513514,20.68764696565473,-8.315148412698411,5.066306670713708,25.95056047916824,-13.38145508341212
2002-06-13,28.83,29.2422,1.4298,16.9608,16.7982,4.4851,4.9305,16944515370.0,13.5748,8.211,4.0,2.0,13.5,14.0269,5.245724663677129,20.64259653337279,-8.225573015873016,5.138100470616236,25.88832119704992,-13.363673486489253
2002-06-14,28.450001,29.2422,2.7845,16.7373,16.7618,4.426,4.9296,16721175137.739,13.5748,8.211,4.0,2.0,13.5,14.0269,5.234737053571428,20.596917171895665,-8.12632380952381,5.228960975007303,25.83165422546709,-13.355284784531117
2002-06-17,29.190001,29.2422,0.1788,17.2273,16.7446,4.5642,4.9277,17156101997.739,13.1208,6.6021,4.0,2.0,13.5,13.2217,5.212266222222223,20.55365443873183,-8.042663492063493,5.277004661276818,25.76592066095405,-13.319668153340311
2002-06-18,29.08,29.2422,0.5578,17.1624,16.7501,4.547,4.9277,17091450120.0,13.1298,6.5029,4.0,2.0,13.5,13.1458,5.191671238938054,20.51026576710665,-7.941402380952381,5.318819923320871,25.701937006044705,-13.260222304273253
2002-06-19,29.440001,29.2422,-0.6719,17.3472,16.7618,4.6033,4.9277,17303036747.739,13.1298,6.4867,4.0,2.0,13.5,13.1458,5.165840528634361,20.46853893010052,-7.862107142857143,5.352290309348823,25.634379458734884,-13.214397452205963
2002-06-20,29.200001,30.161,3.2911,17.2028,16.7618,4.5739,4.9249,17192347388.779,13.1298,6.315,4.0,2.0,13.5,13.1458,5.15761798245614,20.423781665579067,-7.769442857142857,5.443466215439324,25.58139964803521,-13.212909072582182
2002-06-21,29.01,31.5096,8.6163,16.8281,16.7618,4.5441,4.9211,17080478790.0,13.1298,6.2009,4.0,2.0,13.5,13.1458,5.172721397379913,20.38022507549702,-7.630530158730159,5.634698551884024,25.552946472876933,-13.265228710614185
2002-06-24,28.5,31.5096,10.56,16.5323,16.7382,4.4642,4.9116,16780201500.0,13.1298,6.2009,4.0,2.0,13.5,13.1458,5.196144347826087,20.338780421195505,-7.469126984126984,5.859511898080485,25.5349247690216,-13.328638882207468
2002-06-25,27.860001,31.5096,13.0998,16.133,16.7373,4.3734,4.9084,16403383528.779,13.1066,6.1848,4.0,2.0,13.5,13.1458,5.230359307359307,20.30117889437839,-7.287826190476191,6.135469728275848,25.531538201737696,-13.42329591875204
2002-06-26,27.450001,31.5096,14.7891,15.8955,16.7366,4.3091,4.9052,16161984138.779,13.1066,6.1848,4.0,2.0,13.5,13.1458,5.271560775862069,20.266907806953544,-7.0938968253968255,6.438999674607118,25.53846858281561,-13.532896500003943
2002-06-27,27.700001,31.5096,13.7531,16.0403,16.7302,4.3483,4.9046,16309178888.779,13.1066,6.1848,4.0,2.0,13.5,13.1458,5.307962231759657,20.230813845347875,-6.906116666666667,6.696165630087172,25.53877607710753,-13.602282296753838
2002-06-28,27.690001,31.5096,13.7941,16.0215,16.715,4.3467,4.9025,16303291098.779,13.1067,6.1507,4.0,2.0,13.5,13.0417,5.344227777777777,20.194974417531743,-6.710597619047619,6.935719648560992,25.539202195309525,-13.646317267608612
2002-07-01,27.110001,31.5096,16.2287,15.6859,16.6998,4.2556,4.8985,15961799278.779,13.1067,6.1507,4.0,2.0,13.5,13.0417,5.390544680851064,20.164281133793324,-6.500471428571429,7.222834025105233,25.55482581464439,-13.723305453676662
2002-07-02,26.719999,31.5096,17.9252,15.4603,16.6972,4.1944,4.8977,15732174291.221,13.1067,6.1507,4.0,2.0,13.5,13.0417,5.443657627118644,20.137869322933813,-6.281954761904762,7.537695823235231,25.581526950052456,-13.819650585139993
2002-07-03,27.15,31.5096,16.0575,15.7091,16.6971,4.2619,4.8969,15985349850.0,13.1067,6.1507,4.0,2.0,13.5,13.0417,5.488441772151899,20.10698259922392,-6.089417460317461,7.793741227709154,25.59542437137582,-13.883158688026615
2002-07-05,28.219999,31.5096,11.657,16.3282,16.685,4.4299,4.8907,16615342791.221,13.1067,6.1507,4.0,2.0,13.5,13.0417,5.514360084033613,20.068501681023104,-5.932332539682539,7.950063756371605,25.58286176505672,-13.882396296054145
2002-07-08,28.15,31.5096,11.9346,16.2877,16.6682,4.4189,4.8877,16574128850.0,13.1067,6.1507,4.0,2.0,13.5,13.0417,5.541223012552301,20.03060212011572,-5.752279365079365,8.095604498218245,25.571825132668017,-13.84788386329761
2002-07-09,27.879999,31.5096,13.0187,16.1315,16.6676,4.3765,4.8877,16415157931.221,13.1067,6.1507,4.0,2.0,13.5,13.0417,5.572379166666667,19.994479861709767,-5.571427777777778,8.258062358424215,25.566859028376435,-13.829490136201994
2002-07-10,26.700001,31.5096,18.0135,15.4175,16.6543,4.1913,4.8847,15720399888.779,13.1067,6.1429,4.0,2.0,13.5,13.0004,5.624002074688796,19.968868896515,-5.3828492063492055,8.521120252612333,25.592870971203794,-13.903969458961535
2002-07-11,27.02,31.5096,16.6158,15.6023,16.6349,4.2415,4.8764,15908808580.0,13.1067,6.1429,4.0,2.0,13.5,13.0004,5.669422727272727,19.939919547743347,-5.227802380952381,8.741181956193051,25.60934227501608,-13.968984337145432
2002-07-12,27.129999,31.5096,16.143,15.6658,16.6288,4.2588,4.8705,15973573681.221,13.1067,6.1429,4.0,2.0,13.5,13.0004,5.712523868312757,19.910018530303567,-5.059279365079365,8.946126223203622,25.622542398616325,-14.005405588282986
2002-07-15,26.41,31.5096,19.3094,15.2491,16.6094,4.1458,4.8679,15549653390.0,13.1277,6.2276,4.0,2.0,13.5,13.0004,5.768248770491804,19.888067034766888,-4.884011904761905,9.203863384241306,25.656315805258693,-14.087875289003213
2002-07-16,26.299999,31.5096,19.8084,15.1856,16.591,4.1285,4.8676,15484887111.221,13.1277,6.2276,4.0,2.0,13.5,13.0004,5.825555510204081,19.86753028756302,-4.718347619047619,9.457510145036853,25.693085797767104,-14.17585776408447
2002-07-17,26.290001,31.5096,19.8539,15.1799,16.5841,4.1269,4.8671,15479000498.779,13.1277,6.2276,4.0,2.0,13.5,13.0004,5.882581300813008,19.847106594771454,-4.557152380952381,9.700689463560565,25.729687895584465,-14.257841844512946
2002-07-18,26.209999,32.9486,25.71,15.0382,16.5696,4.0151,4.8581,15431897001.221,12.9627,3.819,3.0,2.0,13.5,7.6871,5.962854251012146,19.846863606327908,-4.347964285714286,10.063090971199404,25.80971785734005,-14.411055256913688
2002-07-19,25.219999,33.546,33.0135,14.4726,16.5536,3.8634,4.8474,14849005791.221,12.9627,3.8178,3.0,2.0,13.5,7.6871,6.071929435483871,19.88099143550452,-4.042967460317461,10.598581860040207,25.952920870988383,-14.641549320357669
2002-07-22,24.1,33.546,39.195,13.8379,16.5323,3.6919,4.835,14189573900.0,12.9627,3.9054,3.0,2.0,13.5,7.6871,6.204953815261044,19.951597203524564,-3.7007261904761903,11.276876301467052,26.156551018785606,-14.977602491943244
2002-07-23,23.610001,31.2127,32.2012,13.4469,16.478,3.6168,4.8348,13901072778.779,12.9627,3.9296,3.0,2.0,13.5,7.6871,6.3089388,19.97925901209412,-3.423773809523809,11.721523544735524,26.28819781209412,-15.145297354259334
2002-07-24,25.5,31.2127,22.4027,14.6957,16.4623,3.9998,4.8347,15013864500.0,12.7335,3.9442,3.0,2.0,13.5,7.6871,6.3730573705179285,19.96511999643517,-3.214804761904762,11.94504590544456,26.338177366953104,-15.15985066734932
2002-07-25,25.15,31.2365,24.2008,14.42,16.4425,3.9449,4.8314,14807791850.0,12.7335,3.9284,3.0,2.0,13.5,7.6871,6.443802380952381,19.956932843792103,-2.9823119047619047,12.190747698641696,26.400735224744484,-15.1730596034036
2002-07-26,25.030001,31.2365,24.7962,14.3192,16.4222,3.9261,4.8168,14737138958.779,12.7335,3.93,3.0,2.0,13.5,7.9472,6.516341501976284,19.950688269646147,-2.725887301587301,12.432094626827698,26.467029771622432,-15.157981928415
2002-07-29,26.75,29.8826,11.7107,15.2084,16.3821,4.1842,4.8113,15749838250.0,13.303,6.0201,4.0,2.0,13.5,7.9472,6.536791732283465,19.913888301935096,-2.573315873015873,12.490695673413338,26.45068003421856,-15.06401154642921
2002-07-30,26.85,29.8826,11.2946,15.2652,16.3815,4.1998,4.8104,15808716150.0,13.303,6.0201,4.0,2.0,13.5,7.9472,6.555449803921569,19.87688223498284,-2.4243182539682544,12.543568850016522,26.4323320389044,-14.967887103984776
2002-07-31,26.5,29.8826,12.7645,14.5213,16.3815,4.1451,4.8096,15602643500.0,13.303,5.9712,4.0,2.0,13.5,8.1727,6.57970390625,19.841664950772905,-2.277201587301588,12.612503246267892,26.421368857022905,-14.889704833569482
2002-08-01,25.700001,29.8826,16.2747,14.083,16.38,4.02,4.8096,15131620888.779,13.303,5.9712,4.0,2.0,13.5,8.1727,6.617427626459143,19.812105926947822,-2.0889507936507936,12.711383081076583,26.42953355340697,-14.800333874727375
2002-08-02,23.940001,29.8826,24.8229,13.1185,16.3718,3.7447,4.8056,14095369848.779,13.303,5.903,4.0,2.0,13.5,8.1727,6.687991472868217,19.805980814563394,-1.8372293650793647,12.927670438596872,26.49397228743161,-14.764899803676236
2002-08-05,23.49,29.8826,27.2141,12.8564,16.3494,3.6743,4.7976,13830418710.0,13.303,5.8914,4.0,2.0,13.5,8.1727,6.767242857142857,19.80866339593724,-1.589781746031746,13.182510582940749,26.5759062530801,-14.772292328972494
2002-08-06,24.32,29.8826,22.8725,13.3107,16.3372,3.8041,4.7934,14319105280.0,13.303,5.8914,4.0,2.0,13.5,8.1727,6.8291861538461545,19.79559964778357,-1.3704103174603175,13.358011770264817,26.624785801629724,-14.728422087725132
2002-08-07,24.440001,29.8826,22.2692,13.238,16.3282,3.8229,4.7896,14389759348.779,13.303,5.9233,4.0,2.0,15.0,8.1727,6.888343295019157,19.78059595849708,-1.168102380952381,13.52177712828883,26.668939253516232,-14.689879509241212
2002-08-08,25.24,29.8826,18.3938,13.6713,16.3282,3.948,4.7799,14860781960.0,13.303,5.9893,4.0,2.0,15.0,8.1727,6.932257251908397,19.75545748031169,-1.002236507936508,13.63296609493683,26.68771473222009,-14.635202602873338
2002-08-09,24.950001,29.8826,19.7699,13.5142,16.3233,3.9027,4.7786,14690036638.779,13.303,6.0035,4.0,2.0,15.0,8.1727,6.981069581749049,19.733603939446,-0.7978357142857144,13.750233172454744,26.714673521195053,-14.54806888674046
2002-08-12,25.299999,29.8826,24.2751,13.6979,16.3047,3.872,4.7742,14896108111.221,13.303,6.0035,4.0,2.0,15.0,8.1727,7.046577272727273,19.724790254066946,-0.5728373015873016,13.92699526614259,26.77136752679421,-14.499832567729891
2002-08-13,24.51,31.4416,28.2807,13.2702,16.3014,3.7511,4.7713,14430973290.0,13.303,6.0035,4.0,2.0,15.0,8.1727,7.126706037735849,19.730561944172862,-0.306086507936508,14.15516328636788,26.85726798190872,-14.461249794304388
2002-08-14,24.959999,31.4416,25.968,13.4165,16.2946,3.6812,4.7698,14695923251.221,14.1764,8.3261,2.0,2.0,15.0,12.7341,7.197537969924812,19.727153922237424,-0.031302380952381,14.326812281020327,26.92469189216224,-14.358114661972708
2002-08-15,25.75,31.4416,22.1033,13.8411,16.2844,3.7977,4.759,15161059250.0,14.1764,8.3261,2.0,2.0,15.0,12.7341,7.25336479400749,19.711157587641733,0.2114380952380952,14.441134528554802,26.964522381649225,-14.229696433316706
2002-08-16,25.6,31.4416,22.8187,13.7605,16.2478,3.7756,4.744,15072742400.0,14.1764,8.3261,2.0,2.0,15.0,12.7341,7.311444402985074,19.697172245939857,0.437061111111111,14.570952793263595,27.00861664892493,-14.133891682152484
2002-08-19,26.440001,31.4416,18.9168,14.212,16.1532,3.8995,4.7342,15567317348.779,14.2491,8.4033,2.0,2.0,15.0,12.7341,7.354586988847584,19.673118670252126,0.6195230158730158,14.657706455574372,27.02770565909971,-14.038183439701356
2002-08-20,25.77,31.4416,22.0085,13.8668,16.139,3.8007,4.7329,15172834830.0,14.2491,8.4085,2.0,2.0,15.0,12.7341,7.40886074074074,19.656758173140805,0.8427904761904761,14.768016236927323,27.065618913881544,-13.925225760736849
2002-08-21,26.0,31.4416,20.9292,14.0807,16.1361,4.1634,4.7327,15308254000.0,13.3243,8.4384,2.0,2.0,15.0,12.7341,7.4587512915129155,19.63750523507176,1.0557507936507935,14.863114329661869,27.09625652658467,-13.807363536011074
2002-08-22,26.709999,31.4416,17.7147,14.4652,16.1361,4.2771,4.73,15726286501.221,13.3243,8.4384,2.0,2.0,15.0,12.7341,7.496456985294118,19.61110207615079,1.2503992063492062,14.919753852958832,27.107559061444903,-13.669354646609628
2002-08-23,26.389999,31.4416,19.1421,14.2919,16.133,4.2259,4.724,15537877221.221,13.3243,8.4384,2.0,2.0,15.0,12.7341,7.539115018315018,19.587704088689428,1.4620373015873014,14.983285584713322,27.126819107004444,-13.52124828312602
2002-08-26,26.35,31.4416,19.323,14.2702,16.1114,4.2195,4.7134,15514326650.0,13.3243,8.4384,2.0,2.0,15.0,12.7341,7.582121897810219,19.564752109679755,1.6869936507936507,15.037310669944938,27.146874007489973,-13.350317019151287
2002-08-27,25.9,31.4416,21.3961,14.0265,16.1102,4.1474,4.7128,15249376100.0,13.3243,8.4384,2.0,2.0,15.0,12.7341,7.632354545454546,19.546775494737886,1.931380952380952,15.10580398704931,27.17913004019244,-13.174423034668358
2002-08-28,25.0,31.4416,25.7664,13.5391,16.1091,4.0033,4.7113,14719475000.0,13.3243,8.4384,2.0,2.0,15.0,12.7341,7.698057608695652,19.54171245649898,2.2267896825396822,15.20554608465126,27.23977006519464,-12.978756402111578
2002-08-29,24.360001,31.4416,29.0706,13.1925,16.0793,3.9008,4.7095,14342657028.779,13.3243,8.4384,2.0,2.0,15.0,12.7341,7.775214801444044,19.54850258353411,2.5696492063492062,15.320397574448252,27.32371738497816,-12.750748368099046
2002-08-30,24.469999,31.4416,28.4904,13.2521,16.0793,3.9184,4.7087,14407421541.221,13.3243,8.4384,2.0,2.0,15.0,12.7341,7.849729856115107,19.55269713766713,2.9218992063492064,15.402519496620023,27.40242699378224,-12.480620290270815
2002-09-03,23.35,31.4416,24.9482,12.9809,16.0215,3.816,4.7023,13747989650.0,13.3243,8.4384,2.0,2.0,15.0,12.7341,7.911014695340501,19.54432485000761,3.2542976190476187,15.422497974590067,27.45533954534812,-12.16820035554245
2002-09-04,24.0,31.4416,21.5642,13.3422,16.0116,3.9222,4.7002,14130696000.0,13.3243,3.9088,2.0,2.0,15.0,12.7341,7.95977607142857,19.5263226371884,3.5759777777777777,15.37792871985505,27.486098708616968,-11.801950942077273
2002-09-05,23.5,29.1816,24.177,13.0643,15.9982,3.8405,4.6992,13836306500.0,13.3243,3.9088,2.0,2.0,15.0,12.7341,8.017488612099644,19.5154171969482,3.930871428571429,15.332855664027417,27.53290580904784,-11.401984235455988
2002-09-06,24.200001,29.1816,20.5851,13.4534,15.9939,3.9549,4.6989,14248452388.779,13.3243,3.9088,2.0,2.0,15.0,12.7341,8.062054609929078,19.495031496938285,4.2785,15.208480943136976,27.557086106867363,-10.929980943136975
2002-09-09,24.309999,29.1816,20.0395,13.5146,15.9589,3.9729,4.6846,14313216901.221,13.3243,3.9088,2.0,2.0,15.0,12.7341,8.1043777385159,19.47345523574452,4.609188888888888,15.093245237333026,27.577832974260414,-10.484056348444138
2002-09-10,25.200001,30.3776,20.546,14.021,15.9578,4.1183,4.6819,14837231388.779,13.3243,3.8813,3.0,2.0,15.0,12.7341,8.148186267605633,19.45303380030705,4.9301603174603175,14.997662132740995,27.601220067912685,-10.06750181528068
2002-09-11,25.6,30.3776,18.6625,14.2682,15.9567,4.1837,4.6762,15072742400.0,13.4084,3.877,3.0,2.0,15.0,12.7341,8.185078596491229,19.42874043581264,5.240489682539683,14.87254711076933,27.61381903230388,-9.632057428229649
2002-09-12,24.83,29.2232,17.6931,13.8398,15.9435,4.0212,4.6654,14619382570.0,14.4649,3.8574,3.0,2.0,15.0,12.7341,8.218323426573427,19.402772236032256,5.540876984126984,14.737113407905449,27.621095662605683,-9.196236423778462
2002-09-13,25.42,29.2232,14.9614,14.1687,15.9199,4.1167,4.6586,14966762180.0,14.4649,3.9161,3.0,2.0,15.0,12.7341,8.241818466898954,19.372910961519946,5.854476984126984,14.510293024262,27.614729428418897,-8.655816040135017
2002-09-16,25.42,29.2232,14.9614,14.1687,15.8955,4.1167,4.6409,14966762180.0,14.4649,3.9161,3.0,2.0,15.0,12.7341,8.265150347222223,19.34318382182051,6.127597619047618,14.35317522870235,27.60833416904273,-8.225577609654732
2002-09-17,24.9,29.2232,17.3622,13.8096,15.888,4.0468,4.6369,14660597100.0,14.0666,4.1143,3.0,3.0,13.3333,12.7341,8.296628027681662,19.316986100954125,6.413887301587302,14.212859766051237,27.61361412863579,-7.798972464463933
2002-09-18,24.75,29.2232,18.0735,13.763,15.8806,4.1214,4.6342,14572280250.0,13.2186,5.8766,4.0,3.0,13.3333,6.7238,8.330341379310346,19.29208129475236,6.680707936507936,14.112524026968988,27.622422674062705,-7.4318160904610515
2002-09-19,23.299999,27.2551,16.9747,12.9444,15.858,4.16,4.63,13718550111.221,12.9365,5.8755,4.0,3.0,13.3333,6.6311,8.360047079037802,19.26545594891908,6.893692857142858,14.063292944247056,27.62550302795688,-7.169600087104199
2002-09-20,25.18,27.2551,8.2411,13.8817,15.8235,4.1519,4.6187,14803750060.0,13.29,5.7008,4.0,3.0,13.3333,6.6311,8.359639726027398,19.232326563370712,7.012371428571429,14.010550635179817,27.59196628939811,-6.998179206608388
2002-09-23,25.700001,27.2551,6.051,14.1684,15.8008,4.2376,4.604,15109467487.917,13.29,5.7008,4.0,3.0,13.3333,6.6311,8.351760409556313,19.199839974500858,7.099654761904762,13.969648833751604,27.55160038405717,-6.869994071846842
2002-09-24,24.5,27.2551,11.2453,13.5284,15.768,4.0406,4.6033,14403966500.0,13.2853,5.6696,4.0,3.0,13.3333,6.6311,8.36160238095238,19.16779061749878,7.236400793650793,13.924802610613904,27.52939299845116,-6.688401816963111
2002-09-25,25.4,27.2551,7.3035,14.3187,15.7351,4.1868,4.5997,14933091800.0,13.8587,6.0389,3.0,3.0,13.3333,10.9205,8.358015593220339,19.135263734919523,7.355125396825396,13.860437738812951,27.493279328139863,-6.505312341987556
2002-09-26,25.6,27.2551,6.4652,14.4315,15.7248,4.2198,4.5956,15050675200.0,13.8587,6.0389,3.0,3.0,13.3333,10.9205,8.351620945945946,19.103120359119806,7.467646031746031,13.794530267323514,27.454741305065752,-6.326884235577484
2002-09-27,25.6,27.2551,6.4652,14.4315,15.7206,4.2198,4.5951,15050675200.0,13.8587,6.0389,3.0,3.0,13.3333,10.9205,8.345269360269361,19.071138410571432,7.575425396825397,13.732595043745748,27.41640777084079,-6.157169646920352
2002-09-30,25.1,27.2551,8.5861,14.3004,15.7103,4.1378,4.588,14756716700.0,13.3218,5.6528,4.0,3.0,13.3333,11.5129,8.346077516778523,19.039010157175937,7.685909523809524,13.683808750843786,27.38508767395446,-5.997899227034262
2002-10-01,25.110001,27.2551,8.5428,14.3061,15.7097,4.1395,4.5839,14762596457.917,13.3218,5.6528,4.0,3.0,13.3333,11.5129,8.346735451505015,19.007042069805863,7.776270634920634,13.651280255730276,27.35377752131088,-5.875009620809641
2002-10-02,24.299999,27.2551,12.1609,13.9945,15.7091,4.006,4.582,14286382512.083,13.3218,5.7002,4.0,3.0,13.3333,11.5129,8.359449333333334,18.97650884848304,7.92233492063492,13.598433090213415,27.33595818181637,-5.6760981695784976
2002-10-03,24.129999,27.1123,12.3593,13.8966,15.6859,3.9779,4.5786,14186436622.083,13.3218,5.6708,4.0,3.0,13.3333,11.5129,8.372737873754154,18.94625769451304,8.072604761904762,13.541447556912724,27.318995568267187,-5.468842795007962
2002-10-04,23.68,28.3812,19.853,13.6327,15.6658,3.9037,4.5756,13921874560.0,13.3218,5.71,4.0,3.0,13.3333,11.5129,8.410751986754967,18.92629208820065,8.284250793650795,13.51528349502887,27.337044074955617,-5.231032701378075
2002-10-07,22.299999,29.1442,30.6915,12.6467,15.6499,3.6763,4.5698,13110548512.083,13.3218,5.666,4.0,3.0,13.3333,11.5129,8.484285808580859,18.938236798601327,8.594044444444444,13.578337006732797,27.422522607182188,-4.984292562288351
2002-10-08,23.790001,29.1442,22.5061,13.295,15.6263,4.2458,4.5664,13986546017.917,13.0875,5.7516,4.0,3.0,13.3333,11.5129,8.530410197368422,18.92405545324661,8.860657142857143,13.518475048018878,27.454465650615028,-4.657817905161735
2002-10-09,22.870001,29.1442,27.4342,12.7808,15.6027,4.0816,4.5653,13445662377.917,13.0875,5.7516,4.0,3.0,13.3333,11.5129,8.592389836065573,18.92388699383896,9.153966666666664,13.517346221994924,27.51627682990453,-4.363379555328258
2002-10-10,22.92,30.7676,34.2391,12.4837,15.6023,4.0391,4.5556,13475057640.0,14.0159,10.6379,4.0,3.0,13.3333,17.7886,8.676202614379086,18.949640586815928,9.502169047619049,13.594356313073256,27.62584320119501,-4.092187265454209
2002-10-11,24.469999,30.7676,25.736,13.3417,15.589,4.3189,4.5456,14386328402.083,13.8892,10.4801,4.0,3.0,13.3333,17.7886,8.731771986970685,18.943689913535675,9.780223809523813,13.564993444931291,27.67546190050636,-3.784769635407482
2002-10-14,23.969999,30.7676,28.3588,13.0998,15.5581,4.2559,4.5384,14092369902.083,13.6349,10.0894,5.0,3.0,13.3333,17.7886,8.795496103896104,18.94584826426169,10.087459523809525,13.54372418421569,27.7413443681578,-3.456264660406166
2002-10-15,24.290001,30.7676,26.6678,13.2747,15.5556,4.3127,4.5367,14280504517.917,13.6349,10.0894,5.0,3.0,12.3333,17.7886,8.853335275080907,18.942372589312978,10.380621428571429,13.499240354417632,27.795707864393883,-3.1186189258462047
2002-10-16,24.040001,30.7676,27.985,13.138,15.553,4.2683,4.5358,14133525267.917,13.6349,10.0894,5.0,3.0,12.3333,17.7886,8.915050322580644,18.942887378609665,10.669326984126984,13.483527917950347,27.85793770119031,-2.814200933823363
2002-10-17,24.41,30.7676,26.0451,13.3403,15.5449,4.334,4.5318,14351053970.0,13.6349,10.0894,5.0,3.0,12.3333,17.7886,8.970130868167203,18.93723815585814,10.945577777777777,13.438718244843985,27.907369024025343,-2.4931404670662083
2002-10-18,24.58,30.7676,25.1733,13.4332,15.536,4.3642,4.5281,14450999860.0,13.6349,10.0894,5.0,3.0,12.3333,17.7886,9.022064102564103,18.929008326693168,11.226318253968254,13.362710925864723,27.95107242925728,-2.136392671896472
2002-10-21,25.370001,30.7676,21.2755,13.8301,15.535,4.485,4.5081,14915454877.917,13.995,10.6645,5.0,3.0,12.3333,18.6711,9.0612124600639,18.911336206296177,11.482743650793651,13.24158003924002,27.97254866636008,-1.758836388446369
2002-10-22,25.200001,30.7676,22.0936,13.3588,15.5348,4.4549,4.506,14815508987.917,13.995,10.7268,5.0,3.0,12.3333,18.6711,9.10271687898089,18.895420697235007,11.738186507936508,13.132043462665544,27.998137576215896,-1.3938569547290367
2002-10-23,26.0,30.8028,18.4723,13.8056,15.521,4.5964,4.5081,15285842000.0,13.995,10.8522,5.0,3.0,12.3333,18.6711,9.132461587301586,18.87269346376268,11.963794444444444,12.999905148954328,28.005155051064264,-1.036110704509884
2002-10-24,25.66,30.8028,20.0421,13.6019,15.5018,4.5363,4.5081,15085950220.0,13.995,10.8457,5.0,3.0,12.3333,18.6711,9.16698575949367,18.852704825289106,12.19230238095238,12.885438112172771,28.019690584782776,-0.6931357312203925
2002-10-25,27.33,30.8028,12.7069,14.4871,15.4783,4.8315,4.5081,16067771610.0,13.995,10.789,5.0,3.0,12.3333,18.6711,9.178152681388012,18.82390098160037,12.361692857142858,12.7490025387349,28.00205366298839,-0.3873096815920434
2002-10-28,26.65,30.8028,15.5827,14.1267,15.4331,4.7113,4.5038,15667988050.0,13.995,10.789,5.0,3.0,12.3333,18.6711,9.198292767295598,18.79761811698236,12.580029365079366,12.563925174422648,27.99591088427796,0.0161041906567174
2002-10-29,26.860001,30.8028,14.6791,14.238,15.4175,4.7484,4.5038,15791451207.917,13.995,10.789,5.0,3.0,12.3333,18.6711,9.215473981191222,18.77054737790081,12.81686507936508,12.315594762851331,27.986021359092035,0.5012703165137484
2002-10-30,26.639999,30.8028,15.6261,14.2194,15.4114,4.7095,4.506,15662108292.083,13.995,9.9394,5.0,3.0,12.3333,18.6711,9.2355071875,18.74452935364101,13.042402380952382,12.10121427331632,27.98003654114101,0.9411881076360622
2002-10-31,26.120001,30.8028,17.928,13.9418,15.3994,4.6176,4.506,15356392627.917,13.995,9.9394,5.0,3.0,12.3333,18.6711,9.26258660436137,18.72150572233144,13.280190476190477,11.897185258649582,27.98409232669281,1.3830052175408944
2002-11-01,27.09,30.8028,13.7054,14.4596,15.3715,4.7891,4.506,15926671530.0,13.995,9.9394,5.0,3.0,12.3333,18.6711,9.276384161490682,18.693961389816607,13.467307142857145,11.714146945700694,27.97034555130729,1.7531601971564488
2002-11-04,28.469999,30.8028,8.1939,15.1348,15.2814,5.0329,4.5015,16737996402.083,13.9969,9.9686,5.0,3.0,12.3333,18.6644,9.273032817337462,18.665008108699062,13.588009523809523,11.578987670330635,27.938040926036525,2.009021853478888
2002-11-05,29.219999,30.8028,5.4168,15.5335,15.3054,5.1655,4.5038,17178934152.083,13.9969,9.9686,5.0,3.0,12.3333,18.6644,9.261130864197533,18.63732386162261,13.692473015873016,11.443562456930374,27.898454725820137,2.248910558942642
2002-11-06,29.76,30.8028,3.504,15.8205,15.3295,5.2609,4.506,17496409920.0,13.9969,9.9686,5.0,3.0,12.3333,18.6644,9.243416615384616,18.611280357942743,13.7761873015873,11.328657771926814,27.85469697332736,2.447529529660488
2002-11-07,28.82,30.8028,6.8799,15.3764,15.3295,5.0948,4.506,16943767940.0,13.9969,10.0003,5.0,3.0,12.3333,18.6644,9.236166564417177,18.583086619599147,13.866766666666669,11.226257028570132,27.81925318401633,2.6405096380965336
2002-11-08,29.139999,30.8028,5.7062,15.5471,15.3295,5.1513,4.506,17131900792.083,13.9969,10.0003,5.0,3.0,12.3333,18.6644,9.225371559633029,18.555589897365685,13.97014761904762,11.088727054032605,27.78096145699871,2.881420565015014
2002-11-11,28.32,30.8028,8.7669,14.8763,15.2782,4.9033,4.5038,16649809440.0,13.9969,10.0003,5.0,3.0,12.3333,18.6644,9.223973780487803,18.52721300565536,14.10896111111111,10.910407195795942,27.751186786143165,3.198553915315168
2002-11-12,28.48,30.8028,8.1559,14.9603,15.2751,4.931,4.506,16743876160.0,13.9969,10.0003,5.0,3.0,12.3333,18.6644,9.2207273556231,18.499042462751977,14.24892222222222,10.716787769124783,27.71976981837508,3.532134453097438
2002-11-13,28.780001,30.8028,7.0285,15.1179,15.2702,4.983,4.5081,16920251847.917,13.9969,10.0003,5.0,3.0,12.3333,18.6644,9.214084242424242,18.4713012368031,14.386265873015873,10.508830262031372,27.685385479227342,3.877435610984501
2002-11-14,28.889999,30.8028,6.621,15.1757,15.2572,5.002,4.5081,16984921542.083,13.9969,10.0003,5.0,3.0,12.3333,18.6644,9.206250151057402,18.44384390174077,14.515363492063493,10.309266681851664,27.65009405279817,4.206096810211827
2002-11-15,29.389999,30.8028,4.8071,15.4384,15.2572,5.0886,4.5081,17278880042.083,13.9969,10.0003,5.0,3.0,12.3333,18.6644,9.19299969879518,18.417544581892887,14.612300793650792,10.157794562502222,27.610544280688067,4.454506231148571
2002-11-18,28.780001,30.16,4.795,14.9927,15.2487,4.983,4.506,16920251847.917,14.0664,10.9287,5.0,3.0,12.3333,19.099,9.179792492492492,18.391365611379147,14.707294444444443,10.007273185752911,27.57115810387164,4.700021258691532
2002-11-19,28.040001,30.16,7.5606,14.6156,15.2418,4.8548,4.5081,16485193267.917,14.0664,10.9378,5.0,3.0,12.3333,19.099,9.174944610778445,18.36394391124116,14.813426984126984,9.85770764074013,27.5388885220196,4.955719343386853
2002-11-20,27.83,30.16,8.3723,14.5061,15.235,4.8185,4.5178,16361730110.0,14.0664,10.9378,5.0,3.0,12.3333,19.099,9.17254865671642,18.33648480856626,14.924328571428571,9.70359823399843,27.50903346528268,5.22073033743014
2002-11-21,29.09,30.16,3.6782,15.1629,15.2287,5.0366,4.5178,17102505530.0,14.0664,10.9378,5.0,3.0,12.3333,19.099,9.156196428571429,18.311549859602376,14.989987301587302,9.597880252989082,27.467746288173807,5.39210704859822
2002-11-22,28.709999,30.16,5.0505,14.8318,15.2174,4.6987,4.5178,16879096482.083,14.3287,10.9183,5.0,3.0,12.3333,19.099,9.144013353115726,18.28564801517276,15.061860317460315,9.487771985793769,27.429661368288485,5.57408833166655
2002-11-25,28.370001,30.16,6.3095,14.6562,15.2084,4.6431,4.506,16679205877.917,14.3287,10.9183,5.0,3.0,12.3333,19.099,9.135627218934912,18.25914875241174,15.139992063492064,9.373244842248432,27.39477597134665,5.76674722124363
2002-11-26,27.33,30.16,10.3549,14.0905,15.2078,4.4729,4.5038,16067771610.0,14.3287,10.9247,5.0,3.0,12.3333,19.099,9.13922389380531,18.23223843289719,15.245559523809524,9.24189718493064,27.3714623267025,6.003662338878884
2002-11-27,28.26,30.16,6.7233,14.57,15.2072,4.6251,4.506,16614534420.0,14.4249,10.847,5.0,3.0,12.3333,19.099,9.13211823529412,18.205798834546464,15.329146031746031,9.114941814227036,27.337917069840582,6.214204217518997
2002-11-29,28.049999,30.16,7.5223,14.4194,15.1888,4.6104,4.5038,16491071262.083,14.337,10.7333,5.0,3.0,12.3333,19.1544,9.127397360703812,18.179214910016107,15.391761904761903,9.032981765657311,27.30661227071992,6.358780139104594
2002-12-02,27.66,30.39,9.8698,14.2233,15.1799,4.5463,4.4992,16261784220.0,14.337,10.677,5.0,3.0,12.3333,19.1544,9.12956812865497,18.152583988624173,15.474353174603172,8.933201722076477,27.282152117279143,6.541151452526696
2002-12-03,26.9,30.39,12.974,13.8325,15.1757,4.3208,4.4851,15814967300.0,14.4132,10.677,5.0,3.0,12.3333,19.1544,9.14077638483965,18.12721426121952,15.588500793650796,8.806741755936736,27.267990646059165,6.781759037714059
2002-12-04,27.299999,30.39,11.3187,14.0382,15.1693,4.385,4.485,16050133512.083,14.4132,10.677,5.0,3.0,12.3333,19.1544,9.147107558139536,18.101151348844144,15.679085714285716,8.702212425370606,27.24825890698368,6.97687328891511
2002-12-05,26.790001,30.39,13.4378,13.7759,15.1488,4.3031,4.4802,15750297017.917,14.4132,10.677,5.0,3.0,12.3333,19.1544,9.159544347826088,18.076298481129115,15.79346984126984,8.575356412896403,27.235842828955203,7.218113428373439
2002-12-06,26.969999,30.39,12.6808,13.8685,15.1345,4.332,4.4742,15856120902.083,14.4132,10.677,5.0,3.0,12.3333,19.1544,9.169721387283236,18.051074589823383,15.910271428571429,8.429550317286054,27.220795977106626,7.480721111285373
2002-12-09,26.02,30.39,16.7948,13.38,15.1179,4.1794,4.4671,15297600340.0,14.4132,10.677,5.0,3.0,12.3333,19.1544,9.19169567723343,18.029617624680977,16.048896031746033,8.297256166279574,27.221313301914407,7.751639865466458
2002-12-10,26.25,30.39,15.7714,13.4982,15.1042,4.2164,4.4659,15432821250.0,14.4132,10.6793,5.0,3.0,12.3333,19.1544,9.210602873563218,18.007074238324925,16.166055555555555,8.186679678966874,27.217677111888143,7.979375876588682
2002-12-11,26.4,30.39,15.1136,13.5754,15.0905,4.2405,4.4653,15521008800.0,14.4132,10.6793,5.0,3.0,12.3333,19.1544,9.227516905444126,17.983959510124883,16.274657142857144,8.079693000726502,27.21147641556901,8.194964142130642
2002-12-12,26.370001,30.39,15.2446,13.5328,15.085,4.2413,4.4647,15503371877.917,14.4871,10.5279,5.0,3.0,12.3333,18.8991,9.244708571428571,17.961055939213587,16.373546825396822,7.989004631814286,27.20576451064216,8.384542193582536
2002-12-13,25.959999,30.39,17.0647,13.3224,15.0768,4.1754,4.4642,15262324732.083,14.4871,10.5279,5.0,3.0,12.3333,18.8991,9.266987749287749,17.940235240578836,16.507561904761904,7.855682925697638,27.207222989866587,8.651878979064264
2002-12-16,26.459999,31.015,17.2147,13.5366,15.0714,4.077,4.4606,15556283232.083,14.7094,10.5163,5.0,3.0,12.3333,18.8688,9.289566477272729,17.91966886803472,16.639759523809524,7.724181466321776,27.209235345307448,8.915578057487746
2002-12-17,26.309999,31.015,17.8829,13.4599,15.0687,4.0539,4.4578,15468095682.083,14.7094,10.5163,5.0,3.0,12.3333,18.8688,9.313910198300285,17.900041029557418,16.787019841269842,7.5667651596282175,27.2139512278577,9.220254681641624
2002-12-18,26.48,31.015,17.1261,13.5468,15.0648,4.0801,4.4549,15568042160.0,14.7094,10.4669,5.0,4.0,13.5,18.8688,9.335978531073447,17.879490754749412,16.89682142857143,7.469108589732606,27.21546928582286,9.427712838838826
2002-12-19,25.469999,31.015,21.7707,13.0315,15.06,3.7306,4.4504,14971163532.204,22.6852,10.9446,7.0,4.0,13.5,18.8688,9.371005915492958,17.866412771859288,17.00122142857143,7.444333269537132,27.23741868735225,9.556888159034298
2002-12-20,25.559999,31.015,21.3419,13.1299,15.0486,3.7623,4.4361,15024065172.204,22.7021,10.9332,7.0,4.0,13.5,18.8565,9.40463202247191,17.852508519755133,17.086792063492066,7.431657565540595,27.25714054222704,9.65513449795147
2002-12-23,25.07,31.015,23.7136,12.8782,15.0196,3.6901,4.4299,14736045720.0,22.7021,10.9332,7.0,4.0,13.5,18.8565,9.444713165266108,17.843495219264376,17.171028571428575,7.446242638913763,27.288208384530485,9.724785932514813
2002-12-24,25.120001,31.015,23.4674,12.9225,15.0189,3.6469,4.4284,14765436107.796,22.6589,11.2551,8.0,4.0,13.5,18.8565,9.483882681564246,17.83389284087968,17.23990396825397,7.46414853431417,27.317775522443927,9.7757554339398
2002-12-26,25.120001,31.015,23.4674,12.9225,15.0093,3.6469,4.426,14765436107.796,22.6589,11.2551,8.0,4.0,13.5,18.8565,9.522833983286908,17.824253380463514,17.317001587301586,7.47800193811139,27.347087363750425,9.838999649190196
2002-12-27,24.559999,31.015,26.2826,12.6559,14.9988,3.5656,4.4217,14436269172.204,22.6589,11.2514,8.0,4.0,13.5,18.8565,9.56938888888889,17.821315566270027,17.416116666666667,7.513612949272823,27.39070445515892,9.902503717393843
2002-12-30,24.77,31.015,25.2119,12.7641,14.9888,3.5961,4.4189,14559706920.0,22.6589,11.2514,8.0,4.0,13.5,18.8565,9.612719944598338,17.81557955237778,17.487411904761906,7.544810806901482,27.42829949697612,9.942601097860424
2002-12-31,24.950001,31.015,24.3086,12.8568,14.9849,3.6222,4.413,14665510787.796,22.6589,11.2514,8.0,4.0,13.5,18.8565,9.653316298342542,17.807646215964283,17.538073809523812,7.569166304107,27.460962514306825,9.968907505416812
2003-01-02,25.629999,31.015,21.0105,13.2073,14.9603,3.7209,4.4054,15065210892.204,22.6589,11.2514,8.0,4.0,13.5,18.8565,9.684603305785124,17.793020972149396,17.577383333333334,7.574275285292994,27.47762427793452,10.00310804804034
2003-01-03,26.049999,31.015,19.0595,13.4237,14.9453,3.7819,4.4036,15312085212.204,22.6589,11.2514,8.0,4.0,13.5,18.8565,9.710358516483517,17.775288875285398,17.636133333333333,7.556674716460955,27.485647391768914,10.07945861687238
2003-01-06,25.76,31.015,20.3998,13.2742,14.8934,3.7398,4.3808,15141624960.0,22.6589,11.2514,8.0,4.0,13.5,18.8565,9.739644657534246,17.75967124287977,17.70331746031746,7.543197327564283,27.49931590041401,10.160120132753178
2003-01-07,25.77,31.13,20.7994,13.1513,14.886,3.7413,4.3765,15147502920.0,22.6589,11.2809,8.0,4.0,13.5,18.9522,9.76986256830601,17.744745688224818,17.765069047619047,7.536385264084801,27.514608256530828,10.228683783534246
2003-01-08,25.16,31.13,23.7281,12.84,14.8849,3.6527,4.375,14788947360.0,22.6589,11.2809,8.0,4.0,13.5,18.9522,9.80789591280654,17.735460553760642,17.810423015873017,7.555064365842708,27.543356466567182,10.25535865003031
2003-01-09,24.91,31.13,24.9699,12.7124,14.8763,3.6164,4.373,14641998360.0,22.6589,11.2809,8.0,4.0,13.5,18.9522,9.849097010869563,17.728907952070497,17.876725396825396,7.581109040935243,27.578004962940064,10.295616355890154
2003-01-10,24.950001,31.13,24.7695,12.7328,14.8763,3.6222,4.3684,14665510787.796,22.6589,11.2809,8.0,4.0,13.5,18.9522,9.889531707317074,17.7218329900393,17.945189682539684,7.604243929352408,27.61136469735637,10.340945753187276
2003-01-13,24.9,31.13,25.0201,12.7073,14.8849,3.615,4.3684,14636120400.0,22.6589,11.2809,8.0,4.0,13.5,18.9522,9.930425135135136,17.715275473446592,17.990512698412697,7.629416846496048,27.645700608581727,10.361095851916648
2003-01-14,24.99,31.13,24.5698,12.7533,14.8806,3.628,4.3642,14689022040.0,22.6589,11.2809,8.0,4.0,13.5,18.9522,9.96988436657682,17.707638231267058,18.028301587301588,7.650256234317757,27.677522597843875,10.37804535298383
2003-01-15,24.950001,31.13,24.7695,12.7654,14.8763,3.6222,4.3624,14665510787.796,22.6589,11.2738,8.0,4.0,13.5,18.9522,10.009668279569892,17.70039722521407,18.06731428571429,7.672142716083592,27.71006550478396,10.395171569630694
2003-01-16,25.18,31.13,23.6299,12.8831,14.8552,3.6556,4.3605,14800703280.0,22.6589,11.2738,8.0,4.0,13.5,18.9522,10.0461836461126,17.69065274272804,18.05080555555556,7.657790337733799,27.736836388840644,10.393015217821755
2003-01-17,25.139999,31.5174,25.3675,12.8396,14.8552,3.6533,4.3605,14777190852.204,22.5927,11.3842,8.0,4.0,13.5,19.0784,10.08714973262032,17.684677439580973,17.990123015873017,7.568041712857182,27.77182717220129,10.422081303015837
2003-01-21,24.549999,31.5174,28.3805,12.5383,14.8806,3.5675,4.3642,14430391212.204,25.73,12.0022,9.0,4.0,13.5,19.0784,10.135932,17.68626538132644,17.90429365079365,7.384736607481651,27.82219738132644,10.519557043312
2003-01-22,24.41,31.5174,29.1168,12.4706,14.8763,3.5472,4.3624,14348100360.0,27.1641,11.8619,10.0,4.0,13.5,19.0784,10.186413031914894,17.689771422688025,17.879814285714286,7.341953477681162,27.87618445460292,10.537860808033123
2003-01-23,24.42,31.5174,29.0639,12.4757,14.8763,3.5487,4.3624,14353978320.0,27.1641,11.8619,10.0,4.0,13.5,19.0876,10.236485941644563,17.692964939041087,17.93268095238095,7.398545928056034,27.92945088068565,10.534135024324916
2003-01-24,24.5,31.5174,28.6424,12.5166,14.8763,3.5603,4.3624,14401002000.0,27.1641,11.8619,10.0,4.0,13.5,19.0876,10.285178835978837,17.694826872854502,17.967931746031745,7.439119532285011,27.98000570883334,10.528812213746733
2003-01-27,24.200001,31.6594,30.824,12.3627,14.8849,3.5167,4.3684,14224663787.796,27.1641,11.8042,11.0,4.0,13.5,18.0225,10.339370976253296,17.702870264754893,18.01577142857143,7.502494146624667,28.042241241008192,10.513277281946763
2003-01-28,24.15,31.6594,31.0948,12.3372,14.8806,3.5094,4.3642,14195273400.0,27.1641,11.8042,11.0,4.0,13.5,18.0225,10.39399052631579,17.711532316516635,18.16961349206349,7.570602235081218,28.105522842832425,10.599011256982273
2003-01-29,24.200001,31.6594,30.824,12.3627,14.8763,3.5167,4.3624,14224663787.796,27.1641,11.8042,11.0,4.0,13.5,18.0225,10.447612598425197,17.719152191780303,18.324608730158733,7.62841687303489,28.16676479020549,10.696191857123845
2003-01-30,23.530001,31.6594,34.5491,12.0204,14.8763,3.4193,4.3624,13830840467.796,27.1641,11.8042,11.0,4.0,13.5,18.0225,10.5107054973822,17.738797117688556,18.497502380952383,7.747332902334487,28.24950261507076,10.750169478617895
2003-01-31,24.1,31.6594,31.3668,12.3116,14.8763,3.5022,4.3624,14165883600.0,27.1641,11.8042,11.0,4.0,13.5,18.0225,10.56516005221932,17.747588635048356,18.617280952380952,7.828928993446965,28.31274868726768,10.788351958933989
2003-02-03,24.200001,31.6594,30.824,12.3205,14.8806,3.5167,4.3684,14224663787.796,27.1641,11.8042,11.0,4.0,13.5,18.0225,10.617917447916666,17.75452933742415,18.66490873015873,7.885036264287146,28.372446785340813,10.779872465871582
2003-02-04,23.4,31.6594,35.2966,11.9132,14.8806,3.4004,4.3642,13754426400.0,27.1641,11.8042,11.0,4.0,13.5,18.0225,10.682017922077922,17.77594816613361,18.72905555555556,7.9873553207810355,28.45796608821153,10.741700234774523
2003-02-05,23.35,31.2418,33.7979,12.0163,14.8763,3.3932,4.3624,13725036600.0,27.1641,11.256,11.0,4.0,13.5,17.5616,10.741903626943005,17.791793208360925,18.81576507936508,8.091321391390347,28.533696835303928,10.724443687974732
2003-02-06,23.18,31.2418,34.7791,10.7285,14.8763,2.9452,4.3624,13625111280.0,17.1804,8.1397,1.0,4.0,13.5,18.2311,10.804015245478038,17.810694047302942,18.91505,8.209918409804096,28.61470929278098,10.705131590195904
2003-02-07,22.98,31.2418,35.9521,10.6359,14.8763,2.9198,4.3624,13507552080.0,17.1804,8.1397,1.0,4.0,13.5,18.2311,10.868829896907217,17.833426332212287,19.054401587301584,8.348838305354684,28.702256229119502,10.7055632819469
2003-02-10,22.93,31.2418,36.2486,10.6128,14.8849,2.9135,4.3684,13478162280.0,17.1804,8.1397,1.0,4.0,13.5,18.2311,10.934073521850898,17.856855691253166,19.18518492063492,8.488043832535917,28.790929213104064,10.697141088099004
2003-02-11,22.92,31.1038,35.7059,10.7818,14.8806,2.8855,4.3642,13472284320.0,17.8477,9.1262,2.0,5.0,13.2,19.7442,10.997591025641023,17.877948134225967,19.27590555555556,8.6031858260373,28.875539159866992,10.672719729518256
2003-02-12,22.85,31.1038,36.1217,10.7854,14.8763,2.8767,4.3624,13431138600.0,17.8385,9.1089,2.0,5.0,13.2,19.7442,11.06184705882353,17.90016379726047,19.33813571428572,8.696692389854576,28.962010856084,10.641443324431137
2003-02-13,22.09,31.1038,40.8049,10.4267,14.8763,2.781,4.3624,12984413640.0,17.8385,9.1089,2.0,5.0,13.2,19.7442,11.137722193877552,17.940266001779946,19.45588888888889,8.885573517492034,29.077988195657497,10.570315371396855
2003-02-14,23.25,31.1038,33.7798,10.9742,14.8763,2.9271,4.3624,13666257000.0,17.8385,9.1089,2.0,5.0,13.2,19.7442,11.195335623409669,17.953734375595577,19.548559523809523,8.973855656117317,29.14906999900525,10.574703867692206
2003-02-18,23.530001,30.326,28.8823,11.4201,14.8849,2.9974,4.3684,13830840467.796,18.2047,8.9794,2.0,5.0,13.2,19.7442,11.240226395939086,17.953004335457923,19.59668333333333,9.007727241037008,29.19323073139701,10.588956092296328
2003-02-19,23.24,30.326,30.4905,11.2794,14.8849,2.9604,4.3684,13660379040.0,18.2047,8.9794,2.0,5.0,13.2,19.7442,11.288961265822785,17.95634922910154,19.68853809523809,9.059599839673789,29.245310494924325,10.628938255564304
2003-02-20,23.67,30.326,28.12,11.4881,14.8849,3.0152,4.3684,13913131320.0,18.2047,8.9794,2.0,5.0,13.2,19.7442,11.331463888888887,17.953538961507387,19.737042063492066,9.088434211232247,29.285002850396275,10.648607852259818
2003-02-21,23.85,29.1038,22.0285,11.5754,14.8849,3.0381,4.3684,14018934600.0,18.2047,8.9808,2.0,5.0,13.2,19.7442,11.358408564231738,17.93889143367052,19.74576666666667,9.090115290560412,29.297299997902257,10.655651376106256
2003-02-24,22.940001,29.1038,26.8692,11.1338,14.8871,2.9222,4.373,13484040827.796,18.2047,8.9808,2.0,5.0,13.2,19.7442,11.39738040201005,17.933145873901427,19.81842142857143,9.110313914280743,29.33052627591148,10.708107514290685
2003-02-25,22.889999,29.1038,27.1464,11.1866,14.886,2.915,4.3726,13454649852.204,18.1987,8.9621,2.0,5.0,13.2,19.7442,11.43685162907268,17.92794800272702,19.881947619047622,9.133437831911625,29.364799631799706,10.748509787136
2003-02-26,22.190001,29.1038,31.1573,10.8344,14.8849,2.8258,4.3684,13043193827.796,18.1987,8.977,2.0,5.0,13.2,19.7442,11.48615275,17.932596511492772,19.97587063492064,9.1883275798815,29.41874926149277,10.787543055039135
2003-02-27,22.370001,29.1038,30.1019,10.9223,14.8849,2.8487,4.3684,13148997107.796,18.1987,8.977,2.0,5.0,13.2,19.7442,11.532576059850374,17.934276601039016,20.044964285714286,9.231722858989784,29.46685266088939,10.813241426724504
2003-02-28,22.969999,29.1038,26.7035,11.2153,14.8849,2.9251,4.3684,13501673532.204,18.1987,8.977,2.0,5.0,13.2,19.7442,11.570314676616915,17.927875401739826,20.052401587301585,9.23674517127314,29.498190078356743,10.815656416028444
2003-03-03,22.51,29.1038,29.2928,10.9907,14.8871,2.8666,4.373,13231287960.0,18.1987,8.977,2.0,5.0,13.2,19.7442,11.614291066997518,17.927313328639173,20.05416507936508,9.238501756560478,29.54160439563669,10.8156633228046
2003-03-04,21.950001,29.1038,32.5913,10.7173,14.886,2.7952,4.3726,12902122787.796,18.1987,8.977,2.0,5.0,13.2,19.7442,11.666214356435644,17.93544725559846,20.086711904761906,9.275609116107544,29.601661612034107,10.81110278865436
2003-03-05,21.879999,29.1038,33.0155,10.6831,14.8849,2.7863,4.3684,12860975892.204,18.1987,8.977,2.0,5.0,13.2,19.7442,11.71892864197531,17.944621542681496,20.150738095238093,9.337073861109666,29.66355018465681,10.813664234128428
2003-03-06,21.379999,29.1038,36.1263,10.4389,14.8849,2.7227,4.3684,12567077892.204,18.1987,8.977,2.0,5.0,13.2,19.7442,11.779045320197046,17.963341764757935,20.26631031746032,9.444217814233898,29.74238708495498,10.822092503226418
2003-03-07,21.860001,29.1038,33.1372,10.5228,14.8849,2.7838,4.3684,12849221147.796,18.1987,9.0286,2.0,5.0,13.2,19.7442,11.83152235872236,17.97241435313588,20.33742301587301,9.507422527168249,29.80393671185824,10.830000488704773
2003-03-10,21.219999,29.1038,37.1527,10.3608,14.8871,2.7023,4.373,12473030532.204,18.1987,8.977,2.0,5.0,13.2,19.7442,11.893584068627453,17.99404130828704,20.468911904761907,9.624717815962054,29.88762537691449,10.844194088799853
2003-03-11,20.82,29.1038,39.7877,10.1611,14.886,2.7767,4.3726,12237912720.0,16.8298,9.2671,3.0,5.0,13.2,19.7442,11.961784841075794,18.024825405269706,20.62564365079365,9.777253249713828,29.986610246345496,10.84839040107982
2003-03-12,20.75,29.1038,40.2593,10.1269,14.8849,2.7674,4.3684,12196767000.0,16.8298,9.2671,3.0,5.0,13.2,19.7442,12.030803170731708,18.056938152768986,20.782098412698414,9.93246193750561,30.087741323500687,10.849636475192804
2003-03-13,22.07,29.1038,31.8704,10.8372,14.8849,2.9531,4.3684,12972657720.0,16.7957,9.2609,3.0,5.0,13.2,19.7442,12.079074695863747,18.06143548538364,20.886923015873016,9.97949827968652,30.140510181247382,10.907424736186496
2003-03-14,22.15,28.8149,30.0898,10.8765,14.8849,2.9638,4.3684,13019681400.0,16.7957,9.2736,3.0,5.0,14.4,19.7442,12.12279004854369,18.061259242916258,20.985309523809526,10.00882451063604,30.18404929145995,10.976485013173486
2003-03-17,23.450001,28.8149,22.878,11.5149,14.886,3.1378,4.3726,13783816787.796,16.7957,9.2736,3.0,5.0,14.4,19.7442,12.148831719128328,18.04708839258008,21.04813968253968,9.995546368514976,30.195920111708404,11.052593314024705
2003-03-18,23.9,28.8149,20.5644,11.9065,14.8849,3.2173,4.3684,14048324400.0,16.7421,9.245,3.0,5.0,14.4,19.7442,12.16915917874396,18.02997096547804,21.09260793650793,9.9807033215629,30.199130144222,11.111904614945034
2003-03-19,24.450001,28.8149,17.8523,12.1805,14.8806,3.2913,4.3642,14371612787.796,16.7421,9.245,3.0,5.0,14.4,19.7442,12.182853493975903,18.010343214431657,21.09649761904761,9.97933328231874,30.19319670840756,11.117164336728878
2003-03-20,24.690001,28.8149,16.7068,12.3001,14.8806,3.3236,4.3642,14512683827.796,16.7421,9.2408,3.0,5.0,14.4,19.7442,12.193728365384615,17.989998322570386,21.085650793650792,9.98338728134893,30.183726687955,11.102263512301862
2003-03-21,26.75,29.3705,9.7963,13.3616,14.8806,3.6008,4.3642,15723115000.0,16.7421,9.236,3.0,5.0,14.4,19.7442,12.187979136690648,17.96874625970052,21.02867936507937,10.027419712921716,30.156725396391167,11.001259652157652
2003-03-24,25.0,29.7334,18.9336,12.6865,14.886,3.2603,4.3684,14694500000.0,16.7421,9.2166,3.0,6.0,14.5,19.7442,12.204116985645932,17.950220593659285,21.11354047619048,9.96337414994884,30.154337579305217,11.150166326241637
2003-03-25,25.139999,29.7334,18.2713,12.7072,14.8849,3.2724,4.3642,14776788612.22,17.0317,9.2107,3.0,6.0,14.5,19.7442,12.218597136038186,17.931186094614738,21.210526984126982,9.874660928898075,30.14978323065292,11.335866055228909
2003-03-26,24.799999,29.7334,19.8927,12.5354,14.8806,3.2281,4.3624,14576943412.22,17.0317,9.2107,3.0,6.0,14.5,19.7442,12.236868809523813,17.91368987345018,21.279157142857144,9.834817132725384,30.150558682974,11.44434001013176
2003-03-27,24.9,29.7334,19.4112,12.5764,14.8806,3.2411,4.3624,14635722000.0,17.0317,9.2119,3.0,6.0,14.5,19.7442,12.25390997624703,17.89576753198246,21.37525,9.756007508031152,30.14967750822949,11.61924249196885
2003-03-28,24.52,29.7334,21.2618,12.377,14.8806,3.1917,4.3624,14412365600.0,17.0317,9.213,3.0,6.0,14.5,19.7442,12.275255687203792,17.879878812787183,21.492683333333336,9.663716046298145,30.15513449999097,11.828967287035193
2003-03-31,24.110001,29.7334,23.2012,12.1272,14.886,2.9947,4.3684,14171376387.78,17.4763,9.264,3.0,6.0,14.5,19.7442,12.301085342789598,17.866581103824757,21.62550873015873,9.57007702621475,30.167666446614355,12.05543170394398
2003-04-01,23.82,29.7334,24.7011,11.9711,14.8849,2.9587,4.3642,14000919600.0,17.4763,9.2699,3.0,7.0,15.1429,19.7442,12.330330660377358,17.85560746592946,21.75340555555556,9.501860369526018,30.185938126306816,12.251545186029537
2003-04-02,25.26,29.7038,17.5922,12.6947,14.8849,3.1376,4.3642,14847322800.0,17.4763,9.2699,3.0,7.0,15.1429,19.7442,12.342711529411764,17.836365216039333,21.82522619047619,9.435174363677058,30.1790767454511,12.390051826799132
2003-04-03,25.450001,29.7038,16.7143,12.7902,14.8849,3.1612,4.3642,14959001587.78,17.4763,9.2699,3.0,7.0,15.1429,19.7442,12.352973474178404,17.81662790776608,21.861364285714284,9.406539097342575,30.16960138194448,12.454825188371707
2003-04-04,25.4,29.7038,16.9441,12.7651,14.8849,3.155,4.3642,14929612000.0,17.4763,9.2699,3.0,7.0,15.1429,19.7442,12.363725526932084,17.79709099708636,21.897751587301588,9.378313561656896,30.160816524018443,12.519438025644693
2003-04-07,26.299999,29.7038,12.9422,13.2174,14.8871,3.2667,4.3726,15458613412.22,17.4763,9.2699,3.0,7.0,15.1429,19.7442,12.365077102803738,17.776261088030463,21.84290396825397,9.410520713264718,30.1413381908342,12.432383254989253
2003-04-08,25.950001,29.6291,14.1776,13.0219,14.886,3.3443,4.3684,15252891587.78,16.7177,10.3641,4.0,7.0,15.1429,20.3945,12.369302097902096,17.75569793121893,21.71184126984127,9.401290289633833,30.125000029121026,12.310550980207438
2003-04-09,25.42,29.6291,16.5582,12.7559,14.8849,3.276,4.3642,14941367600.0,16.7177,10.3641,4.0,7.0,15.1429,20.3945,12.379043720930232,17.736141989853323,21.66463571428572,9.412196677175553,30.11518571078356,12.252439037110165
2003-04-10,25.360001,29.6291,16.834,12.7258,14.8849,3.2683,4.3642,14906101387.78,16.7177,10.3641,4.0,7.0,15.1429,20.3945,12.389380046403712,17.716806165865705,21.580507142857144,9.407586800408954,30.106186212269417,12.17292034244819
2003-04-11,25.01,29.6291,18.469,12.4844,14.8849,3.2232,4.3642,14700377800.0,16.7177,10.3686,4.0,7.0,15.1429,20.3945,12.40345324074074,17.698658379044826,21.45534761904762,9.342506687725436,30.102111619785568,12.112840931322182
2003-04-14,25.85,29.6291,14.6193,12.9276,14.8871,3.3314,4.3726,15194113000.0,16.7177,10.3738,4.0,7.0,15.1429,20.3945,12.40857066974596,17.678482668416272,21.36711984126984,9.354242101541065,30.08705333816223,12.012877739728776
2003-04-15,26.48,29.6291,11.8924,12.9493,14.886,3.4126,4.3684,15564414400.0,16.7177,10.3839,4.0,7.0,15.1429,20.3945,12.40738133640553,17.658074299129485,21.236434126984125,9.370790986107108,30.065455635535017,11.865643140877015
2003-04-16,26.01,29.6291,13.9143,12.7194,14.8849,3.352,4.3642,15288157800.0,16.7177,10.3839,4.0,7.0,15.1429,20.3945,12.41084551724138,17.63786714795316,21.13521587301587,9.380528125468537,30.04871266519454,11.754687747547337
2003-04-17,27.01,29.892,10.6701,13.1117,14.8849,3.0788,4.3642,15875937800.0,19.7272,10.3376,4.0,6.0,15.1667,20.3467,12.406852981651376,17.617779317345335,20.99779603174603,9.406171670101727,30.02463229899671,11.591624361644303
2003-04-21,26.709999,29.892,11.9131,12.966,14.8934,3.0446,4.373,15699603212.22,19.7272,10.3376,4.0,6.0,15.1667,20.3467,12.405723112128149,17.597579694835687,20.885637301587305,9.429731526780476,30.00330280696384,11.455905774806826
2003-04-22,27.52,29.4855,7.1421,13.4598,14.8871,2.8706,4.3726,16175705600.0,21.7478,11.0017,5.0,6.0,15.1667,20.2527,12.39370570776256,17.579232866986903,20.74253253968254,9.500694711001554,29.972938574749463,11.241837828680984
2003-04-23,27.290001,29.4855,8.0451,13.3474,14.886,2.8467,4.3684,16040516787.78,21.7478,11.0017,5.0,6.0,15.1667,20.2527,12.3838,17.560380336694333,20.637529365079367,9.567633564781366,29.94418033669433,11.069895800298
2003-04-24,26.950001,29.4855,9.4082,13.1811,14.8849,2.8112,4.3642,15840671587.78,21.7478,11.0017,5.0,6.0,15.1667,20.2527,12.377037272727271,17.54094211590041,20.536851587301587,9.618794960764973,29.91797938862768,10.918056626536616
2003-04-25,26.190001,29.4855,12.583,12.8094,14.8849,2.7319,4.3642,15393958787.78,21.7478,11.0017,5.0,6.0,14.8333,20.2527,12.377504308390025,17.521000633786326,20.490111111111112,9.643185438550674,29.89850494217635,10.846925672560438
2003-04-28,27.120001,29.4855,8.7223,13.2642,14.886,2.8289,4.3684,15940594187.78,21.7478,11.0032,5.0,6.0,14.8333,20.2527,12.369234615384617,17.501987843247157,20.40027142857143,9.699955411211812,29.87122245863177,10.700316017359617
2003-04-29,27.700001,29.4855,6.4458,13.5485,14.8849,2.8913,4.3642,16281506587.78,21.7353,11.0031,5.0,6.0,14.8333,20.2514,12.355863431151242,17.484443116101765,20.35058015873016,9.75556049003456,29.840306547253007,10.595019668695596
2003-04-30,27.59,29.4855,6.8702,13.4947,14.8806,2.8798,4.3624,16216850200.0,22.2956,11.0037,5.0,6.0,14.8333,20.2514,12.343508333333334,17.46663809341322,20.28143333333333,9.82028740338694,29.81014642674656,10.461145929946394
2003-05-01,27.66,29.4855,6.5998,13.529,14.8806,2.8871,4.3624,16257994800.0,22.2956,11.0037,5.0,6.0,14.8333,20.2514,12.330601123595509,17.449081828433894,20.217311904761903,9.883334854702502,29.7796829520294,10.3339770500594
2003-05-02,28.469999,29.4855,3.5669,13.9252,14.8806,2.9717,4.3624,16734096012.22,22.2956,11.0037,5.0,6.0,14.8333,20.2514,12.310951569506727,17.434404383323365,20.12160396825397,9.986006733411726,29.74535595283009,10.135597234842246
2003-05-05,28.17,29.4855,4.6699,13.7784,14.886,2.9403,4.3684,16557762600.0,22.2956,11.0037,5.0,6.0,14.8333,20.2514,12.293857494407158,17.41859786861069,20.01638095238096,10.078725915453523,29.712455363017845,9.93765503692743
2003-05-06,28.76,29.4855,2.5226,14.067,14.8849,3.0019,4.3642,16904552800.0,22.2956,11.0037,5.0,6.0,14.8333,20.2514,12.272046651785717,17.405226426852693,19.92762857142857,10.183437887533724,29.677273078638407,9.744190683894846
2003-05-07,28.83,29.4855,2.2737,14.1012,14.8806,3.0092,4.3624,16945697400.0,22.2956,11.0037,5.0,6.0,14.8333,20.2514,12.249778619153677,17.392191951152892,19.88064285714286,10.25144030627837,29.64197057030657,9.62920255086449
2003-05-08,28.42,29.4855,3.7491,13.7934,14.8806,2.9664,4.3624,16704707600.0,22.2956,11.0044,5.0,6.0,14.8333,20.2963,12.23088822222222,17.377434466846637,19.867407142857143,10.271321393356784,29.608322689068856,9.59608574950036
2003-05-09,28.75,29.4855,2.5583,14.0299,14.8806,2.8212,4.3624,16898675000.0,31.6349,11.2869,6.0,6.0,14.8333,20.2963,12.209441241685145,17.3640899674365,19.85990158730159,10.28371232365422,29.57353120912164,9.57618926364737
2003-05-12,29.280001,29.4855,0.7018,14.2885,14.886,2.8732,4.3684,17210198987.78,31.6349,11.2869,6.0,6.0,14.8333,20.2963,12.18398185840708,17.353272246696385,19.810869047619047,10.360537392143058,29.537254105103464,9.450331655475988
2003-05-13,29.18,29.4855,1.0469,14.2397,14.886,2.8634,4.3684,17151420400.0,31.6349,11.2869,6.0,6.0,14.8333,20.2963,12.15939668874172,17.341961668131706,19.77389047619048,10.419429709141896,29.501358356873425,9.354460767048575
2003-05-14,29.02,29.4855,1.6041,14.1678,14.8849,2.8477,4.3642,17057375600.0,31.6349,11.2861,6.0,6.0,14.8333,20.2963,12.136147136563878,17.329891724623597,19.717042857142854,10.499197947061898,29.466038861187474,9.217844910080956
2003-05-15,29.709999,29.6522,-0.1945,14.5047,14.8849,2.9154,4.3642,17462943212.22,31.6349,11.2861,6.0,6.0,14.8333,20.2963,12.109046813186811,17.320444641441895,19.650769841269845,10.598641724313705,29.42949145462871,9.05212811695614
2003-05-16,29.700001,30.1488,1.5111,14.5389,14.8849,2.9145,4.3642,17457066587.78,32.183,11.2887,6.0,7.0,14.1429,20.3508,12.085805701754389,17.308517406475154,19.606980952380955,10.662414407716224,29.394323108229543,8.944566544664731
2003-05-19,29.120001,30.633,5.1957,14.2668,14.886,2.7454,4.3684,17116154187.78,36.8904,11.9734,5.0,7.0,14.1429,21.549,12.070728884026256,17.292532247266752,19.59566904761905,10.6770476517694,29.363261131293008,8.91862139584965
2003-05-20,28.93,31.3028,8.2019,14.1869,14.8849,2.7275,4.3642,17004475400.0,36.8904,11.9784,5.0,7.0,14.1429,21.549,12.062281659388644,17.27454821776508,19.622611904761907,10.643662171561878,29.336829877153725,8.978949733200029
2003-05-21,28.549999,31.3028,9.642,14.0006,14.8806,2.6916,4.3624,16781118412.22,36.8904,11.9814,5.0,7.0,14.1429,21.549,12.05700871459695,17.25604902305005,19.66108015873016,10.598305953825044,29.313057737647,9.062774204905114
2003-05-22,28.93,30.8019,6.4704,14.1869,14.8806,2.7275,4.3624,17004475400.0,36.2472,11.9295,5.0,7.0,14.1429,21.9675,12.044863913043477,17.239209293976547,19.652427777777778,10.608703644277298,29.284073207020025,9.04372413350048
2003-05-23,28.879999,30.8019,6.6548,14.1624,14.8806,2.7227,4.3624,16975085812.22,36.2472,11.9295,5.0,7.0,14.1429,21.9675,12.03317180043384,17.22229056675083,19.638796825396824,10.624405022595385,29.25546236718467,9.01439180280144
2003-05-27,29.15,30.8019,5.6669,14.2948,14.8849,2.7482,4.3684,17133787000.0,36.2472,11.9295,5.0,7.0,14.1429,21.9675,12.019391991341992,17.206150604045973,19.65458015873016,10.601958167086089,29.225542595387964,9.052621991644072
2003-05-28,29.92,30.8019,2.9475,14.6724,14.8849,2.8208,4.3684,17586377600.0,36.2472,11.9295,5.0,7.0,14.1429,21.9675,11.99979827213823,17.192689328437044,19.637889682539683,10.626759390202306,29.19248760057528,9.011130292337375
2003-05-29,30.08,30.8019,2.3999,14.7509,14.8849,2.8359,4.3684,17680422400.0,36.2472,11.9295,5.0,7.0,14.1429,21.9675,11.979108836206896,17.17989413805326,19.60686111111111,10.671600779496757,29.159002974260154,8.935260331614357
2003-05-30,30.6,30.8269,0.7415,14.9472,14.886,3.1126,4.3642,17986068000.0,35.6762,11.9314,5.0,7.0,14.1429,21.9651,11.95494193548387,17.16928199723903,19.530564285714284,10.772168767028973,29.1242239327229,8.758395518685312
2003-06-02,31.120001,30.8269,-0.9418,15.2013,14.904,3.1655,4.3726,18291714187.78,35.6762,11.9314,5.0,7.0,14.1429,21.9651,11.92726652360515,17.161212729124795,19.469730158730155,10.866306778097302,29.088479252729947,8.603423380632853
2003-06-03,31.02,30.8269,-0.6225,15.1524,14.9083,3.1554,4.3684,18232935600.0,35.6762,11.9314,5.0,7.0,14.1429,21.9651,11.900393361884367,17.15262325395516,19.405088888888887,10.961754607581568,29.053016615839525,8.443334281307319
2003-06-04,31.639999,30.8269,-2.5698,15.4553,14.9453,3.2184,4.3642,18597358612.22,35.6762,11.9314,5.0,7.0,14.1429,21.9651,11.869474145299144,17.147299677051134,19.306361904761904,11.10342429807928,29.01677382235028,8.202937606682625
2003-06-05,31.85,30.8269,-3.2122,15.5578,14.9472,3.2398,4.3642,18720793000.0,35.6762,11.9314,5.0,7.0,14.1429,21.9651,11.837317057569296,17.14312106780919,19.1779,11.26966242822917,28.980438125378484,7.908237571770831
2003-06-06,31.450001,30.8269,-1.9812,15.3624,14.9603,3.1991,4.3642,18485681587.78,35.6762,11.9314,5.0,7.0,14.1429,21.9651,11.80791595744681,17.136693253619153,19.07234523809524,11.405331394105886,28.944609211065963,7.667013843989352
2003-06-09,31.25,30.8269,-1.3539,15.2648,14.995,3.1788,4.3726,18368125000.0,35.6762,11.9314,5.0,7.0,14.1429,21.9651,11.779971549893844,17.12919242104883,18.954950793650795,11.539131668285943,28.909163970942675,7.41581912536485
2003-06-10,30.82,30.8269,0.0224,15.0547,14.9972,3.135,4.3684,18115379600.0,35.6762,11.9314,5.0,7.0,14.1429,21.9651,11.755061440677968,17.119555071597674,18.854487301587305,11.648776677938232,28.87461651227564,7.2057106236490736
2003-06-11,31.799999,30.9103,-2.7978,15.5334,14.9988,3.2336,4.3642,18691403412.22,35.6779,11.9314,5.0,7.0,14.1429,21.9543,11.724294291754756,17.114496354510347,18.69899047619048,11.80619579985648,28.838790646265103,6.892794676333994
2003-06-12,32.459999,30.9103,-4.7742,15.9009,15.01,3.2901,4.3642,19079338212.22,35.5925,11.9758,5.0,7.0,14.1429,21.5829,11.689487341772152,17.113181941978166,18.53593015873016,11.98744413831253,28.80266928375032,6.548486020417631
2003-06-13,32.110001,30.9103,-3.7362,15.7294,15.027,3.2546,4.3642,18873616387.78,35.5925,11.9758,5.0,7.0,14.1429,21.5829,11.657012210526316,17.10976613508551,18.386328571428567,12.147054819745296,28.766778345611822,6.239273751683273
2003-06-16,32.349998,30.9103,-4.4504,15.847,15.0464,3.2789,4.3726,19014681824.44,35.5925,11.966,5.0,7.0,14.1429,21.5829,11.623173109243698,17.10768406851118,18.230019047619045,12.313386145685293,28.73085717775488,5.9166329019337525
2003-06-17,32.470001,30.9103,-4.8035,15.9058,15.0547,3.2911,4.3684,19085217187.78,35.6143,11.966,5.0,7.0,14.1429,21.5829,11.588735639413,17.10624705510358,18.056461904761903,12.482892115376842,28.69498269451658,5.573569789385061
2003-06-18,32.349998,30.9103,-4.4504,15.847,15.0568,3.2789,4.3642,19014681824.44,34.7326,11.9653,5.0,7.0,14.1429,21.5829,11.555180962343098,17.104046581885157,17.884516666666666,12.642768527323446,28.65922754422825,5.241748139343221
2003-06-19,31.549999,30.9103,-2.0276,15.4551,15.06,3.1978,4.3642,18544458412.22,38.2239,12.5009,4.0,7.0,14.1429,21.5829,11.526824425887265,17.097413375642006,17.726496825396826,12.766611339872068,28.62423780152927,4.959885485524758
2003-06-20,32.389999,30.9103,-4.5684,15.8666,15.0648,3.283,4.3642,19038193612.22,38.2239,12.5009,4.0,7.0,14.1429,21.5829,11.493292708333334,17.095349368602605,17.55431825396825,12.920143113141757,28.58864207693594,4.634175140826494
2003-06-23,32.060001,30.9103,-3.3281,15.6497,15.0741,3.1381,4.3684,18844227387.78,38.2239,12.5009,4.0,7.0,14.1429,21.5829,11.462479002079002,17.0908986272871,17.35512142857143,13.047470306180328,28.553377629366103,4.307651122391102
2003-06-24,32.009998,30.9103,-3.1771,15.6766,15.0768,3.1332,4.3642,18814836624.44,38.2239,13.3068,4.0,7.0,14.1429,21.5829,11.43210643153527,17.08614009917599,17.16052619047619,13.169803827423886,28.51824653071126,3.990722363052305
2003-06-25,31.0,31.4223,1.3623,15.3238,15.0796,2.7614,4.3624,18221180000.0,49.1985,13.4814,4.0,6.0,13.8333,21.4904,11.411257971014493,17.074555535101926,16.98313492063492,13.231218494311516,28.48581350611642,3.7519164263234064
2003-06-26,32.060001,31.9223,-0.4295,15.8886,15.0905,3.3421,4.3624,22125183770.118,48.1906,12.4728,4.0,7.0,14.4286,19.3243,11.386793595041322,17.065360238410708,16.793476984126983,13.308573110606046,28.45215383345203,3.484903873520937
2003-06-27,31.879999,33.1523,3.9909,15.79,15.1179,3.3233,4.3624,22000961149.882,48.8522,12.5246,4.0,7.0,14.4286,19.4773,11.371544329896906,17.051029127974992,16.63890158730159,13.343498468194827,28.4225734578719,3.2954031191067603
2003-06-30,32.509998,33.705,3.6758,16.1484,15.1345,3.3881,4.3684,22435734799.764,48.8642,12.5548,4.0,7.0,14.4286,19.1359,11.355709465020576,17.037018413949994,16.45948253968254,13.364760802798266,28.392727878970568,3.0947217368842743
2003-07-01,32.43,33.705,3.9315,16.1087,15.1348,3.3797,4.3642,22380526740.0,48.8642,12.5548,4.0,7.0,14.4286,19.1359,11.340464681724846,17.022806293636908,16.290590476190477,13.38771238380885,28.36327097536176,2.902878092381627
2003-07-02,32.290001,33.705,4.3822,15.8253,15.1436,3.3901,4.3624,22283910910.118,48.6846,12.5337,4.0,7.0,14.4286,19.1228,11.326205942622952,17.008237055597807,16.132444444444445,13.409914351664186,28.33444299822076,2.722530092780259
2003-07-03,32.330002,33.705,4.253,15.79,15.1576,3.1484,4.3624,22311516320.236,52.6733,12.0095,5.0,7.0,14.4286,19.1228,11.311741308793456,16.993812165796232,15.999448412698412,13.444202455534418,28.305553474589686,2.5552459571639936
2003-07-07,32.73,34.4093,5.1308,15.9853,15.1822,3.1874,4.3684,22587562140.0,52.6733,12.0095,5.0,8.0,14.25,19.1228,11.299127142857142,16.978723375458642,15.888903174603175,13.476066580221028,28.277850518315784,2.4128365943821493
2003-07-08,32.98,34.1747,3.6225,16.1074,15.1845,3.2117,4.3642,22760091640.0,52.6733,12.0095,5.0,8.0,14.25,19.1363,11.283492464358453,16.964927012889195,15.75575,13.513971678299471,28.248419477247648,2.241778321700528
2003-07-09,32.330002,34.1747,5.7058,15.79,15.185,3.1484,4.3624,22311516320.236,48.0685,11.3534,6.0,8.0,14.25,18.5091,11.272155691056913,16.949507752646227,15.635959523809523,13.535784819620504,28.221663443703136,2.100174704189022
2003-07-10,32.130001,34.1747,6.3638,15.6824,15.1888,3.129,4.3624,22173492030.118,48.0685,11.362,6.0,7.0,13.5714,18.5091,11.262199594320489,16.933716865086367,15.49814761904762,13.541131720170014,28.195916459406853,1.9570158988776047
2003-07-11,32.110001,34.1747,6.4301,15.7587,15.1967,3.127,4.3624,22159689670.118,48.0695,11.3674,6.0,7.0,13.5714,18.5091,11.252418016194332,16.917930957095976,15.351006349206347,13.538114627263267,28.17034897329031,1.8128917219430816
2003-07-14,32.0,33.9043,5.9509,15.7001,15.2078,3.1163,4.3684,22083776000.0,48.0695,11.3677,6.0,7.0,13.8571,18.5091,11.24170787878788,16.90247858909864,15.20165238095238,13.537181922912708,28.14418646788652,1.6644704580396734
2003-07-15,31.969999,33.9043,6.0504,15.6854,15.2103,3.1134,4.3684,22063071769.882,48.0695,11.3677,6.0,7.0,13.8571,18.5091,11.231241532258066,16.887005576053607,15.051099206349209,13.532597491890447,28.11824710831167,1.5185017144587594
2003-07-16,31.58,33.9043,7.36,15.4561,15.2122,2.8508,4.3642,21793926440.0,58.1327,12.0214,6.0,7.0,13.8571,18.3168,11.2234523138833,16.870867488813985,14.914513492063492,13.52260214280287,28.094319802697285,1.3919113492606208
2003-07-17,31.08,33.9043,9.0872,15.2114,15.2122,2.8056,4.3642,21448867440.0,64.7509,11.6332,5.0,7.0,13.8571,16.8149,11.21916265060241,16.854158096972903,14.790050793650796,13.503327308824282,28.07332074757532,1.2867234848265134
2003-07-18,31.540001,33.9043,7.4962,15.4366,15.2174,2.8472,4.3642,21766322410.118,64.7509,11.6332,5.0,7.0,13.8571,16.8149,11.211701803607214,16.838052580226574,14.662005555555554,13.495324385313944,28.049754383833783,1.1666811702416098
2003-07-21,31.84,33.9043,6.4834,15.5834,15.235,2.8743,4.3726,21973357120.0,64.7509,11.6332,5.0,7.0,13.8571,16.8159,11.2022452,16.822501359435627,14.512131746031748,13.480333609709533,28.024746559435627,1.0317981363222142
2003-07-22,32.849998,33.9043,3.2094,16.0777,15.2418,2.9654,4.3684,22670374919.764,64.7509,11.6332,5.0,7.0,13.8571,16.8159,11.18629141716567,16.809463852270433,14.31236111111111,13.459662979108945,27.995755269436103,0.8526981320021658
2003-07-23,32.639999,33.9043,3.8735,15.9749,15.2487,2.9465,4.3642,22525450829.882,64.7509,11.6332,5.0,7.0,13.8571,16.8159,11.171724103585657,16.795851111296834,14.112017460317462,13.425366144579188,27.96757521488249,0.6866513157382741
2003-07-24,32.599998,33.9043,4.0009,16.3147,15.2491,2.9429,4.3642,22497845419.764,64.7509,11.715,5.0,7.0,13.8571,16.8159,11.157467992047714,16.782159849246067,13.913104761904762,13.387680178539428,27.93962784129378,0.5254245833653339
2003-07-25,33.0,33.9043,2.7403,16.5149,15.2648,2.979,4.3642,22773894000.0,64.7509,11.715,5.0,7.0,13.8571,16.8159,11.140767261904765,16.769661290911877,13.70753253968254,13.358533526143244,27.91042855281664,0.3489990135392968
2003-07-28,33.599998,34.4497,2.5289,16.7899,15.2751,3.0311,4.3726,23187963419.764,64.7686,11.7087,5.0,7.0,13.8571,16.8333,11.069491468253968,16.729644191496195,13.482968253968254,13.306220062618252,27.799135659750164,0.1767481913500006
2003-07-29,34.060001,34.4497,1.1442,17.0198,15.2782,3.0726,4.3684,23505419770.118,64.7686,11.7087,5.0,7.0,13.8571,16.8333,10.990988095238096,16.68304647265733,13.245265079365078,13.256511087379334,27.674034567895426,-0.0112460080142557
2003-07-30,33.700001,34.4497,2.2246,16.808,15.2814,2.9289,4.3642,23256977290.118,65.2559,12.1097,6.0,7.0,13.8571,16.8333,10.908515476190477,16.623212216412547,13.018285714285716,13.197829348784394,27.531727692603024,-0.1795436344986782
2003-07-31,34.310001,34.9043,1.7321,17.1122,15.2942,2.9819,4.3624,23677949270.118,65.2559,12.1097,6.0,7.0,13.8571,16.8333,10.841744642857144,16.592260683059543,12.757833333333332,13.092927006086928,27.434005325916687,-0.3350936727535956
2003-08-01,34.220001,34.9043,1.9997,17.0673,15.3154,2.9741,4.3624,23615838650.118,65.2559,12.1097,6.0,7.0,13.8571,16.8333,10.785069841269843,16.573534560185326,12.524761111111111,13.020197029384615,27.358604401455167,-0.4954359182735022
2003-08-04,34.080002,34.9043,2.4187,16.9975,15.3394,2.9619,4.3684,23519222820.236,65.2559,12.1097,6.0,7.0,13.8571,16.8333,10.72365119047619,16.546994271561832,12.299322222222225,12.946523240931624,27.270645462038026,-0.647201018709401
2003-08-05,33.59,34.9043,3.9128,16.8169,15.3494,2.9193,4.3642,23181063620.0,65.2559,12.1078,6.0,7.0,13.8571,16.8333,10.669536507936508,16.524522308627464,12.050244444444443,12.801624886281012,27.19405881656397,-0.7513804418365684
2003-08-06,34.0,34.9043,2.6597,17.0221,15.3559,2.955,4.3624,23464012000.0,65.2559,12.1078,6.0,7.0,13.8571,16.8333,10.611844444444444,16.501566966155004,11.803115873015871,12.678399466824922,27.113411410599447,-0.8752835938090495
2003-08-07,34.23,34.9043,1.9699,17.1373,15.3624,2.9749,4.3624,23622739140.0,65.2559,12.1078,6.0,7.0,13.8571,16.8333,10.548164484126984,16.47278428869924,11.542725396825396,12.53889300206004,27.020948772826227,-0.9961676052346444
2003-08-08,34.009998,34.9043,2.6295,17.0271,15.3694,2.9558,4.3624,23470911799.764,65.2559,12.1078,6.0,7.0,13.8571,16.8333,10.488361706349206,16.446639865130575,11.278260317460315,12.370220715586814,26.93500157147978,-1.0919603981264974
2003-08-11,33.869999,34.9043,3.0537,16.9579,15.3994,2.7392,4.3684,23374295969.882,68.3612,12.0917,6.0,7.0,13.8571,16.8333,10.42626369047619,16.415417141504314,11.01480873015873,12.18627928401461,26.841680831980504,-1.1714705538558796
2003-08-12,34.310001,34.9043,1.7321,17.1782,15.4053,2.7747,4.3642,23677949270.118,68.3612,12.0917,6.0,7.0,13.8571,16.8333,10.356652976190476,16.37763173539781,10.745175396825395,12.010173545068794,26.734284711588288,-1.2649981482433983
2003-08-13,34.189999,34.9043,2.0892,17.1181,15.4114,2.765,4.3624,23595133729.882,68.3612,12.0917,6.0,7.0,13.8571,16.8333,10.284331944444444,16.333353957301746,10.47507619047619,11.816022793047964,26.617685901746192,-1.3409466025717744
2003-08-14,34.709999,34.9043,0.5598,17.3785,15.427,2.8071,4.3624,23953995089.882,68.3612,12.0917,6.0,7.0,13.8571,16.8333,10.204936507936509,16.282997997317718,10.155670634920636,11.530085623904588,26.487934505254223,-1.3744149889839523
2003-08-15,34.93,34.9043,-0.0736,17.4886,15.4375,2.8249,4.3624,24105821740.0,68.3612,12.0917,6.0,7.0,13.8571,16.8333,10.12158511904762,16.227675480092454,9.88699285714286,11.368483503089982,26.34926059914008,-1.4814906459471224
2003-08-18,35.490002,34.9043,-1.6503,17.769,15.4519,2.8702,4.3684,24492289200.236,68.3612,12.0917,6.0,7.0,13.8571,16.8333,10.040889087301588,16.184748860382673,9.644670634920637,11.28545642871086,26.225637947684262,-1.6407857937902222
2003-08-19,35.599998,34.9043,-1.9542,17.8241,15.4551,2.8791,4.3642,24568199419.764,68.3612,12.0917,6.0,7.0,13.8571,16.8333,9.955701190476187,16.13449013326779,9.387173015873016,11.175624050809263,26.09019132374398,-1.7884510349362497
2003-08-20,35.580002,34.9043,-1.8991,17.814,15.4552,2.8774,4.3624,24554399820.236,68.3612,12.0917,6.0,7.0,13.8571,16.8333,9.867175,16.07667160088289,9.148926190476192,11.092747472875647,25.94384660088289,-1.9438212823994547
2003-08-21,35.810001,34.9043,-2.5292,17.9292,15.4557,2.896,4.3624,24713126270.118,68.3612,12.0917,6.0,7.0,13.8571,16.8333,9.77395892857143,16.011816235633535,8.95402380952381,11.08037532495308,25.785775164204964,-2.1263515154292705
2003-08-22,35.360001,34.9043,-1.2887,17.7039,15.4582,2.8597,4.3624,24402573170.118,68.3612,12.0917,6.0,7.0,13.8571,16.8333,9.68367380952381,15.945381001344574,8.730548412698413,10.99982069779494,25.629054810868386,-2.269272285096527
2003-08-25,35.0,34.4497,-1.5723,17.5237,15.5018,2.8305,4.3684,24154130000.0,68.3612,12.0917,6.0,7.0,13.5714,16.8333,9.587085912698411,15.865473722729504,8.502622222222223,10.912365930373792,25.45255963542792,-2.40974370815157
2003-08-26,34.75,34.4497,-0.8642,17.3985,15.5072,2.8103,4.3642,23981600500.0,68.3612,12.0917,6.0,7.0,13.5714,16.8333,9.496229365079364,15.79364268171044,8.248483333333333,10.752239320139804,25.289872046789803,-2.503755986806471
2003-08-27,34.209999,34.9043,2.0295,17.1281,15.5203,2.7666,4.3624,23608936089.882,68.3612,12.0917,6.0,7.0,13.5714,16.8333,9.412996031746031,15.72193034079908,8.025686507936507,10.585341106185336,25.13492637254511,-2.5596545982488283
2003-08-28,34.189999,34.9952,2.3551,17.1181,15.5334,2.765,4.3624,23595133729.882,68.3612,12.0917,6.0,7.0,13.5714,16.8333,9.33464503968254,15.658256035630254,7.8324452380952385,10.46318135580272,24.9929010753128,-2.630736117707481
2003-08-29,34.59,34.9952,1.1714,17.3184,15.5342,2.7974,4.3624,23871181620.0,68.3612,12.0917,6.0,7.0,13.5714,16.8333,9.267009325396824,15.619624533883508,7.6092595238095235,10.300414326798174,24.88663385928033,-2.6911548029886507
2003-09-02,34.32,34.9952,2.986,17.1832,15.5356,2.7755,4.3684,23684849760.0,68.3612,11.8674,6.0,7.0,13.5714,16.8333,9.20679642857143,15.585121283945645,7.374296825396825,10.060867936339804,24.79191771251708,-2.686571110942979
2003-09-03,34.93,34.9952,1.1875,17.4886,15.536,2.8249,4.3642,24105821740.0,68.3612,11.8674,6.0,7.0,13.5714,16.8333,9.207126587301588,15.58494929313503,7.121693650793651,9.808322284645826,24.79207588043662,-2.686628633852175
2003-09-04,34.57,34.9952,2.2412,17.3084,15.5449,2.7958,4.3642,23857379260.0,68.3612,11.8674,6.0,7.0,13.5714,16.8333,9.200933928571429,15.587100001135155,6.852764285714286,9.465236430352643,24.788033929706582,-2.6124721446383576
2003-09-05,34.5,34.9952,2.4487,17.2733,15.5471,2.7901,4.3642,23809071000.0,68.3612,11.8674,6.0,7.0,13.5714,16.8333,9.193700396825395,15.589390286486946,6.6092047619047625,9.17382682647856,24.783090683312345,-2.564622064573798
2003-09-08,34.5,34.9952,2.4487,17.2898,15.5578,2.7724,4.3726,23809071000.0,68.4337,11.8944,6.0,7.0,13.5714,16.7802,9.182814087301589,15.592186196305462,6.333776190476191,8.761156798345132,24.77500028360705,-2.4273806078689413
2003-09-09,34.060001,35.3448,3.7722,17.0693,15.5581,2.737,4.3726,23505419770.118,68.4337,11.8944,5.0,7.0,13.5714,16.7802,9.153637301587302,15.588517351594152,6.047938888888889,8.232538192630274,24.74215465318145,-2.1845993037413853
2003-09-10,33.41,35.3448,5.7911,16.7435,15.5622,2.6848,4.3684,23056842380.0,68.4337,11.8944,5.0,7.0,13.5714,16.7802,9.125189682539682,15.581529886032277,5.774381746031746,7.637829718692654,24.70671956857196,-1.863447972660908
2003-09-11,33.55,35.1075,4.6423,16.8137,15.5749,2.696,4.3684,23153458900.0,68.4337,11.8944,5.0,7.0,13.5714,16.7802,9.09267242063492,15.573733052597635,5.558285714285714,7.269911090226267,24.66640547323256,-1.711625375940553
2003-09-12,34.47,35.1075,1.8494,17.2747,15.5862,2.77,4.3684,23788367460.0,68.4337,11.8944,5.0,7.0,13.5714,16.7802,9.07817003968254,15.577074371687036,5.334155555555556,6.935175280975202,24.655244411369573,-1.601019725419646
2003-09-15,34.9,35.6183,2.0582,17.4867,15.6027,2.8045,4.373,24085118200.0,68.4337,11.8858,5.0,7.0,13.5714,16.7802,9.053569642857145,15.57835349095904,5.168919047619047,6.759637409266482,24.63192313381618,-1.5907183616474343
2003-09-16,35.21,35.6183,1.1596,17.642,15.6262,2.8294,4.3726,24299054780.0,68.4337,11.8858,5.0,7.0,13.5714,16.7802,9.02259742063492,15.578499877565926,5.014912698412698,6.625799623387207,24.60109729820085,-1.6108869249745084
2003-09-17,34.99,35.6183,1.7957,17.4898,15.6497,2.8117,4.3684,24147228820.0,68.4459,11.8683,5.0,7.0,13.5714,16.7802,8.884185515873016,15.329718262400691,4.887479365079365,6.530648514667696,24.213903778273707,-1.6431691495883314
2003-09-18,35.33,35.6183,0.816,17.6597,15.6499,3.3659,4.3684,28906688030.0,68.5278,11.8983,5.0,7.0,13.8571,16.7775,8.746264682539683,15.08658150723405,4.7613619047619045,6.453555763687003,23.832846189773733,-1.6921938589250989
2003-09-19,35.1,35.7183,1.7615,17.5298,15.6499,3.344,4.3684,28718504100.0,68.5278,11.8386,5.0,7.0,13.8571,16.8551,8.604601984126983,14.813277400371405,4.69759365079365,6.443094879968784,23.417879384498384,-1.745501229175134
2003-09-22,35.15,35.7183,1.6168,17.5662,15.6766,3.3488,4.373,28759413650.0,68.5278,11.8384,5.0,7.0,13.8571,16.8551,8.43981091269841,14.4221956566491,4.56015873015873,6.3205262019838,22.86200656934751,-1.76036747182507
2003-09-23,35.71,35.7183,0.0232,17.8087,15.6795,3.4021,4.3726,29217600610.0,68.5278,11.8322,5.0,8.0,14.0,16.8551,8.33860496031746,14.301185885598048,4.41533253968254,6.211973747875412,22.639790845915503,-1.796641208192872
2003-09-24,34.27,35.7183,4.2261,17.1299,15.6824,3.265,4.3684,28039405570.0,68.4964,11.831,5.0,8.0,14.0,16.8551,8.264937301587302,14.226208014500791,4.290994444444444,6.05449663029797,22.49114531608809,-1.7635021858535254
2003-09-25,34.17,35.7183,4.5312,17.0799,15.6854,3.2554,4.3684,27957586470.0,68.4964,11.831,5.0,8.0,14.0,16.8551,8.196880952380953,14.16158791016356,4.172899206349206,5.900370162157621,22.358468862544512,-1.727470955808415
2003-09-26,32.91,35.7183,8.5333,16.4814,15.6859,3.1354,4.3684,26926665810.0,68.4964,11.8182,5.0,8.0,14.0,16.8551,8.151600595238095,14.123830211046752,4.071879365079365,5.711387039944972,22.27543080628485,-1.639507674865607
2003-09-29,33.23,35.7183,7.4881,16.6591,15.7091,3.1822,4.373,27188486930.0,68.0497,11.9598,5.0,8.0,14.0,16.8374,8.1053125,14.087582062859328,3.947172222222222,5.4562059049657226,22.19289456285933,-1.5090336827435005
2003-09-30,32.89,36.8767,12.1213,16.5584,15.7097,3.1742,4.3726,26910301990.0,66.6459,11.7102,5.0,8.0,14.0,16.1734,8.068452976190475,14.052610278136092,3.8473325396825393,5.181588747213859,22.121063254326568,-1.33425620753132
2003-10-01,33.86,36.8767,8.9093,17.0468,15.7103,3.2678,4.3684,27703947260.0,66.6459,11.7102,5.0,8.0,14.0,16.1734,8.019085912698413,14.005694715761637,3.778420634920635,5.053483171869813,22.02478062846005,-1.2750625369491786
2003-10-02,33.99,36.8767,8.4928,17.1114,15.7103,3.2839,4.3684,27810312090.0,66.7666,12.2995,6.0,8.0,14.0,17.8467,7.977820436507937,13.973498742263477,3.713170634920635,4.93685200590127,21.951319178771413,-1.223681370980635
2003-10-03,33.89,36.8767,8.8129,17.0593,15.7206,3.2743,4.3684,27728492990.0,66.7666,12.3242,6.0,8.0,14.0,17.8467,7.952547222222222,13.960414401493384,3.6486373015873017,4.81413625092997,21.912961623715606,-1.165498949342668
2003-10-06,34.32,36.8767,7.4496,17.2757,15.7294,3.3158,4.373,28080315120.0,66.7666,12.3242,6.0,8.0,14.0,17.8467,7.918844246031746,13.941032032625088,3.6050452380952382,4.753799370063669,21.859876278656834,-1.1487541319684311
2003-10-07,34.24,36.8767,7.7006,17.2355,15.7322,3.3081,4.3726,28014859840.0,66.7666,12.3242,6.0,8.0,14.0,17.8467,7.889313293650794,13.925660313858735,3.553640476190476,4.672890122674529,21.81497360750953,-1.119249646484053
2003-10-08,34.48,36.8767,6.951,17.3563,15.7351,3.3313,4.3684,28211225680.0,66.7666,12.3242,6.0,8.0,14.0,17.8467,7.84202123015873,13.888169188127623,3.4773928571428567,4.535353322089601,21.730190418286355,-1.0579604649467442
2003-10-09,34.4,37.3612,8.6081,17.2847,15.7587,3.3235,4.3684,28145770400.0,66.7666,12.299,5.0,8.0,14.0,17.8467,7.790377777777778,13.836633413393685,3.4121079365079363,4.398696983164118,21.627011191171466,-0.986589046656182
2003-10-10,34.08,37.7737,10.8383,17.1239,15.79,3.2926,4.3684,27883949280.0,66.7666,12.299,5.0,8.0,14.0,17.8467,7.754514087301587,13.805163730283695,3.351546825396825,4.23938023771759,21.55967781758528,-0.8878334123207647
2003-10-13,34.37,37.7737,9.9031,17.2583,15.79,3.3206,4.373,28121224670.0,66.7666,12.6023,5.0,8.0,14.0,17.8467,7.724023412698412,13.78335369439596,3.3141166666666666,4.159160645394766,21.50737710709437,-0.8450439787280994
2003-10-14,34.39,37.7737,9.8392,17.2277,15.79,3.3226,4.3726,28137588490.0,66.7666,12.5976,5.0,8.0,14.0,17.8467,7.69660615079365,13.765328090039246,3.297821428571429,4.12919698677815,21.461934240832896,-0.8313755582067213
2003-10-15,34.06,38.0271,11.6474,17.0812,15.7954,3.1095,4.3726,27867585460.0,69.1639,12.6463,5.0,7.0,14.1429,17.8487,7.666879166666667,13.740514823237772,3.279830158730159,4.087295957089942,21.40739398990444,-0.8074657983597828
2003-10-16,34.6,38.0271,9.9049,17.3521,15.805,3.1588,4.3726,28309408600.0,69.1639,12.6463,5.0,7.0,14.1429,17.8487,7.631008928571428,13.710937589338933,3.273757142857143,4.076782402933615,21.34194651791036,-0.8030252600764722
2003-10-17,34.04,38.0271,11.713,17.0712,15.81,3.1076,4.3726,27851221640.0,69.1639,12.6463,5.0,7.0,14.1429,17.8487,7.585016071428572,13.65808208721536,3.272169047619048,4.073427649858887,21.24309815864393,-0.8012586022398396
2003-10-20,33.83,38.0271,12.4064,16.8762,15.822,3.0983,4.3726,27679401530.0,69.1639,12.6463,5.0,7.0,14.1429,17.8487,7.545124007936509,13.614423553329845,3.313949206349206,4.139893204955893,21.15954756126635,-0.8259439986066868
2003-10-21,33.47,38.0271,13.6155,16.6658,15.8235,3.0593,4.3684,27384852770.0,69.3216,13.0764,5.0,7.0,14.1429,18.7437,7.499721626984127,13.55570541242095,3.35815873015873,4.21979275770313,21.05542703940508,-0.8616340275443997
2003-10-22,33.0,38.0271,15.2336,16.4318,15.8244,3.0163,4.3642,27000303000.0,69.3216,13.0764,5.0,7.0,14.1429,18.7437,7.471252777777777,13.524267846571126,3.4043920634920632,4.317392864284778,20.995520624348902,-0.9130008007927146
2003-10-23,33.38,38.0271,13.9218,16.621,15.8362,3.0511,4.3642,27311215580.0,69.3216,13.0764,5.0,7.0,14.1429,18.7437,7.4398132936507935,13.490709970355768,3.4150174603174603,4.341741534307784,20.93052326400656,-0.9267240739903232
2003-10-24,33.54,38.0271,13.3784,16.7007,15.847,3.0657,4.3642,27442126140.0,69.3216,13.0764,5.0,7.0,14.1429,18.7437,7.434726388888889,13.487980711594313,3.4519706349206345,4.406603798701603,20.9227071004832,-0.9546331637809686
2003-10-27,34.15,38.0271,11.3531,17.1487,15.8623,3.1215,4.3726,27941222650.0,69.3216,13.1289,5.0,7.0,14.1429,18.7396,7.431981349206349,13.487040292948924,3.49091746031746,4.454699394627354,20.919021642155272,-0.9637819343098936
2003-10-28,34.55,38.0271,10.064,17.3426,15.8666,3.1559,4.3684,28268499050.0,69.3804,13.2022,5.0,7.0,14.1429,18.7396,7.424562301587302,13.484556814057273,3.516265079365079,4.483077733367045,20.90911911564457,-0.966812654001966
2003-10-29,34.83,38.0271,9.1792,17.4832,15.8806,3.1815,4.3642,28497592530.0,69.3804,13.2022,5.0,7.0,14.1429,18.7396,7.411696626984126,13.47977288062412,3.5367365079365074,4.503115442208551,20.89146950760825,-0.9663789342720436
2003-10-30,35.17,38.0271,8.1237,17.6539,15.8886,3.2126,4.3605,28775777470.0,69.3804,13.2022,5.0,7.0,14.1429,18.7396,7.4043117063492065,13.478358351963283,3.572901587301588,4.521619721241279,20.88267005831249,-0.9487181339396916
2003-10-31,34.91,37.6486,7.8447,17.5233,15.8955,3.1888,4.3537,28563047810.0,69.3804,13.2022,5.0,7.0,14.1429,18.7396,7.399124404761904,13.477683418246809,3.598098412698413,4.5366026709155465,20.87680782300871,-0.938504258217134
2003-11-03,35.3,37.6486,6.6533,17.7191,15.9058,3.2244,4.3473,28882142300.0,69.3804,13.2022,5.0,7.0,14.1429,18.7396,7.399991468253968,13.477621228675517,3.6308817460317457,4.543688031551542,20.87761269692949,-0.9128062855197964
2003-11-04,34.8,37.6486,8.1856,17.4637,15.9128,3.1814,4.347,28473046800.0,69.3914,13.1883,5.0,7.0,14.1429,18.7341,7.412124801587302,13.475566155226902,3.677801587301588,4.560055917797287,20.887690956814204,-0.8822543304956998
2003-11-05,34.36,37.6486,9.571,17.2429,15.9199,3.1411,4.3467,28113042760.0,69.3914,13.1883,5.0,7.0,14.1429,18.7341,7.408771428571429,13.47481670822338,3.724007142857143,4.590180342098682,20.88358813679481,-0.8661731992415391
2003-11-06,34.83,37.6486,8.0924,17.4955,15.9199,3.1841,4.3373,28497592530.0,69.3914,13.1866,5.0,7.0,14.1429,18.7341,7.433485317460318,13.46460127520977,3.767928571428571,4.605388464880867,20.898086592670087,-0.8374598934522957
2003-11-07,35.35,37.6486,6.5024,17.7567,15.9435,3.2316,4.334,28923051850.0,69.3914,13.2041,5.0,7.0,14.1429,18.7341,7.4327049603174595,13.464643902187648,3.81396507936508,4.603485213849545,20.89734886250511,-0.7895201344844658
2003-11-10,35.19,37.6486,6.9866,17.6763,15.9589,3.217,4.3208,28792141290.0,69.3914,13.2041,5.0,7.0,14.1429,18.7341,7.435689880952381,13.464377392690688,3.861105555555555,4.605334712844386,20.900067273643067,-0.7442291572888311
2003-11-11,35.0,37.6486,7.5674,17.5809,15.9669,3.1996,4.3199,28636685000.0,69.3914,13.2041,5.0,7.0,14.1429,18.7341,7.439393849206349,13.464155901931354,3.908433333333333,4.612590414819052,20.903549751137703,-0.704157081485719
2003-11-12,35.6,37.6486,5.7545,17.8823,15.9751,3.2545,4.3189,29127599600.0,69.1315,13.2025,5.0,7.0,13.2857,18.7341,7.438244642857144,13.464275181567752,3.955647619047619,4.600688482628973,20.902519824424896,-0.6450408635813543
2003-11-13,35.8,37.6486,5.1637,17.9827,15.9803,3.2728,4.3127,29291237800.0,69.1315,13.2025,5.0,7.0,13.2857,18.7341,7.445149801587302,13.462210243726044,3.984636507936508,4.596667929665695,20.907360045313347,-0.6120314217291871
2003-11-14,35.19,37.6486,6.9866,17.679,15.9892,3.2178,4.3091,28792141290.0,69.1705,13.2023,5.0,7.0,13.2857,18.8135,7.453236111111111,13.460705299512494,3.99885,4.603206849173802,20.913941410623604,-0.6043568491738016
2003-11-17,34.89,37.6486,7.9066,17.5283,15.9982,3.1904,4.3031,28546683990.0,69.1705,13.2023,5.0,7.0,13.2857,18.8135,7.467569246031746,13.45732723915328,3.996506349206349,4.601124515346217,20.924896485185027,-0.604618166139868
2003-11-18,34.21,37.6486,10.0514,17.047,16.0018,3.1282,4.3012,27990314110.0,69.1705,13.1776,5.0,7.0,13.0,18.6205,7.487796031746032,13.45352636348945,3.9997555555555553,4.605285797039038,20.94132239523548,-0.6055302414834824
2003-11-19,34.12,37.6486,10.3417,17.0022,16.0116,3.1197,4.2994,27916676920.0,69.1818,13.1776,5.0,7.0,13.0,18.7249,7.513003968253968,13.446932903920102,4.030480158730159,4.634720608848366,20.95993687217407,-0.6042404501182075
2003-11-20,34.0,37.6486,10.7312,16.9424,16.0215,3.1087,4.2986,27818494000.0,69.1818,13.1603,5.0,7.0,13.0,18.7249,7.537413888888889,13.441574652707173,4.06283253968254,4.667299091146108,20.97898854159606,-0.6044665514635685
2003-11-21,34.16,37.6486,10.2125,17.0221,16.0403,3.1233,4.2972,27949404560.0,69.1818,13.1603,5.0,7.0,13.0,18.7249,7.555528968253968,13.43901009481809,4.09890873015873,4.697268559748715,20.99453906307206,-0.5983598295899855
2003-11-24,34.47,37.6486,9.2214,17.1766,16.0403,3.1517,4.294,28203043770.0,69.1818,13.1603,5.0,7.0,13.0,18.7249,7.573801984126984,13.43499304201984,4.148701587301587,4.718171908389737,21.00879502614682,-0.5694703210881498
2003-11-25,34.75,37.6486,8.3413,17.3161,16.0403,3.1773,4.2916,28432137250.0,69.2032,13.1911,5.0,7.0,13.0,18.7249,7.593441666666666,13.428852162652325,4.195855555555556,4.730228479480614,21.02229382931899,-0.5343729239250576
2003-11-26,35.08,37.6486,7.3221,17.4806,16.0471,3.2074,4.2844,28702140280.0,69.2032,13.1911,5.0,7.0,13.0,18.7249,7.61120992063492,13.422542894551857,4.248082539682539,4.72811153053027,21.033752815186773,-0.4800289908477309
2003-11-28,35.19,37.6486,6.9866,17.5354,16.0658,3.2175,4.2766,28792141290.0,69.2032,13.1911,5.0,7.0,13.0,18.7249,7.6248642857142865,13.418391345719249,4.311006349206349,4.711216864136054,21.04325563143353,-0.4002105149297046
2003-12-01,35.3,37.6486,6.6533,17.5902,16.0471,3.2276,4.2722,28882142300.0,69.2032,13.1911,5.0,7.0,13.0,18.7249,7.638634126984127,13.413816528919618,4.368750793650793,4.69482460608274,21.052450655903744,-0.3260738124319466
2003-12-02,35.02,37.6486,7.506,17.4507,16.0539,3.202,4.2683,28653048820.0,69.2032,13.1911,5.0,7.0,13.0,18.7249,7.658187499999999,13.406409435257013,4.448717460317461,4.66138638395202,21.06459693525701,-0.2126689236345589
2003-12-03,35.09,37.6486,7.2915,17.4855,16.0658,3.2084,4.2651,28710322190.0,69.2032,13.1911,5.0,7.0,13.0,18.7249,7.678105158730159,13.398374504841303,4.532080158730159,4.616996007813279,21.076479663571465,-0.0849158490831207
2003-12-04,35.5,37.6486,6.0524,17.6899,16.0658,3.2458,4.2604,29045780500.0,69.2032,13.1911,5.0,7.0,13.0,18.7249,7.695637698412699,13.39043614020166,4.595838888888888,4.5816659493066645,21.08607383861436,0.0141729395822238
2003-12-05,35.25,37.6486,6.8045,17.5653,16.0658,3.223,4.258,28841232750.0,69.2032,13.4618,6.0,7.0,13.0,18.7249,7.724335912698412,13.37294999863992,4.660588095238095,4.554477708815548,21.09728591133833,0.1061103864225474
2003-12-08,35.3,37.6486,6.6533,17.5902,16.1074,3.2276,4.2558,28882142300.0,69.2032,13.4618,6.0,7.0,13.0,18.7249,7.7553222222222225,13.352282366417628,4.713214285714286,4.538737756631779,21.10760458863985,0.174476529082507
2003-12-09,37.06,37.6486,1.5882,18.4672,16.108,3.3885,4.2556,30322158460.0,69.2032,13.4618,6.0,7.0,13.0,18.7249,7.770837896825397,13.34053508486334,4.74802380952381,4.497301641694623,21.11137298168874,0.2507221678291866
2003-12-10,37.07,38.6486,4.2584,18.4713,16.1087,3.3898,4.2548,30330340370.0,69.1887,13.443,6.0,7.0,13.0,18.6864,7.8016371031746035,13.314394268485984,4.819711111111111,4.415549541811997,21.116031371660583,0.4041615692991138
2003-12-11,38.02,38.6486,1.6533,18.9446,16.1087,3.4767,4.2541,31107621820.0,69.1887,13.443,6.0,7.0,13.0,18.6864,7.824474404761905,13.29390127403155,4.8624849206349205,4.357730358304811,21.118375678793456,0.5047545623301097
2003-12-12,38.04,38.6486,1.5999,18.9376,16.1087,3.4785,4.2458,31123985640.0,69.1887,13.4356,6.0,7.0,13.0,18.6864,7.84693630952381,13.273745731679346,4.910503174603175,4.287051055855343,21.12068204120316,0.6234521187478315
2003-12-15,38.41,38.6486,0.6212,19.1218,16.108,3.5123,4.2426,31426716310.0,69.1887,13.4356,6.0,7.0,13.0,18.6864,7.868729166666666,13.252790082794306,4.953556349206349,4.215356267676546,21.12151924946097,0.7382000815298033
2003-12-16,38.04,38.6486,1.5999,18.9376,16.1087,3.4785,4.2418,31123985640.0,69.1887,13.4356,6.0,7.0,13.0,18.6864,7.8961121031746035,13.225468989694408,5.001574603174603,4.141184032596284,21.12158109286901,0.8603905705783195
2003-12-17,37.77,38.6486,2.3262,18.8032,16.1089,3.4538,4.2416,30903074070.0,69.1887,13.4356,6.0,7.0,13.0,18.6864,7.921884523809524,13.201865860801618,5.036128571428571,4.100022967328076,21.123750384611142,0.9361056041004954
2003-12-18,37.87,39.4059,4.0557,15.8181,16.108,3.0632,4.2414,30371740000.0,15.4344,15.2039,1.0,7.0,13.0,17.8125,7.946567658730158,13.182933555033468,5.104573809523809,4.009386520757152,21.129501213763625,1.095187288766657
2003-12-19,39.12,40.6916,4.0174,16.3388,16.108,3.1435,4.2409,31374240000.0,16.4843,16.1509,1.0,7.0,13.0,19.3032,7.972171031746032,13.16269102686008,5.162871428571428,3.938569555823245,21.13486205860612,1.2243018727481831
2003-12-22,39.36,40.6916,3.3831,16.087,16.0823,3.1628,4.2318,31566720000.0,16.4843,16.2495,1.0,7.0,13.0,19.7034,7.998281944444445,13.140446175504986,5.214936507936508,3.8702063757191394,21.13872811994943,1.3447301322173684
2003-12-23,39.34,40.6916,3.4357,16.067,16.0777,3.1537,4.2259,31550680000.0,16.5005,16.2533,1.0,7.0,13.0,19.7034,8.024432341269842,13.118162875267014,5.231392063492064,3.858083388805519,21.14259521653685,1.373308674686545
2003-12-24,38.88,40.6916,4.6595,15.8791,16.0724,3.1168,4.2228,31181760000.0,16.5005,16.2533,1.0,7.0,13.0,19.7034,8.05281626984127,13.095309720423211,5.2717809523809525,3.8248416980516793,21.14812599026448,1.4469392543292732
2003-12-26,38.92,40.6916,4.5519,15.8954,16.0539,3.1105,4.2196,31213840000.0,16.5005,16.2533,1.0,7.0,13.0,19.7034,8.08150496031746,13.071702334343808,5.276233333333333,3.823665076002417,21.153207294661268,1.452568257330916
2003-12-29,39.32,40.6916,3.4883,16.0588,16.0309,3.1425,4.2124,31534640000.0,16.5005,16.2533,1.0,7.0,13.0,19.7034,8.109936706349206,13.04602090668249,5.274745238095238,3.8243293439893113,21.155957613031696,1.4504158941059275
2003-12-30,39.27,40.6916,3.6201,16.0384,16.0384,3.1385,4.2083,31494540000.0,16.5005,16.2533,1.0,7.0,13.0,19.7034,8.137451190476192,13.02182900023994,5.272273809523809,3.8253048400394367,21.15928019071613,1.4469689694843724
2003-12-31,39.73,40.6916,2.4203,16.2263,16.0394,3.1752,4.2068,31863460000.0,16.5005,16.2533,1.0,7.0,13.0,19.7034,8.161316666666668,13.000246259895722,5.256703174603174,3.832942071149838,21.16156292656239,1.4237611034533355
2004-01-02,39.82,41.8344,5.0588,16.2624,16.0384,3.1824,4.2034,31935640000.0,16.4745,16.2536,1.0,7.0,13.0,19.8382,8.187628174603175,12.980466486368574,5.263098412698413,3.831926103065928,21.168094660971747,1.4311723096324849
2004-01-05,40.43,41.8344,3.4737,16.4946,16.0215,3.2312,4.1944,32424860000.0,16.4745,16.2589,1.0,7.0,13.0,19.8382,8.210662698412698,12.961729513891656,5.249946825396825,3.835226050948029,21.172392212304352,1.4147207744487966
2004-01-06,40.75,41.8344,2.6611,16.6252,16.03,3.2568,4.1928,32681500000.0,16.4745,16.2589,1.0,7.0,13.0,19.8382,8.23727619047619,12.936462684686072,5.2423166666666665,3.8394437793149896,21.173738875162265,1.402872887351677
2004-01-07,40.83,41.8344,2.46,16.6578,16.0384,3.2631,4.1913,32745660000.0,16.4745,16.2589,1.0,7.0,13.0,19.8382,8.261539285714285,12.914072820391802,5.21655634920635,3.8471900636282497,21.175612106106087,1.3693662855781
2004-01-08,41.24,41.8344,1.4413,16.8251,16.0384,3.2959,4.1878,33074480000.0,16.4745,16.2589,1.0,7.0,13.0,19.8382,8.27580257936508,12.902534232947389,5.177488888888889,3.860417600358299,21.178336812312462,1.31707128853059
2004-01-09,41.03,41.8344,1.9605,16.7394,16.0384,3.2791,4.1868,32906060000.0,16.4745,16.2589,1.0,7.0,13.0,19.7339,8.28548630952381,12.895944508293503,5.142015873015873,3.869340449087752,21.181430817817315,1.272675423928121
2004-01-12,41.04,41.8344,1.9357,16.7435,16.0215,3.2799,4.1837,32914080000.0,16.4745,16.2589,1.0,7.0,13.0,19.7339,8.299427976190477,12.885248446587656,5.110149206349206,3.8791469740395166,21.18467642277813,1.2310022323096894
2004-01-13,40.82,41.8344,2.4851,16.6537,16.03,3.2623,4.1816,32737640000.0,16.4745,16.2589,1.0,7.0,13.0,19.7339,8.309863293650794,12.878390265499762,5.081853174603174,3.8852321255892055,21.18825355915056,1.1966210490139688
2004-01-14,42.28,43.3084,2.4324,17.1257,16.0384,3.3728,4.1794,33908560000.0,16.6537,18.5111,1.0,7.0,13.0,21.7344,8.316803174603173,12.874269910170078,5.042745238095238,3.886917055572156,21.19107308477325,1.155828182523082
2004-01-15,42.87,43.3084,1.0226,17.3647,16.0384,3.4198,4.1756,34381740000.0,17.5318,17.6429,2.0,7.0,13.0,22.3518,8.319738293650794,12.872434218056544,4.9787404761904765,3.886184046309329,21.19217251170734,1.0925564298811477
2004-01-16,43.65,43.3084,-0.7826,17.6807,16.0384,3.482,4.1754,35007300000.0,17.5318,17.6429,2.0,7.0,13.0,22.3518,8.319470634920634,12.872622451359303,4.913035714285715,3.913172411503851,21.19209308627994,0.999863302781864
2004-01-20,43.9,43.3084,-1.3476,17.7819,16.0215,3.502,4.1704,35207800000.0,17.5554,17.6476,2.0,7.0,13.0,22.3518,8.327543055555555,12.865265327188473,4.850884920634921,3.9500456736209233,21.192808382744023,0.9008392470139976
2004-01-21,43.7,43.3084,-0.8961,17.558,16.03,3.486,4.1669,35047400000.0,17.7855,17.6018,2.0,7.0,13.0,22.3289,8.333557539682538,12.86023235612413,4.818301587301586,3.980509711099577,21.193789895806667,0.8377918762020089
2004-01-22,43.79,43.3084,-1.0998,17.5941,16.03,3.4932,4.1617,35119580000.0,17.7855,17.6018,2.0,7.0,13.0,22.3289,8.336722222222221,12.857709074663743,4.778830952380952,4.014466013874681,21.194431296885966,0.7643649385062714
2004-01-23,43.7,43.3084,-0.8961,17.558,16.03,3.486,4.156,35047400000.0,17.7855,17.6018,2.0,7.0,13.0,22.3289,8.342736706349207,12.852668840665556,4.739965873015874,4.045641125481425,21.195405547014765,0.6943247475344485
2004-01-26,44.35,43.3084,-2.3486,17.8191,16.0116,3.5379,4.1516,35568700000.0,17.7855,17.6018,2.0,7.0,13.0,22.3289,8.34818253968254,12.84754496926898,4.699577777777778,4.09091196295188,21.19572750895152,0.6086658148258977
2004-01-27,43.52,43.9334,0.9499,17.4604,16.0215,3.4688,4.1513,34903040000.0,17.7913,17.6091,2.0,7.0,13.0,22.3289,8.364974603174602,12.832294153871366,4.687046031746031,4.100022965665523,21.19726875704597,0.5870230660805085
2004-01-28,42.74,43.9334,2.7922,17.1474,16.0215,3.4067,4.1474,34277480000.0,17.7913,17.6091,2.0,7.0,13.0,22.3289,8.385422023809523,12.815141969243268,4.700125396825396,4.091249851630969,21.20056399305279,0.6088755451944277
2004-01-29,44.39,47.8321,7.7542,17.7121,16.0215,3.5369,4.1458,35600780000.0,17.804,17.643,2.0,7.0,13.0,22.3982,8.415646825396825,12.795599889504068,4.744011111111111,4.094139366269319,21.21124671490089,0.6498717448417919
2004-01-30,44.42,48.1841,8.4739,17.724,16.0215,3.5393,4.1453,35624840000.0,17.804,17.643,2.0,8.0,13.0,22.3982,8.443912896825397,12.77992151218259,4.797517460317461,4.098513757236064,21.223834409007985,0.6990037030813969
2004-02-02,44.88,48.1841,7.3621,17.8819,16.0018,3.576,4.1395,35993760000.0,17.804,17.6497,2.0,8.0,13.0,22.3982,8.473291865079366,12.760327516552834,4.84007619047619,4.097070135019554,21.2336193816322,0.743006055456636
2004-02-03,44.0,48.1841,9.5093,17.5062,16.0116,3.5058,4.1394,35288000000.0,17.804,17.6499,2.0,8.0,13.0,22.3982,8.505838095238095,12.741959834076471,4.896350793650794,4.112213544100055,21.24779792931457,0.7841372495507386
2004-02-04,43.35,48.1841,11.1513,17.2785,16.0215,3.454,4.1393,34766700000.0,17.8209,17.6416,2.0,8.0,13.0,22.3982,8.535829365079366,12.730333807081914,4.953799206349206,4.148762423769279,21.26616317216128,0.8050367825799274
2004-02-05,43.87,48.1841,9.8338,17.4858,16.0384,3.4955,4.1378,35183740000.0,17.8209,17.6416,2.0,8.0,13.0,22.3982,8.564801785714286,12.716604057025528,5.010736507936508,4.1662181880378135,21.28140584273981,0.8445183198986941
2004-02-06,44.23,48.1841,8.9399,17.6292,16.0403,3.5242,4.1315,35472460000.0,17.8209,17.6416,2.0,8.0,13.0,22.3982,8.588931746031747,12.705728377554715,5.066053968253968,4.17178889703023,21.294660123586464,0.8942650712237379
2004-02-09,43.92,48.7119,10.9105,17.475,16.0588,3.4914,4.1269,35223840000.0,17.8381,16.7717,2.0,8.0,13.0,21.4496,8.615550396825396,12.69648939390346,5.131776190476191,4.198241854518287,21.312039790728857,0.933534335957904
2004-02-10,43.86,48.7119,11.0622,17.4512,16.0629,3.4866,4.1242,35175720000.0,17.8381,16.7717,2.0,8.0,13.0,21.4496,8.649373412698413,12.680213380530825,5.195335714285714,4.227052725565989,21.32958679322924,0.9682829887197252
2004-02-11,44.1,48.7119,10.4578,17.5467,16.067,3.5057,4.1214,35368200000.0,17.8381,16.7717,2.0,8.0,13.0,21.4496,8.678207738095237,12.667738837529951,5.2645873015873015,4.241313101632327,21.34594657562519,1.0232741999549742
2004-02-12,43.78,48.7119,11.2652,17.4193,16.0777,3.4803,4.1183,35111560000.0,17.8511,16.7731,2.0,8.0,13.0,21.5924,8.711134523809523,12.652814416954808,5.337412698412699,4.265065650758266,21.36394894076433,1.072347047654433
2004-02-13,44.43,48.7119,9.6374,17.678,16.087,3.5319,4.1167,35632860000.0,17.8511,16.7731,2.0,8.0,13.0,21.5924,8.747428571428571,12.629114951370418,5.409457142857143,4.260383497018682,21.37654352279899,1.1490736458384605
2004-02-17,45.64,48.7119,6.7307,18.192,16.1089,3.6281,4.1033,36603280000.0,17.8511,16.7731,2.0,8.0,13.0,21.5924,8.777612500000002,12.606012534576166,5.463459523809524,4.233365338700304,21.38362503457617,1.2300941851092198
2004-02-18,45.11,48.7119,7.9847,17.9807,16.1091,3.586,4.0998,36178220000.0,17.8511,16.7731,2.0,8.0,13.0,21.5924,8.804585714285714,12.589700029069116,5.539927777777778,4.190643930197695,21.394285743354832,1.3492838475800824
2004-02-19,44.8,48.7119,8.7319,17.9502,16.1114,3.5594,4.0938,35929600000.0,18.8174,20.1084,2.0,8.0,13.0,23.7625,8.829993055555555,12.576573608007308,5.624738095238095,4.145655569578556,21.406566663562863,1.479082525659539
2004-02-20,44.55,48.7119,9.3421,17.85,16.1315,3.5396,4.0865,35729100000.0,18.8174,20.1084,2.0,8.0,13.0,23.7625,8.860678174603175,12.558871480176338,5.713953968253969,4.103184381987323,21.419549654779512,1.6107695862666451
2004-02-23,44.28,48.7119,10.0088,17.7269,16.1361,3.5181,4.0786,35512560000.0,18.8174,20.1165,2.0,8.0,13.0,23.9395,8.892250793650794,12.541670356524657,5.813461904761904,4.053407202497389,21.43392115017545,1.7600547022645152
2004-02-24,44.9,47.8362,6.5394,17.8132,16.1361,3.5674,4.077,36009800000.0,18.8174,20.14,2.0,8.0,13.0,23.9395,8.918739682539682,12.522521924113114,5.875589682539681,4.003362270488802,21.441261606652795,1.8722274120508795
2004-02-25,45.15,47.6526,5.5429,18.1602,16.1422,3.5848,4.0691,36210300000.0,18.8228,20.0995,2.0,8.0,13.0,23.4752,8.944666666666667,12.501920511108834,5.932059523809524,3.9472537400918544,21.4465871777755,1.9848057837176687
2004-02-26,44.9,47.6526,6.1305,18.0488,16.1566,3.5507,4.061,36009800000.0,18.8547,20.0998,2.0,8.0,13.0,23.4752,8.974730158730159,12.476824093602795,5.987573015873015,3.899808657837791,21.451554252332954,2.087764358035224
2004-02-27,44.37,48.7539,9.8803,17.853,16.1955,3.5088,4.0581,35584740000.0,18.8547,20.0994,2.0,8.0,13.0,23.4752,9.012978174603177,12.44991208967183,6.049880952380952,3.898780589050228,21.462890264275003,2.151100363330724
2004-03-01,45.25,48.7539,7.7434,18.2071,16.2717,3.5784,4.0544,36290500000.0,18.8547,20.0964,2.0,8.0,13.0,23.4752,9.051070436507937,12.416488007513836,6.092645238095238,3.88746440124893,21.467558444021773,2.205180836846308
2004-03-02,45.22,48.7539,7.8149,18.195,16.2811,3.576,4.0539,36266440000.0,18.8547,20.0964,2.0,8.0,13.0,23.4752,9.09461130952381,12.3734403604579,6.145371428571429,3.865172342027933,21.468051669981712,2.280199086543496
2004-03-03,45.41,48.7539,7.3638,18.2714,16.2844,3.5911,4.0534,36418820000.0,18.8547,20.0964,2.0,8.0,13.0,23.4752,9.140755952380951,12.323332543673114,6.180115873015874,3.8562110837746655,21.464088496054067,2.3239047892412072
2004-03-04,45.6,48.7539,6.9164,18.3479,16.2946,3.6061,4.0529,36571200000.0,18.8547,20.0964,2.0,8.0,13.0,23.4752,9.188078174603175,12.268677267556896,6.225583333333334,3.830562269803293,21.45675544216008,2.3950210635300406
2004-03-05,45.61,48.7539,6.893,18.3519,16.3081,3.6069,4.0498,36579220000.0,18.8547,20.0964,2.0,8.0,13.0,23.4752,9.23938869047619,12.204599901922853,6.26250238095238,3.814235763336456,21.443988592399045,2.448266617615924
2004-03-08,45.24,48.7539,7.7672,18.2052,16.3154,3.5776,4.0399,36282480000.0,18.8547,20.0962,2.0,8.0,13.0,23.4701,9.295552976190477,12.132205428080113,6.304712698412698,3.8010986180732034,21.427758404270588,2.5036140803394944
2004-03-09,45.24,48.7539,7.7672,18.1643,16.3194,3.5672,4.0391,36282480000.0,18.8785,20.1018,2.0,8.0,13.0,23.4701,9.35702777777778,12.045325193989935,6.346923015873016,3.787441751518641,21.40235297176772,2.559481264354376
2004-03-10,44.41,48.6526,9.5533,17.8139,16.3233,3.5017,4.0366,35616820000.0,18.8785,20.1041,2.0,8.0,13.0,23.4701,9.418894047619048,11.96567988322426,6.392804761904761,3.7910165237700686,21.38457393084331,2.601788238134693
2004-03-11,42.46,48.6526,14.5846,17.0317,16.3282,3.348,4.0307,34052920000.0,18.8785,20.1041,2.0,8.0,13.0,23.4701,9.48730873015873,11.89610583871412,6.462594444444445,3.8601611888274094,21.38341456887285,2.6024332556170355
2004-03-12,42.94,48.6526,13.3037,17.2339,16.3282,3.3858,4.0243,34437880000.0,18.8785,19.9406,2.0,8.0,13.0,23.2377,9.554258531746031,11.82206893438668,6.5313357142857145,3.904353885794016,21.376327466132715,2.626981828491698
2004-03-15,41.47,48.6526,17.32,16.6439,16.3462,3.2699,4.0186,33258940000.0,18.8785,19.9406,2.0,8.0,13.0,23.2377,9.628615079365078,11.75248202940393,6.654118253968254,3.998072179106409,21.38109710876901,2.6560460748618446
2004-03-16,40.91,48.6526,18.9259,16.4192,16.3494,3.2258,4.0173,32809820000.0,18.8955,19.9406,2.0,8.0,13.0,23.2377,9.71488115079365,11.660296103798252,6.787988888888889,4.123385712333507,21.375177254591904,2.6646031765553824
2004-03-17,42.62,48.6526,14.1544,17.0863,16.3527,3.3606,4.0162,34181240000.0,18.8955,20.8338,3.0,8.0,13.0,23.2377,9.78156011904762,11.589046153080409,6.891122222222222,4.143943793748024,21.37060627212803,2.7471784284741982
2004-03-18,42.67,48.6526,14.0206,17.1029,16.3784,3.3563,4.0113,34221340000.0,18.9097,20.8357,3.0,8.0,13.0,23.2508,9.846502380952382,11.52057292733268,6.988145238095237,4.166738580532464,21.367075308285063,2.8214066575627736
2004-03-19,42.51,48.6526,14.4498,17.0292,16.4061,3.3437,4.0068,34093020000.0,18.9097,20.8377,3.0,8.0,13.0,23.2508,9.90601765873016,11.466486922294514,7.09635,4.182171180308207,21.372504581024675,2.9141788196917933
2004-03-22,41.97,48.7526,16.1606,16.6178,16.4318,3.354,4.0016,34415400000.0,18.9721,20.8706,3.0,8.0,13.0,23.3365,9.95764861111111,11.435846435157623,7.210628571428571,4.231665362608164,21.393495046268736,2.9789632088204074
2004-03-23,42.3,48.7526,15.2544,16.7147,16.4351,3.3682,3.9998,34686000000.0,19.0,20.8754,3.0,8.0,13.0,23.3407,10.001233531746031,11.414026043173438,7.318863492063492,4.261745411253123,21.41525957491947,3.057118080810369
2004-03-24,42.85,48.7526,13.775,16.9214,16.4384,3.412,3.9994,35137000000.0,19.0,20.8803,3.0,8.0,13.0,23.3407,10.03837976190476,11.39573185635289,7.428004761904762,4.249483119342596,21.434111618257653,3.178521642562166
2004-03-25,43.43,48.7526,12.2556,17.1504,16.4466,3.4594,3.9921,35612600000.0,18.9997,20.8803,3.0,8.0,13.0,23.3407,10.074570833333334,11.373686735551148,7.491730952380953,4.26127224188209,21.448257568884483,3.230458710498863
2004-03-26,43.87,49.4526,12.7253,17.2134,16.478,3.4945,3.9816,35973400000.0,18.9997,20.9035,3.0,8.0,13.0,23.3407,10.115009523809524,11.346721911190455,7.556763492063492,4.278221834596359,21.46173143499998,3.278541657467133
2004-03-29,44.58,49.4526,10.93,17.492,16.4946,3.551,3.9746,36555600000.0,18.9997,20.9035,3.0,8.0,13.0,23.3407,10.151998412698411,11.31884294967122,7.57578492063492,4.287915363513059,21.47084136236964,3.287869557121861
2004-03-30,44.69,49.4526,10.657,17.5022,16.5149,3.5598,3.9639,36645800000.0,19.0019,20.91,3.0,8.0,13.0,23.3822,10.187260317460318,11.292596018643868,7.600934920634921,4.2966812965044685,21.479856336104184,3.3042536241304523
2004-03-31,44.91,49.4526,10.1149,17.5883,16.5236,3.5773,3.9549,36826200000.0,19.0019,20.91,3.0,8.0,13.0,23.3822,10.217914682539684,11.271326132059684,7.585011111111111,4.283492164955608,21.48924081459937,3.301518946155503
2004-04-01,45.61,49.4526,8.4249,17.8625,16.5332,3.6331,3.9549,37400200000.0,19.0019,20.91,3.0,8.0,13.0,23.3822,10.240271031746031,11.256534052071348,7.581166666666666,4.282511366887487,21.49680508381738,3.29865529977918
2004-04-02,45.94,49.4526,7.6461,17.9558,16.5396,3.6594,3.948,37670800000.0,19.0019,20.9217,3.0,8.0,13.0,23.3822,10.267829166666669,11.23307653555698,7.574446825396826,4.281733669675214,21.500905702223648,3.292713155721612
2004-04-05,46.14,49.4526,7.1795,18.0094,16.5602,3.6753,3.9261,37834800000.0,19.0019,20.9262,3.0,8.0,13.0,23.3822,10.295119246031746,11.208758458345944,7.561483333333333,4.280426562309011,21.50387770437769,3.281056771024322
2004-04-06,46.37,49.4526,6.6478,18.0921,16.562,3.6936,3.9242,38023400000.0,19.0019,21.0174,3.0,8.0,13.0,23.5531,10.32182996031746,11.183917876484424,7.555119841269841,4.281190153703022,21.505747836801884,3.2739296875668185
2004-04-07,45.98,49.4526,7.5524,17.9715,16.5765,3.6548,3.9222,37703600000.0,19.0063,21.0137,3.0,8.0,13.0,23.5531,10.35336746031746,11.153551515190175,7.55394365079365,4.281170223319776,21.50691897550764,3.272773427473875
2004-04-08,45.53,49.4526,8.6154,17.7956,16.6044,3.619,3.9184,37334600000.0,19.0051,21.0137,3.0,8.0,13.0,23.5468,10.392459722222224,11.112708100361589,7.567153174603175,4.281862653316939,21.50516782258381,3.285290521286236
2004-04-12,45.75,49.4526,8.0931,17.8816,16.621,3.6365,3.9035,37515000000.0,19.0051,21.0137,3.0,8.0,13.0,23.5468,10.427411904761906,11.077592886955305,7.563065873015873,4.28110678917807,21.50500479171721,3.281959083837803
2004-04-13,44.71,49.4526,10.6075,17.4751,16.6231,3.5539,3.9033,36662200000.0,19.0051,21.02,3.0,8.0,13.0,23.5468,10.467574404761905,11.041347776824498,7.561234126984127,4.279743371131798,21.5089221815864,3.281490755852329
2004-04-14,44.11,49.4526,12.112,17.2406,16.6252,3.5062,3.903,36170200000.0,19.0051,21.02,3.0,8.0,13.0,23.5468,10.51005634920635,11.006278300043649,7.57876507936508,4.2939136698228255,21.51633464925,3.284851409542254
2004-04-15,44.09,49.4526,12.1628,17.2328,16.6278,3.5046,3.9018,36153800000.0,19.0051,21.02,3.0,8.0,13.0,23.5468,10.554730357142857,10.967053338582046,7.597206349206349,4.308663630848885,21.521783695724903,3.288542718357464
2004-04-16,44.7,49.4526,10.6322,17.4712,16.6288,3.5531,3.9002,36654000000.0,19.0051,21.02,3.0,8.0,13.0,23.5468,10.596204166666666,10.927594972828274,7.589149206349206,4.301973243724314,21.52379913949494,3.287175962624892
2004-04-19,44.57,49.4526,10.9549,17.4204,16.641,3.5427,3.8677,36547400000.0,19.0051,21.02,3.0,8.0,13.0,23.5468,10.634590674603174,10.894692092952935,7.59748253968254,4.307508375273718,21.52928276755611,3.2899741644088216
2004-04-20,44.12,49.4526,12.0866,17.2445,16.6424,3.5026,3.8634,36178400000.0,19.1946,21.0172,3.0,8.0,13.0,23.5064,10.675957936507938,10.8604229404249,7.600447619047618,4.310491511866695,21.53638087693284,3.289956107180924
2004-04-21,44.16,49.4526,11.9851,17.2601,16.6439,3.5057,3.8634,36211200000.0,19.1946,21.0172,3.0,8.0,13.0,23.5064,10.719975992063492,10.82052861476654,7.597103968253968,4.306895609385565,21.54050460683004,3.2902083588684032
2004-04-22,44.56,49.4526,10.9798,17.4165,16.6537,3.5375,3.863,36539200000.0,19.1946,21.0172,3.0,8.0,13.0,23.5064,10.763654365079365,10.776883941330707,7.576185714285714,4.2837694906933095,21.54053830641007,3.2924162235924044
2004-04-23,44.3,49.4526,11.6312,17.3148,16.6578,3.5168,3.8585,36326000000.0,19.1946,21.0172,3.0,8.0,13.0,23.5064,10.80675634920635,10.73667161880716,7.547595238095238,4.244091690015388,21.54342796801351,3.30350354807985
2004-04-26,43.77,49.4526,12.9829,17.1546,16.6667,3.4748,3.8482,35891400000.0,18.1785,20.27,3.0,8.0,13.0,22.3612,10.852266666666663,10.697034885664792,7.540143650793651,4.233621938123419,21.549301552331457,3.306521712670232
2004-04-27,43.67,49.4526,13.2416,17.1154,16.6682,3.4668,3.8454,35809400000.0,18.1785,20.27,3.0,8.0,13.0,22.3612,10.895900595238096,10.661711444792896,7.539057936507937,4.232130015155139,21.557612040031,3.3069279213527976
2004-04-28,43.45,49.4526,13.815,17.0292,16.6724,3.4494,3.843,35629000000.0,18.1785,20.27,3.0,8.0,13.0,22.3612,10.940446825396826,10.626785982443154,7.558596825396825,4.255498078748288,21.56723280783998,3.303098746648537
2004-04-29,43.13,49.4526,14.6594,16.9038,16.6866,3.424,3.8378,35366600000.0,18.1785,20.27,3.0,8.0,13.0,22.3612,10.993199007936507,10.57892347824992,7.595068253968253,4.296635657938039,21.57212248618643,3.2984325960302137
2004-04-30,42.67,49.4526,15.8955,16.7235,16.6988,3.3874,3.834,34989400000.0,18.1785,20.27,3.0,8.0,13.0,22.3612,11.05482142857143,10.516536788717415,7.648372222222223,4.357673173126083,21.571358217288847,3.29069904909614
2004-05-03,42.69,49.4526,15.8412,16.6771,16.7016,3.389,3.8206,35005800000.0,18.1785,20.2786,3.0,8.0,13.0,22.3993,11.11163253968254,10.464670905909994,7.709622222222222,4.418224285024782,21.576303445592533,3.2913979371974404
2004-05-04,43.01,49.4526,14.9793,16.87,16.7024,3.4423,3.8184,35268200000.0,17.9244,20.2188,4.0,8.0,13.0,22.3993,11.165228968253968,10.414951380554715,7.766246031746031,4.465435441121576,21.58018034880868,3.300810590624456
2004-05-05,43.2,49.4526,14.4736,16.9445,16.7147,3.4576,3.8172,35424000000.0,17.9244,20.2188,4.0,8.0,13.0,22.3993,11.21353234126984,10.373564581868706,7.828311904761905,4.504023787230443,21.587096923138542,3.324288117531462
2004-05-06,42.67,49.4526,15.8955,16.7366,16.7235,3.4151,3.81,34989400000.0,17.9244,20.2188,4.0,8.0,13.0,22.3993,11.25898888888889,10.343683370535691,7.889501587301587,4.560928753786665,21.60267225942458,3.3285728335149223
2004-05-07,41.5,49.4526,19.1629,16.2777,16.7235,3.3215,3.8024,34030000000.0,17.9244,20.2188,4.0,8.0,13.0,22.3993,11.31237876984127,10.314799435777903,7.965627777777778,4.668010940169564,21.62717820561917,3.2976168376082136
2004-05-10,40.7,49.4526,21.5052,15.9502,16.7244,3.2541,3.7898,33374000000.0,18.0531,20.3715,4.0,8.0,13.0,22.4717,11.36902400793651,10.292158487916762,8.072078571428571,4.821341646265866,21.66118249585327,3.2507369251627054
2004-05-11,40.98,49.4526,20.675,16.0599,16.724,3.2765,3.7819,33603600000.0,18.0531,20.3715,4.0,8.0,13.0,22.4717,11.41904007936508,10.275964697187034,8.184559523809524,4.948084476985926,21.69500477655212,3.236475046823598
2004-05-12,40.92,49.7751,21.64,16.0364,16.724,3.2717,3.7787,33554400000.0,18.0531,20.3715,4.0,8.0,13.0,22.4717,11.4765,10.251913601778472,8.300856349206349,5.08987396811354,21.72841360177847,3.2109823810928084
2004-05-13,40.99,49.7751,21.4323,16.0638,16.724,3.2773,3.7738,33611800000.0,18.0531,20.3715,4.0,8.0,13.0,22.4717,11.536333134920636,10.221740468592914,8.410895238095238,5.222048105758664,21.75807360351355,3.1888471323365737
2004-05-14,41.13,49.7751,21.019,16.1187,16.724,3.2885,3.7672,33726600000.0,18.0531,20.3715,4.0,8.0,13.0,22.4717,11.596845436507936,10.187298045654376,8.532042063492064,5.335752562979004,21.78414348216232,3.19628950051306
2004-05-17,40.15,49.7751,23.9729,15.7346,16.7302,3.2101,3.7479,32923000000.0,18.0531,20.3715,4.0,8.0,13.0,22.4717,11.66480119047619,10.155280164715094,8.68132142857143,5.501307820358505,21.820081355191284,3.180013608212924
2004-05-18,40.39,49.7751,23.2362,15.8287,16.7244,3.2293,3.7447,33119800000.0,18.0531,20.3715,4.0,8.0,13.0,22.4717,11.73004226190476,10.12367639935743,8.81028650793651,5.649725830761791,21.853718661262192,3.1605606771747192
2004-05-19,40.25,49.7751,23.6648,15.7738,16.724,3.2181,3.743,33005000000.0,18.0531,20.3715,4.0,8.0,13.0,22.4717,11.79169265873016,10.101490437625404,8.935351587301588,5.801926829317822,21.893183096355564,3.1334247579837653
2004-05-20,40.3,49.7751,23.5114,15.7934,16.724,3.2221,3.7406,33046000000.0,18.0531,20.3715,4.0,8.0,13.0,22.4717,11.852576785714287,10.079401770699793,9.042176984126984,5.944794105785879,21.93197855641408,3.0973828783411053
2004-05-21,40.9,49.8502,21.8831,16.038,16.724,3.2701,3.7365,33538000000.0,18.0531,19.5443,5.0,8.0,13.0,22.4717,11.90752757936508,10.0583784808047,9.133775396825396,6.052910367704971,21.96590606016978,3.0808650291204263
2004-05-24,41.31,49.8502,20.6734,16.1987,16.724,3.3029,3.7258,33874200000.0,18.0531,19.5443,5.0,8.0,13.0,22.4717,11.95965992063492,10.035514815511316,9.212681746031745,6.138105347970546,21.99517473614624,3.074576398061198
2004-05-25,41.83,49.8502,19.1733,16.4026,16.7235,3.3445,3.7209,34300600000.0,18.0531,19.5443,5.0,8.0,13.0,22.4717,12.006818849206349,10.01338855828074,9.283799206349206,6.201367054429197,22.02020740748709,3.0824321519200097
2004-05-26,42.03,49.8502,18.6062,16.4836,16.7191,3.3604,3.7137,34464600000.0,18.0531,19.5438,5.0,8.0,13.0,22.4717,12.051683333333331,9.992136279387172,9.358281746031745,6.256723377058044,22.043819612720505,3.1015583689737003
2004-05-27,42.73,49.5774,16.0248,16.7582,16.7191,3.4164,3.7,35038600000.0,18.0531,19.5424,5.0,8.0,13.0,22.4717,12.090492658730158,9.969436475461215,9.419261904761903,6.284115275732745,22.05992913419137,3.13514662902916
2004-05-28,42.61,49.5774,16.3516,16.7111,16.7129,3.4068,3.6928,34940200000.0,18.0531,19.5405,5.0,8.0,13.0,22.4717,12.128782738095238,9.948605980509404,9.490924603174603,6.311434223638105,22.07738871860464,3.1794903795364986
2004-06-01,42.35,49.5774,17.0659,16.6091,16.7147,3.386,3.6901,34727000000.0,18.0531,19.5405,5.0,8.0,13.0,22.4717,12.170200396825395,9.925549410754464,9.570919047619048,6.343234233388735,22.09574980757986,3.2276848142303134
2004-06-02,41.97,49.5774,18.1258,16.4601,16.7129,3.3556,3.6856,34415400000.0,18.0531,19.5405,5.0,8.0,13.0,22.4717,12.206893055555556,9.913283739699429,9.661970634920635,6.383232074942229,22.120176795254984,3.2787385599784065
2004-06-03,41.62,49.5774,19.1192,16.3228,16.7129,3.3277,3.6788,34128400000.0,18.0531,19.5405,5.0,8.0,13.0,22.4717,12.245892857142858,9.901706891685688,9.754138888888887,6.435481069719344,22.147599748828547,3.3186578191695446
2004-06-04,42.12,49.5774,17.7051,16.5189,16.7129,3.3676,3.6758,34538400000.0,18.0531,19.5405,5.0,8.0,13.0,22.4717,12.283816865079366,9.885896130845929,9.836786507936509,6.470375326292671,22.16971299592529,3.366411181643836
2004-06-07,42.89,49.5774,15.592,16.8209,16.7129,3.4233,3.6658,35169800000.0,18.0556,19.5405,5.0,8.0,13.0,22.4717,12.314941865079366,9.871529104659968,9.91249761904762,6.481541949424902,22.18647096973933,3.4309556696227164
2004-06-08,43.27,49.5774,14.5768,16.97,16.7147,3.4537,3.6594,35481400000.0,18.0556,19.5405,5.0,8.0,13.0,22.4717,12.345797817460316,9.854196401381172,9.97418253968254,6.488707044742672,22.19999421884149,3.485475494939868
2004-06-09,43.1,49.5774,15.0288,16.9033,16.7147,3.4401,3.6556,35342000000.0,18.0556,19.5412,5.0,8.0,13.0,22.4717,12.379656944444443,9.833978478114728,10.04065476190476,6.497309626479073,22.21363542255917,3.543345135425689
2004-06-10,43.35,49.5774,14.3654,17.0013,16.7147,3.4601,3.6548,35547000000.0,18.0556,19.5412,5.0,8.0,13.0,22.4717,12.409492857142858,9.817098640658878,10.142061111111111,6.463957170934537,22.22659149780173,3.678103940176574
2004-06-14,43.01,49.5774,15.2695,16.868,16.7111,3.4329,3.6498,35268200000.0,18.0556,19.5417,5.0,8.0,13.0,22.4717,12.437786904761904,9.80471859687792,10.229450793650791,6.458206372308014,22.242505501639823,3.771244421342778
2004-06-15,43.6,49.5774,13.7096,17.0994,16.7129,3.48,3.6469,35752000000.0,18.0556,19.5417,5.0,8.0,13.0,22.4521,12.462151587301587,9.79255949964428,10.325135714285716,6.419321561267573,22.254711086945868,3.9058141530181416
2004-06-16,43.56,50.6989,16.3887,17.011,16.7147,3.4638,3.6469,35719200000.0,18.0558,19.5653,5.0,8.0,13.625,22.3802,12.489144047619048,9.78457696925732,10.442507142857144,6.393660894582152,22.273721016876365,4.048846248274992
2004-06-17,45.21,51.9717,14.9562,17.4772,16.7147,3.6592,3.6469,37931190000.0,18.1561,19.644,5.0,8.0,13.625,22.4426,12.518464285714286,9.769744303655129,10.556276984126985,6.344854238138691,22.28820858936941,4.211422745988292
2004-06-18,45.25,52.6567,16.3684,17.4079,16.7147,3.6605,3.6469,37964750000.0,18.2291,20.2244,5.0,7.0,13.7143,23.6763,12.549834523809524,9.7566375554363,10.673487301587302,6.314415239814208,22.306472079245825,4.359072061773095
2004-06-21,45.64,52.4505,14.9222,17.5424,16.7111,3.6867,3.6469,38291960000.0,18.2436,20.2308,5.0,7.0,13.7143,23.6763,12.5807751984127,9.739335859946676,10.773455555555554,6.280824870522132,22.320111058359373,4.492630685033422
2004-06-22,45.67,52.4505,14.8467,17.5478,16.7129,3.6891,3.6469,38317130000.0,18.2436,20.2319,5.0,7.0,13.7143,23.6763,12.603702976190476,9.73102138110151,10.859098412698412,6.262034200034196,22.334724357291982,4.597064212664216
2004-06-23,46.6,52.4505,12.5547,17.8264,16.7147,3.7482,3.6469,39097400000.0,19.1461,20.9406,5.0,7.0,13.7143,25.1859,12.611517261904762,9.729394205119268,10.926854761904762,6.233536275079948,22.34091146702403,4.693318486824814
2004-06-24,46.74,52.4505,12.2176,17.8288,16.7147,3.7556,3.6469,39214860000.0,19.1557,20.9537,5.0,7.0,13.7143,25.2097,12.614806150793653,9.72897949469997,10.99696984126984,6.197586735035148,22.34378564549362,4.799383106234694
2004-06-25,46.93,51.1095,8.9058,17.9013,16.7147,3.7709,3.6469,39374270000.0,19.1557,20.5048,4.0,7.0,13.7143,25.2097,12.606484722222223,9.730357359793594,11.040383333333336,6.163260747906132,22.336842082015817,4.877122585427203
2004-06-28,47.0,51.1095,8.7436,17.928,16.7111,3.7765,3.6469,39433000000.0,19.1557,20.5048,4.0,7.0,13.7143,25.2097,12.594489682539685,9.731387627173794,11.072796825396829,6.140130319437064,22.32587730971348,4.932666505959763
2004-06-29,46.98,51.1095,8.7899,17.9204,16.7129,3.7686,3.6469,39416220000.0,19.1713,20.5048,4.0,7.0,13.7143,25.2097,12.584642063492064,9.732723995937128,11.106431746031744,6.115682804183403,22.31736605942919,4.990748941848342
2004-06-30,47.0,51.1095,8.7436,17.928,16.7147,3.7702,3.6469,39433000000.0,19.1713,20.5048,4.0,7.0,13.7143,25.2097,12.57462123015873,9.734076168649167,11.148140476190475,6.081134677570381,22.308697398807897,5.067005798620096
2004-07-01,47.81,51.8837,8.5206,18.2043,16.7147,3.8278,3.6469,40112590000.0,19.6273,21.3195,4.0,7.0,13.7143,26.2954,12.55932738095238,9.734378938086552,11.187033333333334,6.048184423074453,22.29370631903893,5.138848910258881
2004-07-02,47.81,51.8837,8.5206,18.2043,16.7147,3.8278,3.6469,40112590000.0,19.6273,21.3195,4.0,7.0,13.7143,26.2954,12.54066746031746,9.7330863947224,11.235448412698412,6.001683602999904,22.27375385503986,5.233764809698508
2004-07-06,47.66,51.8837,8.8621,18.1472,16.7111,3.8158,3.6469,39986740000.0,19.6273,21.3195,4.0,7.0,13.7143,26.2954,12.526390873015872,9.733194755792738,11.265633333333334,5.979894817523169,22.25958562880861,5.285738515810165
2004-07-07,47.56,51.8837,9.091,18.1091,16.7129,3.8078,3.6469,39902840000.0,19.6273,21.3195,4.0,7.0,13.7143,26.2954,12.521299603174604,9.734321474005496,11.31021507936508,5.9421592907638585,22.2556210771801,5.368055788601221
2004-07-08,46.75,51.8837,10.9812,17.8007,16.7129,3.743,3.6469,39223250000.0,19.6273,21.3195,4.0,7.0,13.7143,26.2954,12.519407936507935,9.734528348478568,11.37624761904762,5.891287663344468,22.253936284986505,5.484959955703151
2004-07-09,46.5,51.8837,11.5778,17.7055,16.7129,3.7229,3.6469,39013500000.0,19.6273,21.3195,4.0,7.0,13.7143,26.2954,12.51654900793651,9.734593008498749,11.44861111111111,5.836636118480919,22.251142016435256,5.611974992630191
2004-07-12,46.59,51.8837,11.3623,17.7398,16.7059,3.7302,3.6469,39089010000.0,19.6273,21.3195,4.0,7.0,13.7143,26.2954,12.503352182539684,9.731634123963936,11.527349206349204,5.767058287019458,22.23498630650362,5.760290919329747
2004-07-13,46.21,51.8837,12.2781,17.5951,16.7111,3.6997,3.6469,38770190000.0,19.6273,21.3173,4.0,7.0,13.7143,26.2954,12.494745634920632,9.72990784421107,11.60923492063492,5.70302678914024,22.224653479131703,5.90620813149468
2004-07-14,45.9,51.8837,13.0364,17.4771,16.7129,3.6749,3.6469,38510100000.0,19.6273,21.3173,4.0,7.0,13.7143,26.2954,12.488581746031745,9.728576006369805,11.697335714285716,5.637762578562061,22.217157752401548,6.059573135723655
2004-07-15,45.81,51.8837,13.2585,17.4209,16.7129,3.6677,3.6469,38434590000.0,19.6273,21.3643,4.0,7.0,13.7143,26.3859,12.476575992063491,9.723874381855964,11.78283888888889,5.578312754731129,22.20045037391946,6.204526134157761
2004-07-16,45.68,51.8837,13.5808,17.3715,16.7129,3.6573,3.6469,38325520000.0,19.6273,21.3643,4.0,7.0,13.7143,26.3859,12.464219642857143,9.718494431850033,11.871318253968257,5.516892025108391,22.18271407470717,6.354426228859864
2004-07-19,45.68,51.8837,13.5808,17.3715,16.7059,3.6573,3.6469,38325520000.0,19.6273,21.3643,4.0,7.0,13.7143,26.3859,12.451773015873014,9.713027028462989,11.970986507936509,5.432117957708296,22.164800044336,6.538868550228211
2004-07-20,45.97,51.8837,12.8643,17.4817,16.7111,3.6805,3.6469,38568830000.0,19.6273,21.3643,4.0,7.0,13.7143,26.3859,12.426285515873015,9.6950047498355,12.07929523809524,5.31048333022688,22.12129026570852,6.76881190786836
2004-07-21,45.42,51.8837,14.231,17.2726,16.7129,3.6365,3.6469,38107380000.0,19.6273,21.3643,4.0,7.0,13.7143,26.3859,12.38901865079365,9.651714330796882,12.20293492063492,5.1749986160897885,22.04073298159053,7.027936304545132
2004-07-22,45.34,51.8837,14.4325,17.2422,16.7129,3.6301,3.6365,38040260000.0,19.6273,21.3643,4.0,7.0,13.7143,26.3859,12.339886706349208,9.57773055713159,12.324590476190476,5.043092519324725,21.9176172634808,7.281497956865751
2004-07-23,44.39,51.8837,16.8815,16.8809,16.7129,3.554,3.6365,37243210000.0,19.6273,21.3643,4.0,7.0,13.7143,26.3859,12.309490476190476,9.538803133429218,12.467299206349209,4.912907771224674,21.84829360961969,7.554391435124533
2004-07-26,44.0,51.8837,17.9175,16.7313,16.7059,3.5228,3.6301,36916000000.0,19.6273,21.3645,4.0,7.0,13.7143,26.3859,12.300591269841268,9.53145737475247,12.616613492063491,4.787816167872043,21.83204864459374,7.828797324191449
2004-07-27,45.46,51.8837,14.1304,17.2865,16.7111,3.6397,3.6316,38140940000.0,19.6273,21.3645,4.0,7.0,13.7143,26.3859,12.280610317460315,9.51700559127016,12.747399206349206,4.597022231062168,21.79761590873048,8.150376975287038
2004-07-28,46.07,50.972,10.6403,17.5184,16.7129,3.6885,3.6331,38652730000.0,19.6273,21.3645,4.0,7.0,13.7143,26.3859,12.252523214285713,9.500870623809954,12.824307142857142,4.477579957953737,21.75339383809567,8.346727184903404
2004-07-29,46.77,50.972,8.9844,17.7846,16.7129,3.7446,3.6331,39240030000.0,19.6273,21.3645,4.0,7.0,13.7143,26.3859,12.247113888888888,9.501955772577656,12.873451587301588,4.399897895083234,21.749069661466542,8.473553692218353
2004-07-30,46.61,50.972,9.3585,17.7238,16.7129,3.7318,3.6331,39105790000.0,19.6273,21.3645,4.0,7.0,13.7143,26.3859,12.24327242063492,9.502732955489888,12.886184126984128,4.3872683135895,21.74600537612481,8.498915813394628
2004-08-02,46.41,50.972,9.8298,17.6477,16.7059,3.7157,3.6301,38937990000.0,19.6273,21.3645,4.0,7.0,13.7143,26.3859,12.237449603174602,9.503312041178496,12.896945238095238,4.378012378833295,21.7407616443531,8.518932859261945
2004-08-03,45.66,50.972,11.6338,17.3625,16.7059,3.6557,3.6316,38308740000.0,19.6273,21.3645,4.0,7.0,13.7143,26.3859,12.228241468253968,9.501640641349418,12.930847619047618,4.351266713897771,21.729882109603388,8.579580905149847
2004-08-04,45.66,50.972,11.6338,17.3625,16.7111,3.6557,3.6331,38308740000.0,19.6273,21.3645,4.0,7.0,13.7143,26.3859,12.20207261904762,9.485032025175933,12.94770873015873,4.342008544367871,21.687104644223552,8.605700185790859
2004-08-05,44.45,50.972,14.6727,16.9024,16.7147,3.5588,3.6301,37293550000.0,19.6273,21.3645,4.0,7.0,13.7143,26.3859,12.177188888888889,9.461993106421088,12.97565634920635,4.3416861892402805,21.639181995309976,8.633970159966069
2004-08-06,43.6,50.972,16.9083,16.5792,16.7129,3.4908,3.6294,36580400000.0,19.6273,21.3645,4.0,7.0,13.7143,26.3859,12.165355158730158,9.45231496437876,13.031803174603176,4.34647175053862,21.61767012310892,8.685331424064554
2004-08-09,43.32,50.972,17.6639,16.4727,16.7191,3.4683,3.6284,36345480000.0,19.6273,21.3667,4.0,7.0,13.7143,26.3859,12.156217658730158,9.444751148501656,13.10104126984127,4.350251212098399,21.600968807231816,8.750790057742872
2004-08-10,44.0,50.972,15.8455,16.7313,16.7235,3.5228,3.6281,36916000000.0,19.6273,21.3667,4.0,7.0,13.7143,26.3859,12.151161507936507,9.442087011469129,13.140207936507936,4.352586354076956,21.59324851940564,8.78762158243098
2004-08-11,43.69,50.972,16.6674,16.6134,16.7235,3.498,3.628,36655910000.0,19.6273,21.3667,4.0,7.0,13.7143,26.3859,12.145005753968254,9.438120613870918,13.184693650793651,4.359816153697285,21.58312636783917,8.824877497096367
2004-08-12,42.95,50.972,18.6775,16.248,16.7235,3.4061,3.6251,36035050000.0,20.6286,21.7545,3.0,7.0,13.7143,26.3859,12.133899404761904,9.427105166850472,13.249929365079364,4.380135492298293,21.56100457161238,8.86979387278107
2004-08-13,43.39,50.972,17.4741,16.4145,16.7235,3.441,3.6222,36404210000.0,20.6286,21.7545,3.0,7.0,13.7143,26.3859,12.11245773809524,9.402564443383948,13.299206349206347,4.39253628546877,21.51502218147919,8.906670063737579
2004-08-16,43.96,50.972,15.9509,16.6282,16.7244,3.4717,3.6222,36882440000.0,21.0035,21.5436,4.0,7.0,13.7143,26.3859,12.09258253968254,9.383786639837943,13.349313492063493,4.386436530421582,21.47636917952048,8.96287696164191
2004-08-17,44.34,50.972,14.9571,16.7719,16.7278,3.5017,3.6222,37201260000.0,21.0035,21.5436,4.0,7.0,13.7143,26.3859,12.078403571428572,9.374024203857196,13.41460238095238,4.348190446435701,21.45242777528577,9.06641193451668
2004-08-18,44.63,50.972,14.2102,16.8816,16.7313,3.5246,3.6222,37444570000.0,21.0035,21.5436,4.0,7.0,13.7143,26.3859,12.061323214285714,9.362250819937726,13.46401111111111,4.321283662491502,21.42357403422344,9.14272744861961
2004-08-19,44.9,50.972,13.5234,16.9838,16.7336,3.5459,3.6222,37671100000.0,21.0035,21.5436,4.0,7.0,13.7143,26.3859,12.050622023809524,9.357480483201156,13.502038888888888,4.3003395241208535,21.40810250701068,9.201699364768036
2004-08-20,44.75,50.972,13.9039,16.927,16.7363,3.5341,3.6206,37545250000.0,21.0035,21.5436,4.0,7.0,13.7143,26.3859,12.034541468253968,9.347292354010278,13.53824365079365,4.28420937373511,21.381833822264248,9.25403427705854
2004-08-23,44.6,50.972,14.287,16.8703,16.7384,3.5222,3.6166,37419400000.0,21.0035,21.5436,4.0,7.0,13.7143,26.3859,12.0213625,9.339405803171047,13.57219761904762,4.272951810137192,21.36076830317105,9.299245808910428
2004-08-24,44.59,50.972,14.3126,16.8665,16.7414,3.5214,3.6164,37411010000.0,21.0035,21.5436,4.0,7.0,13.7143,26.3859,12.0146123015873,9.336511687082584,13.633889682539682,4.226462402583645,21.351123988669883,9.407427279956035
2004-08-25,45.18,50.972,12.8198,17.0897,16.7435,3.568,3.6157,37906020000.0,21.0035,21.5436,4.0,7.0,13.7143,26.3859,12.002068055555556,9.331162068485456,13.691642857142856,4.164278010842815,21.33323012404101,9.527364846300042
2004-08-26,45.25,50.972,12.6453,17.0819,16.7435,3.5748,3.611,37964750000.0,20.974,22.0045,4.0,7.0,13.7143,26.3859,11.988818650793652,9.325485480096615,13.74334761904762,4.109733348853026,21.31430413089027,9.633614270194595
2004-08-27,45.36,50.972,12.3721,17.1234,16.7582,3.5835,3.6069,38057040000.0,20.974,22.0045,4.0,7.0,13.7143,26.3859,11.970913888888887,9.316045943600018,13.76312380952381,4.096971007609035,21.286959832488908,9.666152801914777
2004-08-30,45.23,50.972,12.6951,17.0744,16.7899,3.5733,3.6034,37947970000.0,20.974,22.0045,4.0,7.0,13.7143,26.3859,11.944978769841269,9.295736656179532,13.802423015873016,4.062369192363793,21.2407154260208,9.740053823509225
2004-08-31,45.79,50.972,11.3169,17.2858,16.7989,3.6175,3.6061,38417810000.0,20.974,22.0045,4.0,7.0,13.7143,26.3859,11.909753174603177,9.264296280829766,13.830216666666669,4.032949780312224,21.174049455432943,9.797266886354445
2004-09-01,45.64,50.972,11.6827,17.2291,16.808,3.6057,3.6059,38291960000.0,20.974,22.0045,4.0,7.0,13.7143,26.3859,11.876404563492065,9.234696387502046,13.864493650793651,3.9957324592870056,21.11110095099411,9.868761191506646
2004-09-02,46.45,50.972,9.7352,17.5349,16.8137,3.6696,3.6059,38971550000.0,20.974,23.7913,3.0,7.0,13.7143,26.3859,11.84622003968254,9.216730105536657,13.886865079365078,3.964287311350076,21.0629501452192,9.922577768015003
2004-09-03,46.46,50.972,9.7116,17.5354,16.8169,3.668,3.6059,38979940000.0,20.9736,23.791,3.0,7.0,13.7143,26.3859,11.822702976190476,9.207000965589677,13.90923492063492,3.9323299698437326,21.029703941780152,9.976904950791187
2004-09-07,46.97,50.972,8.5203,17.7607,16.8438,3.7071,3.6059,39407830000.0,20.9955,23.8252,3.0,7.0,13.7143,26.3859,11.791638095238095,9.191634500251856,13.915211904761904,3.923482024235304,20.98327259548995,9.9917298805266
2004-09-08,46.93,50.972,8.6128,17.753,16.863,3.704,3.6061,39374270000.0,20.9955,23.6907,4.0,7.0,13.7143,27.1579,11.767883531746032,9.184331292608768,13.921923015873016,3.913592463221797,20.9522148243548,10.00833055265122
2004-09-09,46.66,50.972,9.2413,17.693,16.8672,3.6827,3.6061,39147740000.0,20.9955,23.6789,4.0,7.0,13.7143,27.1739,11.746458531746033,9.177589515340856,13.919446825396824,3.9164763124153135,20.92404804708689,10.002970512981513
2004-09-10,46.93,50.972,8.6128,17.7954,16.869,3.704,3.6061,39374270000.0,20.9955,23.6745,4.0,7.0,13.7143,27.1739,11.722781547619048,9.170232814701174,13.872051587301588,3.944396912193026,20.893014362320223,9.92765467510856
2004-09-13,47.22,50.972,7.9458,17.8472,16.8732,3.7201,3.6059,39617580000.0,21.0499,24.1024,5.0,7.0,13.7143,26.5892,11.701518253968256,9.166533311320004,13.829528571428572,3.979299411099592,20.86805156528826,9.85022916032898
2004-09-14,47.43,50.972,7.4678,17.9265,16.8762,3.7367,3.6061,39793770000.0,21.0499,24.1005,5.0,7.0,13.7143,27.0975,11.68122996031746,9.164561394903188,13.751336507936507,4.006864920280808,20.845791355220648,9.7444715876557
2004-09-15,47.27,50.972,7.8316,17.8661,16.8786,3.7241,3.6065,39659530000.0,21.0499,24.1005,5.0,7.0,13.7143,27.0975,11.66708353174603,9.164990828216864,13.663286507936506,4.014136152197248,20.83207435996289,9.64915035573926
2004-09-16,48.05,50.972,6.0812,18.1252,16.8812,3.824,3.6065,40313950000.0,21.0118,24.1042,5.0,7.0,13.7143,27.3313,11.649464087301586,9.167180713202358,13.599213492063493,4.070273406175184,20.816644800503944,9.528940085888308
2004-09-17,48.31,51.272,6.1312,18.1079,16.892,3.8662,3.6065,40580400000.0,20.8177,24.1859,6.0,7.0,13.7143,27.4284,11.627180357142857,9.166916739207904,13.536599206349209,4.124066313637523,20.79409709635076,9.412532892711685
2004-09-20,47.61,51.572,8.3218,17.7915,16.9036,3.7986,3.6059,39992400000.0,20.92,24.4989,6.0,7.0,13.7143,26.866,11.607831746031744,9.163574289385233,13.487964285714286,4.149267434320752,20.771406035416973,9.338696851393534
2004-09-21,48.27,51.572,6.8407,18.0381,16.9038,3.8513,3.6061,40546800000.0,20.92,24.4989,6.0,7.0,13.7143,26.866,11.587724603174603,9.162892867121396,13.413996825396824,4.184166633086004,20.750617470296,9.22983019231082
2004-09-22,47.9,51.572,7.666,17.8999,16.9126,3.8218,3.6065,40236000000.0,20.92,24.1389,7.0,7.0,13.7143,26.866,11.58658353174603,9.16334625471526,13.353771428571427,4.211984492789305,20.74992978646129,9.141786935782124
2004-09-23,47.81,51.572,7.8686,17.8609,16.9242,3.8149,3.6065,40160400000.0,20.9004,24.1641,7.0,7.0,13.7143,26.9122,11.590189880952382,9.161520813316976,13.306895238095237,4.24003252204244,20.75171069426936,9.066862716052796
2004-09-24,47.94,51.572,7.5761,17.9094,16.9347,3.8252,3.6065,40269600000.0,20.9004,24.1641,7.0,7.0,13.7143,26.9122,11.58290972222222,9.163253115619998,13.269756349206348,4.269704883900033,20.74616283784222,9.000051465306315
2004-09-27,47.76,51.572,7.8821,17.8056,16.9445,3.812,3.6061,40118400000.0,20.9387,24.1677,7.0,7.0,13.7143,26.9122,11.584057738095238,9.16275213613305,13.231318253968253,4.296362851797384,20.74680987422829,8.934955402170868
2004-09-28,47.59,51.572,8.2675,17.7422,16.9512,3.7984,3.6065,39975600000.0,20.9387,24.1677,7.0,7.0,13.7143,26.9122,11.58763373015873,9.161101950428057,13.210187301587302,4.314282219864376,20.748735680586787,8.895905081722926
2004-09-29,47.39,51.572,8.7244,17.6677,16.9579,3.7825,3.6069,39807600000.0,20.9387,24.1677,7.0,7.0,13.7143,26.9122,11.592116269841272,9.159143059074577,13.194849206349206,4.326848981875817,20.75125932891585,8.868000224473388
2004-09-30,47.29,51.572,8.9543,17.6357,16.9579,3.7745,3.6069,39723600000.0,20.9387,24.1658,7.0,7.0,13.7143,26.9122,11.592846825396824,9.158917496708938,13.185638095238096,4.3346863730029614,20.751764322105764,8.850951722235134
2004-10-01,47.84,51.572,7.7017,17.8281,16.9579,3.829,3.6069,40185600000.0,20.816,24.0296,6.0,5.0,13.2,26.5868,11.591177976190476,9.159550958200748,13.179898412698414,4.341514061172426,20.750728934391223,8.838384351525988
2004-10-04,49.03,51.572,8.6121,18.3214,16.9512,3.8858,3.6061,41185200000.0,20.7665,24.0465,6.0,5.0,13.2,26.5868,11.584136706349206,9.160476119215526,13.18756507936508,4.332507351995058,20.74461282556473,8.85505772737002
2004-10-05,48.99,51.572,8.7008,18.3202,16.9579,3.8826,3.6065,41151600000.0,20.7665,23.9547,6.0,5.0,13.2,26.4042,11.576877777777778,9.161310137625298,13.19963888888889,4.317724716912369,20.73818791540308,8.881914171976522
2004-10-06,49.1,51.572,8.4572,18.3613,16.9594,3.8914,3.6069,41244000000.0,20.7665,23.9547,6.0,5.0,13.2,26.4042,11.554267063492064,9.154904067977103,13.213999206349206,4.2987267804409015,20.70917113146917,8.915272425908304
2004-10-07,48.89,51.572,8.9231,18.2828,16.9594,3.8747,3.6069,41067600000.0,20.7665,23.9547,6.0,5.0,13.2,26.4042,11.511075793650791,9.11570425267932,13.224877777777778,4.286000178047437,20.62678004633011,8.93887759973034
2004-10-08,48.8,54.5025,11.6855,18.1595,16.9594,3.8676,3.6069,40992000000.0,20.7665,23.9677,6.0,5.0,13.2,26.4042,11.489606349206351,9.102489965579686,13.249243650793652,4.2682757958407285,20.59209631478604,8.980967854952922
2004-10-11,48.83,54.5025,11.6168,18.1707,16.9512,3.8691,3.6061,41017200000.0,20.7848,23.9677,6.0,5.0,13.2,26.4042,11.45822261904762,9.074631743069837,13.277209523809525,4.245706344295258,20.53285436211745,9.031503179514267
2004-10-12,48.51,54.5025,12.3531,18.0516,16.9579,3.8437,3.6065,40748400000.0,20.7848,23.9677,6.0,5.0,13.2,27.485,11.414798015873014,9.017588237167727,13.291063492063492,4.239769089214287,20.43238625304074,9.051294402849203
2004-10-13,48.46,54.5025,12.469,18.033,16.9594,3.8397,3.6069,40706400000.0,20.7848,23.9677,6.0,5.0,13.2,27.485,11.388474603174602,8.995035607101954,13.293896825396825,4.2390940800117045,20.383510210276555,9.05480274538512
2004-10-14,48.87,54.5025,11.5255,18.168,16.9594,3.8631,3.6069,41050800000.0,21.2564,24.0953,7.0,5.0,13.2,27.485,11.3550751984127,8.963093024533533,13.288838888888888,4.24083430591623,20.31816822294624,9.04800458297266
2004-10-15,48.98,54.5025,11.275,18.2089,16.9594,3.8718,3.6069,41143200000.0,21.2564,24.1028,7.0,5.0,13.2,27.485,11.324533928571428,8.936999081426132,13.293940476190476,4.237998573726637,20.26153300999756,9.05594190246384
2004-10-18,49.15,54.5025,10.8901,18.2721,16.9579,3.8852,3.6065,41286000000.0,21.2564,24.1011,7.0,5.0,13.2,27.485,11.290615476190476,8.906028507442956,13.293426190476191,4.238288611431388,20.196643983633432,9.055137579044803
2004-10-19,48.82,54.5025,11.6397,18.1494,16.9594,3.8591,3.6069,41008800000.0,21.2564,24.1011,7.0,5.0,13.2,27.485,11.262033333333331,8.881665080876848,13.289879365079363,4.239493450879625,20.14369841421018,9.05038591419974
2004-10-20,49.74,54.5025,9.5748,18.4893,16.9608,3.9318,3.6069,41781600000.0,21.2564,24.0996,7.0,5.0,13.2,27.4732,11.23108392857143,8.860244699960658,13.27075,4.250850595346823,20.09132862853209,9.019899404653176
2004-10-21,49.35,54.5025,10.4407,18.3382,16.9608,3.8985,3.6069,41454000000.0,21.2577,24.0933,7.0,5.0,13.2,27.6071,11.209586309523807,8.848962533135419,13.266471428571428,4.253445448120568,20.058548842659228,9.01302598045086
2004-10-22,49.17,54.5025,10.845,18.2713,16.9608,3.8843,3.6069,41302800000.0,21.2577,24.0933,7.0,5.0,13.2,27.6071,11.18726765873016,8.835631987344838,13.260231746031746,4.256439148502486,20.022899646075,9.003792597529259
2004-10-25,50.08,54.4467,8.7194,18.6053,16.9579,3.9561,3.6065,42067200000.0,21.2577,24.0904,7.0,5.0,13.2,27.6016,11.167916666666668,8.830323616550094,13.226394444444445,4.275565228435807,19.99824028321676,8.950829216008636
2004-10-26,50.46,54.802,8.6048,18.7514,16.9579,3.9701,3.6065,42386400000.0,21.251,23.7815,10.0,6.0,13.1667,26.2829,11.14522361111111,8.822165100559456,13.189594444444444,4.295342149432258,19.96738871167057,8.894252295012187
2004-10-27,50.56,54.802,8.39,18.7886,16.9594,3.978,3.6069,42470400000.0,21.251,23.7835,10.0,6.0,13.1667,26.2829,11.136658333333337,8.822741463931385,13.14653888888889,4.3161621108753545,19.95939979726472,8.830376778013534
2004-10-28,50.66,54.802,8.1761,18.8257,16.9594,3.9859,3.6069,42554400000.0,21.251,23.7835,10.0,6.0,13.1667,26.2829,11.121962698412698,8.821489501651708,13.095084126984128,4.336579147916762,19.943452200064407,8.758504979067366
2004-10-29,50.56,54.802,8.39,18.7858,16.9594,3.978,3.6069,42470400000.0,21.251,23.7891,10.0,6.0,13.1667,26.2582,11.109484325396826,8.820895855923387,13.035516666666666,4.349333964896285,19.930380181320213,8.686182701770381
2004-11-01,51.0,55.152,8.1412,18.9401,16.9512,4.0119,3.6061,42840000000.0,21.2612,23.8259,10.0,6.0,13.1667,26.3047,11.094633333333334,8.819577242691484,12.974405555555554,4.363668331471737,19.91421057602481,8.610737224083817
2004-11-02,51.64,55.152,6.8009,19.1778,16.9512,4.0622,3.6065,43377600000.0,21.2612,23.8259,10.0,6.0,13.1667,26.3047,11.072555753968253,8.816363985549417,12.909497619047618,4.394325331087211,19.888919739517668,8.515172287960407
2004-11-03,52.0,55.152,6.0615,19.3108,16.9512,4.0905,3.6069,43680000000.0,21.2612,23.8347,10.0,6.0,13.1667,26.3546,11.057389285714288,8.818400321138832,12.84273492063492,4.434094207448826,19.87578960685312,8.408640713186093
2004-11-04,52.57,55.152,4.9115,19.5224,16.9512,4.1354,3.6069,44158800000.0,21.2612,23.8347,10.0,6.0,13.1667,26.3546,11.050876587301586,8.821730767862048,12.755560317460318,4.481318124803588,19.87260735516364,8.27424219265673
2004-11-05,52.5,55.152,5.0514,19.4827,16.9512,4.1283,3.6069,44100000000.0,21.2788,23.828,10.0,6.0,13.1667,26.3546,11.050151587301588,8.822209717982755,12.643564285714286,4.496217227269468,19.872361305284343,8.147347058444819
2004-11-08,51.65,55.152,6.7803,19.1673,16.9434,4.0614,3.6061,43386000000.0,21.2788,23.828,10.0,6.0,13.1667,26.3546,11.056652182539684,8.81784430609186,12.5267,4.45522132781756,19.874496488631543,8.07147867218244
2004-11-09,52.17,55.152,5.7159,19.3739,16.9445,4.0987,3.6065,43822800000.0,21.2827,23.8251,10.0,6.0,13.1667,26.3546,11.05434265873016,8.81909278012874,12.407976984126984,4.435620226541774,19.8734354388589,7.97235675758521
2004-11-10,52.6,55.152,4.8517,19.5336,16.9512,4.1325,3.6069,44184000000.0,21.2827,23.8251,10.0,6.0,13.1667,26.3546,11.052647222222223,8.820205050964866,12.274736507936508,4.408147947673373,19.87285227318709,7.866588560263135
2004-11-11,53.0,55.152,4.0604,19.6821,16.9512,4.1639,3.6069,44520000000.0,21.2827,23.8251,10.0,6.0,13.1667,26.3546,11.043308928571427,8.825119979262023,12.136864285714283,4.391073029471811,19.86842890783345,7.745791256242474
2004-11-12,53.65,55.152,2.7996,19.939,16.9512,4.2115,3.6069,45066000000.0,21.3068,23.9291,11.0,7.0,13.4286,26.7633,11.03268134920635,8.83182662303859,11.992265873015873,4.396223804078508,19.864507972244937,7.596042068937365
2004-11-15,52.62,55.152,4.8119,19.5562,16.9434,4.1306,3.6061,44200800000.0,21.3068,23.9291,11.0,7.0,13.4286,26.7633,11.028283333333333,8.834376099609086,11.840194444444444,4.309019550929116,19.86265943294242,7.531174893515328
2004-11-16,52.05,55.152,5.9597,19.3444,16.9445,4.0859,3.6065,43722000000.0,21.3068,23.9291,11.0,7.0,13.4286,26.7633,11.02697123015873,8.835081062297155,11.703079365079365,4.217391221982052,19.86205229245589,7.485688143097312
2004-11-17,51.62,55.152,6.8423,19.1846,16.9512,4.0521,3.6069,43360800000.0,21.3068,23.9291,11.0,7.0,13.4286,26.7633,11.031009325396823,8.832697378347559,11.569567460317462,4.100338523953013,19.863706703744384,7.469228936364448
2004-11-18,51.51,55.152,7.0705,19.1437,16.9512,4.0435,3.6069,43268400000.0,21.3068,23.9291,11.0,7.0,13.4286,26.7633,11.035524206349208,8.830084652026725,11.439084126984126,3.9770199713336254,19.86560885837593,7.462064155650499
2004-11-19,50.9,55.152,8.3536,18.917,16.9579,3.9956,3.6069,42756000000.0,21.3068,23.9291,11.0,7.0,13.4286,26.7633,11.037097619047618,8.829534866512553,11.331707142857145,3.874094443230451,19.86663248556017,7.457612699626692
2004-11-22,50.7,55.152,8.7811,18.842,16.9445,3.9807,3.6065,42588000000.0,21.2935,23.9219,11.0,7.0,13.4286,26.7633,11.03790873015873,8.82930835643683,11.23732380952381,3.788605976692359,19.86721708659556,7.448717832831451
2004-11-23,51.97,55.152,6.1228,19.314,16.9512,4.0804,3.6069,43654800000.0,21.2935,23.9219,11.0,7.0,13.4286,26.7633,11.042759126984128,8.825928074656078,11.133748412698411,3.748086264551278,19.868687201640206,7.385662148147135
2004-11-24,53.08,55.152,3.9035,19.7265,16.9512,4.1675,3.6069,44587200000.0,21.2935,23.9219,11.0,7.0,13.4286,26.7633,11.040483333333334,8.827623985428449,11.017060317460317,3.742450705237571,19.868107318761783,7.274609612222745
2004-11-26,52.87,55.152,4.3162,19.6484,16.9512,4.1511,3.6069,44410800000.0,21.2935,23.9219,11.0,7.0,13.4286,26.7633,11.036528373015871,8.830193924836957,10.924134920634922,3.762422842910043,19.86672229785283,7.161712077724879
2004-11-29,53.17,55.152,3.7277,19.7599,16.9434,4.1746,3.6061,44662800000.0,21.2935,23.9219,11.0,7.0,13.4286,26.7633,11.023379166666668,8.836143307601342,10.823945238095238,3.784753328767629,19.859522474268008,7.039191909327609
2004-11-30,53.01,55.152,4.0407,19.7027,16.9445,4.1885,3.6065,44528400000.0,20.826,23.9217,11.0,6.0,13.6667,26.7631,11.018056547619048,8.839545994087455,10.720570634920636,3.79077687212678,19.857602541706505,6.929793762793855
2004-12-01,53.85,55.4901,3.0457,19.9837,16.9512,4.2189,3.6069,45234000000.0,21.3765,23.9245,11.0,6.0,13.6667,26.7631,11.009174404761906,8.845312784683571,10.6008873015873,3.793162313911437,19.85448718944548,6.807724987675864
2004-12-02,54.31,55.4901,2.1729,20.1544,16.9512,4.2549,3.6069,45620400000.0,21.3765,23.9245,11.0,6.0,13.6667,26.7631,10.993902777777777,8.853924092272432,10.466392857142855,3.789142571066584,19.84782687005021,6.677250286076273
2004-12-03,54.62,55.4901,1.593,20.2694,16.9512,4.2792,3.6069,45880800000.0,21.3765,23.9208,11.0,6.0,13.6667,26.7631,10.971321428571429,8.863372148737486,10.338519047619048,3.8146853941832215,19.83469357730891,6.523833653435826
2004-12-06,55.07,55.4901,0.7628,20.4144,16.9445,4.3131,3.6065,46258800000.0,21.3734,23.9786,11.0,6.0,13.6667,26.8294,10.950377182539684,8.875013865927931,10.220826984126983,3.879513511860289,19.82539104846761,6.341313472266696
2004-12-07,54.75,55.4901,1.3518,20.2906,16.9512,4.2881,3.6069,45990000000.0,21.3734,23.9924,11.0,6.0,13.6667,26.8311,10.926397023809525,8.88460244235493,10.115866666666664,3.939162524821808,19.810999466164454,6.176704141844858
2004-12-08,54.77,55.4901,1.3148,20.298,16.9512,4.2896,3.6069,46006800000.0,21.3734,23.9924,11.0,6.0,13.6667,26.8311,10.903845436507936,8.8945598790389,10.007025396825398,3.991445237984653,19.79840531554684,6.015580158840745
2004-12-09,54.57,55.4901,1.6861,20.2238,16.9512,4.274,3.6069,45838800000.0,21.3734,23.9918,11.0,6.0,13.6667,26.8311,10.873867857142857,8.900124853396306,9.90639603174603,4.040218653833559,19.77399271053916,5.866177377912472
2004-12-10,54.65,56.1737,2.7881,20.2535,16.9512,4.273,3.6069,45906000000.0,21.3832,23.9918,11.0,6.0,13.6667,26.8311,10.84810734126984,8.904709504571228,9.8073373015873,4.060632176333876,19.752816845841068,5.746705125253426
2004-12-13,55.26,56.1737,1.6535,20.4796,16.9434,4.3207,3.6065,46418400000.0,21.3832,23.9918,11.0,6.0,13.6667,26.8311,10.821400793650794,8.912072601149003,9.711653968253968,4.109691520951987,19.733473394799795,5.601962447301981
2004-12-14,55.4,56.6737,2.2991,20.4995,16.9434,4.3145,3.6069,46536000000.0,21.4279,23.994,11.0,6.0,13.6667,26.8311,10.795715277777775,8.917952334973085,9.599831746031748,4.118235575498888,19.71366761275086,5.481596170532859
2004-12-15,54.85,57.5737,4.9657,20.3088,16.9434,4.2717,3.6069,46074000000.0,21.365,23.7665,13.0,6.0,13.6667,26.9959,10.771709325396827,8.917327939902515,9.520542063492062,4.110450471184033,19.68903726529934,5.410091592308029
2004-12-16,55.82,61.2698,9.7632,17.5717,16.9434,4.0413,3.6069,47586550000.0,6.7409,15.4112,2.0,8.0,13.625,11.4578,10.756924603174603,8.91280043150519,9.46811984126984,4.064278385938112,19.6697250346798,5.403841455331729
2004-12-17,56.48,62.1031,9.9559,17.6787,16.9434,4.0783,3.6069,48149200000.0,6.7511,15.4376,2.0,8.0,13.625,11.4557,10.74119642857143,8.90719293385419,9.428704761904765,4.034937463502709,19.64838936242562,5.393767298402054
2004-12-20,56.95,63.1031,10.8044,17.8292,16.9424,4.1129,3.6065,48549875000.0,6.7502,15.442,2.0,8.0,13.625,11.4557,10.728653373015872,8.902633799083578,9.396623015873017,4.007491207968718,19.631287172099448,5.389131807904299
2004-12-21,57.4,63.1031,9.9357,17.8029,16.9434,4.1447,3.6069,48933500000.0,6.7533,15.4726,2.0,7.0,14.1429,11.4557,10.70517123015873,8.889048706742521,9.375837301587303,3.997760311689284,19.59421993690125,5.37807698989802
2004-12-22,57.92,63.1031,8.9487,17.9641,16.9434,4.1822,3.6069,49376800000.0,6.7533,15.4726,2.0,7.0,14.1429,11.4563,10.680581547619044,8.87669894847101,9.34989365079365,3.989769880637216,19.55728049609005,5.3601237701564335
2004-12-23,57.95,63.1031,8.8923,17.9735,16.9434,4.1844,3.6069,49402375000.0,6.7533,15.4726,2.0,7.0,14.1429,11.4563,10.651174206349207,8.857967175598795,9.349786507936509,3.98978208315906,19.509141381948,5.360004424777447
2004-12-27,57.74,63.1031,9.2884,17.9,16.927,4.1556,3.6061,49223350000.0,6.7704,15.478,2.0,7.0,14.1429,11.4563,10.62304126984127,8.839679271738325,9.354110317460318,3.9894150794287175,19.4627205415796,5.364695238031601
2004-12-28,58.74,63.1031,7.4278,18.21,16.9347,4.2276,3.6065,50075850000.0,6.7704,15.478,2.0,7.0,14.1429,11.4563,10.591216666666668,8.822200687949097,9.3433,3.992800218313025,19.413417354615767,5.350499781686974
2004-12-29,58.32,63.1031,8.2015,18.0798,16.9424,4.1973,3.6069,49717800000.0,6.7704,15.478,2.0,7.0,14.1429,11.4563,10.555341468253967,8.794986455440313,9.338997619047618,3.993743539837633,19.35032792369428,5.345254079209985
2004-12-30,58.13,63.1031,8.5551,18.0209,16.9424,4.1837,3.6069,49555825000.0,6.7704,15.478,2.0,7.0,14.1429,11.4563,10.52229226190476,8.771064902426863,9.33927142857143,3.993688164208328,19.293357164331624,5.345583264363102
2004-12-31,57.63,63.1031,9.497,17.9354,16.9424,4.1477,3.6069,49129575000.0,6.7704,15.4652,2.0,7.0,14.1429,11.4563,10.492904166666667,8.74956836860092,9.347020634920636,3.993034167834197,19.242472535267588,5.35398646708644
2005-01-03,57.31,63.1031,10.1084,17.8358,16.927,4.1247,3.6061,48856775000.0,6.7704,15.4652,2.0,7.0,14.1429,11.4563,10.471273015873017,8.736981835839394,9.356911904761905,3.993366956554041,19.20825485171241,5.363544948207863
2005-01-04,57.05,63.1031,10.6102,17.7549,16.9347,4.1059,3.6065,48635125000.0,6.7704,15.4652,2.0,7.0,14.1429,11.4563,10.454508531746033,8.7285722138089,9.368969047619048,3.994850846686873,19.18308074555493,5.374118200932175
2005-01-05,56.95,63.1864,10.9507,17.7227,16.9424,4.0983,3.6069,48549875000.0,6.7708,15.4654,2.0,7.0,14.1429,11.457,10.435760317460318,8.717308779351889,9.368726984126983,3.994753296701384,19.153069096812207,5.373973687425599
2005-01-06,57.36,63.1864,10.1576,17.8503,16.9424,4.1278,3.6069,48899400000.0,6.7708,15.4654,2.0,7.0,14.1429,11.457,10.414645634920634,8.70503593215675,9.357455555555555,3.990471698484959,19.119681567077382,5.366983857070599
2005-01-07,57.5,64.1031,11.4837,17.8505,16.9424,4.1313,3.6069,49018750000.0,6.7777,15.4804,2.0,7.0,14.1429,11.457,10.39035119047619,8.684868995284114,9.358419047619048,3.9909742612794217,19.075220185760305,5.367444786339626
2005-01-10,56.79,64.1031,12.8774,17.6164,16.927,4.0642,3.6061,48413475000.0,9.0515,17.1272,4.0,7.0,14.1429,17.7669,10.366358134920636,8.661182295394157,9.3631753968254,3.994836951740381,19.0275404303148,5.368338445085017
2005-01-11,56.09,64.1031,14.2861,17.3642,16.9347,4.0142,3.6065,47816725000.0,8.6546,17.1315,4.0,7.0,14.1429,17.7503,10.34555773809524,8.639083532673634,9.373093650793647,4.0055666232831415,18.98464127076888,5.367527027510508
2005-01-12,56.13,64.1031,14.2047,17.3578,16.9424,4.0171,3.6069,47850825000.0,8.6546,17.135,4.0,7.0,14.1429,17.7654,10.324098611111111,8.615961669828998,9.380603174603172,4.013787666131628,18.94006028094011,5.366815508471546
2005-01-13,56.32,64.1031,13.8194,17.4166,16.9445,4.0307,3.6069,48012800000.0,8.6546,17.135,4.0,7.0,14.1429,17.7654,10.302768452380953,8.59390300664438,9.382496825396826,4.015840873997671,18.89667145902533,5.366655951399155
2005-01-14,57.24,64.1031,11.99,17.6776,16.9579,4.0796,3.6069,48797100000.0,9.6203,17.3225,4.0,7.0,14.1429,17.4093,10.2774123015873,8.569953794049,9.369871428571429,4.005022326466817,18.847366095636303,5.364849102104611
2005-01-18,57.92,64.1031,10.8204,17.8556,16.9754,4.118,3.6069,49376800000.0,9.6203,17.3225,4.0,8.0,13.5,17.4093,10.251996626984129,8.549245334951245,9.35365,3.9948820523815898,18.80124196193537,5.358767947618411
2005-01-19,58.45,64.1031,9.8156,18.019,16.9809,4.1557,3.6069,49828625000.0,11.0536,17.7806,4.0,8.0,13.5,17.4093,10.221139682539684,8.522604582527118,9.31860714285714,3.9710506953234814,18.7437442650668,5.347556447533659
2005-01-20,57.82,64.1031,11.0121,17.8248,16.9838,4.1109,3.6069,49291550000.0,11.0536,17.7767,4.0,8.0,13.5,16.655,10.186678571428573,8.484058670684195,9.29146111111111,3.9474332123236864,18.670737242112768,5.344027898787424
2005-01-21,56.81,64.1872,12.9857,17.5134,16.9975,4.0391,3.6069,48430525000.0,11.0536,17.7748,4.0,8.0,13.5,16.6552,10.154672420634922,8.442829871425015,9.260542063492064,3.902508810421451,18.597502292059936,5.358033253070613
2005-01-24,55.26,64.1872,16.1549,17.0356,16.9975,3.9412,3.6069,47109150000.0,11.0561,17.7989,4.0,8.0,13.5,16.6491,10.129059325396826,8.404846354905905,9.246553174603177,3.874285968540575,18.53390568030273,5.372267206062601
2005-01-25,55.13,64.1872,16.4288,17.0175,16.9994,3.932,3.6069,46998325000.0,11.0561,17.7954,4.0,8.0,13.5,16.6491,10.104825992063493,8.368892084471517,9.264794444444444,3.9027705591450577,18.473718076535008,5.362023885299386
2005-01-26,56.33,64.1872,13.9485,17.3788,17.0013,4.0176,3.6069,48021325000.0,11.0561,17.796,4.0,8.0,13.5,16.6491,10.071342857142858,8.319444401299338,9.29105,3.923172673472395,18.390787258442195,5.367877326527605
2005-01-27,56.95,64.1872,12.708,17.5701,17.0013,4.0618,3.6069,48549875000.0,11.0561,17.796,4.0,8.0,13.5,16.6491,10.034861111111113,8.267221012753527,9.320602380952382,3.934851407684263,18.30208212386464,5.385750973268118
2005-01-28,56.72,64.1872,13.165,17.4889,17.0013,4.0412,3.6069,48353800000.0,11.4281,18.3319,4.0,8.0,13.5,16.6491,9.999823412698412,8.216201713431388,9.350812698412698,3.949729014825954,18.2160251261298,5.401083683586744
2005-01-31,57.6,63.5472,10.325,17.7794,16.9975,4.1145,3.6069,49104000000.0,11.4291,18.329,4.0,8.0,13.5,16.6491,9.951759722222224,8.142832493163214,9.354742857142856,3.950455748056053,18.09459221538544,5.404287109086804
2005-02-01,56.73,63.5472,12.0169,17.5109,16.9994,4.0524,3.6069,48362325000.0,11.4291,18.329,4.0,8.0,13.5,16.6491,9.913367063492062,8.087087568836541,9.357783333333334,3.952370824257327,18.000454632328605,5.405412509076007
2005-02-02,56.54,64.5969,14.2499,17.3117,17.0013,4.0301,3.6069,48200350000.0,11.434,19.5454,5.0,8.0,13.5,16.6527,9.880481944444444,8.035421277145609,9.378546031746032,3.9712493025475832,17.915903221590053,5.407296729198448
2005-02-03,56.03,64.5969,15.2898,17.1555,17.0013,3.9938,3.6069,47765575000.0,11.434,19.5454,5.0,8.0,13.5,16.6527,9.840785912698411,7.958664209795166,9.38344365079365,3.978205085502745,17.799450122493578,5.4052385652909045
2005-02-04,56.51,64.5969,14.3106,17.3573,17.0013,4.028,3.6069,48174775000.0,11.434,19.0509,5.0,8.0,13.5,16.6527,9.802120634920634,7.889075851768775,9.362826984126984,3.945492935984877,17.691196486689407,5.417334048142106
2005-02-07,56.85,64.5969,13.6269,17.4848,16.9975,4.0558,3.6069,48464625000.0,11.3253,18.8629,5.0,8.0,13.5,16.6517,9.760151984126985,7.811823016942207,9.3307873015873,3.8935942004885407,17.57197500106919,5.437193101098759
2005-02-08,55.9,64.5969,15.558,17.1836,16.9994,3.9786,3.6069,47654750000.0,11.3209,18.8087,5.0,8.0,13.5,16.6517,9.7196875,7.728254276624038,9.328505555555555,3.8898282894813527,17.447941776624038,5.438677266074203
2005-02-09,55.5,64.5969,16.3908,17.0606,17.0013,3.9502,3.6069,47313750000.0,11.3209,18.8087,5.0,8.0,13.5,16.6517,9.680287103174605,7.642883221808333,9.326310317460315,3.8857293154893378,17.323170324982936,5.44058100197098
2005-02-10,54.72,64.5969,18.0499,16.8488,16.9975,3.8946,3.6069,46648800000.0,11.3209,18.8057,5.0,8.0,13.5,16.6517,9.645255357142858,7.563406242407262,9.321329365079364,3.874031163097599,17.20866159955012,5.447298201981766
2005-02-11,55.55,64.5969,16.286,17.1044,16.9975,3.9537,3.6069,47356375000.0,11.3209,18.8057,5.0,8.0,13.5,16.6517,9.605898809523811,7.476469255209586,9.3119,3.8554298816916046,17.082368064733398,5.456470118308397
2005-02-14,55.72,65.3242,17.2365,17.1642,16.9838,3.9606,3.6069,47501300000.0,11.3216,18.8051,5.0,8.0,13.5,16.6521,9.559136111111112,7.353639544231604,9.322103174603177,3.8747926845587983,16.912775655342717,5.4473104900443765
2005-02-15,56.54,65.3242,15.5363,17.3894,16.9906,4.0188,3.6069,48200350000.0,11.3216,18.8082,5.0,8.0,13.5,16.6567,9.52293869047619,7.278698035077167,9.3267,3.881868296601591,16.801636725553358,5.444831703398409
2005-02-16,56.35,65.3242,15.9258,17.331,16.9975,4.0053,3.6069,48038375000.0,11.3216,18.8082,5.0,8.0,13.5,16.6567,9.497231349206348,7.232923890052609,9.340315873015872,3.902090591658088,16.730155239258956,5.438225281357785
2005-02-17,56.06,65.3242,16.5255,17.2577,16.9975,3.9859,3.6069,47791150000.0,11.3214,18.8078,5.0,8.0,13.5,16.6567,9.469523015873015,7.178888843445545,9.364142063492064,3.936847492811608,16.64841185931856,5.4272945706804565
2005-02-18,55.64,65.3242,17.4051,17.1284,16.9975,3.956,3.6069,47433100000.0,11.3214,18.8078,5.0,8.0,13.5,16.6567,9.448263293650792,7.139303631846446,9.391929365079363,3.981252402168359,16.58756692549724,5.410676962911007
2005-02-22,53.99,65.3242,20.9931,16.6205,16.9838,3.8387,3.6069,46026475000.0,11.3214,18.8078,5.0,8.0,13.5,16.6567,9.446208928571428,7.135824540885934,9.445152380952385,4.090540170622313,16.58203346945736,5.35461221033007
2005-02-23,53.74,65.3242,21.556,16.5435,16.9823,3.8209,3.6069,45813350000.0,11.3214,18.8078,5.0,8.0,13.5,16.6567,9.435666865079366,7.113924732427355,9.502639682539682,4.208685344514749,16.54959159750672,5.293954338024933
2005-02-24,53.94,65.3242,21.1053,16.6051,16.9754,3.8351,3.6069,45983850000.0,11.3214,18.8078,5.0,8.0,13.5,16.6567,9.423680555555556,7.0890703800834425,9.56839761904762,4.32407435424448,16.512750935638998,5.244323264803139
2005-02-25,54.75,65.3242,19.3136,16.8545,16.9654,3.8927,3.6069,46674375000.0,11.3214,18.8078,5.0,8.0,13.5,16.6567,9.400181150793651,7.036316777212799,9.621320634920634,4.402136855906608,16.43649792800645,5.219183779014026
2005-02-28,54.38,65.3242,20.1254,16.7308,16.9512,3.8626,3.6069,46358950000.0,11.4419,18.8845,5.0,8.0,13.5,16.6567,9.380386507936509,6.991855220545279,9.68285476190476,4.494123198945226,16.37224172848179,5.188731562959535
2005-03-01,54.4,65.3242,20.0813,16.7369,16.9445,3.8641,3.6069,46376000000.0,11.4419,18.8845,5.0,8.0,13.5,16.6567,9.367247222222222,6.965408724866453,9.741475396825397,4.581060116762316,16.332655947088675,5.160415280063081
2005-03-02,54.3,65.3242,20.3024,16.7062,16.9434,3.8569,3.6069,46290750000.0,11.4419,18.8845,5.0,8.0,13.5,16.6567,9.349409126984126,6.92567752956597,9.812788888888887,4.674761472062086,16.275086656550094,5.138027416826803
2005-03-03,53.71,65.3242,21.6239,16.5246,16.9347,3.815,3.6069,45787775000.0,11.4419,18.8845,5.0,8.0,13.5,16.6567,9.327648412698412,6.869507728590068,9.891687301587302,4.789067371252777,16.19715614128848,5.102619930334525
2005-03-04,53.78,65.3242,21.4656,16.5462,16.9242,3.82,3.6069,45847450000.0,11.4419,18.8845,5.0,8.0,13.5,16.6567,9.304731944444445,6.809330153175266,9.984785714285715,4.898762840599125,16.114062097619712,5.086022873686591
2005-03-07,54.49,65.3242,19.8829,16.7646,16.9033,3.8703,3.6069,46452725000.0,11.4461,18.8845,5.0,8.0,13.5,16.6567,9.272502976190475,6.719984012173542,10.065510317460316,4.977398222265646,15.99248698836402,5.08811209519467
2005-03-08,54.5,65.3242,19.8609,16.7677,16.9024,3.871,3.6069,46461250000.0,11.4461,18.8841,5.0,8.0,13.5,16.7708,9.24616111111111,6.65192654828457,10.15551507936508,5.051219978564713,15.89808765939568,5.104295100800366
2005-03-09,53.45,65.3242,22.2155,16.4305,16.892,3.7968,3.6069,45566125000.0,11.4459,19.026,5.0,8.0,13.5,16.8447,9.21652380952381,6.559983804842051,10.263473015873016,5.162129526486772,15.776507614365862,5.101343489386244
2005-03-10,53.67,65.3242,21.7146,16.4981,16.8812,3.8114,3.6069,45753675000.0,11.4465,19.026,5.0,8.0,13.0,16.8447,9.180664484126984,6.440853537413054,10.36246746031746,5.261023733196154,15.621518021540036,5.101443727121307
2005-03-11,53.87,65.3242,21.2627,16.5774,16.8786,3.8256,3.6069,45924175000.0,11.4464,19.0223,5.0,8.0,13.0,16.842,9.142972817460317,6.31293426138306,10.462863492063493,5.347358281313962,15.455907078843378,5.1155052107495305
2005-03-14,54.07,65.3242,20.8141,16.639,16.8702,3.8416,3.6069,46094675000.0,11.3899,19.0223,5.0,8.0,13.0,16.842,9.121035714285716,6.252723562666726,10.564992857142858,5.42127537090942,15.37375927695244,5.143717486233438
2005-03-15,54.51,65.3242,19.8389,16.7744,16.87,3.8729,3.6069,46469775000.0,11.3899,19.0223,5.0,8.0,13.0,16.842,9.100696626984128,6.200836965992235,10.663176190476191,5.4764780252776575,15.301533592976362,5.186698165198534
2005-03-16,55.2,64.6821,17.1777,16.9872,16.8702,3.9101,3.6069,47058000000.0,11.3899,19.0233,5.0,8.0,13.0,16.842,9.089386507936508,6.1808239494015424,10.737351587301587,5.501057637389192,15.27021045733805,5.236293949912396
2005-03-17,55.4,64.6821,16.7547,17.0137,16.8702,3.9173,3.6069,47228500000.0,11.391,19.0301,5.0,8.0,13.0,16.8309,9.081827579365076,6.169080923693172,10.822061904761904,5.510955612216236,15.250908503058248,5.311106292545668
2005-03-18,54.83,64.0912,16.8908,16.8651,16.869,3.877,3.6069,46742575000.0,11.391,19.0259,5.0,8.0,13.0,16.8309,9.079919841269842,6.166511467326023,10.907455555555554,5.521040166570913,15.246431308595865,5.386415388984641
2005-03-21,51.59,63.4766,23.0405,15.9771,16.8658,3.6596,3.6069,44109450000.0,11.1324,18.7147,6.0,8.0,13.0,16.8583,9.092486706349206,6.1884999373992775,11.024270634920637,5.620705544211623,15.280986643748484,5.403565090709012
2005-03-22,52.55,63.4619,20.7648,16.2764,16.8651,3.7254,3.6069,44930250000.0,11.1331,18.7145,6.0,7.0,13.0,16.8568,9.114249603174605,6.210228075027264,11.134779365079366,5.674418572002886,15.324477678201866,5.46036079307648
2005-03-23,51.89,63.0605,21.5273,16.0924,16.8598,3.679,3.611,44365950000.0,11.1231,18.5241,6.0,7.0,13.0,16.2752,9.119395833333334,6.219449068874245,11.244789682539682,5.740610026912922,15.33884490220758,5.504179655626761
2005-03-24,51.13,63.0605,23.3337,15.8567,16.8516,3.6251,3.611,43716150000.0,11.1231,18.5241,6.0,7.0,13.0,16.2752,9.129440277777778,6.238318107624313,11.36752857142857,5.832440560751357,15.367758385402093,5.535088010677213
2005-03-28,51.54,63.0605,22.5109,15.9779,16.8189,3.6434,3.6069,44066700000.0,11.1212,18.5176,6.0,7.0,13.5714,16.2752,9.13463511904762,6.248380839602898,11.486058730158728,5.9060646348007095,15.383015958650518,5.5799940953580185
2005-03-29,51.52,63.0605,22.5584,15.9717,16.8169,3.642,3.611,44049600000.0,11.1212,18.5176,6.0,7.0,13.5714,16.2752,9.140879563492062,6.260232716445517,11.602537301587304,5.978694628103858,15.401112279937578,5.623842673483445
2005-03-30,51.9,63.0605,21.6611,16.0895,16.8153,3.6688,3.615,44374500000.0,11.1201,18.5155,6.0,7.0,13.5714,16.2719,9.141671825396823,6.261794797335374,11.708835714285712,6.037699676763887,15.4034666227322,5.671136037521825
2005-03-31,51.81,63.0605,21.8724,16.0472,16.8109,3.6641,3.615,44297550000.0,11.1188,18.5139,6.0,7.0,13.5714,16.2721,9.139035317460316,6.256140501343264,11.813184920634924,6.099013935016974,15.39517581880358,5.714170985617948
2005-04-01,50.78,63.0605,24.3444,15.7282,16.7989,3.5912,3.6069,43416900000.0,11.1188,18.5133,6.0,7.0,13.5714,16.2721,9.13832757936508,6.25439644554017,11.935328571428572,6.194658794682528,15.392724024905249,5.740669776746044
2005-04-04,50.22,63.0605,25.731,15.5547,16.7732,3.5516,3.6061,42938100000.0,11.1188,18.5127,6.0,7.0,13.5714,16.2697,9.15447599206349,6.286690675576212,12.078418253968254,6.303358996781364,15.441166667639704,5.775059257186889
2005-04-05,51.1,63.0605,23.5658,15.8273,16.7719,3.6139,3.6065,43690500000.0,11.1188,18.5121,6.0,7.0,13.5714,16.2697,9.168070238095238,6.310433382166608,12.197098412698413,6.377906678489259,15.478503620261847,5.819191734209154
2005-04-06,51.26,63.0534,23.007,15.8454,16.7698,3.6209,3.6069,43827300000.0,11.2128,18.8584,7.0,7.0,13.5714,16.6178,9.180099801587302,6.331031506483252,12.310639682539682,6.442184241737667,15.511131308070553,5.868455440802014
2005-04-07,51.27,62.8774,22.6398,15.9021,16.7662,3.6271,3.6069,43835850000.0,11.1459,19.0364,8.0,7.0,13.5714,16.6185,9.19934107142857,6.357170523752792,12.4232,6.497977151748105,15.556511595181362,5.925222848251894
2005-04-08,50.93,62.8774,23.4585,15.7967,16.7614,3.6031,3.6061,43545150000.0,11.1459,19.0364,8.0,7.0,13.5714,16.6185,9.217755555555556,6.385000289359298,12.538560317460318,6.564031517780298,15.602755844914851,5.97452879968002
2005-04-11,50.5,62.8774,24.5097,15.6633,16.7435,3.5726,3.6031,43177500000.0,11.1459,19.0364,8.0,7.0,13.5714,16.6185,9.233532341269845,6.412936575116505,12.64033968253968,6.649564770877348,15.646468916386349,5.990774911662333
2005-04-12,50.7,62.8774,24.0185,15.7253,16.7435,3.5868,3.602,43348500000.0,11.1459,19.0364,8.0,7.0,13.5714,16.6185,9.247787301587302,6.437801627986819,12.738765873015872,6.725642394242088,15.68558892957412,6.013123478773784
2005-04-13,50.13,62.8774,25.4287,15.5485,16.7414,3.5465,3.6008,42861150000.0,11.1459,19.0364,8.0,7.0,13.5714,16.6185,9.261596230158728,6.465026855236737,12.842540476190475,6.819860395453046,15.726623085395468,6.022680080737431
2005-04-14,49.68,62.8774,26.5648,15.4023,16.7384,3.5146,3.5961,42476400000.0,11.1459,19.0373,8.0,7.0,13.5714,16.6185,9.285297619047618,6.506471557743419,12.954411904761905,6.928431818731966,15.791769176791036,6.025980086029939
2005-04-15,48.65,62.8774,29.2444,15.1021,16.7371,3.441,3.5912,41595750000.0,11.1611,18.9083,8.0,7.0,13.5714,16.3507,9.31972619047619,6.565931100622362,13.095038095238095,7.077415412342103,15.885657291098552,6.017622682895992
2005-04-18,49.01,62.8774,28.295,15.2139,16.734,3.4665,3.5868,41903550000.0,11.1611,18.9083,8.0,7.0,13.5714,16.3507,9.348259325396826,6.616985274510886,13.23011746031746,7.203695366852563,15.965244599907711,6.026422093464897
2005-04-19,48.95,62.8774,28.4523,15.1953,16.7313,3.4622,3.5864,41852250000.0,11.1611,18.9083,8.0,7.0,13.5714,16.3507,9.383541468253968,6.671232901323752,13.3695,7.3269063937353796,16.05477436957772,6.042593606264621
2005-04-20,47.91,62.8774,31.2407,14.8724,16.7313,3.3887,3.586,40963050000.0,11.1611,18.9083,8.0,7.0,13.5714,16.3507,9.42188988095238,6.740988504515407,13.525063492063492,7.496016565729887,16.162878385467785,6.029046926333605
2005-04-21,49.98,62.8774,25.8051,15.515,16.7313,3.5351,3.5854,42732900000.0,11.1611,18.9083,8.0,7.0,13.5714,16.3507,9.458919642857143,6.779589710680156,13.653875396825397,7.566709775501517,16.2385093535373,6.08716562132388
2005-04-22,49.21,62.8774,27.7736,15.276,16.7308,3.4806,3.5842,42074550000.0,11.1611,18.9083,8.0,7.0,13.5714,16.3507,9.49806349206349,6.828190195018046,13.791438095238094,7.664747807763639,16.326253687081536,6.126690287474455
2005-04-25,49.17,62.8774,27.8776,15.2636,16.7147,3.4778,3.5776,42040350000.0,11.1611,18.9083,8.0,7.0,13.5714,16.3507,9.534709126984128,6.87709276697954,13.92661746031746,7.761948659083816,16.411801893963666,6.164668801233645
2005-04-26,47.85,62.8774,31.4052,14.8538,16.7129,3.3844,3.5774,40911750000.0,11.1611,18.9083,8.0,7.0,13.5714,16.3507,9.57205476190476,6.944455723593862,14.106663492063491,7.902041315473924,16.51651048549862,6.204622176589568
2005-04-27,47.1,62.6386,32.9907,14.621,16.7111,3.3316,3.5773,40270500000.0,11.142,18.9973,8.0,7.0,13.5714,16.3507,9.620206349206349,7.022252523585964,14.30020238095238,8.063199777700826,16.64245887279231,6.237002603251554
2005-04-28,47.9,62.6386,30.7695,14.8693,16.7062,3.3882,3.576,40954500000.0,11.142,18.9968,8.0,7.0,13.5714,16.3507,9.66846765873016,7.0837075712928925,14.477817460317462,8.177643262995337,16.752175230023052,6.300174197322125
2005-04-29,48.88,62.6386,28.1477,15.1735,16.7007,3.4575,3.576,41792400000.0,11.142,18.9968,8.0,7.0,13.5714,16.3507,9.71068492063492,7.130248987661974,14.636322222222224,8.24777284803495,16.840933908296893,6.3885493741872725
2005-05-02,48.82,62.6386,28.3052,15.1525,16.6658,3.4533,3.573,41741100000.0,11.142,18.997,8.0,7.0,13.5714,16.3507,9.75375119047619,7.176819638249171,14.794379365079369,8.31764079911432,16.93057082872536,6.476738565965047
2005-05-03,48.89,62.6386,28.1215,15.1743,16.6591,3.4582,3.5726,41800950000.0,11.142,18.997,8.0,7.0,13.5714,16.3507,9.802470634920637,7.217962884077159,14.952953174603175,8.380010765794406,17.020433518997795,6.572942408808769
2005-05-04,50.05,62.6386,25.152,15.5309,16.6578,3.5392,3.568,42792750000.0,11.1633,19.0198,8.0,7.0,13.5714,16.4377,9.843109722222222,7.246610705557288,15.098596825396829,8.396649054635436,17.08972042777951,6.701947770761391
2005-05-05,50.1,62.6386,25.0271,15.5402,16.6537,3.5428,3.5675,42835500000.0,11.1633,19.0206,8.0,7.0,13.5714,16.4377,9.887761507936508,7.27070735688693,15.24911746031746,8.403340174212454,17.158468864823437,6.845777286105006
2005-05-06,50.04,62.6386,25.1771,15.5216,16.6439,3.5385,3.5674,42784200000.0,11.1633,19.0206,8.0,7.0,13.5714,16.4377,9.93320476190476,7.294559565490596,15.409955555555555,8.397835331794091,17.227764327395356,7.012120223761464
2005-05-09,49.84,62.6386,25.6794,15.4826,16.6282,3.5244,3.5656,42613200000.0,11.1633,19.0205,8.0,7.0,13.5714,16.4377,9.976717261904762,7.322950210976798,15.573669841269842,8.395350856375417,17.29966747288156,7.178318984894425
2005-05-10,49.0,62.6386,27.8339,15.2216,16.6267,3.465,3.563,41895000000.0,11.1633,19.0205,8.0,7.0,13.5714,16.4377,10.026867261904762,7.35850695604258,15.740761904761904,8.428386085659426,17.385374217947344,7.312375819102479
2005-05-11,49.41,62.6386,26.7731,15.3423,16.6252,3.4893,3.5603,42245550000.0,11.3567,19.1534,9.0,7.0,13.5714,16.4377,10.078596031746033,7.384415643360068,15.90788253968254,8.436779971587086,17.463011675106102,7.471102568095453
2005-05-12,49.43,62.6386,26.7218,15.3485,16.621,3.4907,3.5598,42262650000.0,11.3567,19.1534,9.0,7.0,13.5714,16.4377,10.129538293650793,7.410500146482418,16.081454761904762,8.432467080399272,17.54003844013321,7.64898768150549
2005-05-13,49.67,62.6386,26.1095,15.4231,16.6205,3.5077,3.5594,42467850000.0,11.3567,19.1534,9.0,7.0,13.5714,16.4377,10.17816011904762,7.434804419520251,16.256447619047616,8.409761057939432,17.612964538567873,7.846686561108184
2005-05-16,51.06,62.6386,22.6765,15.8591,16.6112,3.6058,3.5588,43656300000.0,11.3567,19.1529,9.0,7.0,13.5714,16.4377,10.223539087301589,7.441162969451249,16.414200793650792,8.341465009030465,17.664702056752837,8.072735784620328
2005-05-17,52.0,62.6386,20.4588,16.1511,16.6091,3.6722,3.5591,44460000000.0,11.3567,19.1529,9.0,7.0,13.5714,16.4377,10.261133730158727,7.44492135153556,16.538382539682537,8.28362584948481,17.706055081694288,8.254756690197727
2005-05-18,52.95,62.6386,18.2976,16.4461,16.6071,3.733,3.5594,45272250000.0,11.3561,19.1529,9.0,7.0,13.5714,16.4377,10.287129563492064,7.450071463957293,16.63630238095238,8.230327015796792,17.73720102744936,8.405975365155587
2005-05-19,53.03,62.6386,18.1192,16.471,16.6071,3.7386,3.5594,45340650000.0,11.3561,19.1529,9.0,7.0,13.5714,16.4377,10.306806746031745,7.457645962907191,16.725801587301586,8.184156683485336,17.764452708938936,8.54164490381625
2005-05-20,52.46,62.6386,19.4026,16.2939,16.6071,3.6984,3.5594,44853300000.0,11.3561,19.1529,9.0,7.0,13.5714,16.4377,10.326173015873016,7.468581450024651,16.823675396825394,8.141393487050609,17.794754465897668,8.682281909774785
2005-05-23,53.26,62.6386,17.6091,16.5373,16.6112,3.7549,3.5588,45537300000.0,11.356,19.1597,9.0,7.0,13.5714,16.4377,10.34827361111111,7.473627779851472,16.897131746031747,8.106037664957176,17.821901390962584,8.79109408107457
2005-05-24,52.66,62.6386,18.9491,16.351,16.6091,3.7126,3.5591,45024300000.0,11.356,19.1597,9.0,7.0,13.5714,16.4377,10.372667063492065,7.481608198188375,16.977830158730157,8.075147497929894,17.85427526168044,8.902682660800263
2005-05-25,52.23,62.6386,19.9284,16.2175,16.6071,3.6822,3.5594,44656650000.0,11.356,19.1597,9.0,7.0,13.5714,16.4377,10.40096369047619,7.490738912401676,17.087398412698413,8.020155817099672,17.891702602877867,9.06724259559874
2005-05-26,53.14,62.6386,17.8747,16.5,16.6071,3.7464,3.5594,45434700000.0,11.356,19.1597,9.0,7.0,13.5714,16.4377,10.430581150793651,7.490720401474325,17.198280952380948,7.932524400524371,17.921301552267977,9.265756551856576
2005-05-27,52.84,62.6386,18.5439,16.4069,16.6071,3.7252,3.5594,45178200000.0,11.356,19.1597,9.0,7.0,13.5714,16.4377,10.462612896825396,7.490828816141517,17.311199206349205,7.848502549928846,17.953441712966914,9.46269665642036
2005-05-31,52.9,62.6386,18.4095,16.3929,16.6091,3.7295,3.5591,45229500000.0,11.356,19.1597,9.0,7.0,13.5714,16.4377,10.497668452380951,7.486585663419784,17.42772142857143,7.753635582105814,17.984254115800734,9.674085846465616
2005-06-01,53.11,62.6386,17.9413,16.458,16.6071,3.7443,3.5594,45409050000.0,11.356,19.1597,9.0,7.0,13.5714,16.4377,10.535134920634922,7.476466467404348,17.538043650793654,7.659961340711818,18.01160138803927,9.878082310081837
2005-06-02,53.22,62.6386,17.6975,16.4921,16.6071,3.752,3.5594,45503100000.0,11.356,19.1597,9.0,7.0,13.5714,16.4377,10.571484126984126,7.466640030247771,17.654327777777777,7.548599657002777,18.0381241572319,10.105728120775
2005-06-03,52.3,62.6386,19.7679,16.207,16.6071,3.6872,3.5594,44716500000.0,11.356,19.1575,9.0,7.0,13.5714,16.4377,10.61580496031746,7.454767444880617,17.793970634920637,7.421592908879536,18.07057240519808,10.3723777260411
2005-06-06,52.25,62.6386,19.8825,16.1915,16.6091,3.6837,3.5591,44673750000.0,11.356,19.1575,9.0,7.0,13.5714,16.4377,10.661627777777776,7.440566251933113,17.939125396825396,7.279692774022132,18.10219402971089,10.659432622803264
2005-06-07,52.07,62.6386,20.2969,16.1372,16.6071,3.6707,3.5594,44519850000.0,11.3601,19.1456,9.0,7.0,13.5714,16.3852,10.705830357142858,7.431477806343381,18.094157936507937,7.117159762898168,18.13730816348624,10.976998173609768
2005-06-08,51.49,62.6386,21.652,15.9575,16.6051,3.6298,3.5596,44023950000.0,11.3601,19.1456,9.0,7.0,13.5714,16.3852,10.751476984126985,7.427909752039237,18.255270634920635,6.963232845281779,18.179386736166222,11.292037789638854
2005-06-09,51.63,61.7155,19.5342,16.0009,16.6051,3.6397,3.5596,44143650000.0,11.3601,19.1456,9.0,7.0,13.5714,16.3852,10.790190873015874,7.422724621409885,18.399869047619045,6.795791683604969,18.21291549442576,11.604077364014076
2005-06-10,51.0,61.7155,21.0108,15.8331,16.6051,3.5905,3.5596,43605000000.0,11.3596,18.9107,9.0,7.0,13.5714,16.3875,10.83743015873016,7.411829454483507,18.55323968253968,6.631652053008577,18.249259613213667,11.921587629531103
2005-06-13,50.9,61.7155,21.2485,15.8021,16.6091,3.5835,3.5591,43519500000.0,11.3596,18.9107,9.0,7.0,13.5714,16.3875,10.8890625,7.393476430432341,18.6997507936508,6.482821153957552,18.28253893043234,12.21692963969324
2005-06-14,51.45,61.7155,19.9524,15.9728,16.6091,3.6222,3.5591,43989750000.0,11.3596,18.9107,9.0,7.0,13.5714,16.3875,10.93606369047619,7.375591055050653,18.84498015873016,6.300290907925072,18.311654745526845,12.544689250805089
2005-06-15,52.02,61.7155,18.638,16.1538,16.6071,3.6635,3.5594,44425080000.0,11.3586,18.9105,9.0,7.0,13.5714,16.3817,10.981874007936508,7.351497136846402,18.974653968253968,6.122657040019822,18.33337114478291,12.851996928234144
2005-06-16,54.33,62.0476,14.205,16.8947,16.6112,3.8272,3.5594,46397820000.0,11.3571,18.9107,9.0,7.0,13.5714,16.409,11.019589285714286,7.319040530270483,19.04798174603175,6.007786590129869,18.338629815984767,13.04019515590188
2005-06-17,55.54,62.0476,11.717,17.2581,16.6156,3.9128,3.5594,47431160000.0,11.3515,18.8766,9.0,7.0,13.5714,16.2578,11.05166746031746,7.2864603046926515,19.063488095238096,5.98611278814702,18.33812776501012,13.077375307091076
2005-06-20,55.5,61.8849,11.5043,17.2414,16.6208,3.9099,3.5588,47397000000.0,11.3515,18.8769,9.0,7.0,13.5714,16.2578,11.078516468253968,7.263063738323185,19.075776984126986,5.968830655787293,18.341580206577152,13.106946328339692
2005-06-21,55.32,61.8849,11.8671,17.1855,16.621,3.8973,3.5591,47243280000.0,11.3515,18.8769,9.0,7.0,13.5714,16.2578,11.111126587301586,7.229490579751204,19.08421111111111,5.957790065710246,18.34061716705279,13.126421045400864
2005-06-22,55.13,61.8849,12.2527,17.1264,16.6231,3.8839,3.5594,47081020000.0,11.3515,18.8769,9.0,7.0,13.5714,16.2578,11.142040873015873,7.20087992739938,19.1026,5.932850572761811,18.342920800415254,13.169749427238187
2005-06-23,54.16,61.8849,14.2631,16.835,16.6267,3.8165,3.5594,46252640000.0,11.3507,18.8762,9.0,7.0,13.5714,16.2544,11.176644444444443,7.173786165932322,19.14477777777778,5.878730757772663,18.35043061037677,13.266047020005116
2005-06-24,55.12,61.8849,12.273,17.1372,16.6336,3.8847,3.5594,47072480000.0,11.3503,18.8762,9.0,7.0,13.5714,16.2544,11.19829265873016,7.160561031056781,19.17160873015873,5.839144962845443,18.35885368978694,13.332463767313287
2005-06-27,54.63,61.8849,13.2801,16.9848,16.6488,3.8501,3.5588,46654020000.0,11.3503,18.8762,9.0,7.0,13.5714,16.2544,11.225494246031746,7.142318299727275,19.20328888888889,5.795762134362977,18.367812545759023,13.407526754525914
2005-06-28,55.12,61.8849,12.273,17.1617,16.6537,3.8847,3.5591,47072480000.0,11.3503,18.8736,9.0,7.0,13.5714,16.2544,11.241926984126984,7.1351641319096855,19.241742857142853,5.73273951133912,18.37709111603667,13.509003345803734
2005-06-29,55.03,61.8849,12.4567,17.1337,16.6558,3.8783,3.5594,46995620000.0,11.3374,18.8736,9.0,7.0,13.5714,16.2544,11.259349404761904,7.12736887586743,19.275514285714287,5.679467530080123,18.38671828062933,13.596046755634164
2005-06-30,54.55,61.8849,13.4462,16.9842,16.6585,3.8445,3.5594,46585700000.0,11.3374,18.8736,9.0,7.0,13.5714,16.2544,11.27822777777778,7.120518474682351,19.31433253968254,5.622033572846467,18.39874625246013,13.692298966836072
2005-07-01,54.72,61.8849,13.0938,17.0372,16.6624,3.8565,3.5594,46730880000.0,11.3374,18.8736,9.0,7.0,13.5714,16.2544,11.2955126984127,7.114316139428111,19.34287857142857,5.580766986206937,18.40982883784081,13.762111585221634
2005-07-05,55.28,61.6018,11.436,17.2115,16.7007,3.896,3.5564,47209120000.0,11.3374,18.874,9.0,7.0,13.5714,16.1048,11.309764682539685,7.107371348868623,19.35341507936508,5.564422101373234,18.417136031408305,13.788992977991848
2005-07-06,54.14,61.6018,13.7824,16.8566,16.7034,3.8156,3.5588,46235560000.0,11.3374,18.8734,9.0,7.0,13.5714,16.1048,11.326930555555556,7.102864448419621,19.37859126984127,5.531626668863625,18.429795003975176,13.846964600977644
2005-07-07,54.66,61.5563,12.6167,17.0291,16.7086,3.8524,3.5588,46679640000.0,11.3373,18.8722,9.0,7.0,13.5714,16.1043,11.34477619047619,7.094763067965371,19.39181349206349,5.513281051807229,18.439539258441563,13.878532440256262
2005-07-08,54.74,61.5563,12.4521,17.054,16.7129,3.8581,3.5588,46747960000.0,11.3373,18.8722,9.0,7.0,13.5714,16.1043,11.358161706349206,7.090465736748052,19.41002380952381,5.486259662457536,18.44862744309726,13.923764147066274
2005-07-11,54.95,61.5563,11.5776,17.0859,16.7308,3.8729,3.554,46927300000.0,11.3373,18.8727,9.0,7.0,13.5714,16.1043,11.368506547619049,7.086967130464715,19.410769047619045,5.48518063083381,18.455473678083763,13.925588416785237
2005-07-12,54.86,61.1179,11.407,17.093,16.731,3.8655,3.5564,46850440000.0,11.3377,18.8708,9.0,7.0,13.5714,16.1043,11.37838134920635,7.083538913490627,19.39909920634921,5.500733818413638,18.46192026269697,13.898365387935572
2005-07-13,54.51,62.3989,14.4724,16.984,16.7313,3.8409,3.5588,46551540000.0,11.3377,18.8708,9.0,7.0,13.5714,16.1043,11.395289087301586,7.080727722932323,19.400577777777777,5.499373343469448,18.476016810233908,13.90120443430833
2005-07-14,54.35,62.3989,14.8094,16.9341,16.7313,3.8296,3.5588,46414900000.0,11.3377,18.8708,9.0,7.0,13.5714,16.1043,11.412668055555557,7.07833178193146,19.405376984126985,5.495064885355417,18.490999837487017,13.910312098771568
2005-07-15,54.38,62.3989,14.746,16.9434,16.7366,3.8317,3.5588,46440520000.0,11.3377,18.8708,9.0,7.0,13.5714,16.1043,11.427322817460318,7.077570414273631,19.41273095238095,5.488145116601272,18.50489323173395,13.92458583577968
2005-07-18,53.99,62.3989,15.5749,16.8219,16.7394,3.8042,3.554,46107460000.0,11.3377,18.8708,9.0,7.0,13.5714,16.1043,11.44019523809524,7.079205429165579,19.44118253968254,5.458569129829978,18.51940066726082,13.98261340985256
2005-07-19,54.27,62.3989,14.9786,16.9092,16.7414,3.824,3.5564,46346580000.0,11.3377,18.8708,9.0,7.0,13.5714,16.1043,11.455041269841267,7.078763683399166,19.474184126984124,5.418454866301475,18.53380495324044,14.05572926068265
2005-07-20,54.38,62.3612,14.6767,16.9424,16.7435,3.8317,3.5588,46440520000.0,11.3377,18.7897,9.0,7.0,13.5714,16.1043,11.471297817460318,7.076731254766026,19.512764285714283,5.366188000336401,18.548029072226345,14.146576285377884
2005-07-21,54.35,62.2273,14.4937,16.9294,16.7435,3.83,3.5588,46414900000.0,11.4268,18.8102,9.0,7.0,13.5714,16.1915,11.493687301587302,7.068385964443624,19.54039603174603,5.330913780723172,18.562073266030925,14.20948225102286
2005-07-22,53.82,62.2273,15.6211,16.7643,16.7582,3.7927,3.5588,45962280000.0,11.4268,18.8102,9.0,7.0,13.5714,16.1915,11.516996031746034,7.062574726785957,19.561311904761904,5.310120101701773,18.579570758532,14.25119180306013
2005-07-25,53.45,62.2273,16.4215,16.6526,16.7643,3.7746,3.5564,45646300000.0,11.4268,18.8102,9.0,7.0,13.5714,16.1915,11.54164007936508,7.057964655839708,19.56342777777778,5.308804874510112,18.599604735204785,14.254622903267666
2005-07-26,53.45,61.1825,14.4668,16.6526,16.7643,3.7746,3.5564,45646300000.0,11.4268,18.8102,9.0,7.0,13.5714,16.1915,11.564906944444443,7.048214707227396,19.54785634920635,5.320936249728939,18.61312165167184,14.22692009947741
2005-07-27,53.31,61.1825,14.7674,16.609,16.7643,3.7647,3.5588,45526740000.0,11.4268,18.8102,9.0,7.0,13.5714,16.1915,11.58918968253968,7.038096648094951,19.55435555555556,5.314538528144188,18.627286330634632,14.239817027411366
2005-07-28,53.42,61.1825,14.5311,16.6433,16.7643,3.7724,3.5588,45620680000.0,11.4268,18.8102,9.0,7.0,13.5714,16.1915,11.615750992063491,7.023845791500732,19.568824603174605,5.29820656777649,18.639596783564222,14.270618035398115
2005-07-29,52.4,61.1825,16.7605,16.3255,16.7643,3.7004,3.5588,44749600000.0,11.4268,18.8102,9.0,7.0,13.5714,16.1915,11.644592063492064,7.015045400998367,19.59736031746032,5.273063035255012,18.65963746449043,14.324297282205302
2005-08-01,51.76,61.1825,18.2042,16.1271,16.7644,3.6552,3.554,44203040000.0,11.2359,18.7159,9.0,7.0,13.5714,15.6653,11.677274801587302,7.007138674494647,19.65989365079365,5.208547389739241,18.68441347608195,14.451346261054413
2005-08-02,51.95,61.1825,17.7719,16.1863,16.7643,3.6686,3.5564,44365300000.0,11.2359,18.7159,9.0,7.0,13.5714,15.6653,11.70856884920635,6.999047308828168,19.70556825396825,5.166048431544581,18.70761615803452,14.53951982242367
2005-08-03,51.64,61.1825,18.4789,16.0897,16.7643,3.6467,3.5564,44100560000.0,11.2359,18.7159,9.0,7.0,13.5714,15.6653,11.740434325396825,6.99322528741562,19.739131746031745,5.144010504291785,18.73365961281245,14.59512124173996
2005-08-04,51.55,61.1825,18.6857,16.0617,16.7643,3.6404,3.5564,44023700000.0,11.2359,18.7159,9.0,7.0,13.5714,15.6653,11.769745634920634,6.991310625393254,19.76608333333333,5.12938760406738,18.76105626031389,14.636695729265956
2005-08-05,51.76,60.5994,17.0777,16.1478,16.7643,3.656,3.5564,44203040000.0,11.6615,18.5005,7.0,7.0,13.5714,15.6653,11.798352777777776,6.983453376411229,19.788044444444445,5.111736681051655,18.78180615418901,14.67630776339279
2005-08-08,52.2,60.5994,16.0908,16.285,16.7646,3.6871,3.554,44578800000.0,11.6615,18.5005,7.0,7.0,13.5714,15.6653,11.826370436507936,6.972260769266403,19.80759920634921,5.092656062755413,18.79863120577434,14.714943143593793
2005-08-09,52.47,60.5994,15.4934,16.3693,16.7644,3.7062,3.554,44809380000.0,11.6615,18.5005,7.0,7.0,13.5714,15.6653,11.851894047619046,6.962064735221873,19.807086507936507,5.093090543037362,18.81395878284092,14.713995964899144
2005-08-10,51.79,60.5994,17.0098,16.1566,16.7643,3.6582,3.5564,44228660000.0,11.6614,18.5072,7.0,7.0,13.5714,15.7028,11.879584722222225,6.9547519470356525,19.811999206349206,5.090066535745821,18.83433666925788,14.721932670603383
2005-08-11,51.15,60.5994,18.4739,15.9569,16.7643,3.6129,3.5564,43682100000.0,11.6614,18.5072,7.0,7.0,13.5714,15.7028,11.91280257936508,6.946164819568413,19.81536428571429,5.089032329525367,18.85896739893349,14.726331956188922
2005-08-12,50.46,60.5994,20.0939,15.7417,16.7643,3.5642,3.5564,43092840000.0,11.6614,18.5072,7.0,7.0,13.5714,15.7028,11.948526190476189,6.941839390178558,19.845585714285715,5.079202572116452,18.890365580654745,14.766383142169262
2005-08-15,50.23,60.5994,20.6438,15.6699,16.7646,3.5449,3.5535,42896420000.0,11.7804,18.5072,7.0,7.0,13.5714,15.7028,11.988375396825395,6.933974162016543,19.872627777777776,5.074268438648307,18.92234955884194,14.798359339129467
2005-08-16,49.31,60.5994,22.8947,15.3829,16.7644,3.4799,3.5531,42110740000.0,11.7804,18.5072,7.0,7.0,13.5714,15.7028,12.033947420634922,6.930017798920392,19.93102777777778,5.06630001069245,18.96396521955532,14.864727767085329
2005-08-17,49.79,60.5994,21.71,15.5327,16.7643,3.5138,3.5524,42520660000.0,11.7804,18.5072,7.0,7.0,13.5714,15.7028,12.080297222222224,6.916418563145864,19.97693412698413,5.055912844108978,18.99671578536809,14.921021282875152
2005-08-18,50.93,60.5994,18.9857,15.8883,16.7643,3.5943,3.5524,43494220000.0,11.7804,18.5072,7.0,7.0,13.5714,15.7028,12.12184464285714,6.894804694639868,19.996459523809524,5.047220183097689,19.016649337497007,14.949239340711834
2005-08-19,50.93,61.0883,19.9456,15.8982,16.7643,3.5943,3.5524,43494220000.0,11.7804,18.2222,6.0,7.0,13.5714,15.7028,12.1651873015873,6.875122747616146,20.01662222222222,5.041856932724522,19.04031004920345,14.9747652894977
2005-08-22,51.13,61.0883,19.4764,15.9607,16.7646,3.6084,3.5513,43665020000.0,11.7804,18.2222,6.0,7.0,13.5714,15.7028,12.208849206349209,6.851452276333128,20.00458492063492,5.041317478978178,19.06030148268233,14.96326744165674
2005-08-23,51.33,61.0883,19.0109,16.0186,16.7644,3.6225,3.5516,43835820000.0,11.7804,18.2227,6.0,7.0,13.5714,15.7028,12.249126190476192,6.831585629913148,19.984385714285715,5.040150277485225,19.08071182038934,14.94423543680049
2005-08-24,50.33,60.8661,20.934,15.7237,16.7643,3.5576,3.5524,42981820000.0,11.2,17.9209,7.0,7.0,13.5714,14.9959,12.293781547619048,6.814597094426119,19.983026190476192,5.039868599893124,19.108378642045167,14.943157590583068
2005-08-25,50.29,60.8661,21.0302,15.7112,16.7643,3.5548,3.5524,42947660000.0,11.2,17.9209,7.0,7.0,13.5714,14.9959,12.337222817460315,6.800322233738589,19.99665,5.040364663755997,19.137545051198902,14.956285336244004
2005-08-26,49.74,60.8661,22.3685,15.5394,16.7643,3.5159,3.5513,42477960000.0,11.2,17.9209,7.0,7.0,13.5714,14.9959,12.377577976190477,6.799380304099242,20.01445238095238,5.044782378889538,19.17695828028972,14.969670002062845
2005-08-29,50.1,60.8661,21.4892,15.6518,16.7646,3.5414,3.5497,42785400000.0,11.2,17.9209,7.0,7.0,13.5714,14.9959,12.41554246031746,6.796725640195755,20.025626190476192,5.04649053233915,19.212268100513217,14.979135658137045
2005-08-30,49.09,60.8661,23.9888,15.3363,16.7644,3.47,3.5487,41922860000.0,11.2,17.9209,7.0,7.0,13.5714,14.9959,12.46081507936508,6.797672783164047,20.054883333333333,5.058779003668781,19.25848786252913,14.99610432966455
2005-08-31,49.34,60.8661,23.3606,15.4144,16.7643,3.4876,3.548,42136360000.0,11.2,17.6957,6.0,7.0,13.5714,14.9959,12.501240873015872,6.801796662196913,20.068666666666665,5.065449743396938,19.303037535212784,15.003216923269727
2005-09-01,48.52,60.8661,25.4454,15.1582,16.7643,3.4297,3.5468,41436080000.0,11.2,17.6957,6.0,7.0,13.5714,14.9959,12.549371626984126,6.807403758349702,20.10025238095238,5.086593965815867,19.356775385333822,15.013658415136511
2005-09-02,48.24,60.8661,26.1735,15.075,16.7643,3.4099,3.5462,41196960000.0,11.2,17.6948,6.0,7.0,13.5714,14.9959,12.59685634920635,6.818816390619836,20.150177777777778,5.115234348897646,19.415672739826185,15.034943428880132
2005-09-06,49.35,60.8661,23.3356,15.4513,16.7646,3.4877,3.5428,42144900000.0,11.1965,17.9652,7.0,7.0,13.5714,14.9959,12.638298611111113,6.820488254201755,20.17775476190476,5.123022714665361,19.458786865312867,15.0547320472394
2005-09-07,49.87,60.8661,22.0495,15.619,16.7644,3.5245,3.5428,42588980000.0,11.1965,17.9645,7.0,7.0,13.5714,14.9952,12.677189087301588,6.818153131725212,20.176437301587303,5.122515805933405,19.4953422190268,15.053921495653896
2005-09-08,49.42,60.8661,23.1609,15.5058,16.7644,3.4927,3.542,42204680000.0,11.1965,17.9619,7.0,7.0,13.5714,14.9952,12.71565873015873,6.822505615837531,20.187915873015875,5.127608014977952,19.53816434599626,15.060307858037923
2005-09-09,49.7,60.8661,22.467,15.5936,16.7644,3.5125,3.5405,42443800000.0,11.1965,17.9619,7.0,7.0,13.5714,14.9952,12.748745833333333,6.829290002280711,20.19747380952381,5.130748910109388,19.578035835614045,15.066724899414424
2005-09-12,51.0,60.8661,19.3453,16.0211,16.7662,3.5996,3.5394,43554000000.0,11.3726,17.4063,6.0,7.0,14.2857,14.9952,12.777918452380952,6.825995468622226,20.185816666666664,5.131005279790706,19.603913921003176,15.054811386875958
2005-09-13,50.22,61.3642,22.1908,15.7518,16.7646,3.544,3.5396,42887880000.0,11.3394,17.9738,7.0,7.0,14.2857,14.9952,12.818278373015874,6.821384711226708,20.20448253968254,5.13401020987033,19.63966308424258,15.070472329812212
2005-09-14,49.7,61.3642,23.4692,15.5887,16.7644,3.5073,3.5394,42443800000.0,11.3394,17.9738,7.0,7.0,14.2857,14.9952,12.860760515873016,6.820911568593263,20.25441507936508,5.1349316812291566,19.68167208446628,15.119483398135923
2005-09-15,49.66,61.3642,23.5687,15.6168,16.7644,3.5064,3.5392,42409640000.0,11.3011,17.8205,7.0,7.0,14.2857,14.9952,12.905223015873016,6.817521902926679,20.308494444444445,5.133660217401322,19.72274491879969,15.174834227043124
2005-09-16,49.03,61.2407,24.9045,15.4415,16.7644,3.4629,3.5388,41871620000.0,11.3011,17.8193,7.0,7.0,14.2857,14.9924,12.951073809523807,6.8203647595206665,20.37209523809524,5.140615805552604,19.77143856904448,15.231479432542637
2005-09-19,50.78,60.9851,20.0967,16.1911,16.7662,3.5832,3.5379,43366120000.0,11.523,17.8367,9.0,8.0,14.525,16.0627,12.989329166666668,6.806221896256126,20.348731746031746,5.135077828935431,19.7955510629228,15.213653917096314
2005-09-20,49.75,60.9851,22.5831,15.8667,16.7646,3.5105,3.5377,42486500000.0,11.523,17.837,9.0,8.0,14.525,16.0627,13.030641865079364,6.8011252598619,20.363162698412697,5.1388100471254585,19.831767124941265,15.22435265128724
2005-09-21,48.8,60.9851,24.9695,15.5925,16.7644,3.4451,3.5375,41675200000.0,11.5224,17.8378,9.0,8.0,14.525,16.0627,13.076976587301589,6.802758886764913,20.39048174603175,5.154175144566221,19.8797354740665,15.236306601465529
2005-09-22,49.01,60.9851,24.434,15.6596,16.7644,3.4599,3.5369,41854540000.0,11.5224,17.8378,9.0,8.0,14.525,16.0627,13.125410714285715,6.796531012443476,20.399214285714287,5.160130289342933,19.92194172672919,15.239083996371352
2005-09-23,49.63,60.9851,22.8795,15.8476,16.7644,3.503,3.5351,42384020000.0,11.5643,17.8396,9.0,8.0,14.525,16.0627,13.16242142857143,6.798761662754169,20.40213968253968,5.161441347330491,19.9611830913256,15.240698335209188
2005-09-26,50.45,60.9851,20.8823,16.1095,16.7646,3.5609,3.5341,43084300000.0,11.5643,17.8396,9.0,8.0,14.525,16.0627,13.194864087301587,6.796505010881888,20.3888373015873,5.1579983691309526,19.99136909818348,15.230838932456347
2005-09-27,49.59,60.9851,22.9786,15.8688,16.7644,3.496,3.533,42349860000.0,11.6426,17.6781,9.0,8.0,14.525,15.588,13.223525396825396,6.807257691344725,20.39929365079365,5.161932071784698,20.03078308817012,15.237361579008954
2005-09-28,49.1,60.9851,24.2059,15.712,16.7644,3.4615,3.5319,41931400000.0,11.6426,17.6781,9.0,8.0,14.525,15.588,13.256695634920636,6.819973855358572,20.41781349206349,5.1714368082745255,20.076669490279208,15.246376683788966
2005-09-29,49.07,60.9851,24.2818,15.7024,16.7644,3.4594,3.5246,41905780000.0,11.6426,17.6781,9.0,8.0,14.525,15.588,13.280823611111112,6.837437613529278,20.417316666666668,5.171059552374165,20.11826122464039,15.246257114292504
2005-09-30,49.98,60.9851,22.019,15.9936,16.7644,3.5235,3.5245,42682920000.0,11.6426,17.6781,9.0,8.0,14.525,15.588,13.30683492063492,6.845705467840156,20.387856349206352,5.151079820006623,20.15254038847508,15.23677652919973
2005-10-03,49.49,60.9851,23.2271,15.8368,16.7662,3.489,3.5242,42264460000.0,11.6426,17.6781,9.0,8.0,14.525,15.588,13.336069642857144,6.856559121188794,20.385168253968253,5.149496272229374,20.19262876404594,15.23567198173888
2005-10-04,49.56,60.9851,23.0531,15.8592,16.7646,3.4939,3.5238,42324240000.0,11.6436,17.6781,9.0,8.0,14.525,15.588,13.364324007936506,6.867215161249425,20.38553412698413,5.149685678519236,20.231539169185933,15.235848448464887
2005-10-05,48.5,60.9851,25.7425,15.5354,16.7646,3.4191,3.5232,41419000000.0,11.6436,17.677,9.0,8.0,14.525,15.588,13.400619444444445,6.884212685091719,20.410158730158727,5.167937143135863,20.284832129536163,15.242221587022865
2005-10-06,48.28,60.4425,25.1916,15.4373,16.7646,3.401,3.5228,41231120000.0,11.6968,17.8831,9.0,8.0,14.525,16.1774,13.435323809523808,6.89949133550414,20.42391349206349,5.178411144099762,20.33481514502795,15.245502347963733
2005-10-07,48.07,61.3055,27.5338,15.3153,16.7646,3.382,3.5225,41051780000.0,11.6965,17.8835,9.0,8.0,14.525,16.1761,13.4761626984127,6.921913122760465,20.447914285714287,5.204441949822707,20.398075821173165,15.24347233589158
2005-10-10,47.47,61.3055,29.0872,15.1526,16.7662,3.3552,3.5181,40539380000.0,11.4065,17.8576,10.0,8.0,14.525,16.1761,13.516795833333337,6.95331687153312,20.488142063492063,5.251636905885307,20.47011270486645,15.236505157606755
2005-10-11,47.5,61.2777,29.0057,15.1622,16.7646,3.3574,3.5174,40565000000.0,11.406,17.8576,10.0,8.0,14.525,15.9848,13.55284226190476,6.986415467709835,20.51653095238095,5.288099399466161,20.5392577296146,15.228431552914788
2005-10-12,46.75,61.215,30.9412,14.918,16.7644,3.3026,3.5168,39924500000.0,11.4406,17.8877,10.0,8.0,14.525,16.0817,13.594584523809525,7.027295085126159,20.55126428571429,5.342238906413151,20.62187960893569,15.209025379301137
2005-10-13,46.64,61.2273,31.2764,14.8824,16.7644,3.2945,3.5167,39830560000.0,11.4476,17.8941,10.0,8.0,14.525,16.1015,13.637118650793653,7.069270802473017,20.567391269841263,5.371677372412017,20.706389453266667,15.19571389742925
2005-10-14,47.54,61.2607,28.8614,15.1648,16.7644,3.3563,3.5167,40599160000.0,11.4811,17.9242,10.0,8.0,14.525,16.1951,13.671273412698412,7.101150808452212,20.571886507936508,5.3784286346010575,20.772424221150622,15.19345787333545
2005-10-17,47.11,61.2607,30.0376,15.0276,16.7662,3.326,3.5159,40231940000.0,11.4811,17.9242,10.0,8.0,14.525,16.1894,13.711219246031746,7.136459922082518,20.584468253968254,5.398826310562716,20.847679168114265,15.18564194340554
2005-10-18,46.55,61.2342,31.545,14.849,16.7646,3.2864,3.5152,39753700000.0,11.4811,17.9242,10.0,8.0,14.525,16.1894,13.750568452380952,7.179962699024337,20.586883333333336,5.403697206672492,20.93053115140529,15.183186126660845
2005-10-19,47.81,61.2491,28.1094,15.2514,16.7644,3.3754,3.5146,40829740000.0,11.4811,17.9243,10.0,8.0,14.525,16.1894,13.781725198412698,7.208133766210971,20.605171428571428,5.42535474839178,20.989858964623668,15.179816680179648
2005-10-20,47.44,61.3144,29.2462,15.1304,16.7644,3.3481,3.5138,40513760000.0,11.5037,17.9437,10.0,8.0,14.525,16.2525,13.812738492063492,7.240968236437738,20.61685873015873,5.442479629070124,21.05370672850124,15.174379101088608
2005-10-21,47.75,61.3198,28.4184,15.2332,16.7644,3.3713,3.5125,40778500000.0,11.4773,17.9201,10.0,8.0,14.525,16.1788,13.838898809523808,7.269871231663536,20.62115079365079,5.448461379402397,21.108770041187345,15.172689414248396
2005-10-24,49.35,61.3198,24.3125,15.7466,16.7644,3.4856,3.5105,42144900000.0,11.4773,17.9201,10.0,8.0,14.525,16.1788,13.859515277777778,7.284824796583891,20.564859523809524,5.372260239373058,21.14434007436167,15.192599284436463
2005-10-25,49.98,61.3716,22.7923,15.9456,16.7643,3.5292,3.5114,42682920000.0,11.4695,17.9136,10.0,8.0,14.525,16.1567,13.87819365079365,7.295649389876114,20.48391984126984,5.259187796015966,21.17384304066977,15.224732045253877
2005-10-26,49.44,61.39,24.1707,15.7744,16.7643,3.4916,3.5105,42221760000.0,11.4603,17.905,10.0,8.0,14.525,16.1309,13.903625396825396,7.309157512937902,20.43154841269841,5.188321990296821,21.2127829097633,15.243226422401593
2005-10-27,48.36,61.39,26.9438,15.4298,16.7643,3.4153,3.5094,41299440000.0,11.4603,17.905,10.0,8.0,14.525,16.1309,13.937117063492066,7.330171482453451,20.42199365079365,5.175089994823226,21.26728854594552,15.246903655970424
2005-10-28,48.72,61.39,26.0057,15.5471,16.7643,3.4416,3.5088,41606880000.0,11.4443,17.891,10.0,8.0,14.525,16.0867,13.970502976190476,7.346758170428836,20.40374365079365,5.151066239286723,21.317261146619312,15.252677411506928
2005-10-31,49.67,61.39,23.5625,15.8528,16.7644,3.5098,3.5075,42418180000.0,11.4443,17.891,10.0,8.0,14.525,16.0867,14.001135515873017,7.3545134633889875,20.36756111111111,5.1122867271697165,21.355648979262003,15.255274383941394
2005-11-01,50.52,61.3395,21.4163,16.1359,16.7643,3.5711,3.5077,43144080000.0,11.4012,17.8528,10.0,8.0,14.525,15.9656,14.028063293650794,7.356772654878552,20.337912698412698,5.09512134324567,21.384835948529343,15.242791355167029
2005-11-02,51.87,61.3275,18.2331,16.5597,16.7643,3.6636,3.5082,44296980000.0,11.4535,17.899,10.0,8.0,14.525,16.1118,14.051039087301588,7.35177551274125,20.283992063492068,5.081029903436567,21.40281460004284,15.2029621600555
2005-11-03,51.94,61.3516,18.1201,16.5784,16.7643,3.667,3.5082,44356760000.0,11.4801,17.9227,10.0,8.0,14.525,16.1863,14.070750396825396,7.349335651594735,20.22798412698413,5.065532773976113,21.42008604842013,15.162451353008011
2005-11-04,52.12,61.2966,17.6067,16.6715,16.7643,3.6853,3.5082,44510480000.0,11.3635,17.8637,11.0,8.0,14.525,15.8871,14.086694246031746,7.348270719256748,20.16391507936508,5.047049649671667,21.434964965288493,15.116865429693412
2005-11-07,52.39,61.1566,16.7333,16.7659,16.7659,3.7018,3.5075,44741060000.0,11.4067,17.8056,11.0,8.0,14.525,15.747,14.103838888888887,7.344336526298803,20.07581507936508,5.008833204698565,21.44817541518769,15.066981874666515
2005-11-08,52.33,61.1566,16.8672,16.7467,16.7653,3.6976,3.5077,44689820000.0,11.4067,17.8056,11.0,8.0,14.525,15.747,14.124403968253969,7.337517426942195,19.997196825396824,4.980533352900063,21.461921395196164,15.01666347249676
2005-11-09,52.66,61.1566,16.1348,16.8523,16.7659,3.7209,3.5082,44971640000.0,11.4067,17.8056,11.0,8.0,14.525,15.747,14.14255515873016,7.331137584638834,19.913173015873017,4.955419111419955,21.473692743369,14.957753904453062
2005-11-10,53.59,61.1566,14.1194,17.1499,16.7677,3.7866,3.5082,45765860000.0,11.4067,17.8056,11.0,8.0,14.525,15.747,14.15555515873016,7.325261796135481,19.818013492063493,4.950599710489287,21.48081695486564,14.867413781574204
2005-11-11,54.05,61.1566,13.1482,17.2971,16.7679,3.8191,3.5082,46158700000.0,11.4067,17.8056,11.0,8.0,14.525,15.747,14.1702251984127,7.315801295427267,19.742392063492066,4.979276742605959,21.486026493839965,14.763115320886106
2005-11-14,53.3,61.1566,14.7403,17.0571,16.7744,3.7661,3.5075,45518200000.0,11.4067,17.8056,11.0,8.0,14.525,15.747,14.189226388888889,7.30479058818084,19.697007142857142,4.998718044413856,21.494016977069727,14.698289098443286
2005-11-15,53.52,61.1566,14.2687,17.1275,16.7899,3.7817,3.5077,45706080000.0,11.4067,17.8056,11.0,8.0,14.525,15.747,14.203675,7.297714168405603,19.665031746031747,5.020579339759928,21.5013891684056,14.64445240627182
2005-11-16,52.37,60.6875,15.8822,16.7595,16.7822,3.7004,3.5082,44723980000.0,11.4067,17.8056,11.0,8.0,14.525,15.747,14.219499603174604,7.292677776044199,19.64727777777778,5.030035878963721,21.512177379218805,14.61724189881406
2005-11-17,53.3,60.6875,13.8602,17.0571,16.7989,3.7661,3.5082,45518200000.0,11.3993,18.1214,11.0,8.0,14.525,15.6867,14.227056746031746,7.290323017425502,19.60329047619048,5.056357760070848,21.51737976345725,14.546932716119631
2005-11-18,53.28,60.6875,13.903,17.0507,16.8109,3.7647,3.5082,45501120000.0,11.3993,18.1214,11.0,8.0,14.525,15.6867,14.234122817460316,7.288275277466869,19.573876984126983,5.0787807444253925,21.522398094927183,14.495096239701594
2005-11-21,53.22,60.6875,14.0314,17.0315,16.8169,3.7605,3.5077,45449880000.0,11.3993,18.1213,11.0,8.0,14.525,15.6867,14.240670833333334,7.286604194831094,19.534847619047618,5.102460975940375,21.52727502816443,14.432386643107243
2005-11-22,53.82,60.511,12.4322,17.2241,16.8189,3.8028,3.5082,45962280000.0,11.3993,18.0028,11.0,8.0,14.525,15.6867,14.245075,7.284835249321144,19.47535396825397,5.1413891078524925,21.529910249321144,14.333964860401476
2005-11-23,54.63,60.511,10.7651,17.4833,16.8209,3.8601,3.5088,46654020000.0,11.3993,18.0028,11.0,8.0,14.525,15.6867,14.248137896825398,7.283043156967778,19.418928571428573,5.197799929860446,21.531181053793176,14.221128641568129
2005-11-25,54.16,60.511,11.7264,17.3329,16.8235,3.8269,3.5082,46252640000.0,11.3993,18.0028,11.0,8.0,14.525,15.6867,14.254854365079366,7.279144841162964,19.36482142857143,5.242275047520615,21.533999206242328,14.122546381050816
2005-11-28,54.78,60.511,10.4618,17.5397,16.8419,3.8707,3.5077,46782120000.0,11.3993,18.0027,11.0,8.0,14.525,15.6867,14.261083928571429,7.274541964298369,19.301744444444445,5.301343824964479,21.5356258928698,14.000400619479963
2005-11-29,54.83,60.511,10.3611,17.5557,16.8488,3.8742,3.5082,46824820000.0,11.3993,18.0027,11.0,8.0,14.525,15.6867,14.267779365079363,7.269384374820051,19.24158412698413,5.359596313580544,21.537163739899416,13.88198781340358
2005-11-30,54.49,61.1117,12.1521,17.4619,16.8523,3.8471,3.5088,46534460000.0,11.449,17.9234,11.0,8.0,14.525,15.474,14.278689682539683,7.262056165066857,19.19757301587302,5.395028534306947,21.54074584760654,13.802544481566072
2005-12-01,55.46,60.4739,9.0406,17.7546,16.8545,3.9177,3.5088,47362840000.0,11.4163,18.0178,11.0,8.0,14.525,15.7257,14.281734523809524,7.2595321359438945,19.11243571428572,5.470076522572095,21.54126665975342,13.642359191713618
2005-12-02,56.0,60.4739,7.9891,17.9275,16.8566,3.9558,3.5088,47824000000.0,11.3035,18.0178,11.0,8.0,14.525,15.7257,14.283118650793652,7.25826309695796,19.01804365079365,5.558582625950567,21.54138174775161,13.459461024843089
2005-12-05,55.11,60.4739,9.7331,17.6425,16.868,3.8929,3.5082,47063940000.0,11.3035,18.0178,11.0,8.0,14.525,15.7257,14.290421626984124,7.251814032605081,18.934203968253968,5.618483169388716,21.54223565958921,13.315720798865252
2005-12-06,54.83,60.4739,10.2935,17.531,16.869,3.8732,3.5088,46824820000.0,11.3035,18.0174,11.0,8.0,14.525,15.7219,14.297344246031749,7.246316951502823,18.844057142857142,5.665453597140189,21.54366119753457,13.178603545716951
2005-12-07,54.65,60.4739,10.6567,17.4735,16.87,3.8604,3.5091,46671100000.0,11.3035,18.0174,11.0,8.0,14.525,15.7219,14.3052875,7.240112622688104,18.7736007936508,5.711813443206939,21.545400122688104,13.061787350443854
2005-12-08,54.36,60.4739,11.2471,17.3807,16.8703,3.84,3.5091,46423440000.0,11.3035,18.0174,11.0,8.0,14.525,15.7219,14.324451984126986,7.219136841097655,18.69611111111111,5.747338980185152,21.54358882522464,12.94877213092596
2005-12-09,54.57,60.4739,10.8189,17.4462,16.8762,3.8548,3.5091,46602780000.0,11.3035,18.0455,11.0,8.0,14.525,15.7219,14.33746884920635,7.206854792826957,18.61333650793651,5.78526447381074,21.544323642033305,12.82807203412577
2005-12-12,55.04,59.7148,8.4935,17.6359,16.8882,3.89,3.5082,47004160000.0,11.2872,17.8744,11.0,8.0,14.525,15.7219,14.351040674603174,7.189340086038246,18.52239285714285,5.853707553134912,21.54038076064142,12.668685304007946
2005-12-13,55.92,59.7148,6.7861,17.9179,16.8947,3.9522,3.5088,47755680000.0,11.2872,17.8744,11.0,8.0,14.525,15.7219,14.361330753968252,7.174749826475619,18.42833015873016,5.946325855871281,21.53608058044388,12.482004302858876
2005-12-14,55.41,59.7148,7.769,17.7841,16.8986,3.9174,3.5091,47320140000.0,11.2096,17.9128,12.0,8.0,14.525,15.4391,14.375512896825397,7.154572131835342,18.377250793650795,6.010194641130978,21.53008502866074,12.367056152519815
2005-12-15,54.84,59.7148,8.8891,17.6012,16.9024,3.8544,3.5094,46559160000.0,11.2096,17.9128,12.0,8.0,14.525,15.4391,14.389975595238097,7.136038785408811,18.354807142857144,6.040468557642588,21.526014380646902,12.314338585214555
2005-12-16,52.65,59.4292,12.876,14.5121,16.9024,3.3539,3.5088,44699850000.0,6.5429,11.0107,12.0,8.0,14.275,8.1882,14.41090773809524,7.116026564095621,18.36569365079365,6.029249038515452,21.52693430219086,12.3364446122782
2005-12-19,53.04,59.4292,12.046,14.6499,16.9033,3.3787,3.5073,45030960000.0,6.5429,11.0001,12.0,7.0,14.1714,8.1882,14.426761507936506,7.101796921768366,18.36711349206349,6.0277273000341225,21.52855842970488,12.33938619202937
2005-12-20,53.98,59.6455,10.4956,14.8236,16.9028,3.4386,3.5068,45829020000.0,6.5419,11.0325,12.0,7.0,13.4,8.1819,14.43961507936508,7.088770033174427,18.353168253968256,6.043996836248698,21.528385112539507,12.309171417719558
2005-12-21,53.71,59.6455,11.051,14.7494,16.9024,3.4214,3.5064,45599790000.0,6.5419,11.0325,12.0,7.0,13.4,8.1819,14.454829166666666,7.073204525944925,18.3276753968254,6.068112284296491,21.5280336926116,12.259563112528909
2005-12-22,53.87,59.6455,10.7212,14.8064,16.9024,3.4404,3.5062,45735630000.0,6.5343,11.0278,12.0,7.0,13.4,8.1711,14.469284523809524,7.058068612131621,18.315359523809526,6.082057940456399,21.527353135941144,12.233301583353128
2005-12-23,53.91,59.6455,10.639,14.8174,16.9024,3.4429,3.5058,45769590000.0,6.5343,11.0278,12.0,7.0,13.4,8.1711,14.481148611111111,7.046562481350532,18.294398412698413,6.104061530200823,21.527711092461644,12.19033688249759
2005-12-27,53.05,59.6455,12.4326,14.581,16.9033,3.388,3.5058,45039450000.0,6.5343,11.0278,12.0,7.0,13.4,8.1711,14.49678492063492,7.033216684812011,18.29566507936508,6.102818453918727,21.53000160544693,12.192846625446354
2005-12-28,53.38,59.6455,11.7375,14.7202,16.9028,3.4132,3.5057,45319620000.0,6.5312,11.0108,12.0,6.0,12.3,8.1528,14.51315238095238,7.01712740968639,18.289957142857144,6.108656838322868,21.53027979063877,12.181300304534275
2005-12-29,53.52,59.6455,11.4453,14.7588,16.9028,3.4222,3.5057,45438480000.0,6.5312,11.0115,12.0,6.0,12.3,8.1528,14.528678571428571,7.001617308997088,18.274076984126985,6.123931168511465,21.53029588042566,12.15014581561552
2005-12-30,53.47,59.6455,11.5495,14.7451,16.9028,3.419,3.5057,45396030000.0,6.5312,11.0115,12.0,6.0,12.3,8.1528,14.546792063492065,6.98201149579492,18.261820634920635,6.135915487088375,21.528803559286985,12.12590514783226
2006-01-03,54.57,59.6455,9.3009,15.0484,16.9036,3.4893,3.5057,46329930000.0,6.5312,11.0115,12.0,6.0,12.3,8.1528,14.55520892857143,6.973102170570337,18.2448753968254,6.157825882302131,21.528311099141767,12.087049514523263
2006-01-04,54.36,59.6455,9.7231,14.9967,16.9033,3.4751,3.5057,46151640000.0,6.5323,11.0084,12.0,6.0,12.3,8.1528,14.567608531746032,6.958899696614527,18.21265873015873,6.1918841343974895,21.52650822836056,12.02077459576124
2006-01-05,53.79,59.6455,10.8859,14.8394,16.9033,3.4386,3.5057,45667710000.0,6.5323,11.0084,12.0,6.0,12.3,8.1528,14.58392757936508,6.940542309857648,18.198922222222222,6.206300995573966,21.52446988922273,11.99262122664826
2006-01-06,53.98,59.6455,10.4956,14.8919,16.9033,3.4508,3.5057,45829020000.0,6.5323,11.0084,12.0,6.0,12.3,8.1528,14.599871230158731,6.921840537960143,18.18339444444445,6.223218674265679,21.52171176811888,11.960175770178768
2006-01-09,54.56,60.2607,10.4485,15.0067,16.9038,3.4961,3.5058,46321440000.0,10.6177,17.8878,1.0,6.0,12.3,8.1528,14.61774265873016,6.899390407352496,18.174433333333333,6.233611015968207,21.517133066082657,11.940822317365123
2006-01-10,53.73,60.2607,12.1547,14.7784,16.9036,3.4429,3.5057,45616770000.0,10.6177,17.8878,1.0,6.0,12.3,8.1528,14.637969246031746,6.877117003398763,18.18036746031746,6.227470039004032,21.51508624943051,11.952897421313429
2006-01-11,53.89,60.2607,11.8217,14.8225,16.9033,3.4531,3.5057,45752610000.0,10.6177,17.8878,1.0,6.0,12.3,8.1528,14.657584325396824,6.854877842404414,18.15933015873016,6.244550104816468,21.51246216780124,11.914780053913688
2006-01-12,54.4,60.2607,10.7733,14.9627,16.9028,3.4858,3.5057,46185600000.0,10.6177,17.8878,1.0,6.0,12.3,8.1528,14.674029166666664,6.835532407922903,18.127297619047617,6.272162545310387,21.50956157458957,11.85513507373723
2006-01-13,55.9,60.2607,7.8009,15.3753,16.9028,3.5819,3.5057,47459100000.0,10.6177,17.8878,1.0,6.0,12.3,8.1528,14.684680952380951,6.820584910401357,18.07217777777777,6.332343247637672,21.50526586278231,11.739834530140106
2006-01-17,55.12,60.6253,9.9878,15.2269,16.9033,3.5368,3.5062,46796880000.0,10.6197,17.8878,1.0,6.0,12.3,8.1528,14.702469047619047,6.79653156141592,18.027835714285715,6.369423458963493,21.499000609034965,11.658412255322222
2006-01-18,54.47,60.6253,11.3003,15.0474,16.9028,3.4951,3.506,46245030000.0,10.6197,17.8878,1.0,6.0,12.3,8.1528,14.726443055555556,6.763029082390244,17.99864285714286,6.391900448666951,21.4894721379458,11.606742408475906
2006-01-19,54.34,60.6253,11.5666,15.0115,16.9028,3.4868,3.506,46134660000.0,10.6197,17.8957,1.0,6.0,12.3,8.1528,14.752066468253968,6.726372492380237,17.973959523809526,6.410808386806516,21.478438960634204,11.563151137003011
2006-01-20,53.55,60.6253,13.2125,14.7728,16.9028,3.4367,3.506,45463950000.0,10.166,17.4042,2.0,7.0,12.6857,13.0501,14.780059722222225,6.6903814996575015,17.963791269841273,6.41738531454699,21.470441221879724,11.546405955294285
2006-01-23,53.64,60.6253,13.0226,14.7976,16.9036,3.4424,3.5063,45540360000.0,10.166,17.4042,2.0,7.0,12.6857,13.0501,14.808080357142858,6.6532117418775965,17.943168253968253,6.429138582605319,21.46129209902045,11.514029671362934
2006-01-24,52.71,60.6253,15.0167,14.5291,16.9033,3.3828,3.5062,44750790000.0,10.1651,17.4029,2.0,8.0,13.6,13.0501,14.839653373015873,6.616193272073327,17.932019047619047,6.433015432317451,21.4558466450892,11.499003615301596
2006-01-25,52.94,60.1774,13.6709,14.5925,16.9028,3.3975,3.506,44946060000.0,10.1651,17.4029,2.0,7.0,13.8286,13.0448,14.871438095238094,6.571785814473086,17.92570238095238,6.436834817895709,21.44322390971118,11.488867563056672
2006-01-26,52.63,60.1774,14.3405,14.507,16.9028,3.3776,3.506,44682870000.0,10.1651,17.4029,2.0,7.0,13.8286,13.0448,14.898006746031747,6.542393699285896,17.922314285714286,6.438622625943727,21.440400445317643,11.48369165977056
2006-01-27,52.4,60.1774,14.8424,14.4436,16.9028,3.3629,3.506,44487600000.0,10.1651,17.4029,2.0,7.0,13.8286,13.0448,14.921915873015871,6.52004568120473,17.92478492063492,6.437370539890569,21.441961554220605,11.487414380744353
2006-01-30,51.81,60.1774,16.1502,14.281,16.9036,3.325,3.5063,43986690000.0,10.1651,17.4029,2.0,7.0,13.8286,13.0448,14.938574603174605,6.512417179718608,17.91994126984127,6.438483094434852,21.45099178289321,11.48145817540642
2006-01-31,51.76,60.1774,16.2624,14.4174,16.9033,3.3492,3.5062,43944240000.0,9.0242,15.2028,3.0,7.0,13.8286,13.0448,14.954027976190476,6.506284411359717,17.90453015873016,6.440120982966342,21.4603123875502,11.46440917576382
2006-02-01,52.25,61.09,16.9187,14.5539,16.9028,3.3809,3.506,44360250000.0,9.0241,15.2066,3.0,7.0,13.8286,13.0448,14.972989484126984,6.498035333836697,17.89775873015873,6.440710071018829,21.47102481796368,11.457048659139902
2006-02-02,52.75,61.09,15.8104,14.6932,16.9028,3.4133,3.506,44784750000.0,9.0241,15.2066,3.0,7.0,13.8286,13.0448,14.985491666666666,6.493562428520408,17.87658015873016,6.443170712399553,21.47905409518708,11.433409446330607
2006-02-03,52.11,61.09,17.2328,14.5149,16.9028,3.3719,3.506,44241390000.0,9.0241,15.2066,3.0,7.0,13.8286,13.0448,14.997558134920634,6.492073704053316,17.865049206349205,6.443011176954418,21.48963183897395,11.422038029394788
2006-02-06,51.71,61.09,18.1396,14.4035,16.9033,3.346,3.5063,43901790000.0,9.0241,15.2066,3.0,7.0,13.8286,13.0448,15.014037896825396,6.489481120724164,17.87347698412698,6.442667545793918,21.50351901754956,11.430809438333064
2006-02-07,51.5,61.09,18.6214,14.345,16.9028,3.3324,3.5062,43723500000.0,9.0241,15.2066,3.0,7.0,13.8286,13.0448,15.033247222222222,6.485793411803147,17.893561111111108,6.441010023230498,21.51904063402537,11.452551087880613
2006-02-08,52.0,61.09,17.4808,14.4843,16.9024,3.3647,3.506,44148000000.0,9.0241,15.2066,3.0,7.0,13.8286,13.0448,15.046283531746033,6.484093161565454,17.909334126984128,6.437517854579218,21.530376693311485,11.47181627240491
2006-02-09,52.24,61.09,16.941,14.4266,16.9024,3.3521,3.506,44351760000.0,9.0235,15.2098,3.0,7.0,13.8286,13.0735,15.05794781746032,6.4821993471489705,17.908788095238094,6.437597680981418,21.540147164609287,11.471190414256675
2006-02-10,52.2,61.09,17.0307,14.4155,16.9024,3.3495,3.506,44317800000.0,9.0235,15.2098,3.0,7.0,13.8286,13.0735,15.070989285714289,6.479537386258771,17.897334126984127,6.437868059936164,21.55052667197306,11.459466067047964
2006-02-13,51.7,61.09,18.1625,14.2774,16.9033,3.3175,3.506,43893300000.0,9.0235,15.2098,3.0,7.0,13.8286,13.0735,15.084674404761904,6.47876706360503,17.882005555555555,6.434894840070744,21.563441468366936,11.447110715484811
2006-02-14,52.17,61.09,17.0979,14.4072,16.9028,3.3476,3.506,44292330000.0,9.0266,15.2098,3.0,7.0,13.8286,13.0735,15.099476984126984,6.474818088041322,17.853863492063493,6.430472128465895,21.574295072168308,11.4233913635976
2006-02-15,53.3,61.09,14.6154,14.7193,16.9024,3.4201,3.5058,45251700000.0,9.0266,15.2098,3.0,7.0,13.8286,13.0735,15.11512123015873,6.464073984590256,17.78815476190476,6.420844221858784,21.579195214748985,11.367310540045978
2006-02-16,53.95,61.09,13.2345,14.8988,16.9024,3.4618,3.5058,45803550000.0,9.0266,15.2098,3.0,7.0,13.8286,13.0735,15.125537499999998,6.456786794588949,17.720888888888886,6.423824315707564,21.582324294588947,11.297064573181324
2006-02-17,53.55,61.09,14.0803,14.7883,16.9024,3.4362,3.5058,45463950000.0,9.0266,15.2098,3.0,7.0,13.8286,13.0735,15.136149404761904,6.450649990637362,17.681957142857144,6.430958261042344,21.586799395399268,11.2509988818148
2006-02-21,51.83,61.3139,18.2981,14.3133,16.9033,3.3258,3.5062,44003670000.0,9.0266,15.2102,3.0,7.0,13.8286,13.0735,15.153919246031746,6.446991852220033,17.668881746031747,6.427993174064851,21.60091109825178,11.240888571966895
2006-02-22,52.21,61.3139,17.4371,14.4183,16.9028,3.3502,3.506,44326290000.0,9.0266,15.2102,3.0,7.0,13.8286,13.0735,15.168657936507936,6.443696237163566,17.652696825396827,6.425972689240908,21.612354173671505,11.22672413615592
2006-02-23,51.55,61.3139,18.9406,14.236,16.9028,3.3078,3.506,43765950000.0,9.0266,15.2102,3.0,7.0,13.8286,13.0735,15.193263492063492,6.434350005711603,17.65213888888889,6.42585687040069,21.62761349777509,11.2262820184882
2006-02-24,51.83,61.3139,18.2981,14.3133,16.9028,3.3258,3.506,44003670000.0,9.0266,15.2102,3.0,7.0,13.8286,13.0735,15.218571428571428,6.421388877657924,17.631219047619048,6.419374471491321,21.63996030622935,11.211844576127728
2006-02-27,52.55,61.3139,16.6773,14.5122,16.9036,3.372,3.5063,44614950000.0,9.0266,15.2102,3.0,7.0,13.8286,13.0735,15.23949761904762,6.408886475705728,17.59667222222222,6.412645374141815,21.648384094753347,11.184026848080409
2006-02-28,51.65,61.3139,18.7104,14.2636,16.9033,3.3142,3.5062,43850850000.0,9.0266,15.2102,3.0,7.0,13.8286,13.0735,15.25701765873016,6.406275791562577,17.56763968253968,6.39913521163703,21.663293450292738,11.16850447090265
2006-03-01,52.12,61.3139,17.6399,14.3934,16.9028,3.3444,3.506,44249880000.0,9.0266,15.2102,3.0,7.0,13.8286,13.0735,15.276653571428572,6.398361995041388,17.537089682539683,6.389444684613279,21.67501556646996,11.147644997926404
2006-03-02,51.8,61.3139,18.3666,14.305,16.9028,3.3239,3.506,43978200000.0,9.0266,15.2102,3.0,7.0,13.8286,13.0735,15.297589484126984,6.391156960935404,17.492469047619046,6.3636078304240655,21.68874644506239,11.12886121719498
2006-03-03,51.78,61.3139,18.4123,14.2995,16.9028,3.3226,3.506,43961220000.0,9.0266,15.2102,3.0,7.0,13.8286,13.0735,15.31951111111111,6.38283273403681,17.453196825396827,6.342337029706798,21.70234384514792,11.110859795690027
2006-03-06,50.79,61.3139,20.7204,14.0261,16.9033,3.2591,3.5063,43120710000.0,9.0266,15.2105,3.0,7.0,13.8286,13.0735,15.3469,6.376316418044378,17.415696825396825,6.308582720262138,21.723216418044377,11.107114105134688
2006-03-07,49.89,61.3139,22.8982,13.7776,16.9028,3.2013,3.5062,42356610000.0,9.0266,15.2105,3.0,7.0,13.8286,13.0735,15.378656349206349,6.373984650668531,17.389702380952382,6.278885619158426,21.75264099987488,11.110816761793956
2006-03-08,49.71,61.3139,23.3432,13.7279,16.9024,3.1898,3.506,42203790000.0,9.0266,15.2105,3.0,7.0,13.8286,13.0735,15.409561111111111,6.374767219029655,17.389762698412696,6.278943230993386,21.784328330140767,11.11081946741931
2006-03-09,49.83,61.3139,23.0462,13.761,16.9024,3.1975,3.506,42305670000.0,9.0266,15.2105,3.0,7.0,13.8286,13.0735,15.439876587301589,6.3746813586922695,17.397673015873018,6.285485030938045,21.81455794599385,11.112187984934971
2006-03-10,49.55,61.6486,24.417,13.6739,16.9024,3.1833,3.506,42067950000.0,9.026,15.2103,3.0,8.0,13.975,13.0614,15.469368055555556,6.381772239350301,17.407642063492066,6.295686715958531,21.851140294905857,11.111955347533534
2006-03-13,50.15,61.3387,22.3105,13.8697,16.9028,3.2182,3.5062,42577350000.0,9.44,15.4684,4.0,8.0,13.975,13.0614,15.48469722222222,6.38891767690421,17.4064,6.294695939929124,21.87361489912643,11.111704060070878
2006-03-14,50.83,61.3387,20.6742,14.0577,16.9024,3.2618,3.506,43154670000.0,9.44,15.4684,4.0,8.0,13.975,13.0614,15.499321230158731,6.392350011741413,17.416946825396824,6.2990823394991455,21.891671241900145,11.11786448589768
2006-03-15,50.97,61.3387,20.3428,14.0965,16.8986,3.2708,3.5058,43273530000.0,9.4402,15.4684,4.0,8.0,13.975,13.0614,15.50531884920635,6.395478963240112,17.402280158730157,6.290022975246065,21.900797812446463,11.112257183484092
2006-03-16,50.03,61.272,22.4705,13.8472,16.8986,3.2115,3.5058,42475470000.0,9.4403,15.4685,4.0,8.0,13.975,13.0667,15.512351785714284,6.401194359578733,17.394353968253967,6.282942017082787,21.91354614529302,11.11141195117118
2006-03-17,50.97,61.272,20.2119,14.1074,16.8986,3.2718,3.5058,43273530000.0,9.4403,15.4693,4.0,8.0,13.975,13.0667,15.524370634920636,6.404325606805397,17.3677126984127,6.263638965368107,21.92869624172603,11.104073733044594
2006-03-20,50.25,62.056,23.4945,13.9394,16.9024,3.2239,3.506,42662250000.0,9.4394,15.4687,4.0,8.0,13.975,13.0667,15.543168055555556,6.413799571964796,17.35652222222222,6.25131360102678,21.95696762752036,11.10520862119544
2006-03-21,49.54,61.6722,24.4897,13.7745,16.8986,3.1874,3.5058,42059460000.0,9.4402,15.4685,4.0,8.0,13.975,13.0667,15.56308849206349,6.425976719542819,17.391387301587297,6.278907998026221,21.98906521160631,11.112479303561075
2006-03-22,50.03,61.6722,23.2704,13.9107,16.8986,3.1773,3.5058,41925140000.0,9.4402,15.4688,4.0,8.0,13.975,13.0667,15.57719523809524,6.43508852650172,17.396842063492066,6.283751024009202,22.01228376459696,11.113091039482864
2006-03-23,47.49,60.3935,27.171,13.6117,16.8986,3.0544,3.5058,39796620000.0,9.7866,16.0511,5.0,8.0,14.725,13.1036,15.600839285714285,6.455759156222127,17.414314285714283,6.307989484147423,22.05659844193641,11.10632480156686
2006-03-24,47.84,60.3195,26.0859,13.7867,16.8986,3.0834,3.5058,40089920000.0,9.6604,15.7099,6.0,7.0,14.6857,11.4975,15.625265674603174,6.472106493451517,17.427424603174604,6.324390987820884,22.09737216805469,11.10303361535372
2006-03-27,48.13,60.3195,25.3262,13.9032,16.9028,3.1045,3.506,40332940000.0,9.6145,15.7362,6.0,7.0,14.4,11.4975,15.651199404761904,6.484751992800594,17.446842857142858,6.344987430624962,22.135951397562497,11.101855426517895
2006-03-28,47.79,60.3195,26.2178,13.8353,16.9024,3.0826,3.5058,40048020000.0,9.6145,15.7467,6.0,7.0,14.4,11.5,15.677970238095236,6.50048035916334,17.489188095238095,6.385771419180092,22.17845059725857,11.103416676058004
2006-03-29,47.08,60.257,27.9885,13.6349,16.8986,3.0368,3.5058,39453040000.0,9.6147,15.7498,6.0,7.0,14.4,11.5,15.711816468253968,6.520089727936647,17.528949206349203,6.435627264206617,22.23190619619061,11.093321942142587
2006-03-30,47.11,60.0742,27.519,13.6436,16.8986,3.0387,3.5058,39478180000.0,9.6174,15.7561,6.0,6.0,15.0,11.5,15.745272817460318,6.53733945749648,17.555243650793653,6.469803466758441,22.2826122749568,11.08544018403521
2006-03-31,47.37,60.0742,26.8191,13.7189,16.8986,3.0555,3.5058,39696060000.0,9.6174,15.7574,6.0,6.0,15.0,11.5,15.77841607142857,6.551067011519843,17.575380952380954,6.494807767485844,22.32948308294841,11.080573184895108
2006-04-03,47.55,58.6536,23.3514,13.9178,16.9028,3.0756,3.506,39846900000.0,9.1333,13.7331,7.0,6.0,15.0,7.8997,15.808032142857142,6.551496991659892,17.585955555555557,6.503179867277935,22.359529134517032,11.08277568827762
2006-04-04,47.18,58.6536,24.3188,13.8095,16.9024,3.0517,3.5058,39536840000.0,9.1333,13.7331,7.0,6.0,15.0,7.8997,15.841112896825395,6.552295705331994,17.59461984126984,6.511477726685652,22.39340860215739,11.083142114584188
2006-04-05,46.93,58.554,24.7688,13.7214,16.8986,3.0315,3.5058,39327340000.0,9.1313,13.7292,7.0,6.0,15.0,7.9025,15.876012301587302,6.552912551878931,17.608236507936507,6.52476406704922,22.428924853466235,11.083472440887288
2006-04-06,47.88,58.9957,23.2157,14.002,16.8986,3.0905,3.5058,40123440000.0,9.1311,13.7547,7.0,7.0,14.6143,7.9025,15.908885119047618,6.5480818256816455,17.58818253968254,6.503411411388092,22.456966944729263,11.084771128294443
2006-04-07,47.82,58.9957,23.3703,13.9845,16.8986,3.0866,3.5058,40073160000.0,9.1311,13.7547,7.0,7.0,14.6143,7.9025,15.940269841269842,6.5458568009096805,17.573727777777776,6.488383217420376,22.48612664217952,11.0853445603574
2006-04-10,47.95,59.2898,23.6492,14.0225,16.9028,3.095,3.506,40182100000.0,9.1311,13.7477,7.0,7.0,14.6143,7.9025,15.97009880952381,6.546665458105895,17.54289761904762,6.4497926529334615,22.516764267629704,11.093104966114158
2006-04-11,46.74,59.2898,26.8502,13.5569,16.9028,3.0169,3.506,39168120000.0,9.1311,13.7522,7.0,7.0,14.6143,7.9025,16.007315277777778,6.555107006160302,17.525143650793648,6.420774659026708,22.56242228393808,11.10436899176694
2006-04-12,47.22,59.2898,25.5608,13.6961,16.9024,3.0479,3.5058,39570360000.0,9.1311,13.7504,7.0,7.0,14.6143,7.9032,16.036984523809526,6.564451773847681,17.497803174603177,6.378694422164305,22.60143629765721,11.119108752438873
2006-04-13,47.66,59.2898,24.4016,13.8237,16.9024,3.0763,3.5058,39939080000.0,9.1311,13.7504,7.0,7.0,14.6143,7.9032,16.06136865079365,6.572663316348204,17.445901587301584,6.294483866497525,22.63403196714185,11.15141772080406
2006-04-17,47.3,59.2898,25.3484,13.7193,16.9036,3.0531,3.5063,39637400000.0,9.1311,13.7504,7.0,7.0,14.6143,7.9032,16.087530555555556,6.5833479305993965,17.398853968253967,6.211894261645502,22.670878486154955,11.186959706608466
2006-04-18,48.05,59.2898,23.3919,13.9368,16.9033,3.1015,3.5062,40265900000.0,9.1311,13.7504,7.0,7.0,14.6143,7.9032,16.11284742063492,6.58686060964164,17.355445238095236,6.149954799763761,22.69970803027656,11.205490438331474
2006-04-19,47.63,59.2898,24.4799,13.8572,16.9033,3.0746,3.506,39913940000.0,8.8754,13.0184,6.0,7.0,14.6143,7.9032,16.13968273809524,6.5933526894950525,17.311336507936506,6.07777503239604,22.73303542759029,11.233561475540466
2006-04-20,47.6,59.2898,24.5584,13.8485,16.9028,3.0727,3.5058,39888800000.0,8.8754,13.0184,6.0,7.0,14.6143,7.9032,16.164428373015873,6.601509773871567,17.2558873015873,5.977928751318273,22.76593814688744,11.277958550269028
2006-04-21,47.63,59.2898,24.4799,13.8572,16.9028,3.0746,3.5058,39913940000.0,8.8754,13.0202,6.0,7.0,14.6143,7.9032,16.189219642857143,6.609240468195488,17.227081746031743,5.933792777836475,22.79846011105263,11.293288968195268
2006-04-24,47.5,59.2898,24.8206,13.8194,16.9036,3.0662,3.5062,39805000000.0,8.8754,13.0202,6.0,7.0,14.6143,7.9032,16.21668154761905,6.616302917513633,17.191957936507933,5.874884824897991,22.83298446513268,11.317073111609943
2006-04-25,47.07,59.2898,25.9609,13.774,16.9033,3.0385,3.506,39444660000.0,8.8754,13.0113,6.0,7.0,14.6143,7.9032,16.245113492063492,6.6273387442525165,17.172453968253965,5.841299427855441,22.872452236316008,11.331154540398524
2006-04-26,46.97,59.2898,26.2291,13.7412,16.9028,3.0371,3.5058,39360860000.0,8.7638,13.3689,7.0,7.0,14.6143,7.9032,16.271395634920637,6.640628021755269,17.18766507936508,5.862498308486833,22.912023656675903,11.325166770878246
2006-04-27,47.0,59.2898,26.1485,13.7544,16.9028,3.0449,3.5058,39386000000.0,8.7641,13.3703,7.0,7.0,14.6143,7.9072,16.297004563492063,6.653794725964112,17.214301587301588,5.895697437663982,22.95079928945617,11.318604149637606
2006-04-28,46.82,59.2898,26.6335,13.7017,16.9028,3.0332,3.5058,39235160000.0,8.7641,13.3703,7.0,7.0,14.6143,7.9072,16.322438095238095,6.668770553832215,17.23384761904762,5.922963931312975,22.99120864907031,11.310883687734645
2006-05-01,46.98,59.2898,26.2022,13.7986,16.9033,3.0478,3.506,39369240000.0,8.7641,13.3703,7.0,7.0,14.6143,7.9072,16.34534047619048,6.682853566931325,17.22796190476191,5.913598918288026,23.028194043121804,11.31436298647388
2006-05-02,47.38,59.2898,25.1368,13.9161,16.9028,3.0737,3.5058,39704440000.0,8.7641,13.3703,7.0,7.0,14.6143,7.9072,16.36367638888889,6.694284890823028,17.221065873015874,5.903779509963613,23.05796127971192,11.31728636305226
2006-05-03,47.31,59.2898,25.3219,13.8955,16.9028,3.0692,3.5058,39645780000.0,8.7641,13.3703,7.0,7.0,14.6143,7.9072,16.3824873015873,6.7061237108694165,17.235029365079363,5.920953789504776,23.08861101245672,11.314075575574588
2006-05-04,48.13,59.2898,23.1868,14.1363,16.9028,3.1224,3.5058,40332940000.0,8.7641,13.3703,7.0,7.0,14.6143,7.9072,16.398772023809524,6.712671613846418,17.249080952380954,5.93304467767726,23.111443637655945,11.316036274703697
2006-05-05,48.27,59.2898,22.8295,14.1775,16.9028,3.1315,3.5058,40450260000.0,8.5295,13.3703,7.0,7.0,14.6143,7.9072,16.41535119047619,6.718223846290464,17.285560317460316,5.953239456243371,23.13357503676665,11.332320861216946
2006-05-08,48.69,59.369,21.9326,14.3227,16.9036,3.1578,3.506,40802220000.0,8.552,12.53,6.0,7.0,14.6143,4.727,16.427329563492066,6.722675626737133,17.315818253968256,5.967187388288078,23.1500051902292,11.348630865680178
2006-05-09,48.46,59.369,22.5113,14.2324,16.9033,3.1429,3.5058,40609480000.0,8.552,12.5282,6.0,7.0,14.6143,4.727,16.433973214285714,6.727037519976103,17.354743650793647,5.985070205603233,23.16101073426182,11.369673445190417
2006-05-10,48.13,59.369,23.3513,14.1355,16.9028,3.1238,3.5058,40332940000.0,8.5525,12.5282,6.0,7.0,14.6143,4.727,16.43763611111111,6.73030612144469,17.40726746031746,6.008565928084077,23.1679422325558,11.398701532233382
2006-05-11,47.55,59.369,24.8559,13.9652,16.9028,3.0862,3.5058,39846900000.0,8.5525,12.5282,6.0,7.0,14.6143,4.727,16.445931547619047,6.7381113236276855,17.470669841269842,6.044860306253845,23.18404287124673,11.425809535015995
2006-05-12,46.66,59.369,27.2375,13.7038,16.9028,3.0284,3.5058,39101080000.0,8.5525,12.5282,6.0,7.0,14.6143,4.727,16.457037698412698,6.751289689519848,17.558786507936507,6.105846447769274,23.208327387932545,11.452940060167233
2006-05-15,46.54,59.369,27.5655,13.6685,16.9036,3.0206,3.506,39000520000.0,8.5525,12.5282,6.0,7.0,14.6143,4.727,16.469206746031745,6.765787228019044,17.665501587301588,6.162493092377273,23.234993974050788,11.503008494924314
2006-05-16,42.6,57.9278,35.9808,12.8946,16.9033,2.7706,3.5058,35698800000.0,8.5357,11.5663,7.0,7.0,14.6143,4.7517,16.49889285714286,6.818409114200857,17.846712698412695,6.361098496769062,23.31730197134372,11.485614201643632
2006-05-17,41.03,56.5562,37.8411,12.6523,16.9033,2.6747,3.5058,34383140000.0,8.3644,9.7099,7.0,7.0,14.6143,2.9872,16.526409126984127,6.876367885560738,18.03005238095238,6.599295229688882,23.402777012544867,11.4307571512635
2006-05-18,40.54,56.5562,39.5072,12.5012,16.9033,2.6427,3.5058,33972520000.0,8.3644,9.7099,7.0,7.0,14.6143,2.9872,16.55869285714286,6.945777085929584,18.230357936507936,6.8620124613277005,23.504469943072444,11.368345475180234
2006-05-19,40.71,56.5562,38.9246,12.5936,16.9033,2.6544,3.5058,34114980000.0,8.3586,9.5113,8.0,7.0,14.5286,3.9301,16.58897023809524,7.009779612493761,18.41323412698413,7.101788946446252,23.598749850589,11.311445180537874
2006-05-22,41.08,56.5562,37.6733,12.708,16.9038,2.6785,3.5062,34425040000.0,8.3586,9.5113,8.0,7.0,14.5286,3.9301,16.61706924603175,7.065744531684182,18.602226984126983,7.293912690373128,23.68281377771593,11.308314293753854
2006-05-23,40.27,55.968,38.9819,12.5175,16.9036,2.6296,3.506,33746260000.0,8.3284,9.4015,9.0,7.0,14.5286,4.9381,16.650995436507934,7.131820666620442,18.801265873015872,7.503813405698876,23.782816103128376,11.297452467316996
2006-05-24,40.47,55.968,38.295,12.5797,16.9036,2.6427,3.5058,33913860000.0,8.3283,9.4055,9.0,7.0,14.5286,4.9381,16.685958928571427,7.194498766885693,18.99383412698413,7.689464794963701,23.88045769545712,11.304369332020428
2006-05-25,40.11,55.968,39.5363,12.4678,16.9036,2.6192,3.5058,33612180000.0,8.3283,9.4055,9.0,7.0,14.5286,4.9381,16.726361706349206,7.265323449935947,19.208946031746034,7.881162884383513,23.99168515628515,11.32778314736252
2006-05-26,40.1,55.968,39.5711,12.4646,16.9036,2.6185,3.5058,33603800000.0,8.3283,9.4055,9.0,7.0,14.5286,4.9381,16.76795873015873,7.335782477035515,19.43756507936508,8.050254271465649,24.103741207194243,11.38731080789943
2006-05-30,39.85,55.968,40.4467,12.3199,16.9038,2.5985,3.506,33394300000.0,8.3252,9.4371,9.0,7.0,14.5286,4.935,16.816414880952383,7.411135635860304,19.665503968253965,8.234658190534944,24.227550516812688,11.43084577771902
2006-05-31,39.91,55.968,40.2355,12.3385,16.9038,2.6024,3.506,33444580000.0,8.3252,9.4371,9.0,7.0,14.5286,4.935,16.863803571428573,7.48415771066849,19.90180317460317,8.394083872680207,24.347961282097064,11.507719301922966
2006-06-01,40.11,55.968,39.5363,12.4003,16.9038,2.6155,3.506,33612180000.0,8.3252,9.4371,9.0,7.0,14.5286,4.935,16.9083876984127,7.551986243169789,20.133352380952378,8.530094237141485,24.46037394158249,11.603258143810892
2006-06-02,40.14,55.968,39.432,12.4523,16.9038,2.6212,3.506,33637320000.0,8.3267,9.4441,9.0,8.0,14.5875,4.935,16.95066190476191,7.61815816472727,20.349859523809524,8.670937471329651,24.568820069489178,11.678922052479871
2006-06-05,39.32,55.5562,41.2925,12.1979,16.9092,2.5676,3.5063,32950160000.0,8.3267,9.4441,9.0,8.0,14.5875,4.935,16.994656547619048,7.694350375145662,20.605826984126985,8.809351386415807,24.68900692276471,11.796475597711176
2006-06-06,38.5,55.5562,44.3018,11.9435,16.9065,2.5141,3.5062,32263000000.0,8.3267,9.4441,9.0,8.0,14.5875,4.935,17.04742777777778,7.78984590938938,20.89402301587301,8.985515518879598,24.83727368716716,11.908507496993415
2006-06-07,38.45,55.5562,44.4895,11.928,16.9038,2.5108,3.506,32221100000.0,8.3267,9.4441,9.0,8.0,14.5875,4.935,17.10476408730159,7.884880834659437,21.16986746031746,9.171708287640463,24.989644921961027,11.998159172676994
2006-06-08,37.4,55.6852,48.8909,11.6023,16.9038,2.4423,3.506,31341200000.0,8.3267,9.4441,9.0,8.0,14.5875,4.935,17.17284761904762,8.010159867459647,21.476196031746028,9.44600059442218,25.183007486507265,12.030195437323847
2006-06-09,37.27,55.6902,49.4237,11.5405,16.9038,2.4338,3.506,31232260000.0,8.3267,9.6246,9.0,8.0,14.5875,5.3778,17.241091468253966,8.137363428344424,21.783870634920635,9.71820549939601,25.37845489659839,12.065665135524624
2006-06-12,36.41,54.8438,50.6284,11.349,16.9065,2.383,3.5062,30511580000.0,8.1245,8.8089,9.0,8.0,14.5875,5.3778,17.313041865079366,8.271105357087736,22.09642063492064,10.005644199001424,25.584147222167104,12.090776435919214
2006-06-13,37.01,54.8438,48.1864,11.5375,16.9038,2.4226,3.506,31014380000.0,8.1133,8.7301,9.0,8.0,14.5875,5.2414,17.378353174603177,8.384125845934534,22.392988095238096,10.220190623135029,25.76247902053771,12.172797472103069
2006-06-14,37.6,54.799,45.742,11.7214,16.9036,2.4612,3.5058,31508800000.0,8.1133,8.7301,9.0,8.0,14.5875,5.2414,17.441909523809525,8.477154968353716,22.68861111111111,10.352779769845178,25.91906449216324,12.335831341265934
2006-06-15,38.17,54.2107,42.0244,11.9809,16.9036,2.508,3.5058,32062800000.0,8.1144,8.734,9.0,8.0,14.5875,5.2438,17.49277400793651,8.547441025781003,22.96828015873016,10.395627515789664,26.04021503371752,12.572652642940495
2006-06-16,40.19,54.2107,34.886,12.7007,16.9036,2.6208,3.5058,33759600000.0,8.1437,8.8413,9.0,8.0,15.055,5.4054,17.532317261904762,8.581714841866827,23.183494444444445,10.359077910303064,26.11403210377159,12.82441653414138
2006-06-19,41.45,54.2107,30.7858,13.1404,16.9065,2.7026,3.5062,34818000000.0,8.1437,8.8487,9.0,8.0,15.055,5.4054,17.56092321428572,8.601832989305349,23.35727777777777,10.3008628569369,26.162756203591066,13.05641492084088
2006-06-20,40.64,54.2107,33.3925,12.8832,16.9038,2.649,3.506,34137600000.0,8.1649,8.8516,9.0,8.0,15.055,5.486,17.597570634920636,8.629868500013545,23.520107142857142,10.296010785621222,26.22743913493418,13.22409635723592
2006-06-21,41.5,54.2107,30.6282,13.1629,16.9036,2.7048,3.5058,34860000000.0,8.1739,8.8297,9.0,8.0,15.055,5.486,17.628883134920635,8.648478061553183,23.66758492063492,10.26337533172449,26.27736119647382,13.40420958891043
2006-06-22,40.95,54.2107,32.3827,12.9885,16.9036,2.6683,3.5058,34398000000.0,8.1737,8.8297,9.0,8.0,15.055,5.486,17.668224404761908,8.670420297015518,23.841292063492062,10.223799391017826,26.338644701777422,13.617492672474237
2006-06-23,40.79,54.2107,32.9019,12.9377,16.9028,2.6578,3.5058,34263600000.0,8.1737,8.8297,9.0,8.0,15.055,5.486,17.709264682539683,8.693491693294177,24.014711904761903,10.190376995566805,26.40275637583386,13.8243349091951
2006-06-26,41.07,53.7401,30.85,13.022,16.8986,2.6772,3.5062,34498800000.0,8.2052,8.9158,9.0,8.0,15.055,5.486,17.752804761904763,8.704258662244705,24.174464285714286,10.137952848511096,26.457063424149467,14.03651143720319
2006-06-27,40.91,53.7401,31.3618,12.9712,16.8947,2.6668,3.506,34364400000.0,8.2052,8.9158,9.0,8.0,15.055,5.486,17.797682142857145,8.716016166590181,24.33893095238095,10.084563168022411,26.513698309447328,14.254367784358536
2006-06-28,40.7,53.7401,32.0396,12.9047,16.8882,2.6531,3.5058,34188000000.0,8.2052,8.9158,9.0,8.0,15.055,5.486,17.843812500000002,8.729761631943884,24.494542063492062,10.050588164364136,26.57357413194389,14.443953899127926
2006-06-29,41.07,53.7401,30.85,13.022,16.8812,2.6772,3.5058,34498800000.0,8.2052,8.9158,9.0,8.0,15.055,5.486,17.887674404761903,8.739477934403434,24.64622857142857,10.00061634948452,26.62715233916533,14.645612221944049
2006-06-30,41.74,53.7401,28.7496,13.2344,16.8812,2.7209,3.5058,35061600000.0,8.2052,8.9158,9.0,8.0,15.055,5.486,17.927811309523808,8.742824393389679,24.783564285714284,9.936493371297251,26.670635702913486,14.847070914417031
2006-07-03,42.07,53.7401,27.7397,13.339,16.8732,2.7424,3.5062,35338800000.0,8.2052,8.9158,9.0,8.0,15.055,5.486,17.965944444444442,8.743625314654723,24.91205793650793,9.868436758744338,26.709569759099168,15.043621177763598
2006-07-05,41.7,53.7401,28.8731,13.2217,16.8703,2.7183,3.506,35028000000.0,8.1797,8.9158,9.0,8.0,15.055,5.486,18.00564880952381,8.74763658022445,25.067392857142853,9.774332453377497,26.753285389748257,15.293060403765358
2006-07-06,41.93,53.7401,28.1662,13.2947,16.87,2.7333,3.506,35221200000.0,8.1797,8.9158,9.0,8.0,15.055,5.486,18.04349642857143,8.750254775416506,25.213766666666668,9.680352290804294,26.79375120398793,15.533414375862376
2006-07-07,41.71,53.7401,28.8422,13.2249,16.868,2.7189,3.506,35036400000.0,8.1797,8.9158,9.0,8.0,15.055,5.486,18.07893492063492,8.75776090858046,25.356276984126985,9.599571393133443,26.83669582921538,15.75670559099354
2006-07-10,41.86,52.8903,26.3505,13.3206,16.8608,2.7293,3.5063,35162400000.0,8.1607,8.9244,9.0,8.0,15.055,5.486,18.10824583333333,8.760679847187287,25.482109523809523,9.506681887232183,26.86892568052062,15.975427636577338
2006-07-11,41.67,52.8903,26.9266,13.2601,16.8566,2.7169,3.5062,35002800000.0,8.1607,8.9244,9.0,8.0,15.055,5.486,18.139127380952385,8.764284467687107,25.61288809523809,9.411077395568324,26.903411848639493,16.20181069966977
2006-07-12,40.45,52.8903,30.7548,12.8719,16.8556,2.6374,3.506,33978000000.0,8.1607,8.9244,9.0,8.0,15.055,5.486,18.1757875,8.778351439266673,25.76050793650794,9.34392547298706,26.95413893926667,16.41658246352088
2006-07-13,39.64,52.8903,33.4266,12.6142,16.8534,2.5846,3.506,33297600000.0,8.1607,8.9244,9.0,8.0,15.055,5.486,18.216244246031746,8.80157387137818,25.9319753968254,9.284133548842874,27.017818117409924,16.647841847982527
2006-07-14,39.72,52.8903,33.1579,12.6396,16.8505,2.5898,3.506,33364800000.0,8.1607,8.9244,9.0,8.0,15.055,5.486,18.255727182539683,8.823894743376222,26.10963095238095,9.20558255283359,27.079621925915905,16.90404839954736
2006-07-17,39.24,52.8903,34.7867,12.4869,16.83,2.5585,3.5063,32961600000.0,8.1607,8.9244,9.0,8.0,15.055,5.486,18.297802380952383,8.852072176237314,26.32380396825397,9.089398675436348,27.149874557189698,17.23440529281762
2006-07-18,39.09,52.8903,35.3039,12.4391,16.8251,2.5487,3.5062,32835600000.0,8.1607,8.9244,9.0,8.0,15.055,5.486,18.34090376984127,8.881894533215933,26.5247253968254,9.004814972996932,27.222798303057203,17.519910423828463
2006-07-19,40.49,52.8903,30.6256,12.8846,16.8235,2.64,3.506,34011600000.0,8.1607,8.9244,9.0,8.0,15.055,5.486,18.37614444444445,8.895347372516873,26.678100793650795,8.907482969068157,27.27149181696132,17.770617824582637
2006-07-20,39.75,52.8903,33.0574,12.6492,16.8214,2.5918,3.506,33390000000.0,8.1607,8.9244,9.0,8.0,15.055,5.486,18.413498412698413,8.917407402450012,26.848662698412696,8.821146907687082,27.330905815148427,18.027515790725616
2006-07-21,39.57,52.8903,33.6626,12.5919,16.8173,2.58,3.506,33238800000.0,8.1607,8.9244,9.0,8.0,15.055,5.486,18.45165337301588,8.941447581635655,27.01096507936508,8.756138328905651,27.39310095465153,18.25482675045943
2006-07-24,39.81,52.8903,32.8568,12.6683,16.7732,2.5957,3.5063,33440400000.0,8.1607,8.9244,9.0,8.0,15.055,5.486,18.4833503968254,8.96415740895291,27.168379365079364,8.680609216531444,27.447507805778308,18.48777014854792
2006-07-25,40.76,52.8903,29.7603,12.9879,16.7719,2.6583,3.5062,34238400000.0,8.1607,8.5017,9.0,8.0,15.055,5.486,18.50684801587301,8.978181915837594,27.28539206349206,8.614616230120548,27.485029931710606,18.670775833371515
2006-07-26,40.01,52.8903,32.1927,12.7489,16.7699,2.6094,3.506,33608400000.0,8.1607,8.5017,9.0,8.0,15.055,5.486,18.542685912698413,8.996708083726936,27.43239047619048,8.538129163168499,27.53939399642535,18.89426131302197
2006-07-27,39.62,52.8903,33.4939,12.6247,16.7679,2.5835,3.5058,33280800000.0,8.1605,8.5036,9.0,8.0,15.055,5.473,18.588030357142856,9.014375007329951,27.584401587301585,8.473435653957448,27.60240536447281,19.110965933344136
2006-07-28,39.7,52.8903,33.2249,12.6502,16.7677,2.5887,3.5058,33348000000.0,8.1605,8.5036,9.0,8.0,15.055,5.473,18.636126587301582,9.027690736488806,27.730294444444446,8.410309728025997,27.66381732379039,19.31998471641845
2006-07-31,38.96,52.6788,35.2125,12.4544,16.7644,2.5401,3.506,32726400000.0,8.1601,8.5088,8.0,8.0,15.055,5.4651,18.68742420634921,9.048299068952272,27.88158253968254,8.37169738045592,27.73572327530148,19.50988515922662
2006-08-01,38.1,52.6788,38.2646,12.1795,16.7643,2.484,3.5058,32004000000.0,8.1601,8.5088,8.0,8.0,15.055,5.4651,18.74384246031746,9.081547633544686,28.056203174603173,8.356853110734306,27.825390093862147,19.699350063868867
2006-08-02,38.52,52.6788,36.757,12.3138,16.7643,2.5114,3.5058,32356800000.0,8.1601,8.5088,8.0,8.0,15.055,5.4651,18.79369007936508,9.111344166906129,28.21365,8.332183699547185,27.905034246271207,19.88146630045281
2006-08-03,38.31,52.6788,37.5067,12.2467,16.7619,2.4977,3.5058,32180400000.0,8.1601,8.5088,8.0,8.0,15.055,5.4651,18.845025198412696,9.143752613871303,28.38584285714286,8.297924979284181,27.988777812284,20.08791787785868
2006-08-04,38.5,52.6788,36.8281,12.3074,16.7588,2.5101,3.5058,32340000000.0,8.1601,8.5088,8.0,8.0,15.055,5.4651,18.888984325396827,9.17685082627838,28.54136111111111,8.270805902246488,28.06583515167521,20.27055520886462
2006-08-07,37.96,52.6788,38.7745,12.1348,16.7524,2.4749,3.5058,31886400000.0,8.1601,8.5088,8.0,8.0,15.055,5.4651,18.932369642857143,9.219059398850533,28.70513015873016,8.267488094199045,28.151429041707672,20.43764206453111
2006-08-08,37.79,52.6788,39.3988,12.0804,16.7451,2.4638,3.5058,31743600000.0,8.1601,8.5088,8.0,8.0,15.055,5.4651,18.975494444444443,9.263840830953535,28.87003015873016,8.271960682191555,28.239335275397977,20.598069476538605
2006-08-09,37.6,52.6788,40.1032,12.0197,16.7435,2.4514,3.5057,31584000000.0,8.1601,8.5088,8.0,8.0,15.055,5.4651,19.023624801587303,9.310444898486532,29.04957301587301,8.268288597628036,28.33406970007384,20.78128441824498
2006-08-10,37.91,52.6788,38.9575,12.2219,16.7394,2.4716,3.5057,31844400000.0,8.1601,8.3876,9.0,8.0,15.055,5.4651,19.06785119047619,9.352078157648087,29.224307142857143,8.24294946457567,28.41992934812428,20.98135767828148
2006-08-11,37.59,52.6788,40.1405,12.1188,16.7369,2.4528,3.5057,31575600000.0,8.1603,8.3876,9.0,8.0,15.055,5.4651,19.11043650793651,9.399045801587253,29.40771825396825,8.226550967051981,28.50948230952376,21.18116728691627
2006-08-14,36.74,52.1355,41.9039,11.883,16.7313,2.3974,3.5058,30861600000.0,8.1603,8.3873,9.0,8.0,15.055,5.4651,19.158908333333333,9.453426424993946,29.596142063492064,8.238807574549623,28.61233475832728,21.35733448894244
2006-08-15,37.18,51.8022,39.3281,12.0254,16.7313,2.4261,3.5058,31231200000.0,8.1603,8.3873,9.0,8.0,15.055,5.4651,19.205291666666668,9.494914204479567,29.772572222222223,8.206985636245623,28.70020587114624,21.5655865859766
2006-08-16,38.26,51.8022,35.3952,12.3747,16.7313,2.4966,3.5057,32138400000.0,8.1603,8.3873,9.0,8.0,15.055,5.4651,19.24584345238096,9.520344988947915,29.93749126984127,8.108155766989366,28.76618844132887,21.829335502851904
2006-08-17,39.78,51.8022,30.2217,12.8663,16.7308,2.5957,3.5057,33415200000.0,8.1603,8.3873,9.0,8.0,15.055,5.4651,19.277612301587304,9.530217539637333,30.07231031746032,7.968224094156265,28.80782984122464,22.10408622330405
2006-08-18,39.88,51.8022,29.8952,12.8986,16.7235,2.6023,3.5057,33499200000.0,8.1603,8.3873,9.0,8.0,15.055,5.4651,19.31009603174603,9.53846338321988,30.1978253968254,7.8377937546116625,28.848559414965912,22.36003164221373
2006-08-21,39.7,51.8022,30.4841,12.8404,16.7147,2.5905,3.5058,33348000000.0,8.1603,8.3873,9.0,8.0,15.055,5.4651,19.342993253968253,9.548367474078193,30.29453968253968,7.764625578002614,28.891360728046443,22.529914104537067
2006-08-22,39.48,51.8022,31.2112,12.7693,16.7129,2.5762,3.5058,33163200000.0,8.1603,8.3873,9.0,8.0,15.055,5.4651,19.376573015873014,9.560303282916207,30.403857936507933,7.678644175221055,28.936876298789223,22.72521376128688
2006-08-23,39.22,51.8022,32.0811,12.6852,16.7111,2.5592,3.5057,32944800000.0,8.1603,8.3873,9.0,8.0,15.055,5.4651,19.41182797619048,9.574343655143718,30.508147619047616,7.61064175273242,28.9861716313342,22.8975058663152
2006-08-24,38.95,51.8022,32.9967,12.5978,16.7111,2.5416,3.5057,32718000000.0,8.1603,8.3873,9.0,8.0,15.055,5.4651,19.451861507936503,9.588897504833271,30.624803174603173,7.534255871842258,29.04075901276978,23.09054730276092
2006-08-25,39.02,51.8022,32.7581,12.6205,16.7111,2.5462,3.5057,32776800000.0,8.1603,8.3873,9.0,8.0,15.055,5.4651,19.49176785714285,9.602356675196608,30.75242857142857,7.431603990987197,29.09412453233946,23.32082458044137
2006-08-28,39.73,51.8022,30.3856,12.8314,16.6771,2.5918,3.5057,33373200000.0,8.1603,8.3873,9.0,8.0,15.055,5.4651,19.527508928571432,9.609325398044705,30.84508888888889,7.352623759287241,29.13683432661614,23.49246512960165
2006-08-29,40.6,51.8022,27.5916,13.1124,16.6743,2.6485,3.5057,34104000000.0,8.1417,8.3873,9.0,8.0,15.055,5.333,19.55706547619048,9.611177655492916,30.92407063492064,7.262537678757369,29.1682431316834,23.661532956163267
2006-08-30,40.59,51.363,26.541,13.1092,16.6715,2.6479,3.5057,34095600000.0,8.1417,8.4151,8.0,7.0,15.0629,5.333,19.58727202380952,9.609151879104488,30.988946825396823,7.185567539134924,29.19642390291401,23.8033792862619
2006-08-31,41.9,50.996,21.7088,13.5634,16.6658,2.7339,3.5057,35196000000.0,8.1416,8.4146,8.0,7.0,15.0629,4.0409,19.60716507936508,9.603131373995357,31.01510952380952,7.14529800180708,29.210296453360435,23.86981152200244
2006-09-01,42.03,50.7686,20.7913,13.5967,16.6578,2.7469,3.5057,35305200000.0,8.1562,8.3978,7.0,7.0,15.0629,4.0409,19.629101785714287,9.593158434009997,31.015672222222225,7.144483544068242,29.222260219724284,23.871188678153985
2006-09-05,41.78,50.7686,21.5141,13.5158,16.6482,2.7306,3.5057,35095200000.0,8.1562,8.3978,7.0,7.0,15.0629,4.0409,19.65251944444444,9.58330125137324,31.004687301587303,7.158115368793462,29.23582069581768,23.846571932793843
2006-09-06,42.03,50.7686,20.7913,13.5967,16.6439,2.7469,3.5057,35305200000.0,8.1562,8.3978,7.0,7.0,15.0629,4.0409,19.676866666666665,9.570541923466376,30.984434126984123,7.183531255611388,29.24740859013304,23.80090287137273
2006-09-07,42.1,50.7686,20.5905,13.6193,16.6433,2.7515,3.5057,35364000000.0,8.1562,8.3978,7.0,7.0,15.0629,4.0409,19.70063194444445,9.55787629923941,30.964944444444445,7.208528619523445,29.258508243683856,23.756415824921
2006-09-08,42.69,50.7686,18.9239,13.8102,16.639,2.79,3.5057,35859600000.0,8.1562,8.3978,7.0,7.0,15.0629,4.0409,19.71984345238096,9.546535426876996,30.92134841269841,7.264837124018485,29.26637887925795,23.656511288679926
2006-09-11,43.02,50.7686,18.0116,13.9169,16.6252,2.8116,3.5058,36136800000.0,8.1562,8.3978,7.0,7.0,15.0629,4.0409,19.738491865079364,9.533967187067995,30.88723015873016,7.315518041831547,29.27245905214736,23.57171211689861
2006-09-12,44.76,50.7627,13.4109,14.4798,16.6231,2.9253,3.5057,37598400000.0,8.1562,8.3978,7.0,7.0,15.0629,4.0409,19.74933531746032,9.523630371188345,30.82958492063492,7.424445010197766,29.27296568864866,23.40513991043716
2006-09-13,43.85,50.7627,15.7644,14.1854,16.6208,2.8658,3.5057,36834000000.0,8.1562,8.3978,7.0,7.0,15.0629,4.0409,19.765796825396823,9.509519490721068,30.79324841269841,7.48711893285242,29.27531631611789,23.306129479846
2006-09-14,43.58,228.84,425.1033,14.1004,16.6191,2.8475,3.5057,36607200000.0,8.2388,8.5639,8.0,7.0,15.0629,4.0409,20.593716865079365,20.398484145263986,33.988746825396824,35.90338757361747,40.99220101034335,-1.9146407482206484
2006-09-15,43.81,228.84,422.3465,14.1748,16.6156,2.8626,3.5057,36800400000.0,8.2388,8.5639,8.0,7.0,15.0629,4.0409,21.41964007936508,27.12713073471632,37.18029126984127,49.83815144256459,48.5467708140814,-12.657860172723318
2006-09-18,42.76,228.84,435.1731,13.8579,16.6112,2.7939,3.5058,35918400000.0,8.2388,8.5626,8.0,6.0,14.24,4.0409,22.27091369047619,32.787684122949486,40.447581746031744,61.14547039647061,55.05859781342568,-20.697888650438863
2006-09-19,42.82,229.0689,434.9577,13.8702,16.6091,2.7979,3.5058,35968800000.0,8.1347,8.6723,9.0,6.0,14.24,4.9117,23.11741349206349,37.58346233273037,43.705264285714286,70.50631028377242,60.70087582479386,-26.801045998058136
2006-09-20,43.58,240.8068,452.5626,14.1751,16.6091,2.8164,3.5057,36214980000.0,8.1614,9.8577,9.0,6.0,14.24,4.9117,24.00178234126984,42.16459098416601,47.11234523809524,79.33103189750312,66.16637332543584,-32.21868665940789
2006-09-21,44.75,241.6255,439.9453,14.5979,16.607,2.8917,3.5057,37187250000.0,8.1308,9.8956,9.0,6.0,14.24,5.0074,24.85947936507937,46.04931473745895,50.38833174603175,86.6830736787649,70.90879410253831,-36.29474193273315
2006-09-22,44.7,241.3447,439.921,14.6745,16.5922,2.8929,3.5057,37145700000.0,7.6599,8.8797,9.0,6.0,14.24,4.2322,25.716726190476194,49.61578647241593,53.6727373015873,93.3393934819178,75.33251266289213,-39.66665618033049
2006-09-25,46.07,241.3447,423.8652,15.1721,16.5779,2.993,3.5058,38284170000.0,7.6587,8.8824,9.0,6.0,14.24,4.1713,26.542696626984124,52.68341236128422,56.83574523809523,98.9548845964969,79.22610898826835,-42.11913935840167
2006-09-26,46.33,241.3461,420.9283,15.2577,16.5774,3.0098,3.5058,38500230000.0,7.6587,8.8824,9.0,6.0,13.74,4.1713,27.36223273809524,55.52838320730683,59.96836825396825,104.09219370745504,82.89061594540206,-44.1238254534868
2006-09-27,46.36,241.3334,420.5638,15.245,16.5686,3.0001,3.5057,38525160000.0,7.9688,9.187,9.0,6.0,13.74,3.7857,28.180280952380954,58.21835329651371,63.08404523809524,108.89192125955394,86.39863424889467,-45.8078760214587
2006-09-28,46.93,51.6224,9.9987,15.4324,16.553,3.037,3.5057,38998830000.0,7.9688,9.187,9.0,6.0,13.74,3.7857,28.18280932539683,58.217534329626886,62.94499523809524,108.94887093267768,86.40034365502372,-46.00387569458244
2006-09-29,47.03,51.6224,9.7648,15.4689,16.5462,3.0421,3.5057,39081930000.0,8.027,9.1306,8.0,6.0,13.74,3.7857,28.18441746031746,58.217013319042366,62.809643650793646,109.00468996223566,86.40143077935983,-46.19504631144201
2006-10-02,47.14,51.6224,9.5087,15.505,16.5404,3.0492,3.5058,39173340000.0,8.027,9.1306,8.0,6.0,13.74,3.7857,28.188002777777776,58.21580500493758,62.69978095238096,109.05174261885315,86.40380778271535,-46.3519616664722
2006-10-03,48.03,51.6224,7.4795,15.7978,16.5373,3.1068,3.5058,39912930000.0,8.027,9.1308,8.0,6.0,13.74,3.7857,28.185755555555552,58.216584022943216,62.566135714285714,109.1094588113573,86.40233957849877,-46.54332309707159
2006-10-04,48.74,51.6224,5.9138,16.0345,16.5309,3.1527,3.5057,40502940000.0,8.027,9.1316,8.0,6.0,13.74,3.7857,28.180225793650795,58.218570830061445,62.416492857142856,109.17462259342594,86.39879662371224,-46.75812973628308
2006-10-05,48.27,51.6224,6.9451,15.8799,16.5217,3.1223,3.5057,40112370000.0,8.027,9.1316,8.0,6.0,13.74,3.7857,28.17722559523809,58.21962819665325,62.28736111111111,109.23096811860708,86.39685379189135,-46.94360700749597
2006-10-06,48.37,51.6224,6.724,15.9128,16.5189,3.1287,3.5057,40195470000.0,8.027,9.1316,8.0,6.0,13.74,3.7857,28.1728623015873,58.221156459872034,62.15524761904762,109.28846598859862,86.39401876145934,-47.133218369551
2006-10-09,48.3,51.6224,6.8787,15.8866,16.5,3.1242,3.5058,40137300000.0,8.027,9.0764,8.0,6.0,13.74,3.7854,28.163325,58.224256273033525,62.022148412698414,109.34593357380363,86.38758127303353,-47.32378516110524
2006-10-10,47.95,51.6224,7.6588,15.7715,16.499,3.1016,3.5058,39846450000.0,8.027,9.0764,8.0,6.0,13.74,3.7854,28.155471825396823,58.22675934296652,61.86983571428571,109.40866632008306,86.38223116836335,-47.538830605797344
2006-10-11,47.03,51.6224,9.7648,15.4704,16.4981,3.0402,3.5057,39081930000.0,8.0591,9.108,9.0,6.0,13.74,3.7854,28.15033630952381,58.22826998271043,61.74447063492064,109.4596415725139,86.37860629223424,-47.715170937593264
2006-10-12,47.44,51.6224,8.8162,15.6433,16.4946,3.0621,3.5057,39422640000.0,8.0592,9.1142,9.0,6.0,13.74,3.7854,28.143088690476187,58.23045299397688,61.62077698412698,109.5109720777977,86.37354168445306,-47.89019509367072
2006-10-13,47.95,51.6224,7.6588,15.8115,16.4921,3.095,3.5057,39846450000.0,8.0592,9.1142,9.0,6.0,13.74,3.7854,28.135416666666668,58.232901432875686,61.480383333333336,109.56916908687244,86.36831809954235,-48.08878575353911
2006-10-16,47.77,51.6224,8.0645,15.7522,16.4727,3.0834,3.5058,39696870000.0,8.0592,9.1142,9.0,6.0,13.74,3.7854,28.129046626984127,58.23492500547852,61.3587373015873,109.62029050538828,86.36397163246265,-48.261553203800986
2006-10-17,47.54,51.6224,8.5873,15.6763,16.4718,3.0686,3.5058,39505740000.0,8.0592,9.1142,9.0,6.0,13.74,3.7854,28.12447757936508,58.2363705626975,61.23260555555556,109.67219456921563,86.36084814206258,-48.43958901366008
2006-10-18,48.14,51.6224,7.2339,15.8742,16.471,3.1073,3.5057,40004340000.0,8.0592,9.1142,9.0,6.0,13.74,3.7854,28.11573591269841,58.23918055907045,61.09510952380952,109.7293857998678,86.35491647176886,-48.63427627605829
2006-10-19,48.01,51.7178,7.723,15.8323,16.4601,3.0989,3.5057,39896310000.0,8.0592,9.114,9.0,6.0,13.74,3.7857,28.1120617063492,58.24041099961366,60.96211825396825,109.78425910802216,86.35247270596287,-48.82214085405392
2006-10-20,48.08,51.7178,7.5661,15.8554,16.458,3.1034,3.5057,39954480000.0,8.0592,9.114,9.0,6.0,13.74,3.7857,28.10635813492064,58.24228575006976,60.825177777777775,109.84044814443897,86.3486438849904,-49.01527036666119
2006-10-23,48.4,51.7178,6.855,15.961,16.4383,3.1241,3.5058,40220400000.0,8.0592,9.0656,9.0,6.0,13.74,3.7857,28.098441468253966,58.24490780385433,60.67354365079365,109.90213359855504,86.3433492721083,-49.2285899477614
2006-10-24,48.13,51.7178,7.4544,15.8719,16.4305,3.1067,3.5057,39996030000.0,8.0592,9.0656,9.0,6.0,13.74,3.7857,28.095931547619045,58.24577180568781,60.52453809523809,109.96191817924012,86.34170335330685,-49.43738008400204
2006-10-25,48.43,51.7178,6.7888,15.9708,16.4248,3.126,3.5057,40245330000.0,8.0592,9.0656,9.0,6.0,13.74,3.7857,28.09232837301587,58.24703611129093,60.37088968253968,110.02384374938288,86.3393644843068,-49.65295406684319
2006-10-26,49.46,51.7178,4.5649,16.3105,16.4168,3.1925,3.5057,41101260000.0,8.0592,9.0656,9.0,6.0,13.74,3.7857,28.084738888888893,58.24985752649849,60.19574206349207,110.09552237698634,86.33459641538738,-49.89978031349427
2006-10-27,48.81,51.7178,5.9574,16.0962,16.4107,3.1506,3.5057,40561110000.0,8.0592,9.0656,9.0,6.0,13.74,3.7857,28.080336706349208,58.25144891227844,60.03506904761904,110.16028286047164,86.33178561862765,-50.125213812852586
2006-10-30,49.29,51.7178,4.9255,16.2545,16.3978,3.1815,3.5058,40959990000.0,8.0592,9.0656,9.0,6.0,13.74,3.7857,28.073462698412698,58.25398146580992,59.8746619047619,110.22620100025576,86.32744416422261,-50.351539095493855
2006-10-31,48.82,51.7178,5.9357,16.0995,16.3836,3.1512,3.5057,40569420000.0,8.0592,9.0656,9.0,6.0,13.74,3.7857,28.069086706349207,58.25556455420366,59.72080317460317,110.28832971402186,86.32465126055287,-50.56752653941869
2006-11-01,48.96,51.7178,5.6328,16.1456,16.3743,3.1602,3.5057,40685760000.0,8.0592,9.0656,9.0,6.0,13.74,3.7857,28.06676904761905,58.25643560652311,59.58148571428572,110.34592124802276,86.32320465414216,-50.76443553373703
2006-11-02,48.19,51.7178,7.3206,15.8917,16.3693,3.1105,3.5057,40045890000.0,8.0592,9.0656,9.0,6.0,13.74,3.7857,28.069267261904763,58.25551706696615,59.458399206349206,110.39588306797351,86.32478432887092,-50.93748386162432
2006-11-03,47.37,51.7178,9.1784,15.6213,16.351,3.0576,3.5057,39364470000.0,8.0592,9.0656,9.0,6.0,13.74,3.7857,28.07773333333333,58.25245490494154,59.3571753968254,110.43640618854326,86.33018823827487,-51.07923079171786
2006-11-06,48.14,51.7178,7.4321,15.8752,16.3255,3.1073,3.5058,40004340000.0,8.0592,9.0656,9.0,6.0,13.74,3.7857,28.082456944444445,58.25068051611356,59.237499206349206,110.48481404356386,86.33313746055799,-51.24731483721465
2006-11-07,48.36,51.7178,6.9433,15.9478,16.3228,3.1215,3.5058,40187160000.0,8.0592,9.0656,9.0,6.0,13.74,3.7857,28.08278035714285,58.25056246198219,59.10727698412698,110.5371066772075,86.33334281912505,-51.42982969308052
2006-11-08,48.89,51.8526,6.0597,16.0928,16.3167,3.1556,3.5057,40627590000.0,8.0615,9.1814,9.0,6.0,13.74,4.0439,28.0834625,58.25030202648757,58.95810079365079,110.59636806782076,86.33376452648757,-51.63826727416997
2006-11-09,48.17,51.8526,7.645,15.8558,16.3022,3.1078,3.5057,40029270000.0,8.0611,9.1814,9.0,6.0,13.74,4.0439,28.08900476190476,58.24822007922911,58.80260476190476,110.65508103892772,86.33722484113386,-51.85247627702296
2006-11-10,48.28,51.8526,7.3998,15.892,16.2895,3.1149,3.5057,40120680000.0,8.0611,9.1814,9.0,6.0,13.74,4.0439,28.095630555555555,58.24567124159355,58.64255952380953,110.71518899105702,86.3413017971491,-52.07262946724749
2006-11-13,48.73,51.8526,6.408,16.0402,16.2814,3.1439,3.5057,40494630000.0,8.0611,9.1814,9.0,6.0,13.74,4.0439,28.10279007936508,58.24277738598957,58.40785476190476,110.7949308281794,86.34556746535465,-52.387076066274645
2006-11-14,49.16,51.8526,5.4772,16.1817,16.2777,3.1717,3.5057,40851960000.0,8.0611,9.1814,9.0,6.0,13.74,4.0439,28.10411011904762,58.24225599864695,58.15099841269841,110.88047392003767,86.34636611769457,-52.72947550733928
2006-11-15,49.69,51.8526,4.3522,16.3562,16.2814,3.2059,3.5057,41292390000.0,8.0611,9.1814,9.0,6.0,13.74,4.0439,28.10092063492064,58.24351509162886,57.87199047619048,110.9719549457036,86.34443572654949,-53.099964469513125
2006-11-16,49.9,51.8526,3.913,16.4253,16.2895,3.2194,3.5057,41466900000.0,8.0611,9.2297,9.0,6.0,13.74,4.0439,28.095108531746032,58.24578681327161,57.59412063492064,111.06357417041922,86.34089534501764,-53.46945353549858
2006-11-17,49.86,51.8526,3.9964,16.4121,16.3022,3.2169,3.5057,41433660000.0,8.0611,9.2297,9.0,6.0,13.74,4.0439,28.089009126984127,58.24815376269962,57.32684365079365,111.1523841918202,86.33716288968375,-53.82554054102656
2006-11-20,49.91,52.1743,4.5368,16.4356,16.3228,3.2207,3.5057,41475210000.0,8.0949,9.1293,10.0,6.0,13.74,5.3512,28.08143611111111,58.250972771653714,57.05346984126984,111.24018695790278,86.33240888276482,-54.18671711663294
2006-11-21,50.37,52.1743,3.5821,16.5871,16.3255,3.2504,3.5057,41857470000.0,8.0949,9.1293,10.0,6.0,13.74,5.3512,28.07112063492064,58.2548576080898,56.77797063492064,111.32996517125696,86.32597824301044,-54.55199453633634
2006-11-22,50.58,52.1743,3.152,16.6562,16.3383,3.2639,3.5057,42031980000.0,8.0949,9.1293,10.0,6.0,13.74,5.3512,28.06522619047619,58.25723308632007,56.48920634920635,111.42219190674774,86.32245927679625,-54.93298555754139
2006-11-24,50.51,52.1743,3.7899,16.6332,16.3562,3.2594,3.5057,41973810000.0,8.0949,9.1293,10.0,6.0,13.74,5.3512,28.0650007936508,58.257326973400055,56.20522857142857,111.5112170022226,86.32232776705085,-55.30598843079404
2006-11-27,49.67,52.1743,5.5452,16.3566,16.3629,3.2052,3.5057,41275770000.0,8.0949,9.1293,10.0,6.0,13.74,5.3512,28.067439285714283,58.25635665062156,55.92823253968253,111.59399193002164,86.32379593633584,-55.66575939033911
2006-11-28,48.88,52.1743,7.251,16.0964,16.3566,3.1542,3.5057,40619280000.0,8.0949,9.1293,10.0,6.0,13.74,5.3512,28.07442996031746,58.25364144418945,55.66645079365079,111.66976155550348,86.32807140450691,-56.00331076185268
2006-11-29,48.67,52.1743,7.7138,16.0273,16.3564,3.1407,3.5057,40444770000.0,8.0949,9.1293,10.0,6.0,13.74,5.3512,28.08171785714286,58.25085839325232,55.41389126984127,111.74249661112609,86.33257625039518,-56.32860534128481
2006-11-30,48.99,52.3994,6.9594,16.1326,16.3536,3.1613,3.5057,40710690000.0,8.0853,9.0856,11.0,6.0,13.74,5.3512,28.08948313492064,58.24777504972763,55.156172222222224,111.81707353276788,86.33725818464826,-56.66090131054567
2006-12-01,47.09,52.3994,11.275,15.5075,16.3383,3.0387,3.5057,39131790000.0,8.0853,9.0854,11.0,6.0,13.74,5.3512,28.107542857142857,58.24113431276492,54.91793809523809,111.87880751435485,86.34867716990777,-56.96086941911674
2006-12-04,47.55,52.3994,10.1985,15.659,16.3105,3.0684,3.5057,39514050000.0,8.0853,9.0854,11.0,6.0,13.74,5.3512,28.124617261904763,58.23460671863762,54.64727698412698,111.94592772129528,86.35922398054238,-57.298650737168295
2006-12-05,47.69,52.3994,9.875,15.7051,16.3022,3.0774,3.5057,39630390000.0,8.0853,9.0854,11.0,6.0,13.74,5.3512,28.14269702380952,58.22750903842079,54.37255873015873,112.01350664239614,86.37020606223031,-57.64094791223741
2006-12-06,48.02,52.3994,9.12,15.8137,16.2939,3.0987,3.5057,39904620000.0,8.0853,9.0851,11.0,6.0,13.74,5.3512,28.15811011904762,58.22143108563854,54.05691666666666,112.08508913895784,86.37954120468616,-58.02817247229117
2006-12-07,47.38,52.2823,10.3468,15.6303,16.285,3.0589,3.5057,39372780000.0,8.0506,8.93,11.0,6.0,13.74,5.0383,28.176030753968256,58.21454187565707,53.74678253968254,112.15205354992236,86.39057262962532,-58.405271010239815
2006-12-08,47.29,52.2823,10.5568,15.6006,16.2777,3.0531,3.5057,39297990000.0,8.0506,8.93,11.0,6.0,13.74,5.0383,28.193631349206346,58.20785758352071,53.42875396825397,112.2177631501,86.40148893272705,-58.789009181846026
2006-12-11,47.55,52.2823,9.9523,15.6863,16.2545,3.0698,3.5057,39514050000.0,8.0506,8.93,11.0,6.0,13.74,5.0383,28.20784603174603,58.20251560074986,53.125308730158736,112.28372682167048,86.41036163249589,-59.15841809151173
2006-12-12,47.45,52.2823,10.184,15.6534,16.2512,3.0634,3.5057,39430950000.0,8.0506,8.93,11.0,6.0,13.74,5.0383,28.22477162698413,58.196018100469615,52.84310238095238,112.34709864254542,86.42078972745374,-59.50399626159304
2006-12-13,47.74,52.2823,9.5147,15.749,16.248,3.0821,3.5057,39671940000.0,8.0506,8.93,11.0,6.0,13.74,5.0383,28.239088293650795,58.19051479296894,52.58508888888889,112.40945653690116,86.42960308661974,-59.82436764801229
2006-12-14,47.8,52.4377,9.7023,15.7688,16.2328,3.086,3.5052,39721800000.0,8.0506,8.93,11.0,6.0,13.74,5.0383,28.24848630952381,58.18713096115743,52.385218253968254,112.46355435316696,86.43561727068123,-60.07833609919872
2006-12-15,47.69,52.4158,9.9094,15.7642,16.2122,3.1045,3.5052,39630390000.0,8.0539,8.9288,11.0,5.0,13.488,5.0318,28.24877638888889,58.18703898789988,52.21953253968253,112.51099798916216,86.43581537678877,-60.29146544947962
2006-12-18,48.07,52.5385,9.2958,15.8904,16.2028,3.1284,3.5057,39946170000.0,8.0718,8.9268,11.0,5.0,13.488,5.0318,28.247466666666668,58.18745898527637,52.02828888888888,112.56372292651533,86.43492565194305,-60.535434037626445
2006-12-19,48.09,53.2848,10.8022,15.9091,16.1987,3.1297,3.5057,39962790000.0,8.0188,8.893,12.0,5.0,13.488,5.551,28.2474623015873,58.18746029649609,51.87093968253968,112.60772520142376,86.43492259808339,-60.73678551888408
2006-12-20,48.05,53.2848,10.8945,15.8959,16.1951,3.1158,3.5052,39785400000.0,8.0188,8.893,12.0,5.0,13.488,5.551,28.24936468253968,58.18687609204362,51.70039841269841,112.65373795407376,86.4362407745833,-60.953339541375335
2006-12-21,49.06,53.3709,8.787,14.0464,16.1913,2.8629,3.5038,40621680000.0,7.1515,14.8683,2.0,5.0,13.488,-3.3309,28.249043849206352,58.18698317015771,51.50901031746032,112.7064024905104,86.43602701936406,-61.19739217305008
2006-12-22,48.87,53.2691,9.0016,13.992,16.1887,2.8518,3.5038,40464360000.0,7.1514,14.876,2.0,5.0,13.488,-3.3309,28.24926071428572,58.186911087055705,51.33561031746032,112.75523728878072,86.43617180134143,-61.41962697132042
2006-12-26,48.8,53.2691,9.158,13.972,16.1566,2.8477,3.5028,40406400000.0,7.1514,14.876,2.0,5.0,13.488,-3.3309,28.249001984126984,58.18699585466064,51.15938968253968,112.80404343646256,86.43599783878761,-61.64465375392287
2006-12-27,49.92,53.2691,6.7089,14.2927,16.1552,2.9131,3.5026,41333760000.0,7.1514,14.8745,2.0,5.0,13.488,-3.3309,28.247575595238093,58.1875160869717,50.95835238095238,112.86094857697604,86.43509168220979,-61.90259619602365
2006-12-28,49.66,53.2691,7.2676,14.2182,16.1525,2.8979,3.5017,41118480000.0,7.1514,14.8741,2.0,5.0,13.488,-3.3309,28.245722619047623,58.18817058785297,50.77119047619048,112.91410315786378,86.43389320690059,-62.1429126816733
2006-12-29,49.05,53.087,8.2304,14.4201,16.1495,2.8698,3.5017,40613400000.0,3.2329,3.5597,1.0,3.0,14.0,-3.3309,28.24507837301587,58.18839082839907,50.608339682539686,112.9609052135232,86.43346920141494,-62.35256553098351
2007-01-03,50.95,53.1352,4.2889,14.8274,16.1372,2.9723,3.4998,42186600000.0,3.2509,3.6353,1.0,3.0,14.0,-3.3309,28.23474484126984,58.19218919498445,50.422222222222224,113.01819020106656,86.42693403625428,-62.59596797884435
2007-01-04,50.87,53.6766,5.5172,14.8041,16.1359,2.9676,3.4998,42120360000.0,3.2509,3.6351,1.0,3.0,14.0,-3.3309,28.22563531746032,58.19539164092445,50.23685793650794,113.07295632619028,86.42102695838477,-62.83609838968234
2007-01-05,49.88,53.6766,7.6115,14.516,16.1326,2.9098,3.4998,41300640000.0,3.2509,3.6351,1.0,3.0,14.0,-3.3309,28.219685515873014,58.19734945281964,50.0737253968254,113.11987042425812,86.41703496869265,-63.04614502743273
2007-01-08,49.86,53.6766,7.6546,14.5111,16.1187,2.9081,3.497,41284080000.0,3.2522,3.6346,1.0,3.0,14.0,-3.3309,28.21314563492064,58.19947905873566,49.90556984126984,113.16742207247545,86.4126246936563,-63.26185223120561
2007-01-09,50.43,53.8054,6.6932,14.6769,16.1141,2.9413,3.4961,41756040000.0,3.2522,3.6346,1.0,3.0,14.0,-3.3309,28.206271825396826,58.20182033731981,49.74955952380952,113.2136945132234,86.40809216271663,-63.46413498941386
2007-01-10,50.25,53.8054,7.0754,14.6246,16.1095,2.9308,3.496,41607000000.0,3.2522,3.6349,1.0,3.0,14.0,-3.3309,28.1975251984127,58.20466959019932,49.59201031746032,113.25951252007106,86.40219478861202,-63.667502202610734
2007-01-11,50.8,54.3176,6.9244,14.6145,16.0995,2.9629,3.496,42062400000.0,11.0525,25.9964,1.0,4.0,14.475,-3.3309,28.18571369047619,58.20838859709047,49.40288015873016,113.31110535038798,86.39410228756665,-63.90822519165782
2007-01-12,50.91,54.3176,6.6934,14.6461,16.0964,2.9693,3.4951,42153480000.0,11.0525,25.9964,1.0,4.0,14.475,-3.3309,28.17064880952381,58.21297545076296,49.19071190476191,113.36627402176336,86.38362426028678,-64.17556211700145
2007-01-16,50.95,54.3261,6.6263,14.5605,16.0926,2.9773,3.4933,42186600000.0,11.0525,25.9964,1.0,4.0,14.475,-3.3309,28.155612301587304,58.21756862571289,48.98014365079365,113.42091877912928,86.3731809273002,-64.44077512833563
2007-01-17,51.33,54.3261,5.8369,14.6691,16.0924,2.9995,3.4927,42501240000.0,11.0525,25.9964,1.0,4.0,14.475,-3.3309,28.139774007936506,58.222562215835175,48.75038333333333,113.479208182029,86.36233622377168,-64.72882484869568
2007-01-18,51.95,54.3261,4.5738,14.7829,16.0897,3.0332,3.4916,43014600000.0,11.0542,14.9776,1.0,5.0,14.38,-3.15,28.125059325396823,58.2275888259728,48.50649365079365,113.5413441544242,86.35264815136964,-65.03485050363057
2007-01-19,52.39,54.3261,3.6956,14.9081,16.0895,3.0589,3.4908,43378920000.0,11.0542,14.9776,1.0,5.0,14.38,-3.15,28.11092281746032,58.23266306687215,48.292763492063486,113.6006034536096,86.34358588433247,-65.30783996154611
2007-01-22,52.18,54.3261,4.1129,14.8483,16.0617,3.0467,3.4893,43205040000.0,11.0542,14.9776,1.0,5.0,14.38,-3.15,28.099607936507937,58.23677888696968,48.06304523809524,113.66090737225257,86.33638682347762,-65.59786213415734
2007-01-23,51.99,54.3261,4.4934,14.7943,16.0608,3.0356,3.4893,43047720000.0,11.0542,14.9776,1.0,5.0,14.38,-3.15,28.08667400793651,58.24130513223465,47.83154365079365,113.72016255818455,86.32797914017115,-65.8886189073909
2007-01-24,52.26,54.3261,3.9535,14.8711,16.0599,3.0513,3.4893,43271280000.0,11.0542,14.9776,1.0,5.0,14.38,-3.15,28.06875297619048,58.247350291339934,47.602152380952376,113.77974621645151,86.31610326753041,-66.17759383549915
2007-01-25,51.68,54.3261,5.1202,14.706,16.0472,3.0175,3.489,42791040000.0,11.0542,14.9776,1.0,5.0,14.38,-3.15,28.04685873015873,58.25391093490302,47.406596031746034,113.83181970569488,86.30076966506175,-66.42522367394884
2007-01-26,51.96,54.3261,4.5537,14.7857,16.0402,3.0338,3.4877,43022880000.0,11.0542,14.9776,1.0,5.0,14.38,-3.15,28.023297023809523,58.26102048403823,47.187238888888885,113.88798856569552,86.28431750784775,-66.70074967680664
2007-01-29,51.99,54.3261,4.4934,14.7943,16.0364,3.0356,3.4868,43047720000.0,11.0542,14.9776,1.0,5.0,14.38,-3.15,28.004536904761903,58.26708355717484,46.95707619047619,113.94517362164343,86.27162046193673,-66.98809743116725
2007-01-30,52.15,52.8017,1.2497,14.8238,16.0354,3.0435,3.4863,43180200000.0,10.0972,14.5786,2.0,5.0,14.38,-3.15,27.981802182539685,58.275298672035696,46.70330476190476,114.01158892468492,86.25710085457538,-67.30828416278015
2007-01-31,51.56,52.8017,2.4083,14.6945,16.0345,3.009,3.4857,42691680000.0,10.0972,14.5856,2.0,6.0,14.4833,-3.15,27.96045952380952,58.28270523210632,46.44295396825397,114.07547569551284,86.24316475591584,-67.63252172725888
2007-02-01,52.15,53.3336,2.2696,14.8626,16.0273,3.0435,3.4831,43180200000.0,10.0972,14.5856,2.0,6.0,14.4833,-3.15,27.944476587301587,58.288655257436886,46.15727936507936,114.14117175724196,86.23313184473847,-67.98389239216259
2007-02-02,51.77,53.3336,3.0203,14.7543,16.0211,3.0213,3.4806,42865560000.0,10.0972,14.5856,2.0,6.0,14.4833,-3.15,27.92662619047619,58.29491986611635,45.88952777777778,114.20295221914895,86.22154605659254,-68.31342444137118
2007-02-05,50.78,53.3336,5.0288,14.4722,16.0009,2.9635,3.4806,42045840000.0,10.0972,14.5856,2.0,6.0,14.4833,-3.15,27.90833035714285,58.30066756950824,45.63176666666667,114.25866243500454,86.2089979266511,-68.62689576833787
2007-02-06,49.27,53.542,8.6706,14.0282,15.9972,2.8798,3.4806,40795560000.0,9.5087,14.3568,3.0,6.0,14.4833,-3.15,27.895197023809526,58.304261224037866,45.40829444444445,114.30354582619128,86.19945824784739,-68.89525138174682
2007-02-07,49.89,53.542,7.3201,14.2543,15.9936,2.9235,3.4803,41308920000.0,9.5093,14.3608,3.0,7.0,14.5571,-3.15,27.881326984126986,58.30833064299942,45.15865634920635,114.35248749951458,86.18965762712641,-69.19383115030823
2007-02-08,49.57,53.542,8.0129,14.2136,15.9779,2.9047,3.4803,41043960000.0,9.5093,14.3659,3.0,7.0,14.5571,-3.15,27.87018809523809,58.3115952823984,44.90956190476191,114.39930901476971,86.18178337763649,-69.48974711000781
2007-02-09,48.45,53.542,10.5098,13.8925,15.9771,2.8391,3.4803,40116600000.0,9.5093,14.3659,3.0,7.0,14.5571,-3.1137,27.860171825396822,58.31414788243888,44.67469365079365,114.43962704714671,86.17431970783569,-69.76493339635309
2007-02-12,48.66,53.542,10.0329,13.9627,15.9717,2.8525,3.4806,40290480000.0,9.5094,14.3672,3.0,7.0,14.5571,-3.1311,27.847556944444445,58.3173215452684,44.44513333333333,114.4801906867734,86.16487848971285,-70.03505735344007
2007-02-13,48.76,53.542,9.8072,13.9914,15.9712,2.8583,3.4806,40373280000.0,9.5094,14.3672,3.0,7.0,14.5571,-3.1295,27.831202380952384,58.321230335982605,44.20439285714286,114.52120193446744,86.15243271693498,-70.31680907732456
2007-02-14,48.93,53.542,9.4257,14.0438,15.9708,2.8699,3.4803,40514040000.0,9.5095,14.3679,3.0,7.0,14.5571,-3.1295,27.81759067460317,58.32473071477848,43.94662936507936,114.56296452447802,86.14232138938165,-70.61633515939866
2007-02-15,48.66,53.542,10.0329,13.9663,15.961,2.854,3.4803,40290480000.0,9.5095,14.3679,3.0,7.0,14.5571,-3.1295,27.80329781746032,58.328211376143656,43.714127777777776,114.60213275938813,86.13150919360397,-70.88800498161034
2007-02-16,48.36,53.542,10.7155,13.8802,15.9607,2.8364,3.4803,40042080000.0,9.5095,14.3679,3.0,7.0,14.5571,-3.1295,27.79373273809524,58.33062223078096,43.518257142857145,114.63754969371556,86.1243549688762,-71.1192925508584
2007-02-20,48.9,53.542,9.4928,14.0352,15.9569,2.8681,3.4803,40489200000.0,9.5095,14.3679,3.0,7.0,14.5571,-3.1295,27.78096884920635,58.33392807095164,43.353742063492064,114.67165292460685,86.11489692015799,-71.31791086111478
2007-02-21,48.66,53.4655,9.8757,14.0001,15.9536,2.8544,3.48,40290480000.0,9.4533,13.9289,3.0,7.0,14.5571,-3.1295,27.7677748015873,58.337230846404246,43.19485714285714,114.70431427655886,86.10500564799155,-71.50945713370172
2007-02-22,48.63,53.4655,9.9435,13.9922,15.949,2.8527,3.4799,40265640000.0,9.4533,13.9289,3.0,7.0,14.5571,-3.1295,27.75297003968254,58.34081259214721,43.03183650793651,114.73711535749857,86.09378263182975,-71.70527884956206
2007-02-23,47.61,53.4655,12.2989,13.6987,15.9467,2.7929,3.4778,39421080000.0,9.4533,13.9289,3.0,7.0,14.5571,-3.1295,27.735719642857145,58.34410061739979,42.88173888888888,114.7650696795062,86.07982026025694,-71.88333079061732
2007-02-26,47.35,53.0571,12.053,13.6239,15.9128,2.7776,3.4748,39205800000.0,9.4533,13.9288,3.0,7.0,14.5571,-3.1295,27.716864484126983,58.34763714080304,42.72278571428571,114.79401469166358,86.06450162493002,-72.07122897737787
2007-02-27,46.23,53.0571,14.7677,13.3017,15.9128,2.7119,3.4732,38278440000.0,9.4533,13.9288,3.0,7.0,14.5571,-3.1295,27.70428988095238,58.349747719139216,42.57811111111111,114.81785502017932,86.05403760009159,-72.23974390906821
2007-02-28,46.44,53.0571,14.2487,13.3621,15.911,2.7242,3.4717,38452320000.0,9.4533,13.9288,3.0,7.0,14.5571,-3.1295,27.69424047619048,58.35163182181945,42.43121111111111,114.84235744059538,86.04587229800993,-72.41114632948427
2007-03-01,46.09,53.0571,15.1163,13.2732,15.9056,2.7011,3.47,38162520000.0,9.4531,13.93,3.0,7.0,14.5571,-3.1295,27.68430178571429,58.35335010084668,42.31002619047619,114.86322440284331,86.03765188656097,-72.55319821236714
2007-03-02,45.7,53.0571,16.0987,13.1609,15.9002,2.6783,3.4683,37839600000.0,9.4531,13.93,3.0,7.0,14.5571,-3.1295,27.67639980158729,58.354651356294895,42.21881269841271,114.87956801001089,86.03105115788219,-72.66075531159817
2007-03-05,44.99,54.9069,22.0425,12.9568,15.8959,2.6368,3.4665,37251720000.0,9.4407,13.9167,3.0,7.0,14.5571,-3.1295,27.67985238095238,58.354265678518125,42.18311031746032,114.88517824146946,86.0341180594705,-72.70206792400914
2007-03-06,45.97,54.9069,19.4407,13.2391,15.894,2.6943,3.4658,38063160000.0,9.4407,13.9167,3.0,7.0,14.5571,-3.1295,27.67552063492064,58.3547971459756,42.16510952380952,114.88858956269758,86.03031778089623,-72.72348003888806
2007-03-07,45.46,54.9069,20.7807,13.0922,15.892,2.6644,3.465,37640880000.0,9.4407,13.9167,3.0,7.0,14.5571,-3.1295,27.674161706349206,58.35495002062228,42.1650253968254,114.8886053427224,86.0291117269715,-72.72357994589701
2007-03-08,46.25,54.9069,18.7176,13.3197,15.8917,2.7107,3.4638,38295000000.0,9.4407,13.9167,3.0,7.0,14.5571,-3.1295,27.671849603174607,58.355282419263865,42.14283095238095,114.89289668802712,86.02713202243848,-72.75006573564616
2007-03-09,46.26,54.9069,18.692,13.3226,15.8904,2.7113,3.4629,38303280000.0,9.4407,13.9167,3.0,7.0,14.5571,-3.1295,27.66953035714285,58.355616698449445,42.12616984126984,114.89616990282607,86.0251470555923,-72.77000006155625
2007-03-12,46.4,54.9114,18.3435,13.386,15.8866,2.7216,3.4622,38419200000.0,9.3216,13.0446,4.0,7.0,14.5571,-3.5619,27.66184781746032,58.35659101817803,42.108336507936514,114.89971357771616,86.01843883563835,-72.79137706977966
2007-03-13,45.29,54.9114,21.244,13.0677,15.8832,2.6565,3.462,37500120000.0,9.3216,13.0439,4.0,7.0,14.4771,-3.564,27.660914087301585,58.3566901306579,42.12675,114.89615423505644,86.01760421795949,-72.76940423505644
2007-03-14,45.14,54.6791,21.1323,13.0822,15.8799,2.6635,3.4618,37375920000.0,9.2059,12.668,5.0,7.0,14.4771,-3.558,27.660655357142858,58.35671884323245,42.15151746031746,114.89125054346655,86.01737420037531,-72.7397330831491
2007-03-15,45.61,54.6791,19.884,13.2184,15.8769,2.6944,3.4615,37810690000.0,9.2059,12.668,5.0,7.0,14.4771,-3.558,27.658809920634923,58.35695049086357,42.20289126984127,114.87974297061218,86.01576041149849,-72.67685170077092
2007-03-16,45.55,54.6791,20.0419,13.2106,15.8752,2.6914,3.4601,37760950000.0,9.206,12.6687,5.0,7.0,14.4771,-3.558,27.6592126984127,58.35689711132273,42.23683968253968,114.87249935901424,86.01610980973543,-72.63565967647456
2007-03-19,45.92,54.8663,19.4824,13.3179,15.8719,2.7136,3.4588,38067680000.0,9.179,12.7846,5.0,7.0,14.4771,-0.2851,27.663785515873016,58.3561644453149,39.01762619047619,109.62067857621182,86.01994996118792,-70.60305238573562
2007-03-20,45.93,54.8663,19.4563,13.3208,15.8688,2.7161,3.4582,38075970000.0,9.1792,12.7846,5.0,7.0,14.4771,-0.2842,27.66914583333333,58.355284468243006,35.82008492063492,104.08611851282303,86.02443030157633,-68.26603359218814
2007-03-21,47.6,54.8663,15.2653,13.8239,15.8678,2.8172,3.4579,39460400000.0,9.1796,12.7862,5.0,7.0,14.4771,-0.3104,27.665920634920635,58.35592626937924,32.48748333333334,97.72534129948215,86.02184690429988,-65.23785796614882
2007-03-22,47.84,54.8663,14.6871,13.9345,15.863,2.8334,3.4576,39659360000.0,9.1798,12.7884,5.0,7.0,14.4771,-0.3104,27.649346428571427,58.35842879915829,29.152002380952386,90.8058617171596,86.00777522772972,-61.65385933620722
2007-03-23,48.12,54.8663,14.0197,14.0165,15.8592,2.85,3.4575,39891480000.0,9.1798,12.7884,5.0,7.0,14.4771,-0.3118,27.6359632936508,58.360784114560886,25.67150317460317,82.46886294636629,85.99674740821168,-56.79735977176311
2007-03-26,48.06,54.9174,14.2684,13.999,15.8562,2.8464,3.4576,39841740000.0,9.1798,12.7884,5.0,7.0,14.4771,-0.3118,27.62156071428572,58.3631902845332,22.29311507936508,73.60479982788193,85.98475099881892,-51.31168474851685
2007-03-27,47.38,54.9194,15.9126,13.7881,15.8558,2.804,3.4575,39278020000.0,9.1795,12.7874,5.0,7.0,14.4771,-0.2992,27.606836309523807,58.36521031317205,18.927969047619044,63.3346117213979,85.97204662269586,-44.406642673778855
2007-03-28,46.43,54.9194,18.2843,13.5116,15.8556,2.7477,3.4575,38490470000.0,9.1795,12.7874,5.0,7.0,14.4771,-0.2992,27.598450198412696,58.36624760711509,15.709073015873017,51.85594359657748,85.96469780552779,-36.14687058070446
2007-03-29,46.89,54.9169,17.1186,13.6749,15.8541,2.7748,3.4575,38871810000.0,9.1795,12.7912,5.0,7.0,14.4529,-0.3251,27.587656944444443,58.36768443460819,12.504234126984128,36.946997778424496,85.95534137905263,-24.44276365144037
2007-03-30,46.86,54.9169,17.1936,13.6654,15.8506,2.7729,3.4575,38846940000.0,9.1795,12.7914,5.0,7.0,14.4529,-0.3244,27.57879285714285,58.368925486812905,9.302883333333334,4.777557490412714,85.94771834395576,4.52532584292062
2007-04-02,47.19,54.9169,17.8964,13.6703,15.8476,2.7906,3.4575,39120510000.0,9.1795,12.7914,5.0,7.0,14.4529,-0.3244,27.57090396825397,58.36996695133708,9.365563492063492,4.838182539385542,85.94087091959105,4.52738095267795
2007-04-03,47.42,54.9169,17.3245,13.7481,15.8465,2.8042,3.4556,39311180000.0,9.2482,13.1815,6.0,7.0,14.4529,5.8927,27.556975595238093,58.37157592763115,9.425561111111112,4.88977136651543,85.92855152286924,4.535789744595681
2007-04-04,47.0,54.9169,18.373,13.6263,15.8454,2.7793,3.4537,38963000000.0,9.2482,13.1815,6.0,7.0,14.4529,5.8927,27.54237638888889,58.37295365852014,9.495912698412695,4.954318629333006,85.91533004740903,4.541594069079691
2007-04-05,46.75,55.2338,18.1472,13.5539,15.8444,2.7646,3.4537,38755750000.0,9.2482,13.1815,6.0,7.0,14.4529,5.8927,27.53162519841269,58.374186513155145,9.580576984126983,5.010416999590417,85.90581171156785,4.570159984536568
2007-04-09,46.49,55.2338,18.8079,13.4785,15.8327,2.7492,3.4575,38540210000.0,9.2482,13.1815,6.0,7.0,14.4529,5.8927,27.52329365079365,58.37513323517143,9.682911111111112,5.066291380364354,85.89842688596508,4.616619730746758
2007-04-10,46.04,55.2338,19.9692,13.348,15.8323,2.7226,3.4575,38167160000.0,9.2482,13.1815,6.0,7.0,14.4529,5.8927,27.51799484126984,58.375698604124096,9.786276984126983,5.142279203468499,85.89369344539394,4.643997780658484
2007-04-11,45.11,55.2338,22.4425,13.0784,15.8305,2.6676,3.4556,37396190000.0,9.2482,13.1824,6.0,7.0,14.4529,5.8927,27.515978968253968,58.37585661073601,9.911026984126984,5.25678303423535,85.89183557898997,4.654243949891634
2007-04-12,45.34,55.2338,21.8213,13.1451,15.8305,2.6812,3.4556,37586860000.0,9.2482,13.1824,6.0,7.0,14.4529,5.8927,27.51064484126984,58.37625468298439,10.029619047619049,5.355452179776499,85.88689952425423,4.674166867842548
2007-04-13,45.25,55.2338,22.0636,13.1205,15.8298,2.6759,3.4556,37512250000.0,9.2482,13.1825,6.0,7.0,14.4529,5.8927,27.50676607142857,58.37655212266103,10.143942857142855,5.457220984514659,85.8833181940896,4.686721872628199
2007-04-16,46.78,55.4101,18.4483,13.7112,15.8273,2.7663,3.4575,38780620000.0,9.39,13.2872,7.0,7.0,14.4529,4.314,27.49291607142857,58.37787417453782,10.212859523809522,5.506997562812892,85.87079024596639,4.7058619609966295
2007-04-17,46.7,55.4101,18.6512,13.6878,15.8205,2.7616,3.4575,38714300000.0,9.39,13.2874,7.0,7.0,14.4529,4.314,27.477214484126986,58.3791885260013,10.290915079365078,5.556520512249492,85.85640301012828,4.7343945671155865
2007-04-18,46.41,55.4101,19.3926,13.6028,15.8137,2.7444,3.4556,38473890000.0,9.39,13.2874,7.0,7.0,14.4529,4.314,27.457667261904763,58.38024497886375,10.384040476190474,5.610122957086335,85.83791224076852,4.773917519104139
2007-04-19,46.55,55.4101,19.0335,13.6438,15.8115,2.7527,3.4556,38589950000.0,9.39,13.2874,7.0,7.0,14.4529,4.314,27.43929126984127,58.381438473396194,10.47109603174603,5.6587369041847735,85.82072974323746,4.812359127561257
2007-04-20,47.2,55.4101,17.3943,13.8105,15.8021,2.7799,3.4556,39128800000.0,9.688,13.1155,8.0,7.0,14.4529,7.1892,27.4173507936508,58.38313485800051,10.540992857142855,5.689590075359305,85.8004856516513,4.851402781783552
2007-04-23,47.42,55.4101,15.7807,13.8732,15.7856,2.7929,3.4575,39311180000.0,9.688,13.1155,8.0,7.0,14.4529,7.1892,27.38667619047619,58.38518338972821,10.608824603174604,5.700784034929614,85.7718595802044,4.9080405682449895
2007-04-24,47.72,54.8942,15.0339,13.9626,15.7744,2.8109,3.4575,39559880000.0,9.6441,12.8267,9.0,7.0,14.4529,10.3107,27.365304761904763,58.38773476394327,10.66684761904762,5.708377306922941,85.75303952584804,4.958470312124678
2007-04-25,48.55,54.8942,13.0674,14.2815,15.773,2.8582,3.4556,40247950000.0,9.6438,12.8381,9.0,7.0,14.4529,10.3227,27.3361257936508,58.391204885407454,10.710508730158727,5.705509097593457,85.72733067905824,5.004999632565272
2007-04-26,48.47,54.8942,13.254,14.258,15.7715,2.8535,3.4537,40181630000.0,9.6438,12.8381,9.0,7.0,14.4529,10.3227,27.30711071428572,58.39456848527298,10.761294444444443,5.699392023944959,85.7016791995587,5.061902420499485
2007-04-27,48.68,54.8942,12.7654,14.3198,15.7688,2.8655,3.4537,40355720000.0,9.6437,12.332,10.0,7.0,14.4529,9.644,27.270126984126986,58.3978704237006,10.803445238095238,5.69437666872992,85.66799740782758,5.109068569365317
2007-04-30,48.89,54.8942,12.281,14.3815,15.752,2.8779,3.4575,40529810000.0,9.6437,12.332,10.0,7.0,14.4529,9.644,27.229036309523806,58.40112316143848,10.847034126984129,5.684411736292908,85.63015947096228,5.162622390691219
2007-05-01,48.5,54.8915,13.1784,14.2668,15.7504,2.8547,3.4575,40206500000.0,9.6437,12.332,10.0,7.0,14.4529,9.644,27.194133333333337,58.40425953198417,10.915395238095238,5.659998818146136,85.5983928653175,5.255396419949102
2007-05-02,48.9,54.8915,12.2526,14.3845,15.7478,2.8783,3.4575,40538100000.0,9.6437,12.332,10.0,7.0,14.4529,9.644,27.16259543650793,58.40803508895334,10.965357142857142,5.6436443596586665,85.57063052546127,5.321712783198476
2007-05-03,48.15,55.3993,15.0557,14.1638,15.7442,2.8341,3.4575,39916350000.0,9.6436,12.3303,10.0,7.0,14.4529,9.644,27.136306746031742,58.41050145622573,11.045755555555552,5.629050922257445,85.54680820225747,5.416704633298108
2007-05-04,47.95,55.3993,15.5356,14.105,15.735,2.8223,3.4575,39750550000.0,9.6436,12.3303,10.0,7.0,14.4529,9.644,27.11133472222222,58.41276978025676,11.121945238095238,5.624298290590182,85.52410450247898,5.497646947505056
2007-05-07,47.72,55.3993,16.0924,14.0374,15.7253,2.8088,3.4554,39559880000.0,9.6436,12.3303,10.0,7.0,14.4529,9.644,27.093359325396825,58.41476785012237,11.204957936507938,5.619820518960992,85.50812717551919,5.585137417546946
2007-05-08,47.3,55.3993,17.1233,13.9138,15.7245,2.7841,3.4533,39211700000.0,9.6436,12.3303,10.0,7.0,14.4529,9.644,27.07767718253968,58.41638457738291,11.282757142857143,5.633452743807039,85.49406175992259,5.649304399050104
2007-05-09,48.19,55.3993,14.9602,14.1756,15.7178,2.8365,3.4532,39949510000.0,9.6436,12.3303,10.0,7.0,14.4529,9.644,27.057405555555555,58.418818107300375,11.328644444444445,5.639718917017706,85.47622366285593,5.688925527426738
2007-05-10,48.13,55.3993,15.1035,14.158,15.7116,2.8329,3.4532,39899770000.0,9.6436,12.3303,10.0,7.0,14.4529,9.644,27.03642162698413,58.42121344082437,11.389528571428572,5.638725453317941,85.4576350678085,5.750803118110631
2007-05-11,48.79,55.3993,13.5464,14.3521,15.7082,2.8718,3.452,40446910000.0,9.6436,12.3303,10.0,7.0,14.4529,9.644,27.00807341269841,58.4242920448792,11.441934126984126,5.627745693588554,85.43236545757762,5.8141884333955725
2007-05-14,48.2,55.3993,14.9363,14.1786,15.6944,2.8371,3.444,39957800000.0,9.6436,12.3303,10.0,7.0,14.4529,9.644,26.9845876984127,58.42676574676612,11.512383333333332,5.615376744757067,85.41135344517882,5.897006588576265
2007-05-15,47.9,55.3993,15.6562,14.0903,15.6863,2.8194,3.4429,39709100000.0,9.6436,12.3303,10.0,7.0,14.4529,9.644,26.962632142857142,58.42894376303423,11.575964285714283,5.6165912802617886,85.39157590589137,5.959373005452495
2007-05-16,47.89,55.3997,15.6811,14.0874,15.6813,2.8188,3.4429,39700810000.0,9.644,12.3303,10.0,7.0,14.4529,9.6445,26.94194087301588,58.43109293060848,11.641688888888888,5.615784687556497,85.37303380362435,6.025904201332391
2007-05-17,47.46,55.3997,16.7292,14.0083,15.6731,2.7943,3.4429,39344340000.0,9.7249,12.1503,9.0,7.0,14.4529,9.6445,26.930140674603173,58.43255656407709,11.723603174603172,5.614107603755765,85.36269723868025,6.109495570847408
2007-05-18,49.18,55.3997,12.6468,14.4916,15.6666,2.8955,3.4428,40770220000.0,9.7249,12.1505,9.0,7.0,14.4529,9.6445,26.914640674603174,58.43531263718131,11.780504761904762,5.586556937117495,85.34995331178449,6.193947824787268
2007-05-21,49.42,55.3997,12.0998,14.5623,15.6593,2.9096,3.442,40969180000.0,9.7249,12.1505,9.0,7.0,14.4529,9.6445,26.90234345238096,58.43778171176423,11.84199365079365,5.546637286107486,85.34012516414518,6.295356364686165
2007-05-22,49.88,55.3997,11.066,14.6978,15.659,2.9367,3.4416,41350520000.0,9.7249,12.1505,9.0,7.0,14.4529,9.6445,26.888349007936508,58.44073370656829,11.898763492063493,5.50125461989308,85.32908271450479,6.3975088721704125
2007-05-23,49.73,55.837,12.2803,14.6016,15.6562,2.9273,3.4413,41226170000.0,9.7267,12.4004,10.0,7.0,14.4529,9.5573,26.87421746031746,58.44340849349861,11.96450873015873,5.455367187260782,85.31762595381608,6.509141542897948
2007-05-24,49.57,55.837,12.6427,14.5546,15.6526,2.9179,3.441,41093530000.0,9.7267,12.4004,10.0,7.0,14.4529,9.5573,26.864363492063493,58.44539241417696,12.02884126984127,5.414718095535687,85.30975590624045,6.614123174305583
2007-05-25,49.95,55.837,11.7858,14.6662,15.6476,2.9403,3.4407,41408550000.0,9.7267,12.4004,10.0,7.0,14.4529,9.5573,26.85015059523809,58.44819202207289,12.09395,5.36139832898456,85.298342617311,6.73255167101544
2007-05-29,50.38,55.837,10.8317,14.7924,15.6202,2.9656,3.4386,41765020000.0,9.7267,12.4004,10.0,7.0,14.4529,9.5573,26.832101587301587,58.45173817146012,12.1549,5.302256676397176,85.2838397587617,6.852643323602823
2007-05-30,50.42,55.837,10.7438,14.8303,15.619,2.9663,3.4376,41798180000.0,9.7264,12.401,10.0,7.0,14.4529,9.5573,26.81795297619048,58.45477363821386,12.210089682539682,5.2504284986857135,85.27272661440433,6.959661183853968
2007-05-31,50.44,55.837,10.6998,14.8362,15.6179,2.9675,3.4367,41814760000.0,9.7264,12.401,10.0,7.0,14.4529,9.5573,26.802389285714288,58.4580251622079,12.250999206349206,5.2180642201412,85.26041444792219,7.032934986208007
2007-06-01,50.54,55.837,10.4808,14.8656,15.6087,2.9733,3.4362,41897660000.0,9.7692,12.401,10.0,7.0,14.4529,9.5573,26.78665773809524,58.461354994941,12.27663253968254,5.201211472967727,85.24801273303623,7.075421066714813
2007-06-04,50.73,56.3704,11.1185,14.9215,15.593,2.9845,3.4218,42055170000.0,9.7692,12.2539,10.0,7.0,14.4529,9.5573,26.77312043650793,58.46419717065228,12.30365396825397,5.186139164081748,85.23731760716021,7.117514804172222
2007-06-05,51.26,56.3704,9.9696,15.0774,15.5925,3.0157,3.4214,42494540000.0,9.7692,12.2539,10.0,7.0,14.4529,9.5573,26.757787301587303,58.46759540530572,12.327544444444444,5.1682258240064645,85.22538270689303,7.159318620437979
2007-06-06,50.18,56.7022,12.9976,14.7601,15.5906,2.9522,3.4208,41599220000.0,9.7677,12.252,9.0,7.0,14.4529,9.553,26.744354166666664,58.46998225050709,12.341215873015871,5.16769762677969,85.21433641717375,7.173518246236183
2007-06-07,48.93,56.7022,15.8843,14.3924,15.5717,2.8787,3.4196,40562970000.0,9.7677,12.252,9.0,7.0,14.4529,9.553,26.736421230158733,58.471186302213816,12.386341269841273,5.173658655199585,85.20760753237255,7.212682614641686
2007-06-08,49.0,56.6995,15.7133,14.413,15.5522,2.8828,3.419,40621000000.0,9.7677,12.252,9.0,7.0,14.4529,9.553,26.72732678571429,58.472546322853326,12.432676984126983,5.177129925109513,85.19987310856762,7.25554705901747
2007-06-11,48.92,56.6995,15.9025,14.3895,15.5478,2.8781,3.4143,40554680000.0,9.7677,12.252,9.0,7.0,14.4529,9.553,26.71591904761905,58.47409929598382,12.48650634920635,5.177671312839176,85.19001834360287,7.308835036367173
2007-06-12,49.7,56.6995,14.0835,14.6189,15.5471,2.924,3.4133,41201300000.0,9.7677,12.252,9.0,7.0,14.4529,9.553,26.70510416666667,58.47593423662462,12.516162698412698,5.176018745371374,85.18103840329128,7.3401439530413235
2007-06-13,49.88,56.6995,13.6718,14.6719,15.5436,2.9346,3.4132,41350520000.0,9.7677,12.252,9.0,7.0,14.4529,9.553,26.69054265873016,58.47826875648672,12.54088492063492,5.174024075878386,85.16881141521688,7.366860844756533
2007-06-14,49.78,56.5866,13.6734,14.6679,15.5398,2.9331,3.4124,41267620000.0,9.8025,12.2539,9.0,7.0,14.4529,9.5,26.6755126984127,58.48064365926648,12.57041746031746,5.169748595203744,85.15615635767918,7.400668865113715
2007-06-15,49.71,57.2457,15.1593,14.6806,15.5374,2.9291,3.4108,41209590000.0,9.8025,12.2559,9.0,6.0,14.4317,9.5,26.66600257936508,58.4821288530354,12.609903968253969,5.170375951118305,85.14813143240048,7.439528017135664
2007-06-18,49.66,57.2457,15.2753,14.6658,15.5318,2.9262,3.4036,41168140000.0,9.8025,12.2559,9.0,6.0,14.4317,9.5,26.659330555555552,58.48323836981376,12.655623015873015,5.168256273632763,85.14256892536932,7.487366742240254
2007-06-19,49.71,58.5061,17.6948,14.8344,15.5309,2.9257,3.401,41209590000.0,9.7392,11.3949,11.0,7.0,14.1557,9.1202,26.666254761904764,58.48196746620506,12.719055555555556,5.180751541628615,85.14822222810983,7.538304013926941
2007-06-20,49.39,58.514,18.4734,14.7455,15.5262,2.903,3.3992,40944310000.0,9.7496,11.2921,11.0,7.0,14.1557,9.0515,26.67966031746032,58.47930821283798,12.78702380952381,5.199738110734708,85.1589685302983,7.587285698789102
2007-06-21,48.33,59.0569,22.1951,14.5139,15.5183,2.8405,3.3931,40065570000.0,9.6959,11.1644,11.0,7.0,14.1557,9.0515,26.700872222222223,58.47573158819184,12.889399206349209,5.257118781606303,85.17660381041406,7.632280424742905
2007-06-22,49.32,58.8902,19.4043,14.8577,15.5112,2.8998,3.3884,40886280000.0,9.4597,10.694,11.0,7.0,14.1557,9.0515,26.715826984126984,58.47289413644916,12.95766984126984,5.285574705921915,85.18872112057615,7.672095135347925
2007-06-25,48.49,58.8902,21.4481,14.6107,15.5066,2.8534,3.3868,40198210000.0,9.46,10.6969,11.0,7.0,14.1557,9.0515,26.734071825396825,58.469806850878896,13.041428571428572,5.335997957148738,85.20387867627572,7.705430614279834
2007-06-26,48.75,58.8902,20.8004,14.689,15.5058,2.8687,3.3855,40413750000.0,9.46,10.6969,11.0,7.0,14.1557,9.0515,26.74704265873016,58.46775988899525,13.136773015873016,5.366611846629528,85.21480254772541,7.770161169243487
2007-06-27,48.5,58.8902,21.4231,14.6137,15.5054,2.854,3.385,40206500000.0,9.46,10.6969,11.0,7.0,14.1557,9.0515,26.765197619047616,58.46467711332817,13.235356349206349,5.404001735891442,85.22987473237579,7.831354613314905
2007-06-28,48.54,60.0621,23.7373,14.6425,15.4938,2.8536,3.3836,40239660000.0,9.4597,10.7,11.0,7.0,14.1557,9.0383,26.78594603174604,58.461737393128885,13.351065079365078,5.4716603538934265,85.24768342487492,7.879404725471652
2007-06-29,48.77,60.0621,23.1538,14.7119,15.4765,2.8655,3.3824,40430330000.0,9.4969,10.7,11.0,7.0,14.1557,9.0383,26.80753492063492,58.45837631039714,13.481580158730155,5.507966830764462,85.26591123103206,7.973613327965695
2007-07-02,47.98,60.0621,25.1815,14.4736,15.4601,2.8191,3.3798,39775420000.0,9.4969,10.7,11.0,7.0,14.1557,9.0383,26.832782539682537,58.45491375642381,13.623753968253968,5.577052994959117,85.28769629610635,8.04670097329485
2007-07-03,47.67,60.0621,25.9956,14.3801,15.4513,2.8009,3.3787,39518430000.0,9.4969,10.7,11.0,7.0,14.1557,9.0383,26.857682142857144,58.451872945479096,13.764747619047618,5.663503890966493,85.30955508833624,8.101243728081126
2007-07-05,48.06,60.0621,24.6569,14.5491,15.4419,2.8243,3.3765,39841740000.0,9.4969,10.7,11.0,7.0,14.1557,9.0383,26.880624801587302,58.44872901443879,13.926398412698411,5.681523973301157,85.3293538160261,8.244874439397256
2007-07-06,48.15,60.0621,24.4239,14.5763,15.4394,2.8296,3.374,39916350000.0,9.4969,10.7,11.0,7.0,14.1557,9.0383,26.906394444444445,58.444769051666135,14.076451587301587,5.707265715681701,85.35116349611059,8.369185871619887
2007-07-09,47.44,60.0621,26.286,14.3614,15.4311,2.7879,3.372,39327760000.0,9.4969,10.7,11.0,7.0,14.1557,9.0383,26.931203174603173,58.44184078275127,14.224661904761904,5.780048417455984,85.37304395735444,8.444613487305919
2007-07-10,46.82,60.0621,27.9584,14.1737,15.4298,2.7514,3.3719,38813780000.0,9.4969,10.7,11.0,7.0,14.1557,9.0383,26.96164305555556,58.43836545901249,14.385803174603176,5.87761722607964,85.40000851456804,8.508185948523536
2007-07-11,46.59,60.0621,28.59,14.1041,15.4264,2.7379,3.3716,38623110000.0,9.4332,10.7,11.0,7.0,14.1557,9.0383,26.99366269841269,58.434820606076734,14.5595873015873,5.971315285341725,85.42848330448943,8.588272016245575
2007-07-12,46.86,60.0621,27.8491,14.1897,15.4231,2.7538,3.368,38846940000.0,9.4332,10.7336,11.0,7.0,14.1557,9.0383,27.025947420634925,58.43078122512552,14.724457936507935,6.049296749015936,85.45672864576044,8.675161187492002
2007-07-13,47.73,59.9101,25.5188,14.4531,15.4188,2.8049,3.3638,39568170000.0,9.4332,10.7336,11.0,7.0,14.1557,9.0383,27.053947023809524,58.42666285057585,14.87203253968254,6.08419707128319,85.48060987438538,8.78783546839935
2007-07-16,47.71,59.9101,25.5714,14.4471,15.3926,2.8037,3.3568,39551590000.0,9.4332,10.7336,11.0,7.0,14.1557,9.0383,27.075968849206347,58.424002885516494,15.021857936507937,6.113552015165548,85.49997173472283,8.908305921342386
2007-07-17,47.64,59.9011,25.737,14.4093,15.3829,2.8011,3.3563,39493560000.0,9.4187,10.7212,11.0,6.0,14.2817,9.0383,27.097650595238093,58.42146920316452,15.17353015873016,6.140599380715322,85.51911979840261,9.032930778014835
2007-07-18,47.54,59.9011,26.0015,14.379,15.3791,2.7952,3.3558,39410660000.0,9.4187,10.7212,11.0,6.0,14.2817,9.0383,27.11998293650793,58.41888946382314,15.333566666666666,6.158061571825846,85.53887240033109,9.17550509484082
2007-07-19,47.41,59.9011,26.347,14.3397,15.3619,2.7876,3.3546,39302890000.0,9.4187,10.7212,11.0,6.0,14.2817,9.0383,27.14135615079365,58.41662767046368,15.50636984126984,6.15920510928816,85.55798382125732,9.347164731981682
2007-07-20,46.86,59.7093,27.4206,14.228,15.3454,2.7586,3.353,38846940000.0,9.3472,10.3627,10.0,6.0,14.2817,9.0383,27.16604265873016,58.414106447912864,15.69466349206349,6.157897872782132,85.58014910664302,9.536765619281358
2007-07-23,46.9,59.7093,27.3119,14.2402,15.3304,2.7609,3.3498,38880100000.0,9.349,10.3627,10.0,6.0,14.2817,9.0383,27.1911125,58.41144697691404,15.87878253968254,6.15565745451214,85.60255947691404,9.7231250851704
2007-07-24,45.77,58.0034,26.728,13.9119,15.3245,2.6951,3.3495,37943330000.0,9.2616,10.3205,11.0,6.0,14.2817,9.0383,27.215386904761903,58.40870182165326,16.05524761904762,6.145352579394648,85.62408872641517,9.909895039652971
2007-07-25,45.67,58.0034,27.0055,13.8815,15.3199,2.6892,3.3494,37860430000.0,9.2616,10.3205,11.0,6.0,14.2817,9.0383,27.237975,58.406410379042285,16.2382,6.125297122014421,85.64438537904229,10.112902877985578
2007-07-26,45.05,58.0034,28.7534,13.693,15.2956,2.6527,3.3486,37346450000.0,9.2616,10.3205,11.0,6.0,14.2817,9.0383,27.26244305555556,58.40445310452312,16.425765079365082,6.143937270595211,85.66689616007866,10.28182780876987
2007-07-27,44.32,58.0034,30.8741,13.4711,15.2698,2.6097,3.3478,36741280000.0,9.2616,10.3205,11.0,6.0,14.2817,9.0383,27.29499722222222,58.40187932896969,16.634657142857144,6.184371255471868,85.6968765511919,10.450285887385276
2007-07-30,44.77,58.0034,29.5586,13.6079,15.2546,2.6362,3.3452,37114330000.0,9.2616,10.3205,11.0,6.0,14.2817,9.0383,27.32434484126984,58.399287868151,16.8335873015873,6.193827849037747,85.72363270942084,10.639759452549551
2007-07-31,44.31,58.0034,30.9036,13.4681,15.2482,2.6091,3.3384,36732990000.0,9.2616,10.3205,11.0,6.0,14.2817,9.0383,27.35682996031746,58.39671098195321,17.068935714285715,6.160238075626005,85.75354094227067,10.90869763865971
2007-08-01,44.8,58.0034,29.4719,13.617,15.245,2.638,3.3324,37139200000.0,9.2616,10.3205,11.0,6.0,14.2817,9.0383,27.38205099206349,58.3948703634003,17.28372619047619,6.116634972625606,85.7769213554638,11.167091217850585
2007-08-02,44.9,58.0034,29.1835,13.6474,15.2361,2.6439,3.3316,37222100000.0,9.2616,10.3205,11.0,6.0,14.2817,9.0383,27.40383531746032,58.393487649342006,17.49732857142857,6.057778260634439,85.79732296680233,11.439550310794132
2007-08-03,43.61,58.0034,33.0048,13.2561,15.2332,2.5679,3.326,36152690000.0,9.2616,10.1502,11.0,6.0,14.2817,9.0383,27.434059325396824,58.39243452920716,17.735300793650794,6.073448126150203,85.82649385460398,11.66185266750059
2007-08-06,44.44,58.0034,30.5207,13.5084,15.2216,2.6168,3.3258,36840760000.0,9.2616,10.1502,11.0,6.0,14.2817,9.0383,27.45795178571429,58.39122661975885,17.93761746031746,6.071375693755966,85.84917840547314,11.866241766561492
2007-08-07,45.58,58.0034,27.2563,13.8549,15.2178,2.6839,3.3254,37785820000.0,9.2616,10.1502,11.0,6.0,14.2817,9.0383,27.474956944444447,58.3899148001609,18.085123015873016,6.070202032554112,85.86487174460535,12.014920983318904
2007-08-08,46.81,58.0034,23.9124,14.2288,15.2139,2.7563,3.3244,38805490000.0,9.2616,10.1502,11.0,6.0,14.2817,9.0383,27.488517857142856,58.38828891080102,18.216807936507934,6.014519478935498,85.87680676794388,12.202288457572436
2007-08-09,47.4,58.0034,22.37,14.4082,15.1953,2.7911,3.3232,39294600000.0,9.2616,10.1502,11.0,6.0,14.2817,9.0383,27.500976587301587,58.38652195490413,18.33075317460317,5.9553665977996575,85.88749854220572,12.375386576803518
2007-08-10,47.67,58.0034,21.6769,14.4902,15.1743,2.807,3.32,39518430000.0,9.2616,10.1502,11.0,6.0,14.2817,9.0383,27.513245436507937,58.38464341215582,18.41938095238095,5.921039495922343,85.89788884866375,12.498341456458608
2007-08-13,46.53,58.0034,24.6581,14.1437,15.1721,2.7398,3.311,38573370000.0,9.2616,10.1502,11.0,6.0,14.2817,9.0383,27.52842063492064,58.382901892015376,18.535453968253968,5.898630044715649,85.911322526936,12.63682392353832
2007-08-14,44.43,58.0034,30.5501,13.5054,15.1684,2.6162,3.3078,36832470000.0,9.2616,10.1502,11.0,6.0,14.2817,9.0383,27.55238134920635,58.38165653277902,18.70008015873016,5.942379340217281,85.93403788198538,12.757700818512877
2007-08-15,43.11,58.0034,34.5474,13.1041,15.1648,2.5385,3.3052,35738190000.0,9.2616,10.1502,11.0,6.0,14.2817,9.0383,27.581058928571423,58.38153542055117,18.89945873015873,6.0491974463032,85.9625943491226,12.850261283855534
2007-08-16,43.49,58.0034,33.3718,13.2196,15.1622,2.5608,3.2986,36053210000.0,9.2616,10.1502,11.0,6.0,14.2817,9.0383,27.6063128968254,58.38128148081198,19.084688095238096,6.132280793657048,85.98759437763738,12.952407301581047
2007-08-17,45.1,58.0034,28.6106,13.709,15.1582,2.6556,3.2904,37387900000.0,9.2616,10.1502,11.0,6.0,14.2817,9.0383,27.61765396825397,58.38091956993309,19.226712698412697,6.144113677528714,85.99857353818706,13.082599020883984
2007-08-20,44.53,58.0034,30.2569,13.5358,15.1525,2.6221,3.2713,36915370000.0,9.2616,10.1502,11.0,6.0,14.2817,9.0383,27.6346121031746,58.38044146276309,19.39150714285714,6.159390085041418,86.01505356593769,13.232117057815724
2007-08-21,44.55,58.0034,30.1984,13.5419,15.1304,2.6233,3.2703,36931950000.0,9.2616,10.1502,11.0,6.0,14.2817,9.0383,27.656859523809526,58.379275449390185,19.55279841269841,6.1742829549799065,86.03613497319971,13.378515457718509
2007-08-22,45.12,58.0034,28.5536,13.7151,15.1162,2.6568,3.2698,37404480000.0,9.2616,10.1502,11.0,6.0,14.2817,9.0383,27.673938888888888,58.37827413229583,19.700497619047617,6.16515911700519,86.05221302118471,13.535338502042428
2007-08-23,45.14,58.0034,28.4967,13.7212,15.0898,2.658,3.2639,37421060000.0,9.2616,10.1502,11.0,6.0,14.2817,9.0383,27.691836309523808,58.3771386572385,19.82905158730159,6.178450035272227,86.06897496676231,13.65060155202936
2007-08-24,45.85,58.0034,26.5069,13.937,15.0762,2.6997,3.2618,38009650000.0,8.9478,10.4177,11.0,6.0,14.2817,8.3076,27.706709325396822,58.37587745944185,19.943765079365075,6.167089575212015,86.08258678483868,13.776675504153062
2007-08-27,45.7,58.0034,26.9221,13.8914,15.0479,2.6909,3.2591,37885300000.0,8.9478,10.4177,11.0,6.0,14.2817,8.3076,27.718590476190474,58.37510564929768,20.04022857142857,6.180522490066276,86.09369612548815,13.859706081362294
2007-08-28,44.47,58.0034,30.4327,13.5175,15.0474,2.6185,3.2548,36865630000.0,8.9478,10.4177,11.0,6.0,14.2817,8.3076,27.73724623015873,58.37446633784275,20.16867301587301,6.227192109185642,86.11171256800148,13.941480906687373
2007-08-29,45.08,58.0034,28.6677,13.703,15.0276,2.6544,3.2504,37371320000.0,8.9478,10.4177,9.0,6.0,14.2817,8.3076,27.74974464285714,58.37398891470996,20.27622380952381,6.256190354104201,86.12373355756709,14.020033455419608
2007-08-30,45.0,58.0034,28.8964,13.6786,15.0115,2.6497,3.2239,37305000000.0,8.9478,10.4177,9.0,6.0,14.2817,8.3076,27.76444146825397,58.373342015266665,20.377792857142857,6.291610668516166,86.13778348352064,14.08618218862669
2007-08-31,45.59,58.0034,27.2283,13.858,15.0067,2.6844,3.2207,37794110000.0,8.9478,10.4177,9.0,6.0,14.2817,8.3076,27.770869047619048,58.373103799697766,20.41895,6.319487552676868,86.14397284731682,14.09946244732313
2007-09-04,46.28,58.0034,25.3315,14.0677,14.9215,2.7251,3.2182,38366120000.0,8.9478,10.4177,9.0,6.0,14.2817,8.3076,27.774779563492064,58.37287377727373,20.46570238095238,6.333966297080538,86.1476533407658,14.13173608387184
2007-09-05,46.05,58.0034,25.9574,13.9974,14.9198,2.7115,3.2176,38175450000.0,8.9478,10.4167,9.0,6.0,14.2817,8.3076,27.77579543650793,58.372837613292965,20.506787301587305,6.352787083792068,86.1486330498009,14.154000217795234
2007-09-06,46.16,58.0034,25.6573,14.0308,14.913,2.718,3.2142,38266640000.0,8.9478,10.4167,9.0,6.0,14.2817,8.3076,27.774771230158727,58.372870311564085,20.56186428571429,6.367217501300875,86.1476415417228,14.194646784413411
2007-09-07,44.72,58.5298,30.8806,13.5811,14.9034,2.6291,3.2087,37072880000.0,9.0252,10.4932,9.0,6.0,14.2817,8.3076,27.78974146825397,58.37269707423329,20.658599206349205,6.430852627544595,86.16243854248725,14.22774657880461
2007-09-10,44.2,57.6607,30.4541,13.4404,14.8872,2.5974,3.2013,36641800000.0,9.1013,10.1935,10.0,6.0,14.2817,8.3076,27.80641726190476,58.37225445639721,20.75471507936508,6.486238552641172,86.17867171830197,14.268476526723903
2007-09-11,44.98,57.6645,28.2003,13.6291,14.8824,2.6431,3.1994,37288420000.0,9.1043,10.1949,10.0,6.0,14.2817,8.3076,27.81641607142857,58.37188873377482,20.80992380952381,6.519953746344097,86.18830480520339,14.289970063179712
2007-09-12,44.59,57.6661,29.3252,13.5097,14.8774,2.6202,3.1975,36965110000.0,9.1055,10.1718,10.0,6.0,14.2817,8.278,27.83002361111112,58.37143859252512,20.874946825396822,6.563899988228621,86.20146220363623,14.311046837168206
2007-09-13,44.95,57.6579,28.2712,13.6196,14.8718,2.6415,3.1925,37263550000.0,9.0992,10.1658,10.0,6.0,14.2817,8.278,27.84773373015873,58.37021324018836,20.941511904761903,6.596218415250892,86.2179469703471,14.345293489511011
2007-09-14,44.54,57.6165,29.359,13.5405,14.8702,2.6163,3.1898,36923660000.0,9.1775,9.6526,12.0,6.0,14.2817,8.278,27.86195634920635,58.36970542627278,21.01545714285714,6.638143126982607,86.23166177547913,14.377314015874534
2007-09-17,44.38,57.5865,29.7578,13.4947,14.8641,2.6076,3.1833,36791020000.0,9.1566,9.6347,12.0,6.0,14.2817,8.278,27.874433730158728,58.36943668296049,21.097007936507936,6.682130408300511,86.24387041311923,14.414877528207423
2007-09-18,46.7,56.5695,21.1338,14.2291,14.8626,2.7455,3.1824,38714300000.0,9.0409,9.6179,13.0,6.0,14.2817,7.6408,27.86960257936508,58.36989453531152,21.11032142857143,6.680506236465541,86.2394971146766,14.429815192105892
2007-09-19,47.3,56.5695,19.5973,14.4119,14.8602,2.7807,3.1815,39211700000.0,9.0409,9.6179,13.0,6.0,14.2817,7.6408,27.85907242063492,58.37090922600527,21.14470238095238,6.661304056707825,86.22998164664018,14.483398324244556
2007-09-20,48.53,56.4132,16.244,14.8542,14.856,2.8321,3.1773,40231370000.0,9.1376,8.8684,14.0,7.0,13.9557,7.4185,27.85142817460317,58.37218006688386,21.15705873015873,6.650665220685899,86.22360824148703,14.506393509472831
2007-09-21,49.21,56.3876,14.5857,15.1057,14.856,2.8681,3.1717,40795090000.0,9.1705,8.8302,14.0,7.0,13.9557,7.2847,27.83556031746032,58.37470200277764,21.1615507936508,6.645995370515782,86.21026232023796,14.515555423135012
2007-09-24,49.19,56.3876,14.6322,15.0996,14.854,2.8638,3.1602,40778510000.0,9.2505,8.8368,14.0,7.0,13.9557,7.398,27.815049801587303,58.37752700958808,21.164438095238093,6.643055111399798,86.19257681117539,14.521382983838295
2007-09-25,48.64,56.3876,15.9285,14.9547,14.8542,2.8317,3.159,40322560000.0,9.2505,8.8365,14.0,7.0,13.9557,7.398,27.798173809523814,58.37973571812361,21.164564285714285,6.642954700426018,86.17790952764743,14.521609585288267
2007-09-26,48.87,56.3876,15.3829,15.0254,14.856,2.8451,3.1578,40513230000.0,9.2505,8.8365,14.0,7.0,13.9557,7.398,27.7832996031746,58.3819463715605,21.1415373015873,6.658030221051517,86.1652459747351,14.483507080535782
2007-09-27,49.09,55.4809,13.0187,15.1256,14.856,2.8571,3.1556,40695610000.0,9.2733,8.4894,14.0,7.0,13.9557,7.398,27.767697222222225,58.384844995799455,21.10899841269841,6.687800151415659,86.15254221802168,14.421198261282754
2007-09-28,48.43,55.4809,14.559,14.9222,14.856,2.8187,3.1542,40148470000.0,9.2733,8.4894,14.0,7.0,13.9557,7.398,27.750991666666668,58.38742250217901,21.08808888888889,6.704238005562855,86.13841416884567,14.383850883326035
2007-10-01,49.44,55.5734,12.4057,15.2437,14.854,2.8769,3.1512,40985760000.0,9.2734,8.4779,14.0,6.0,13.7817,7.398,27.72757857142857,58.39121268494212,21.044511904761904,6.742882846445947,86.11879125637068,14.301629058315957
2007-10-02,50.01,55.5734,11.1246,15.4195,14.8542,2.9101,3.1509,41458290000.0,9.2734,8.4779,14.0,6.0,13.7817,7.398,27.701473015873017,58.395697276694925,20.995306349206352,6.792684140582221,86.09717029256794,14.202622208624131
2007-10-03,49.96,55.5734,11.2358,15.4551,14.856,2.9138,3.1506,41416840000.0,9.2724,8.4764,14.0,6.0,13.7817,7.3907,27.68007777777778,58.39975863563221,20.938661904761904,6.84428925167654,86.07983641340999,14.094372653085363
2007-10-04,50.0,55.5734,11.1468,15.4383,14.856,2.913,3.1439,41450000000.0,9.2728,8.4771,14.0,6.0,13.7817,7.398,27.65610892857143,58.40406877504015,20.88310317460317,6.895352804165115,86.06017770361159,13.98775037043806
2007-10-05,50.8,55.5734,9.3965,15.6853,14.856,2.9597,3.1429,42113200000.0,9.2728,8.4771,14.0,6.0,13.7817,7.398,27.6290125,58.409376308056935,20.808409523809523,6.968597505488924,86.03838880805694,13.8398120183206
2007-10-08,50.75,55.5734,9.5042,15.6699,14.8542,2.9567,3.1315,42071750000.0,9.2728,8.4771,14.0,6.0,13.7817,7.398,27.596793650793654,58.41489728000722,20.72535396825397,7.0406707652795415,86.01169093080087,13.684683202974428
2007-10-09,51.33,55.5734,8.2669,15.849,14.856,2.9905,3.1306,42552570000.0,9.2728,8.4771,14.0,6.0,13.7817,7.398,27.5632128968254,58.421147078767085,20.612849206349207,7.125756249221359,85.98435997559248,13.487092957127848
2007-10-10,51.04,55.5734,8.8821,15.7594,14.8577,2.9736,3.1297,42312160000.0,9.2728,8.4771,14.0,6.0,13.7817,7.398,27.52620555555556,58.42707298111316,20.510157142857143,7.201039722644672,85.95327853666872,13.30911742021247
2007-10-11,50.25,55.5734,10.5938,15.5155,14.8577,2.9276,3.1287,41657250000.0,9.2728,8.4771,14.0,6.0,13.7817,7.398,27.489512301587304,58.43189759443624,20.419126984126983,7.25355002323579,85.92140989602355,13.165576960891194
2007-10-12,50.23,55.5734,10.6379,15.5093,14.8577,2.9264,3.1284,41640670000.0,9.2728,8.4771,14.0,6.0,13.7817,7.398,27.45306825396825,58.43667788063717,20.35713968253968,7.303726494956571,85.88974613460542,13.053413187583107
2007-10-15,49.32,55.5734,12.6792,15.2283,14.8542,2.8734,3.1242,40886280000.0,9.2728,8.4771,14.0,6.0,13.7817,7.398,27.41683412698413,58.44017238161355,20.30974285714285,7.334199377092667,85.85700650859768,12.975543480050192
2007-10-16,48.45,55.5734,14.7026,14.9597,14.856,2.8227,3.1242,40165050000.0,9.2728,8.4771,14.0,6.0,13.7817,7.398,27.383949603174603,58.44265929002289,20.272520634920635,7.350773777308665,85.82660889319749,12.921746857611971
2007-10-17,48.73,55.5734,14.0435,15.0462,14.8577,2.8391,3.1241,40397170000.0,9.2728,8.4771,14.0,6.0,13.7817,7.398,27.35454900793651,58.44564168021669,20.23291746031746,7.370917064648781,85.8001906881532,12.862000395668678
2007-10-18,48.24,55.5499,15.1532,14.8724,14.8577,2.8028,3.1238,39990960000.0,9.2545,8.4579,13.0,6.0,13.7817,7.3591,27.32501646825397,58.44804373002796,20.21513095238096,7.380519339877932,85.77306019828193,12.83461161250302
2007-10-19,47.25,55.5499,17.5659,14.5671,14.8542,2.7453,3.1224,39170250000.0,9.2545,8.4579,13.0,6.0,13.7817,7.3591,27.29728015873016,58.44935402190662,20.229299206349207,7.37364884945827,85.74663418063679,12.855650356890935
2007-10-22,48.52,55.5499,14.4887,14.9587,14.854,2.8191,3.1219,40223080000.0,9.2545,8.4579,13.0,6.0,13.7817,7.3591,27.27025496031746,58.45212660828778,20.22497222222222,7.376881247059635,85.72238156860524,12.848090975162584
2007-10-23,48.62,55.5499,14.2532,14.9895,14.8542,2.8249,3.1215,40305980000.0,9.2545,8.4579,13.0,6.0,13.7817,7.3591,27.240506944444444,58.45493411530816,20.234383333333334,7.368428424197245,85.69544105975261,12.86595490913609
2007-10-24,47.9,55.5499,15.9706,14.7675,14.854,2.7831,3.1186,39709100000.0,9.2545,8.4579,13.0,6.0,13.7817,7.3591,27.215808928571427,58.45706509457848,20.25594365079365,7.351795811304695,85.67287402314992,12.904147839488957
2007-10-25,47.43,55.5499,17.1198,14.6226,14.8514,2.7558,3.1154,39319470000.0,9.2545,8.4579,13.0,6.0,13.7817,7.3591,27.201537698412697,58.45865325574574,20.29050238095238,7.326494046496741,85.66019095415844,12.964008334455638
2007-10-26,47.67,55.5499,16.5301,14.6966,14.8486,2.7697,3.1127,39518430000.0,9.2545,8.4579,13.0,6.0,13.7817,7.3591,27.189112698412696,58.46025774574928,20.3242253968254,7.29905998434235,85.64937044416197,13.025165412483044
2007-10-29,47.93,55.5499,15.898,14.7768,14.8378,2.7848,3.1075,39733970000.0,9.2545,8.4579,13.0,6.0,13.7817,7.3591,27.172698611111112,58.46226826333827,20.345809523809525,7.281760519186722,85.63496687444938,13.064049004622802
2007-10-30,47.71,55.5499,16.4324,14.709,14.8353,2.772,3.1073,39551590000.0,9.2545,8.4579,13.0,6.0,13.7817,7.3591,27.15184265873016,58.46422498016335,20.378982539682536,7.254064024796763,85.61606763889351,13.124918514885772
2007-10-31,47.98,55.5499,15.7772,14.7922,14.8344,2.7877,3.1073,39775420000.0,9.2545,8.4579,13.0,6.0,13.7817,7.3591,27.13154801587302,58.46639889615885,20.384708730158728,7.250112023178751,85.59794691203187,13.134596706979975
2007-11-01,46.8,56.4099,20.534,14.4222,14.8303,2.7166,3.1068,38797200000.0,9.3247,8.3386,12.0,6.0,13.7817,7.3591,27.12553908730159,58.46692206288198,20.424378571428573,7.237030158982002,85.59246115018357,13.187348412446571
2007-11-02,46.1,56.4099,22.3642,14.2065,14.8274,2.6759,3.1067,38216900000.0,9.3247,8.3386,12.0,6.0,13.7817,7.3591,27.12741984126984,58.46675328963576,20.474154761904764,7.228560228854364,85.5941731309056,13.2455945330504
2007-11-05,45.66,56.4099,23.5434,14.0709,14.8236,2.6504,3.1045,37852140000.0,9.3247,8.3386,12.0,6.0,13.7817,7.3591,27.13795615079365,58.46562572969157,20.525107936507936,7.227378660063026,85.60358188048522,13.29772927644491
2007-11-06,45.55,56.4099,23.8417,14.037,14.823,2.644,3.104,37760950000.0,9.3247,8.3386,12.0,6.0,13.7817,7.3591,27.14930853174604,58.4644267090357,20.59559603174603,7.215971634948549,85.61373524078174,13.379624396797482
2007-11-07,44.63,55.5593,24.4887,13.7815,14.8225,2.5895,3.1034,36998270000.0,9.3297,8.2939,13.0,6.0,13.7817,7.3591,27.1629632936508,58.46299718876155,20.670081746031745,7.20726017618776,85.62596048241234,13.462821569843983
2007-11-08,44.79,55.5593,24.044,13.8309,14.8174,2.5987,3.1016,37130910000.0,9.3297,8.2939,13.0,6.0,13.7817,7.3591,27.17746865079365,58.4613112330791,20.753396031746032,7.18489347930935,85.63877988387276,13.568502552436682
2007-11-09,43.89,55.315,26.031,13.5622,14.8174,2.5463,3.1015,36384810000.0,9.3358,8.2453,13.0,6.0,13.7817,7.2926,27.195650793650795,58.45952324196469,20.841449206349203,7.181016286000001,85.65517403561549,13.6604329203492
2007-11-12,44.23,55.315,25.0622,13.6673,14.8041,2.566,3.0987,36666670000.0,9.3358,8.2453,13.0,6.0,13.7817,7.2926,27.21336388888889,58.45751762385793,20.9161,7.175569733499764,85.67088151274682,13.740530266500231
2007-11-13,45.31,54.8813,21.124,14.001,14.8008,2.6289,3.0968,37561990000.0,9.3357,8.2456,13.0,6.0,13.7817,7.2926,27.227261904761907,58.4552310146039,20.95929761904762,7.160169272931483,85.68249291936581,13.799128346116138
2007-11-14,44.9,54.8813,22.2301,13.8743,14.796,2.6052,3.095,37222100000.0,9.3357,8.2456,13.0,6.0,13.7817,7.2926,27.245281547619047,58.45228205540317,21.002955555555552,7.150935075644777,85.69756360302222,13.852020479910774
2007-11-15,44.7,54.8813,22.777,13.8125,14.7943,2.5935,3.095,37056300000.0,9.3357,8.2456,13.0,6.0,13.7817,7.2926,27.261227380952377,58.44996006677571,21.083353968253967,7.113081752957855,85.7111874477281,13.970272215296111
2007-11-16,44.91,54.8813,22.2029,13.8761,14.7934,2.6043,3.0905,37230390000.0,9.3712,8.1981,13.0,6.0,13.7817,7.2926,27.27696984126984,58.44752222023659,21.1635373015873,7.067803361279608,85.72449206150644,14.095733940307692
2007-11-19,43.9,55.1964,25.7321,13.564,14.7922,2.5457,3.0864,36393100000.0,9.3712,8.1981,13.0,6.0,13.7817,7.2926,27.2965132936508,58.44535125220208,21.27993492063492,7.020789101328187,85.74186454585288,14.259145819306736
2007-11-20,43.51,55.1964,26.8591,13.4435,14.7902,2.5231,3.0862,36069790000.0,9.3712,8.1981,13.0,6.0,13.7817,7.2926,27.32230476190476,58.44227820091254,21.39563968253968,6.99135567303585,85.7645829628173,14.404284009503831
2007-11-21,42.34,54.8518,29.5508,13.0671,14.7883,2.4519,3.0861,35099860000.0,9.46,8.2849,13.0,6.0,13.7817,7.2926,27.35335198412698,58.43929141573938,21.52983095238095,6.98427120645756,85.79264339986636,14.545559745923391
2007-11-23,42.73,54.8518,29.1748,13.2611,14.7829,2.4814,3.0834,35423170000.0,9.46,8.2849,13.0,6.0,13.7817,7.2926,27.38339841269841,58.43632124410068,21.667838888888888,6.961956695182282,85.8197196567991,14.705882193706604
2007-11-26,42.23,54.8518,30.7042,13.106,14.7768,2.4524,3.083,35008670000.0,9.46,8.2849,13.0,6.0,13.7817,7.2926,27.41965238095238,58.4326949342295,21.825557142857143,6.939570469882586,85.85234731518189,14.885986672974555
2007-11-27,43.72,54.8518,26.2498,13.5806,14.7748,2.5389,3.0826,36243880000.0,9.46,8.2906,13.0,6.0,13.7817,7.2926,27.45037599206349,58.42799134534615,21.94862063492064,6.878700545472861,85.87836733740964,15.069920089447772
2007-11-28,44.8,54.8518,23.2062,13.9161,14.7728,2.6016,3.0824,37139200000.0,9.46,8.2906,13.0,6.0,13.7817,7.2926,27.47315337301588,58.42408686823936,22.04787777777777,6.804921360273023,85.89724024125525,15.242956417504754
2007-11-29,44.61,54.8518,23.731,13.857,14.7675,2.5906,3.0797,36981690000.0,9.46,8.2906,13.0,6.0,13.7817,7.2926,27.49948115079365,58.41939533985381,22.15303809523809,6.726670235292866,85.91887649064746,15.42636785994523
2007-11-30,45.12,54.8518,22.3324,14.0155,14.7601,2.6202,3.0768,37404480000.0,9.46,8.2906,13.0,6.0,13.7817,7.2926,27.52323373015873,58.41484675148241,22.242037301587303,6.653290715616993,85.93808048164114,15.58874658597031
2007-12-03,44.95,54.8518,22.7951,13.9627,14.7543,2.6103,3.0751,37263550000.0,9.46,8.2906,13.0,6.0,13.7817,7.2926,27.5443507936508,58.41120263154165,22.34382698412698,6.561507342535239,85.95555342519245,15.78231964159174
2007-12-04,44.29,55.1964,24.625,13.7576,14.7518,2.572,3.0746,36716410000.0,9.459,8.2906,13.0,6.0,13.7817,7.2926,27.57527222222222,58.40551245351651,22.43610793650793,6.510576705461223,85.98078467573873,15.925531231046712
2007-12-05,44.09,55.1964,25.1903,13.6955,14.7494,2.5604,3.0746,36550610000.0,9.459,8.2906,13.0,6.0,13.7817,7.2926,27.609401587301587,58.399069905614674,22.50996507936508,6.488403934297602,86.00847149291626,16.021561145067476
2007-12-06,45.26,55.1964,21.954,14.059,14.7455,2.6283,3.0742,37520540000.0,9.459,8.2906,13.0,6.0,13.7817,7.2926,27.633649404761904,58.394169656684,22.559494444444447,6.459862874634932,86.02781906144591,16.099631569809514
2007-12-07,45.0,54.8085,21.7967,13.9782,14.7451,2.6132,3.0732,37305000000.0,9.459,8.2906,13.0,6.0,13.7817,7.2926,27.656473214285715,58.38962653223405,22.60627380952381,6.432554141728336,86.04609974651977,16.173719667795474
2007-12-10,45.54,54.8085,20.3524,14.1459,14.7156,2.6446,3.0695,37752660000.0,9.459,8.2906,13.0,6.0,13.7817,7.2926,27.67571071428572,58.38561159221968,22.656026984126985,6.390210935077482,86.06132230650539,16.265816049049505
2007-12-11,44.13,54.8085,24.1978,13.7079,14.7119,2.5627,3.0692,36583770000.0,9.459,8.2906,13.0,6.0,13.7817,7.2926,27.701406547619044,58.38121656684098,22.73956666666667,6.340429553384991,86.08262311446003,16.39913711328168
2007-12-12,44.62,55.1341,23.5636,13.8571,14.7104,2.5955,3.0689,36989980000.0,9.3025,8.2633,14.0,6.0,13.7817,7.2926,27.72669365079365,58.37664950598288,22.81806031746032,6.288299102416367,86.10334315677653,16.52976121504395
2007-12-13,44.79,55.1341,23.0947,13.9099,14.7075,2.6054,3.0685,37130910000.0,9.3025,8.2633,14.0,6.0,13.7817,7.2926,27.75566428571429,58.37070842826397,22.881039682539683,6.250605317017743,86.12637271397827,16.63043436552194
2007-12-14,45.02,54.9971,22.1615,14.045,14.7019,2.6283,3.0673,37321580000.0,9.1503,7.9054,14.0,6.0,13.7817,6.6522,27.78617103174604,58.36374461859931,22.935692063492063,6.213567392506039,86.14991565034535,16.722124670986023
2007-12-17,44.05,54.9766,24.805,13.7352,14.6956,2.5657,3.0628,36517450000.0,9.1914,7.9342,14.0,6.0,13.7817,6.6526,27.81997261904762,58.3570613990394,22.99212222222222,6.197856791167411,86.17703401808701,16.79426543105481
2007-12-18,44.5,54.9178,23.4108,13.8924,14.6945,2.592,3.0605,36890500000.0,9.1914,8.5727,14.0,6.0,13.7817,6.4834,27.84878551587302,58.35128063732271,23.031307936507936,6.184652983307494,86.20006615319573,16.846654953200442
2007-12-19,44.25,54.9178,24.108,13.8247,14.6938,2.5638,3.0589,36506250000.0,9.2181,8.5727,14.0,6.0,13.7817,6.4834,27.871071230158734,58.347695583990046,23.046489682539683,6.184931719213274,86.21876681414878,16.86155796332641
2007-12-20,44.01,54.1599,23.0627,12.5028,14.6911,2.3353,3.0589,36308250000.0,8.4513,8.051,3.0,6.0,14.2817,9.2044,27.89292976190476,58.34381876262496,23.075524603174603,6.176277870791405,86.23674852452972,16.899246732383197
2007-12-21,45.33,54.4377,20.092,12.7993,14.6848,2.3843,3.0576,37397250000.0,8.4656,8.0587,3.0,6.0,14.2817,9.2435,27.91197023809524,58.33969560971687,23.06476190476191,6.180316726561424,86.2516658478121,16.884445178200487
2007-12-24,45.8,54.4377,18.8596,12.9455,14.6757,2.409,3.0544,37785000000.0,8.4656,7.9608,3.0,6.0,14.2817,9.2435,27.92746349206349,58.33624570690367,23.04935873015873,6.188418545900152,86.26370919896716,16.860940184258578
2007-12-26,45.41,54.4377,19.8804,12.8353,14.6745,2.3885,3.0538,37463250000.0,8.4656,7.9608,3.0,6.0,14.2817,9.2435,27.94563650793651,58.3323014355263,23.03711507936508,6.193186066057484,86.2779379434628,16.843929013307594
2007-12-27,44.49,54.4377,22.3594,12.6252,14.6719,2.3361,3.0531,36704250000.0,8.4667,7.9539,3.0,6.0,14.2817,9.2435,27.968891269841272,58.32772430164261,23.026179365079365,6.193156336851877,86.29661557148388,16.833023028227487
2007-12-28,44.61,54.4377,22.0303,12.6546,14.6691,2.3422,3.0524,36803250000.0,8.4686,7.9545,3.0,7.0,14.3843,9.2435,27.98793432539682,58.3242085111457,23.017262698412697,6.193779878164483,86.31214283654252,16.823482820248216
2007-12-31,44.49,54.4377,22.3594,12.6052,14.6662,2.3359,3.0502,36704250000.0,8.4686,7.9545,3.0,7.0,14.3843,9.2435,28.009009523809524,58.32024376742807,22.99486507936508,6.190993005524119,86.32925329123759,16.803872073840964
2008-01-02,43.66,54.4377,24.6855,12.3812,14.6662,2.2912,3.0492,36019500000.0,8.4691,7.955,3.0,6.0,14.4483,9.2417,28.035279761904764,58.31574968191119,22.98446746031746,6.1870118886301215,86.35102944381595,16.79745557168734
2008-01-03,42.95,53.7727,25.1984,12.1799,14.6662,2.2539,3.0479,35433750000.0,8.4672,7.955,3.0,6.0,14.4483,9.2417,28.062360912698413,58.311247679521166,22.98876507936508,6.188370805493848,86.37360859221958,16.800394273871234
2008-01-04,41.71,53.8397,29.081,11.8202,14.6658,2.1888,3.0478,34410750000.0,8.4668,7.9579,3.0,6.0,14.4483,9.2417,28.10160714285714,58.30525138761677,23.02572619047619,6.210877706594,86.40685853047391,16.814848483882187
2008-01-07,41.23,53.8397,31.5081,11.6842,14.6461,2.1637,3.0449,34014750000.0,8.4668,7.9579,3.0,6.0,14.4483,9.2417,28.14483134920635,58.29967433274821,23.067171428571427,6.250107253311332,86.44450568195455,16.817064175260096
2008-01-08,40.62,53.8397,33.483,11.5113,14.6443,2.1327,3.0442,33511500000.0,8.5877,8.9762,3.0,7.0,14.3843,10.0662,28.189666865079364,58.29506391597581,23.11101746031746,6.303842143227452,86.48473078105518,16.807175317090007
2008-01-09,40.26,53.8397,34.6766,11.4093,14.6425,2.1138,3.0435,33214500000.0,8.5877,8.9762,3.0,7.0,14.3843,10.0662,28.237645039682537,58.29042291565108,23.15932380952381,6.3691460333255305,86.52806795533361,16.790177776198277
2008-01-10,40.46,53.8397,34.0109,11.466,14.6246,2.1264,3.0435,33379500000.0,8.5849,8.9762,3.0,7.0,14.3843,10.0622,28.28439583333333,58.28557578425343,23.208226984126984,6.42881887923309,86.56997161758676,16.779408104893896
2008-01-11,39.56,53.9267,36.3162,11.2078,14.6226,2.0758,3.0421,32637000000.0,8.7223,8.6993,4.0,7.0,14.3843,10.0642,28.33233531746032,58.28221908269316,23.29392063492063,6.531014599920027,86.61455440015348,16.762906035000604
2008-01-14,39.44,53.9267,36.731,11.1738,14.6189,2.0695,3.0387,32538000000.0,8.7223,8.6993,4.0,7.0,14.3843,10.0642,28.38175853174603,58.27875167651421,23.38248888888889,6.636956390614098,86.66051020826023,16.74553249827479
2008-01-15,38.99,53.9267,38.3091,11.0463,14.6145,2.0459,3.0387,32166750000.0,8.7223,8.6993,4.0,7.0,14.3843,10.0642,28.43639305555556,58.275118340778505,23.48226746031746,6.765887576291116,86.71151139633406,16.716379884026345
2008-01-16,39.53,53.9267,36.4197,11.1993,14.6141,2.0742,3.0387,32612250000.0,8.7223,8.6993,4.0,7.0,14.3843,10.0642,28.49317638888889,58.26891388447529,23.564951587301582,6.8599262650465285,86.76209027336418,16.705025322255057
2008-01-17,38.13,53.9072,41.3774,10.7886,14.6137,1.9977,3.0386,31457250000.0,8.9491,9.1645,5.0,7.0,14.3843,10.9934,28.55545734126984,58.26587038647805,23.68424047619048,7.037086960158041,86.82132772774789,16.64715351603244
2008-01-18,38.26,53.9072,40.897,10.8253,14.6107,2.0045,3.038,31564500000.0,8.9491,9.1645,5.0,7.0,14.3843,10.9934,28.61418095238096,58.26335965020637,23.79119603174604,7.194971267593908,86.87754060258732,16.596224764152126
2008-01-22,39.81,53.9072,35.4112,11.2639,14.5979,2.0858,3.037,32843250000.0,8.9491,9.1645,5.0,7.0,14.3843,10.9934,28.661491666666667,58.259170174592896,23.85547619047619,7.262539475521377,86.92066184125956,16.59293671495481
2008-01-23,42.25,53.9072,27.591,11.9543,14.5952,2.2136,3.037,34856250000.0,8.9491,9.1645,5.0,7.0,14.3843,10.9934,28.690020436507936,58.25511030326902,23.8623253968254,7.265676452151417,86.94513073977696,16.596648944673976
2008-01-24,42.81,53.9072,25.922,12.1495,14.5868,2.2429,3.0368,35318250000.0,8.9514,9.1622,5.0,7.0,14.3843,10.9945,28.715614484126984,58.25104672441574,23.85372619047619,7.262567140653938,86.96666120854272,16.591159049822252
2008-01-25,41.41,53.9072,30.1792,11.7522,14.5786,2.1696,3.0356,34163250000.0,8.9514,9.1622,5.0,7.0,14.3843,10.9945,28.74569880952381,58.24787304454639,23.865042063492066,7.271367885269886,86.9935718540702,16.593674178222177
2008-01-28,43.13,53.9072,24.9877,12.3253,14.5647,2.2586,3.0338,35582250000.0,9.0507,8.1513,6.0,7.0,14.3843,10.6259,28.76815277777777,58.24423145078654,23.81832460317461,7.244836691268312,87.01238422856431,16.573487911906295
2008-01-29,41.76,53.6719,28.5247,11.9584,14.5623,2.182,3.0332,34452000000.0,9.0534,8.1502,6.0,7.0,14.3843,10.6259,28.796296031746035,58.24067298860503,23.81011904761905,7.238866242396805,87.03696902035107,16.571252805222244
2008-01-30,41.82,53.6719,28.3403,11.9756,14.5605,2.1851,3.0332,34501500000.0,9.0534,8.1502,6.0,7.0,14.3843,10.6259,28.82307757936508,58.23734699523059,23.7897753968254,7.222354729573145,87.06042457459567,16.567420667252254
2008-01-31,44.35,53.1796,19.9089,12.753,14.5546,2.3191,3.0324,36588750000.0,8.9512,7.573,6.0,7.0,14.3843,10.6259,28.83053531746032,58.235961558559325,23.71387857142857,7.212405885678848,87.06649687601964,16.50147268574972
2008-02-01,44.78,53.1796,18.7575,12.8941,14.5539,2.3415,3.03,36943500000.0,8.9512,7.572,6.0,7.0,14.3571,10.6259,28.835485912698413,58.23499707206856,23.63113253968254,7.208958899767042,87.07048298476697,16.4221736399155
2008-02-04,42.03,53.1796,26.5277,12.1099,14.549,2.1977,3.021,34674750000.0,8.9512,7.5712,6.0,7.0,14.3571,10.6259,28.85455138888889,58.23266078732659,23.579726984126985,7.164539094617586,87.08721217621547,16.415187889509397
2008-02-05,40.72,53.1796,30.5982,11.7325,14.539,2.1292,3.0206,33594000000.0,8.9512,7.5712,6.0,7.0,14.3571,10.6259,28.88389226190476,58.22980073792394,23.58034206349206,7.1651430490601,87.1136929998287,16.415199014431963
2008-02-06,40.6,53.1796,30.9842,11.6979,14.5291,2.123,3.019,33495000000.0,8.9512,7.5712,6.0,7.0,14.3571,10.6259,28.91117678571429,58.22755225300592,23.60992857142857,7.188103234782797,87.1387290387202,16.42182533664577
2008-02-07,40.86,53.1796,30.1508,11.7728,14.516,2.1366,3.0172,33709500000.0,8.9512,7.5712,6.0,7.0,14.3571,10.6259,28.935008531746032,58.22559280575932,23.65943968253968,7.211649550110603,87.16060133750535,16.447790132429077
2008-02-08,40.81,53.1796,30.3102,11.7584,14.5149,2.1339,3.0163,33668250000.0,8.9512,7.5712,6.0,7.0,14.3571,10.6259,28.958200595238093,58.2238044632691,23.722457142857145,7.234946159339842,87.18200505850719,16.487510983517303
2008-02-11,41.37,53.1796,28.5463,11.9198,14.5139,2.1632,3.0094,34130250000.0,8.9512,7.5712,6.0,7.0,14.3571,10.6259,28.98015595238095,58.22155417346021,23.77697619047619,7.245283367161448,87.20171012584116,16.531692823314742
2008-02-12,42.36,53.1796,25.542,12.205,14.513,2.215,3.009,34947000000.0,8.9512,7.5712,6.0,7.0,14.3571,10.6259,28.997221428571432,58.21927881519255,23.78399126984127,7.24657111360131,87.21650024376397,16.53742015623996
2008-02-13,42.67,53.1796,24.63,12.2943,14.5122,2.2312,3.0001,35202750000.0,8.9489,7.5712,6.0,7.0,14.3571,10.6249,29.012299404761904,58.21715751010213,23.73700634920635,7.221499268741716,87.22945691486404,16.515507080464634
2008-02-14,42.07,53.1796,26.4074,12.1215,14.5121,2.1998,2.9995,34707750000.0,8.9489,7.5712,6.0,7.0,14.3571,10.6249,29.028658333333333,58.21526104355517,23.672403174603176,7.160165910132782,87.2439193768885,16.512237264470393
2008-02-15,41.35,53.1796,28.6085,11.913,14.5111,2.16,2.993,34113750000.0,8.9495,7.5713,6.0,7.0,14.3571,10.6249,29.051496825396825,58.21282898670545,23.634599206349204,7.121013222304613,87.26432581210227,16.51358598404459
2008-02-19,41.88,53.1796,26.8584,12.0702,14.4909,2.1877,2.9845,34551000000.0,8.9495,7.5719,6.0,7.0,14.3571,10.6249,29.07578849206349,58.20934730320341,23.620692857142856,7.112924352182183,87.2851357952669,16.507768504960673
2008-02-20,41.68,53.1796,27.4671,12.0126,14.4872,2.1773,2.9773,34386000000.0,8.9495,7.5719,6.0,7.0,14.3571,10.6249,29.104027777777773,58.205099088179466,23.59855158730159,7.096424698640522,87.30912686595724,16.502126888661067
2008-02-21,40.87,53.8169,31.6782,11.7791,14.482,2.1349,2.975,33717750000.0,8.9515,7.5711,6.0,7.0,14.3571,10.6259,29.138944246031745,58.201346887903945,23.610296031746028,7.108648691788186,87.3402911339357,16.50164733995784
2008-02-22,41.85,53.8169,28.5947,12.0616,14.4767,2.1861,2.9736,34526250000.0,8.9515,7.5711,6.0,7.0,14.3571,10.6259,29.159374007936503,58.19934109849716,23.610622222222226,7.108878276238805,87.35871510643366,16.501743945983417
2008-02-25,42.12,53.6835,27.4537,12.1896,14.4531,2.2018,2.9728,34749000000.0,8.9689,6.853,6.0,7.0,14.3571,10.1303,29.17924821428572,58.19704037289088,23.602344444444444,7.103748672542312,87.37628858717659,16.49859577190213
2008-02-26,42.5,53.6835,26.3141,12.2996,14.4501,2.2216,2.9723,35062500000.0,9.1809,7.2591,7.0,7.0,14.3571,10.3556,29.19387817460317,58.1953881725314,23.60081428571429,7.10313876003222,87.38926634713457,16.497675525682066
2008-02-27,42.35,53.6835,26.7615,12.2562,14.4471,2.2138,2.9708,34938750000.0,9.1809,7.2597,7.0,7.0,14.3571,10.3556,29.21067063492064,58.193458949544606,23.59953968253968,7.102552398241809,87.40412958446524,16.496987284297873
2008-02-28,40.6,53.6835,32.2254,11.728,14.4436,2.1194,2.9684,33495000000.0,9.1816,7.264,7.0,7.0,14.3571,10.3544,29.241520039682538,58.19092268327686,23.61376746031745,7.1181285188601695,87.4324427229594,16.495638941457287
2008-02-29,39.35,53.6835,36.4257,11.4336,14.431,2.0559,2.9676,32463750000.0,9.1813,7.2556,7.0,7.0,14.3571,10.3544,29.276669444444444,58.18989919187054,23.67533888888889,7.1953289912382274,87.46656863631497,16.480009897650664
2008-03-03,39.47,53.6835,36.0109,11.4685,14.4212,2.0622,2.966,32562750000.0,9.1813,7.2556,7.0,7.0,14.3571,10.3544,29.31311984126984,58.18834919407741,23.73180317460317,7.264213534944276,87.50146903534724,16.467589639658897
2008-03-04,40.05,53.6835,34.0412,11.637,14.4201,2.0925,2.9656,33041250000.0,9.1813,7.2556,7.0,7.0,14.3571,10.3544,29.34422023809524,58.18667572861969,23.785873809523807,7.315621411846457,87.53089596671492,16.47025239767735
2008-03-05,39.76,53.6835,35.0189,11.5528,14.4192,2.0773,2.9646,32802000000.0,9.1813,7.2556,7.0,7.0,14.3571,10.3544,29.37716984126984,58.18517488281374,23.862757936507936,7.38259395603837,87.56234472408357,16.480163980469566
2008-03-06,38.54,53.6835,39.2929,11.1983,14.4178,2.0136,2.9632,31795500000.0,9.1813,7.2556,7.0,7.0,14.3571,10.3544,29.41402003968254,58.18556264810706,23.96859523809524,7.507397448041159,87.59958268778959,16.46119779005408
2008-03-07,38.42,53.6835,39.728,11.1634,14.4164,2.0073,2.9613,31696500000.0,9.1813,7.2556,7.0,7.0,14.3571,10.3544,29.4474125,58.186645078187226,24.08026746031745,7.636262365160751,87.63405757818722,16.444005095156708
2008-03-10,37.82,53.6835,41.9447,10.9891,14.4124,1.9759,2.9544,31201500000.0,9.1813,7.2556,7.0,7.0,14.3571,10.3544,29.48432023809524,58.188664906463735,24.16807777777778,7.777395321765506,87.67298514455896,16.39068245601227
2008-03-11,38.97,53.6835,37.756,11.3232,14.4119,2.036,2.9522,32150250000.0,9.1813,7.2556,7.0,7.0,14.3571,10.3544,29.513506349206352,58.18911832066831,24.226029365079363,7.851460576030969,87.70262466987467,16.374568789048393
2008-03-12,38.45,53.3384,38.7215,11.1491,14.4106,2.0071,2.9467,31721250000.0,9.3519,7.7668,8.0,7.0,14.3571,10.3544,29.5418882936508,58.19011606619065,24.30953095238096,7.949402217560264,87.73200435984144,16.36012873482069
2008-03-13,39.23,52.9116,34.8754,11.425,14.4088,2.0409,2.9408,32364750000.0,9.3988,7.8764,9.0,5.0,14.7,10.3544,29.56681865079365,58.18970335233007,24.35358015873016,7.992676959767668,87.75652200312372,16.36090319896249
2008-03-14,37.85,52.5991,38.9672,11.0553,14.4077,1.9684,2.9403,31226250000.0,9.3995,7.8787,9.0,5.0,14.7,10.1989,29.603114285714287,58.18985068247604,24.438469047619048,8.090815924732933,87.79296496819033,16.347653122886115
2008-03-17,36.48,52.5991,44.1861,10.6505,14.3984,1.8954,2.9356,30096000000.0,9.4011,7.8774,9.0,5.0,14.7,10.1934,29.65042242063492,58.191999331570976,24.55614444444444,8.268821105570408,87.8424217522059,16.28732333887403
2008-03-18,38.38,52.5991,37.0482,11.2147,14.3934,1.9943,2.9346,31663500000.0,9.4009,7.8783,9.0,5.0,14.7,10.1934,29.67934642857143,58.19204637848517,24.61400476190476,8.330785180817886,87.87139280705661,16.283219581086875
2008-03-19,37.6,52.5376,39.7277,10.9465,14.3929,1.9515,2.9331,31020000000.0,9.51,8.4218,10.0,5.0,14.7,10.1934,29.71806825396825,58.19222712578842,24.7615753968254,8.432705739466282,87.91029537975668,16.328869657359114
2008-03-20,40.89,51.765,26.5957,12.0456,14.391,2.092,2.9308,33284460000.0,9.5125,8.0477,11.0,6.0,14.75,10.2051,29.724221428571425,58.19173170146223,24.817118253968253,8.421458934226413,87.91595313003366,16.39565931974184
2008-03-24,42.35,51.14,20.7556,12.6222,14.3815,2.1649,2.9273,34472900000.0,9.871,8.2791,12.0,6.0,14.75,10.4971,29.7168125,58.192637186240695,24.852924603174603,8.394263447194612,87.90944968624069,16.45866115597999
2008-03-25,42.11,51.14,21.4438,12.5507,14.3808,2.1526,2.9264,34277540000.0,9.871,8.2791,12.0,6.0,14.75,10.4971,29.71318829365079,58.1930963415604,24.90735396825397,8.349270770596785,87.9062846352112,16.558083197657187
2008-03-26,41.2,51.036,23.8738,12.274,14.3801,2.1051,2.9263,33536800000.0,9.9005,8.3123,12.0,6.0,14.75,10.5552,29.70664623015873,58.19356803592808,24.9807,8.29872371398866,87.9002142660868,16.68197628601134
2008-03-27,40.77,51.036,25.1803,12.1459,14.379,2.0831,2.926,33186780000.0,9.9005,8.2369,12.0,6.0,14.75,10.4421,29.704849404761905,58.19369403572021,25.054126984126984,8.25882320609321,87.89854344048211,16.795303778033777
2008-03-28,39.7,50.8485,28.0819,11.8575,14.3614,2.0284,2.9255,32315800000.0,9.9005,8.2396,12.0,6.0,14.75,10.4421,29.710317063492063,58.193411273409694,25.1549126984127,8.21723797584536,87.90372833690176,16.93767472256734
2008-03-31,40.48,50.8485,26.083,12.1285,14.3424,2.0687,2.9235,32950720000.0,9.9255,8.1558,13.0,6.0,14.75,10.1068,29.710049603174603,58.1934276669063,25.25859761904762,8.144983295466725,87.90347727008091,17.113614323580897
2008-04-01,43.14,50.8485,18.3088,12.9255,14.3397,2.2046,2.9207,35115960000.0,9.9255,8.1558,13.0,6.0,14.75,10.5409,29.69084384920635,58.19559423480634,25.288357936507936,8.112361339549306,87.8864380840127,17.17599659695863
2008-04-02,42.64,50.8485,19.6961,12.7875,14.3312,2.1791,2.9179,34708960000.0,9.9255,8.1587,13.0,6.0,14.75,10.5409,29.67532222222222,58.19721786834936,25.346218253968257,8.045465536008578,87.87254009057159,17.30075271795968
2008-04-03,42.1,50.8485,21.2314,12.6282,14.3212,2.1497,2.9138,34269400000.0,9.975,8.1417,13.0,6.0,14.75,10.5157,29.664235515873017,58.198295292115006,25.42643095238095,7.952386344331617,87.86253080798802,17.474044608049333
2008-04-04,41.66,50.8485,22.5118,12.4963,14.3198,2.1273,2.9131,33911240000.0,9.975,8.1417,13.0,6.0,14.75,10.5157,29.66256964285714,58.19848836657633,25.515923015873017,7.854256438616179,87.86105800943346,17.661666577256838
2008-04-07,42.05,50.8485,21.3755,12.6132,14.3133,2.1472,2.9101,34228700000.0,9.975,8.1417,13.0,6.0,14.75,10.5157,29.65672976190476,58.19917331643676,25.597103174603177,7.756808139671079,87.85590307834151,17.840295034932097
2008-04-08,41.55,51.0706,22.9136,12.464,14.3092,2.1217,2.91,33821700000.0,9.975,8.142,13.0,6.0,14.75,10.5157,29.65304880952381,58.19954174761687,25.704381746031743,7.623280456783799,87.85259055714067,18.081101289247943
2008-04-09,40.02,50.8293,27.0097,12.0513,14.305,2.0423,2.9098,32576280000.0,9.9748,8.1491,13.0,6.0,14.75,10.5157,29.660576587301588,58.198952821156574,25.843314285714285,7.483916888322048,87.85952940845816,18.35939739739224
2008-04-10,40.26,50.8293,26.2526,12.1236,14.2995,2.0545,2.9096,32771640000.0,9.9748,8.1491,13.0,6.0,14.75,10.5157,29.666295436507934,58.19847509683885,25.986057936507933,7.315625102525018,87.86477053334679,18.670432833982915
2008-04-11,39.72,50.8293,27.969,11.961,14.2995,2.027,2.9081,32332080000.0,9.9748,8.1491,13.0,6.0,14.75,10.5157,29.674866468253967,58.19790527371064,26.137541269841268,7.154462475957285,87.87277174196461,18.983078793883983
2008-04-14,39.8,50.8293,26.7837,11.9851,14.2815,2.0311,2.8998,32397200000.0,9.9748,8.1491,13.0,6.0,14.75,10.5157,29.674734523809526,58.19791176581942,26.26603253968253,7.017133906441458,87.87264628962895,19.24889863324108
2008-04-15,39.26,50.8293,28.5275,11.8225,14.2812,2.0035,2.8988,31957640000.0,9.9748,8.1491,13.0,6.0,14.75,10.5157,29.68062083333333,58.197644872853566,26.408013492063493,6.877997824115254,87.8782657061869,19.53001566794824
2008-04-16,40.81,50.4714,23.6741,12.2866,14.281,2.0826,2.8979,33219340000.0,9.9748,8.1424,13.0,6.0,14.75,10.5157,29.679177380952385,58.197785088326505,26.495274603174604,6.771346273501858,87.87696246927888,19.723928329672745
2008-04-17,41.4,50.4714,21.9116,12.4642,14.2774,2.1127,2.8955,33699600000.0,9.9748,8.1424,13.0,6.0,14.75,10.5157,29.67235833333333,58.19849487630111,26.55248888888889,6.700997976566864,87.87085320963443,19.851490912322028
2008-04-18,42.48,50.4714,18.8121,12.7894,14.2745,2.1678,2.8929,34578720000.0,9.9748,8.1424,13.0,6.0,14.75,10.5157,29.663271428571427,58.199834955478565,26.59033492063492,6.642999370637366,87.86310638404998,19.94733554999756
2008-04-21,41.25,50.3285,22.0085,12.4191,14.2636,2.1051,2.8828,33577500000.0,9.9748,8.1424,13.0,6.0,14.75,10.5157,29.658367857142856,58.200376653911896,26.644742063492064,6.5763164513558925,87.85874451105475,20.06842561213617
2008-04-22,40.32,50.3285,24.8227,12.1391,14.2608,2.0576,2.8813,32820480000.0,9.9748,8.1424,13.0,6.0,14.75,10.5157,29.658892261904764,58.20033180084583,26.70233571428572,6.527767628835445,87.8592240627506,20.174568085450268
2008-04-23,39.38,49.6142,25.9883,11.8847,14.258,2.0096,2.8798,32055320000.0,9.9748,7.9985,13.0,6.0,14.75,10.3059,29.66188511904762,58.200103733207705,26.79360238095238,6.435374858694086,87.86198885225532,20.358227522258293
2008-04-24,39.75,49.6142,24.8156,11.9964,14.2543,2.0285,2.8792,32356500000.0,9.9748,7.9985,13.0,6.0,14.75,10.3059,29.66187519841269,58.20010456050705,26.877430952380955,6.338783206344252,87.86197975891974,20.538647746036705
2008-04-25,39.45,49.6142,25.7648,11.9058,14.2402,2.0134,2.8785,32112300000.0,9.9821,7.8587,13.0,6.0,14.75,10.3458,29.66148611111111,58.2001300074539,26.9551626984127,6.26357037675758,87.86161611856501,20.69159232165512
2008-04-28,39.53,49.6142,25.5102,11.93,14.2324,2.0175,2.878,32177420000.0,9.9821,7.8587,13.0,6.0,14.75,10.3458,29.660059722222226,58.20022310624933,27.021753174603173,6.202473100390478,87.86028282847155,20.819280074212696
2008-04-29,39.71,49.6142,24.9413,11.9843,14.2291,2.0267,2.8774,32323940000.0,9.9821,7.8587,13.0,6.0,14.75,10.3458,29.657664484126983,58.20039275327353,27.088508730158733,6.133531494909013,87.85805723740052,20.95497723524972
2008-04-30,40.17,49.6142,23.5106,12.1231,14.229,2.0502,2.8769,32698380000.0,9.9821,7.8587,13.0,6.0,14.75,10.3458,29.65146825396825,58.20088159287157,27.14892619047619,6.059465379825698,87.85234984683981,21.08946081065049
2008-05-01,41.55,48.6399,17.0635,12.6426,14.2284,2.124,2.8734,33821700000.0,9.8864,7.3527,13.0,6.0,14.75,9.6341,29.633335912698413,58.20338185633197,27.15393492063492,6.050790899051827,87.83671776903039,21.10314402158309
2008-05-02,41.94,48.6399,15.975,12.7613,14.2231,2.1439,2.8718,34139160000.0,9.8864,7.3527,13.0,6.0,14.75,9.6341,29.615157738095235,58.2062196586341,27.15550476190476,6.047840600410593,87.82137739672933,21.107664161494164
2008-05-05,40.97,48.6399,18.7208,12.4661,14.21,2.0943,2.8698,33349580000.0,9.8864,7.3527,13.0,6.0,14.75,9.6341,29.60206031746032,58.207930294062336,27.141114285714288,6.065852498895098,87.80999061152266,21.07526178681919
2008-05-06,40.55,48.6399,19.9504,12.3384,14.2065,2.0728,2.8696,33007700000.0,9.8864,7.3527,13.0,6.0,14.75,9.6341,29.59563888888889,58.20881793593989,27.121957142857145,6.084841518151989,87.80445682482878,21.037115624705155
2008-05-07,39.88,48.6399,21.9656,12.1345,14.1981,2.0386,2.8694,32462320000.0,9.8864,7.3527,13.0,6.0,14.75,9.6341,29.5939248015873,58.20903029530077,27.10943492063492,6.093881671201733,87.80295509688807,21.01555324943319
2008-05-08,40.46,48.6399,20.2173,12.311,14.1876,2.0682,2.8687,32934440000.0,9.8864,7.3527,13.0,6.0,14.75,9.6341,29.590521428571428,58.20952927221195,27.08066984126984,6.117936517437951,87.80005070078337,20.96273332383189
2008-05-09,39.72,48.6399,22.4569,12.0858,14.182,2.0304,2.8681,32332080000.0,9.8864,7.3527,13.0,6.0,14.75,9.6341,29.59041349206349,58.20954247557116,27.064544444444444,6.127493177625458,87.79995596763465,20.937051266818987
2008-05-12,40.72,48.6399,19.4497,12.4052,14.1754,2.0815,2.8658,33146080000.0,9.8864,7.3527,13.0,6.0,14.75,9.6341,29.58267222222222,58.21063328910235,27.02808174603175,6.159198796484959,87.79330551132458,20.86888294954679
2008-05-13,39.91,48.6399,21.874,12.1584,14.1751,2.0401,2.8656,32486740000.0,9.8864,7.3527,13.0,6.0,14.75,9.6341,29.576755753968254,58.21126620360224,26.99508968253968,6.175693946727796,87.78802195757049,20.819395735811888
2008-05-14,39.62,48.6399,22.766,12.0701,14.175,2.0253,2.8655,32250680000.0,9.8864,7.3527,13.0,6.0,14.75,9.6341,29.567883730158727,58.211964188362586,26.976865873015875,6.184824496758471,87.77984791852131,20.792041376257405
2008-05-15,40.36,48.6399,20.5151,12.2955,14.1742,2.0631,2.8655,32853040000.0,9.8864,7.3527,13.0,6.0,14.75,9.6341,29.55389484126984,58.21329346079549,26.97203333333333,6.189670229470843,87.76718830206534,20.78236310386249
2008-05-16,39.65,48.6399,22.6731,12.0792,14.1688,2.0268,2.8638,32275100000.0,9.8864,7.3527,13.0,6.0,14.75,9.6341,29.52749067460317,58.21339060209138,26.975549206349207,6.187080430855655,87.74088127669455,20.788468775493552
2008-05-19,40.0,48.6399,21.5997,12.1858,14.152,2.0447,2.8626,32560000000.0,9.8864,7.3527,13.0,6.0,14.75,9.6341,29.49526567460317,58.21327466439931,26.96620555555556,6.194356445156068,87.70854033900248,20.771849110399486
2008-05-20,39.22,48.6399,24.0181,11.9482,14.1459,2.0048,2.8604,31925080000.0,9.8864,7.3527,13.0,6.0,14.75,9.6341,29.46453333333333,58.21206713109259,26.980611904761904,6.185293892679213,87.67660046442592,20.79531801208269
2008-05-21,37.43,48.4399,29.4146,11.4961,14.1448,1.9133,2.8583,30468020000.0,9.8864,6.8944,13.0,6.0,14.75,8.9482,29.445664285714283,58.21053589917873,27.0098380952381,6.18804683755826,87.65620018489301,20.82179125767984
2008-05-22,37.95,48.1635,26.913,11.7209,14.14,1.9395,2.8582,30891300000.0,9.8984,6.5759,13.0,6.0,14.75,8.4968,29.424314484126985,58.20948552183422,27.010265873015875,6.188038196755388,87.6338000059612,20.82222767626049
2008-05-23,36.99,47.6968,28.9451,11.4244,14.1359,1.8904,2.8571,30109860000.0,9.8984,6.5759,13.0,6.0,14.75,8.4968,29.4044001984127,58.20792608101462,27.005458730158733,6.186283826870604,87.61232627942732,20.81917490328813
2008-05-27,38.08,47.6968,25.2542,11.7611,14.1188,1.9462,2.8544,30997120000.0,9.8984,6.5759,13.0,6.0,14.75,8.4968,29.37852559523809,58.20686461251218,26.97434285714285,6.185144991689864,87.58539020775027,20.78919786545299
2008-05-28,38.83,47.6968,22.8349,12.0815,14.1074,1.9845,2.8542,31607620000.0,9.8984,6.59,13.0,6.0,14.75,8.4968,29.3453878968254,58.20582432244508,26.91188809523809,6.186911344851709,87.55121221927048,20.724976750386386
2008-05-29,39.02,47.6968,22.2368,12.1406,14.1062,1.9942,2.854,31762280000.0,9.8984,6.59,13.0,6.0,14.75,8.4968,29.310994444444443,58.20489135796589,26.88003888888889,6.200660787896173,87.51588580241032,20.67937810099272
2008-05-30,40.06,47.6968,19.0634,12.5466,14.1046,2.0473,2.854,32608840000.0,9.8984,6.6068,13.0,5.0,14.8,8.4968,29.26856726190476,58.20455153495529,26.847159523809523,6.231205863730247,87.47311879686005,20.61595366007928
2008-06-02,39.28,46.9033,19.4076,12.3382,14.0984,2.0056,2.8535,31973920000.0,10.0414,6.5805,14.0,5.0,14.8,8.4968,29.227242063492064,58.20414343594469,26.81284682539682,6.260338050126965,87.43138549943674,20.552508775269857
2008-06-03,38.23,46.9033,22.6872,12.0084,14.0965,1.952,2.8534,31119220000.0,10.0414,6.5805,14.0,5.0,14.8,8.4968,29.193811309523813,58.2030492477273,26.8156626984127,6.258386131669659,87.39686055725112,20.55727656674304
2008-06-04,38.58,46.9033,21.5741,12.1184,14.0903,1.9699,2.8534,31404120000.0,10.0414,6.5805,14.0,5.0,14.8,8.4968,29.15837896825397,58.20223982418205,26.80597222222222,6.265602505536069,87.36061879243601,20.54036971668615
2008-06-05,39.35,47.0855,19.6582,12.3269,14.0874,2.0057,2.8527,32030900000.0,10.0413,6.5754,14.0,5.0,14.8,8.4968,29.11545376984127,58.2012507344454,26.76655317460317,6.294988524884497,87.31670450428668,20.47156464971868
2008-06-06,37.23,47.0855,26.4719,11.6628,14.0709,1.8977,2.8525,30305220000.0,10.0413,6.5754,14.0,5.0,14.8,8.4968,29.080076984126983,58.197420279709526,26.776724603174603,6.293456460021591,87.27749726383651,20.48326814315301
2008-06-09,36.95,47.0855,27.4303,11.5751,14.0584,1.8834,2.8488,30077300000.0,10.0413,6.5754,14.0,5.0,14.8,8.4968,29.04622936507937,58.193401018586194,26.8201873015873,6.278776791827777,87.23963038366556,20.541410509759523
2008-06-10,37.47,47.0855,25.6619,11.738,14.0577,1.9099,2.8477,30500580000.0,10.0413,6.5754,14.0,5.0,14.8,8.4968,29.00014007936508,58.18685109242113,26.850863492063493,6.263460631562568,87.1869911717862,20.587402860500923
2008-06-11,36.21,47.0855,30.0345,11.3433,14.052,1.8457,2.8476,29474940000.0,10.0413,6.5754,14.0,5.0,14.8,8.4968,28.961669444444443,58.17973028612679,26.927705555555555,6.242453944727709,87.14139973057124,20.685251610827848
2008-06-12,36.65,45.7873,24.9312,11.4675,14.0457,1.8657,2.847,29833100000.0,10.092,6.3733,14.0,5.0,14.8,8.4968,28.91068293650794,58.17196414348205,26.93352619047619,6.240229667403774,87.08264707998998,20.693296523072416
2008-06-13,36.99,45.7873,23.7829,11.5738,14.0444,1.883,2.8457,30109860000.0,10.092,6.3733,14.0,5.0,14.8,8.4783,28.862263293650795,58.16604390334437,26.935266666666664,6.239312749923475,87.02830719699517,20.69595391674319
2008-06-16,36.22,45.0214,24.2998,11.4918,14.0372,1.8427,2.8391,29483080000.0,10.1342,6.2505,14.0,5.0,14.8,7.8109,28.819719246031745,58.16151460632943,26.94483095238095,6.234300060298022,86.98123385236119,20.71053089208293
2008-06-17,35.51,44.7911,26.1366,11.3657,14.0361,1.8088,2.8391,28905140000.0,10.0511,5.6369,14.0,5.0,14.8,6.8856,28.78819583333333,58.1586489757181,26.976379365079364,6.219941947900191,86.94684480905143,20.75643741717917
2008-06-18,34.97,44.7911,28.0844,11.1929,14.033,1.7813,2.8381,28465580000.0,10.0511,5.6369,14.0,5.0,14.8,6.8856,28.77470059523809,58.15802034158303,27.002406349206343,6.217644054073617,86.93272093682113,20.78476229513273
2008-06-19,36.84,42.4837,15.3195,12.4839,14.0295,1.8917,2.8368,30171960000.0,10.1737,4.5391,15.0,5.0,14.8,6.4953,28.74401349206349,58.16103739600095,26.938189682539683,6.296321634844453,86.90505088806444,20.64186804769523
2008-06-20,35.47,41.8726,18.0507,12.4347,14.0272,1.8258,2.8364,29049930000.0,10.118,2.9983,15.0,5.0,14.8,5.7671,28.713573412698413,58.16261439590491,26.89011587301588,6.341069037888144,86.87618780860332,20.54904683512773
2008-06-23,34.4,41.8726,21.7227,12.0596,14.0195,1.7707,2.8338,28173600000.0,10.118,3.0102,15.0,5.0,14.8,5.7671,28.69590376984128,58.16338430936776,26.879480952380952,6.348658687725457,86.85928807920904,20.53082226465549
2008-06-24,34.48,41.8726,21.4403,12.0876,14.0165,1.7748,2.8334,28239120000.0,10.118,3.0102,15.0,5.0,14.8,5.7671,28.67419265873016,58.16404764825153,26.890181746031743,6.338254495065796,86.83824030698169,20.551927250965942
2008-06-25,35.53,41.8726,17.8514,12.4557,14.016,1.8289,2.8332,29099070000.0,10.118,3.0102,15.0,5.0,14.8,5.7671,28.644330555555555,58.165736305536655,26.88218015873016,6.349100736702861,86.81006686109221,20.533079422027296
2008-06-26,33.47,41.8726,25.1049,11.7336,14.0119,1.7228,2.8325,27411930000.0,10.118,3.0102,15.0,5.0,14.8,5.7671,28.63293154761905,58.16586613769936,26.923644444444445,6.32000138595606,86.79879768531842,20.603643058488384
2008-06-27,32.93,41.8726,27.1564,11.5443,14.0052,1.695,2.8319,26969670000.0,10.118,3.0102,15.0,5.0,14.8,5.7671,28.6245875,58.16577553384788,26.96171587301588,6.306721118913034,86.79036303384788,20.65499475410284
2008-06-30,32.96,41.8726,27.0407,11.5548,14.0006,1.6966,2.8273,26994240000.0,10.118,3.0102,15.0,5.0,14.8,5.7671,28.61466904761905,58.16561825382221,27.001480952380952,6.291155408027361,86.78028730144126,20.71032554435359
2008-07-01,32.3,41.8726,29.6365,11.3748,14.0001,1.6626,2.8249,26453700000.0,10.118,2.3157,15.0,5.0,14.8,5.7671,28.61226130952381,58.16555065549203,27.05923571428572,6.281594490973761,86.77781196501584,20.77764122331196
2008-07-02,32.23,41.8726,29.9181,11.3502,13.9996,1.659,2.8246,26396370000.0,10.118,2.3157,15.0,5.0,14.8,5.7671,28.61457976190476,58.165579428564975,27.100764285714288,6.283072401294761,86.78015919046973,20.817691884419528
2008-07-03,31.89,41.6422,30.5807,11.3081,13.9982,1.6427,2.8235,26117910000.0,10.027,1.742,14.0,5.0,14.8,5.7671,28.620216666666668,58.16563213677416,27.14348095238095,6.288329443516132,86.78584880344083,20.85515150886481
2008-07-07,32.35,41.6422,28.724,11.4712,13.992,1.6664,2.8194,26494650000.0,10.027,1.742,14.0,5.0,14.8,5.7671,28.61992083333333,58.16563122720483,27.14064761904762,6.287529847355948,86.78555206053815,20.85311777169167
2008-07-08,34.26,41.6422,21.5476,12.1485,13.992,1.7648,2.8193,28058940000.0,10.027,1.742,14.0,5.0,14.8,5.7671,28.60678869047619,58.16648100757567,27.06159603174603,6.2947909231095,86.77326969805186,20.76680510863653
2008-07-09,32.4,41.6422,28.5253,11.489,13.992,1.669,2.8191,26535600000.0,10.027,1.742,14.0,5.0,14.8,5.7671,28.60615992063492,58.166480170577735,27.022249206349205,6.269776408347988,86.77264009121265,20.75247279800121
2008-07-10,30.88,41.6422,34.8517,10.95,13.9914,1.5907,2.8191,25290720000.0,10.027,1.742,14.0,5.0,14.8,5.7671,28.623027380952383,58.16705737183319,27.02363888888889,6.27150571818867,86.79008475278557,20.75213317070021
2008-07-11,30.29,41.6422,37.4784,10.7408,13.9845,1.5603,2.8188,24807510000.0,10.027,1.742,14.0,5.0,14.8,5.7671,28.64396349206349,58.16834450585664,27.05115873015873,6.309901922321836,86.81230799792013,20.74125680783689
2008-07-14,29.97,41.3585,37.9997,10.7285,13.9782,1.5438,2.8172,24545430000.0,10.027,2.1167,15.0,5.0,14.8,5.7671,28.6583382936508,58.16976235907751,27.06451984126984,6.33142313003331,86.82810065272831,20.73309671123653
2008-07-15,30.25,40.5909,34.1848,10.9916,13.9751,1.5609,2.8168,24774750000.0,10.0077,1.9551,15.0,5.0,14.8,5.4553,28.65984265873016,58.16989572326608,27.044311904761905,6.30432927685212,86.82973838199624,20.739982627909782
2008-07-16,33.21,40.202,21.0539,12.1582,13.972,1.719,2.8164,27198990000.0,9.7105,1.4302,16.0,5.0,14.8,4.9819,28.635826785714286,58.170533584563394,26.90736587301588,6.244804244594355,86.80636037027767,20.66256162842152
2008-07-17,36.41,40.202,10.4147,13.3297,13.9663,1.8846,2.8116,29819790000.0,9.7105,1.4302,16.0,5.0,14.8,4.9819,28.58746964285714,58.17554020230862,26.700976984126985,6.356636777833361,86.76300984516575,20.344340206293623
2008-07-18,36.64,40.202,9.7216,13.4139,13.9652,1.8965,2.8109,30008160000.0,9.7105,1.4302,16.0,5.0,14.8,4.9819,28.53671111111112,58.18082854341901,26.44974047619048,6.3973761172801344,86.71753965453013,20.052364358910346
2008-07-21,35.42,40.202,13.5008,12.9672,13.9627,1.8334,2.807,29008980000.0,9.7105,1.4302,16.0,5.0,14.8,4.9819,28.50273333333333,58.18460654531163,26.23231031746032,6.367918114948589,86.68733987864496,19.86439220251173
2008-07-22,39.73,40.202,1.188,14.5451,13.9627,2.0564,2.806,32538870000.0,9.7105,1.4302,16.0,5.0,14.8,4.9819,28.4395003968254,58.19696280334801,25.96069761904761,6.694754751361098,86.63646320017341,19.26594286768652
2008-07-23,39.9,40.202,0.7569,14.6074,13.9627,2.0652,2.8049,32678100000.0,9.7105,1.4302,16.0,5.0,14.8,4.9819,28.374211309523808,58.2095480478261,25.74772857142857,7.059363338691023,86.58375935734992,18.688365232737542
2008-07-24,37.63,40.202,6.835,13.7763,13.9627,1.9477,2.8042,30818970000.0,9.7105,1.4302,16.0,5.0,14.8,4.9819,28.322580753968253,58.21710407261012,25.596244444444444,7.257600648925692,86.53968482657837,18.338643795518752
2008-07-25,37.91,40.202,6.0459,13.8788,13.9626,1.9622,2.804,31048290000.0,9.7105,1.4302,16.0,5.0,14.8,4.9819,28.27552837301588,58.2255224139557,25.40471031746032,7.451542676861647,86.50105078697158,17.95316764059867
2008-07-28,36.13,40.202,11.2704,13.2272,13.937,1.8701,2.8028,29590470000.0,9.7105,1.4302,16.0,5.0,14.8,4.9819,28.23401587301588,58.23018227359013,25.29584285714285,7.557140991707534,86.46419814660601,17.73870186543532
2008-07-29,38.21,40.202,5.2133,13.9887,13.9382,1.9778,2.8021,31293990000.0,9.7105,1.4302,16.0,5.0,14.8,4.9819,28.17790357142857,58.23872899735451,25.110831746031742,7.760086410453296,86.41663256878307,17.350745335578445
2008-07-30,37.51,40.3131,7.4729,13.7068,13.937,1.9415,2.8014,30720690000.0,9.7105,1.4919,16.0,5.0,14.8,5.0836,28.126808333333337,58.2455884979504,24.945217460317465,7.91180326789857,86.37239683128374,17.033414192418892
2008-07-31,36.94,40.3131,9.1313,13.4985,13.9369,1.912,2.8011,30253860000.0,9.7105,1.4919,16.0,5.0,14.8,5.0836,28.07505992063492,58.25086639385793,24.859680952380955,8.024149790403472,86.32592631449285,16.835531161977485
2008-08-01,36.56,40.3131,10.2656,13.3596,13.9356,1.8924,2.8009,29942640000.0,9.7105,1.4919,16.0,5.0,14.8,5.0836,28.01950634920635,58.25448050269989,24.79228492063492,8.111005239037182,86.27398685190623,16.681279681597736
2008-08-04,37.36,40.3131,7.9044,13.652,13.9174,1.9338,2.7952,30597840000.0,9.7105,1.4919,16.0,5.0,14.8,5.0836,27.96225912698413,58.26005360885036,24.644480952380952,8.247660100859644,86.22231273583449,16.39682085152131
2008-08-05,40.18,40.3131,0.3313,14.6397,13.9178,2.0797,2.7947,32907420000.0,9.7105,0.6456,16.0,5.0,14.8,5.0836,27.88849841269841,58.271477772472096,24.40426746031746,8.509477362186855,86.1599761851705,15.894790098130605
2008-08-06,39.78,40.3131,1.3401,14.5363,13.9262,2.059,2.7943,32579820000.0,9.7105,0.6551,16.0,5.0,14.8,5.0836,27.818085714285715,58.282094178736216,24.168996825396825,8.73296583956606,86.10017989302193,15.436030985830763
2008-08-07,37.63,40.3131,7.1302,13.7106,13.9174,1.9477,2.7939,30818970000.0,9.7105,0.6456,16.0,5.0,14.8,5.0836,27.755299404761907,58.287312254010125,23.986293650793648,8.846883851713962,86.04261165877203,15.139409799079688
2008-08-08,39.9,40.3131,1.0353,14.5801,13.9174,2.0652,2.7929,32678100000.0,9.7105,0.6551,16.0,5.0,14.8,5.0836,27.67918134920635,58.29712548309579,23.75395317460317,9.061290773197149,85.97630683230214,14.692662401406023
2008-08-11,40.82,40.3131,-1.2418,14.9163,13.9165,2.1129,2.7911,33431580000.0,9.7105,0.6551,16.0,5.0,14.8,5.0836,27.59714761904761,58.30869656010603,23.517539682539685,9.320151324729157,85.90584417915365,14.19738835781053
2008-08-12,39.19,40.3131,2.8658,14.3207,13.9169,2.0285,2.7908,32096610000.0,9.7105,0.6551,16.0,5.0,14.8,5.0836,27.525537103174603,58.31687889222576,23.337569841269843,9.49798608956873,85.84241599540036,13.839583751701111
2008-08-13,37.69,40.3131,6.9597,13.7726,13.9165,1.9491,2.7903,30868110000.0,9.7788,0.6551,16.0,5.0,14.8,5.0836,27.459702182539683,58.32133834794772,23.19732936507937,9.608560193178205,85.7810405304874,13.588769171901165
2008-08-14,39.28,40.2095,2.3663,14.3536,13.9165,2.0313,2.789,32170320000.0,9.7788,0.6551,16.0,5.0,14.8,5.0836,27.381254563492067,58.32846137181911,23.006526984126985,9.78144928118446,85.70971593531118,13.225077702942524
2008-08-15,39.47,40.2095,1.8736,14.423,13.9165,2.0411,2.7878,32325930000.0,9.7788,0.6551,16.0,5.0,14.8,5.0836,27.30694007936508,58.3370691792489,22.79434523809524,9.94751812203703,85.64400925861398,12.84682711605821
2008-08-18,38.21,40.2095,5.2329,13.9626,13.9161,1.9759,2.7862,31293990000.0,9.7788,0.6551,16.0,5.0,14.8,5.0836,27.247094246031747,58.34422599063379,22.622714285714284,10.062729574469955,85.59132023666554,12.55998471124433
2008-08-19,36.82,40.2095,9.2056,13.4547,13.9161,1.9041,2.7848,30155580000.0,9.7788,0.6551,16.0,5.0,14.8,5.0836,27.205395634920635,58.34960566774594,22.477781746031745,10.123722638771872,85.55500130266657,12.354059107259872
2008-08-20,35.76,40.2095,12.4427,13.0673,13.9138,1.8493,2.7844,29287440000.0,9.7788,0.6551,16.0,5.0,14.8,5.0836,27.17076765873016,58.35318475477626,22.325119047619044,10.128904633617216,85.52395241350642,12.196214414001828
2008-08-21,36.01,40.2095,11.662,13.1587,13.9119,1.8622,2.7836,29492190000.0,9.7788,0.6551,16.0,5.0,14.8,5.0836,27.133422222222222,58.35708288529349,22.190732539682543,10.157345153413402,85.4905051075157,12.03338738626914
2008-08-22,37.26,40.2095,7.916,13.6154,13.9107,1.9268,2.7819,30515940000.0,9.7788,0.6551,16.0,5.0,14.8,5.0836,27.087201587301585,58.36307169303444,22.03567142857143,10.225261735844963,85.45027328033602,11.810409692726465
2008-08-25,36.36,40.2095,10.5872,13.2866,13.9032,1.8803,2.7796,29778840000.0,9.7788,0.6551,16.0,5.0,14.8,5.0836,27.044554960317463,58.36726811429141,21.91085476190476,10.268513724426487,85.41182307460888,11.642341037478271
2008-08-26,36.0,40.2095,11.6931,13.155,13.8994,1.8617,2.7793,29484000000.0,9.7788,0.6551,16.0,5.0,14.8,5.0836,27.00228591269841,58.37066289361785,21.791264285714284,10.29926928655001,85.37294880631626,11.491994999164277
2008-08-27,36.23,40.2095,10.984,13.2391,13.8955,1.8736,2.7785,29672370000.0,9.7788,0.6551,16.0,5.0,14.8,5.0836,26.959083333333336,58.374452144428936,21.62268174603175,10.300956586138112,85.33353547776227,11.321725159893637
2008-08-28,37.78,40.2095,6.4307,13.8055,13.8925,1.9537,2.7762,30941820000.0,9.7788,0.6551,16.0,5.0,14.8,5.0836,26.91155376984127,58.38140851214342,21.38462619047619,10.302714130652497,85.2929622819847,11.081912059823694
2008-08-29,37.06,40.2095,8.4984,13.5424,13.8924,1.9165,2.7738,30352140000.0,9.7788,0.6551,16.0,5.0,14.8,5.0836,26.873670436507933,58.38716080313096,21.166273015873017,10.281773895746984,85.26083123963889,10.884499120126032
2008-09-02,39.13,40.2095,2.7588,14.2988,13.8864,2.0235,2.7706,32047470000.0,9.7788,0.6551,16.0,5.0,14.8,5.0836,26.826483531746035,58.39703941853359,20.918,10.345883837584786,85.22352295027963,10.572116162415211
2008-09-03,39.05,40.2095,2.9693,14.3303,13.8914,2.0194,2.7702,31981950000.0,9.7788,0.6695,16.0,5.0,14.8,5.0836,26.789301984126983,58.40626935392513,20.66363809523809,10.390315606824236,85.19557133805212,10.27332248841386
2008-09-04,37.9,40.265,6.2401,13.8741,13.8815,1.9599,2.768,31040100000.0,9.7788,0.8512,16.0,5.0,14.8,5.0836,26.760430555555555,58.41283629561763,20.401314285714285,10.333305692500945,85.17326685117318,10.06800859321334
2008-09-05,38.99,40.265,3.2701,14.2732,13.8815,2.0163,2.7655,31932810000.0,9.7788,0.8512,16.0,5.0,14.8,5.0836,26.724232142857144,58.42174612866193,20.11196587301588,10.298178286878908,85.14597827151907,9.813787586136964
2008-09-08,40.71,40.265,-1.0931,14.9028,13.8802,2.1052,2.7612,33341490000.0,9.7788,0.8512,16.0,5.0,14.8,5.0836,26.68081071428572,58.434295834992426,19.77039603174603,10.281963092035603,85.11510654927814,9.488432939710428
2008-09-09,40.02,40.265,0.6122,14.6502,13.8808,2.0695,2.7609,32776380000.0,9.7788,0.8512,16.0,5.0,14.8,5.0836,26.64117123015873,58.445210690822016,19.47560396825397,10.29463955887249,85.08638192098074,9.18096440938148
2008-09-10,39.6,40.4371,2.1139,14.505,13.8815,2.0499,2.7598,32432400000.0,9.627,0.6967,15.0,5.0,14.2,5.4553,26.607818055555555,58.45441928537641,19.18506746031746,10.263659722432878,85.06223734093197,8.92140773788458
2008-09-11,40.25,40.4371,0.4648,14.743,13.8815,2.0835,2.7574,32964750000.0,9.627,0.6967,15.0,5.0,14.2,5.4553,26.57300297619048,58.464773780671536,18.911967460317463,10.30056433636774,85.03777675686202,8.611403123949723
2008-09-12,41.1,40.4371,-1.6129,15.0016,13.8815,2.1298,2.756,33660900000.0,9.6269,0.6838,15.0,5.0,14.2,5.4553,26.543193849206347,58.47532711518604,18.589903174603176,10.302889550831267,85.0185209643924,8.287013623771907
2008-09-15,41.02,40.4371,-1.421,14.9424,13.8808,2.1297,2.7532,33595380000.0,9.5146,0.7926,15.0,5.0,14.2,5.6151,26.50909583333333,58.48663438437207,18.227942063492065,10.19704058810275,84.9957302177054,8.030901475389312
2008-09-16,40.97,40.5812,-0.949,14.9063,13.8808,2.1297,2.7521,33554430000.0,9.4422,0.8838,15.0,5.0,14.2,5.7295,25.66375396825397,55.72799796020156,17.926376984126986,10.197862114738776,81.39175192845553,7.72851486938821
2008-09-17,38.93,40.5812,4.2415,14.1641,13.8815,2.0237,2.7515,31883670000.0,9.4422,0.8838,15.0,5.0,14.2,5.7295,24.83418055555556,52.84879535540232,17.644740476190478,10.080290839964242,77.68297591095788,7.564449636226236
2008-09-18,39.23,40.3728,2.9131,14.1973,13.8815,2.0478,2.7514,31933220000.0,8.92,0.7359,15.0,5.0,14.8,5.4663,23.976521825396823,49.58291936726591,17.45678333333333,10.132712635094238,73.55944119266273,7.324070698239092
2008-09-19,39.76,40.4353,1.6984,14.3166,13.8815,2.0777,2.7492,32364640000.0,8.919,0.7462,15.0,5.0,14.8,5.5452,23.116880357142858,46.07511117291083,17.305535714285714,10.22488934548598,69.19199153005368,7.080646368799734
2008-09-22,37.39,40.4353,8.1447,13.4029,13.8788,1.9575,2.7469,30435460000.0,8.8736,0.7619,15.0,5.0,14.8,5.5452,22.23509880952381,41.90387900282758,17.1999873015873,10.250438916151635,64.13897781235138,6.949548385435664
2008-09-23,37.22,39.1705,5.2405,13.3697,13.8761,1.9515,2.7469,30297080000.0,8.8517,0.5818,16.0,5.0,14.8,5.5452,21.372589285714284,37.53507068209653,17.052103968253967,10.287729099383528,58.90765996781081,6.764374868870439
2008-09-24,36.88,38.6023,4.67,13.2224,13.8752,1.9347,2.7462,30020320000.0,8.8935,0.5823,16.0,5.0,14.2,5.5452,20.50899603174603,32.56398304028507,16.88932380952381,10.32030290673617,53.0729790720311,6.569020902787639
2008-09-25,36.26,38.6023,6.4597,13.0001,13.8742,1.9022,2.7454,29515640000.0,8.8935,0.5823,16.0,5.0,14.2,5.5452,19.680810515873016,27.14159913261803,16.71771904761905,10.312467921654484,46.822409648491046,6.405251125964565
2008-09-26,35.5,38.6023,8.7389,12.7277,13.8736,1.8624,2.7448,28897000000.0,8.8935,0.5823,16.0,5.0,14.2,5.5452,18.862974404761903,20.399892563977545,16.58006746031746,10.302209453345975,39.262866968739445,6.277858006971483
2008-09-29,33.23,38.6023,14.6828,11.8349,13.8638,1.7441,2.7388,27049220000.0,8.6571,0.1431,16.0,5.0,14.2,5.5452,18.05765496031746,9.733356786893568,16.551289682539682,10.302406209027636,27.79101174721103,6.248883473512047
2008-09-30,35.35,38.6023,7.8051,12.5899,13.858,1.8554,2.7379,28774900000.0,8.6571,0.1431,16.0,5.0,14.2,5.5452,18.05330257936508,9.73745718726037,16.456916666666668,10.32779958150808,27.79075976662545,6.129117085158587
2008-10-01,35.97,38.6023,5.9469,12.8107,13.858,1.8879,2.7359,29279580000.0,8.6571,0.1431,16.0,5.0,14.2,5.5452,18.045727380952385,9.745399816180898,16.33561111111111,10.360981107576352,27.79112719713328,5.974630003534758
2008-10-02,34.68,38.6023,9.8878,12.3513,13.858,1.8202,2.7336,28229520000.0,8.6571,0.1431,16.0,5.0,14.2,5.5452,18.046479563492063,9.744754198610076,16.235420634920636,10.361816575603395,27.79123376210213,5.873604059317239
2008-10-03,32.74,38.6023,16.3992,11.6604,13.858,1.7184,2.732,26650360000.0,8.6571,0.1431,16.0,5.0,14.2,5.5452,18.06417738095238,9.733618293035478,16.19592619047619,10.35154682736967,27.797795673987856,5.844379363106519
2008-10-06,30.95,38.6023,23.1312,11.0229,13.8572,1.6245,2.7272,25193300000.0,8.6571,0.1431,16.0,5.0,14.2,5.5452,18.09833888888889,9.72109544218842,16.197653174603175,10.352694613679493,27.81943433107731,5.844958560923683
2008-10-07,29.59,37.8525,27.9233,10.4959,13.8572,1.5489,2.7251,24086260000.0,8.8356,0.491,12.0,5.0,14.2,5.5452,18.1399623015873,9.718156372160442,16.20490396825397,10.3606445873248,27.85811867374774,5.84425938092917
2008-10-08,29.59,37.8525,27.9233,10.4959,13.8572,1.5489,2.7246,24086260000.0,8.8356,0.491,12.0,5.0,14.2,5.5452,18.182024404761904,9.714524300617793,16.218163492063493,10.374666063226083,27.896548705379693,5.843497428837408
2008-10-09,27.92,37.8525,35.5749,9.9035,13.857,1.4615,2.7234,22726880000.0,8.8356,0.491,12.0,5.0,14.2,5.5452,18.23896130952381,9.732221926772787,16.278527777777775,10.465315649444156,27.9711832362966,5.813212128333619
2008-10-10,28.02,38.0492,35.793,9.9971,13.856,1.4707,2.7221,22808280000.0,8.6905,0.1678,13.0,5.0,14.2,5.5452,18.294783134920635,9.752081309737964,16.350030158730156,10.567938588619906,28.046864444658603,5.78209157011025
2008-10-13,30.97,38.5212,24.3823,11.0386,13.8472,1.6267,2.7189,25209580000.0,8.6363,0.3264,12.0,5.0,14.2,5.5452,18.32378611111111,9.74839819678825,16.317131746031745,10.53613058695566,28.072184307899363,5.781001159076084
2008-10-14,30.35,38.4156,26.5753,10.8019,13.8412,1.5943,2.7183,24704900000.0,8.6318,0.2375,11.0,5.0,14.2,5.5452,18.35902242063492,9.746059511253234,16.340157142857144,10.555489264237217,28.10508193188816,5.7846678786199295
2008-10-15,27.82,38.3551,37.8688,9.8937,13.8353,1.4598,2.7182,22645480000.0,8.6906,0.2856,11.0,5.0,14.2,5.5452,18.418962896825395,9.772981874722174,16.46680158730159,10.717355941820538,28.19194477154757,5.749445645481051
2008-10-16,29.32,38.3176,30.6876,10.4371,13.8309,1.5407,2.7174,23866480000.0,8.6135,0.2275,11.0,5.0,14.2,5.5452,18.46385,9.777282261426231,16.561051587301584,10.79011629777344,28.24113226142624,5.770935289528145
2008-10-17,29.59,38.3176,29.4951,10.5332,13.8247,1.5548,2.7168,24086260000.0,8.6135,0.2275,11.0,5.0,14.2,5.5452,18.50533373015873,9.779648285741876,16.620469047619046,10.84084730795858,28.284982015900606,5.779621739660467
2008-10-20,30.07,38.1973,27.0279,10.7616,13.8237,1.5851,2.7149,24476980000.0,8.6206,0.2387,11.0,5.0,14.2,5.5452,18.54460753968254,9.77403713764034,16.63797063492063,10.85596452692847,28.31864467732288,5.78200610799216
2008-10-21,29.92,38.1659,27.5598,10.6983,13.8194,1.5751,2.7136,24354880000.0,8.6903,0.2913,11.0,5.0,14.2,5.5452,18.58396626984128,9.770312698507208,16.650442857142856,10.867689293898088,28.35427896834848,5.7827535632447695
2008-10-22,28.16,37.6715,33.7766,10.0697,13.816,1.489,2.7127,22922240000.0,8.465,0.2694,11.0,5.0,14.2,5.5452,18.63597123015873,9.781300556547594,16.721561904761906,10.9505550519111,28.417271786706323,5.771006852850807
2008-10-23,27.31,37.6469,37.8502,9.7557,13.8115,1.4451,2.7117,22230340000.0,8.4277,0.2359,11.0,5.0,14.2,5.5452,18.697469642857143,9.804493528878574,16.81747777777778,11.08253112025862,28.50196317173572,5.73494665751916
2008-10-24,26.52,37.6469,41.9566,9.4948,13.8104,1.4107,2.7114,21587280000.0,8.4345,0.2396,11.0,5.0,14.2,6.603,18.76592638888889,9.846197920027487,16.94800476190476,11.280807542518206,28.61212430891638,5.667197219386553
2008-10-27,25.04,37.5188,49.8355,8.9633,13.8092,1.3316,2.7078,20382560000.0,8.4479,0.2497,11.0,5.0,14.2,6.603,18.85133650793651,9.928455781447049,17.145577777777778,11.634381291162017,28.77979228938356,5.511196486615763
2008-10-28,27.74,36.5661,31.8172,9.9231,13.8072,1.4928,2.7037,22580360000.0,8.0557,0.0641,11.0,4.0,15.0,6.0935,18.90540853174603,9.924704357903744,17.211503174603173,11.694117796006177,28.830112889649776,5.517385378596998
2008-10-29,28.37,36.3847,28.2506,10.1416,13.802,1.5251,2.7026,23093180000.0,7.7715,-0.1729,11.0,4.0,15.0,5.3774,18.94964107142857,9.91655775020939,17.30028968253968,11.73538081822534,28.86619882163796,5.564908864314342
2008-10-30,28.71,36.3847,26.7318,10.2631,13.7934,1.5434,2.7011,23369940000.0,7.7715,-0.1729,11.0,4.0,15.0,5.3774,18.99290753968254,9.90280952389478,17.385661111111112,11.76475211446098,28.89571706357732,5.620908996650133
2008-10-31,25.4,30.6506,20.6717,9.5245,13.7874,1.426,2.6997,20675600000.0,6.6468,-2.1945,11.0,4.0,14.25,4.2095,19.02214563492064,9.8859210657917,17.401144444444448,11.767806690672966,28.90806670071234,5.633337753771482
2008-11-03,24.07,29.8814,24.1437,9.0909,13.7796,1.353,2.6944,19592980000.0,6.5893,-2.5661,11.0,4.0,14.25,3.6111,19.05887361111111,9.870451902310291,17.4344246031746,11.780995912561398,28.929325513421404,5.653428690613204
2008-11-04,24.95,29.8403,19.6004,9.4336,13.7776,1.3921,2.6944,20309300000.0,6.9595,-2.482,12.0,4.0,14.25,3.6111,19.0832382936508,9.856565243028582,17.415653174603175,11.775601415548522,28.939803536679378,5.6400517590546535
2008-11-05,23.46,29.8567,27.2664,8.8592,13.7763,1.3066,2.6943,19096440000.0,7.0508,-2.4123,12.0,4.0,14.25,3.6111,19.11912718253968,9.853358610963848,17.471598412698413,11.805724784777764,28.97248579350353,5.665873627920648
2008-11-06,21.88,29.8086,36.2367,8.271,13.7745,1.2204,2.6914,17810320000.0,6.9763,-2.4688,12.0,4.0,14.25,3.6111,19.176279166666667,9.868960764026212,17.580961904761903,11.91559012734391,29.04523993069288,5.6653717774179935
2008-11-07,22.03,29.8086,35.3091,8.3333,13.774,1.2299,2.6912,17932420000.0,6.9283,-2.5098,12.0,4.0,14.25,3.6111,19.23256051587302,9.87993610219547,17.706830158730156,12.018805103212284,29.11249661806849,5.688025055517871
2008-11-10,20.85,29.7742,42.8019,7.8846,13.761,1.1636,2.6892,16971900000.0,6.9474,-2.4917,12.0,4.0,14.25,3.6111,19.30546170634921,9.918025747007803,17.872924603174603,12.219780924895025,29.22348745335701,5.653143678279578
2008-11-11,20.92,29.7248,42.088,7.9123,13.7593,1.1678,2.6868,17028880000.0,6.9367,-2.5001,12.0,4.0,14.25,3.6111,19.373800992063494,9.956110738044623,18.02627380952381,12.401562936282952,29.329911730108115,5.62471087324086
2008-11-12,19.24,29.6588,54.1518,7.2749,13.7576,1.0736,2.6844,15661360000.0,6.9547,-2.4857,12.0,4.0,14.25,3.6111,19.4665628968254,10.061563839401108,18.293231746031747,12.81084703227162,29.528126736226504,5.482384713760126
2008-11-13,20.06,29.6167,47.6406,7.5893,13.7544,1.1202,2.6839,16328840000.0,6.9159,-2.2105,11.0,4.0,14.25,3.6111,19.54837361111111,10.122619562223344,18.491386507936507,13.069617456996014,29.67099317333445,5.421769050940494
2008-11-14,18.97,29.6197,56.1397,7.1794,13.7516,1.0599,2.6812,15441580000.0,6.8885,-2.2335,11.0,4.0,14.25,3.6111,19.648894444444448,10.23355008222339,18.76551349206349,13.490775547470015,29.88244452666784,5.274737944593479
2008-11-17,18.54,29.6473,59.9099,7.0126,13.7412,1.035,2.6783,15091560000.0,6.9316,-2.1973,11.0,4.0,14.25,3.6111,19.75912797619048,10.366809868990076,19.05036904761905,13.972880878756271,30.12593784518055,5.077488168862777
2008-11-18,18.8,29.6473,57.6984,7.111,13.7352,1.0495,2.6783,15303200000.0,6.9316,-2.1973,11.0,4.0,14.25,3.6111,19.865845039682544,10.479586749966453,19.27484365079365,14.362473053055927,30.345431789649,4.91237059773772
2008-11-19,16.47,29.6701,80.1463,6.2224,13.7316,0.9179,2.6778,13406580000.0,7.0171,-2.1252,11.0,4.0,14.25,3.6111,20.016936111111114,10.794550097096725,19.69733015873016,15.338730440190984,30.81148620820784,4.358599718539173
2008-11-20,15.02,29.6701,97.5373,5.6746,13.7279,0.8371,2.6772,12226280000.0,7.0171,-2.1252,11.0,4.0,14.25,3.6111,20.20146091269841,11.311892626349373,20.24171269841269,16.81565477795485,31.513353539047788,3.4260579204578434
2008-11-21,15.77,29.6129,87.78,5.9719,13.7214,0.8819,2.6772,12836780000.0,6.8456,-2.2695,11.0,4.0,14.25,3.6111,20.36852023809524,11.681655759284908,20.737949206349207,17.855206151586085,32.050175997380144,2.8827430547631216
2008-11-24,17.75,29.6652,67.1279,6.7345,13.7193,0.9926,2.6759,14448500000.0,6.8456,-3.3762,12.0,4.0,14.25,3.6111,20.49545654761905,11.840711691862763,21.08948095238095,18.32661633271872,32.33616823948181,2.762864619662232
2008-11-25,17.84,29.7028,66.4955,6.7619,13.7191,0.9962,2.6753,14521760000.0,6.9164,-3.3212,12.0,4.0,14.25,3.6111,20.61987242063492,11.993285136774624,21.44074047619048,18.76762152446673,32.613157557409544,2.673118951723751
2008-11-26,19.47,29.7217,52.6538,7.3658,13.7189,1.0933,2.6747,15848580000.0,6.6433,-3.2365,12.0,4.0,14.25,3.7448,20.713341865079368,12.058957585946352,21.70733095238096,18.97105177201708,32.77229945102572,2.736279180363873
2008-11-28,21.0,29.7114,41.4829,7.9335,13.7151,1.1768,2.6683,17094000000.0,6.7376,-3.1566,12.0,4.0,14.25,3.7448,20.7812623015873,12.079368018227052,21.882531746031745,19.05140780639432,32.860630319814355,2.831123939637429
2008-12-01,19.59,29.6221,51.2103,7.4129,13.7106,1.1004,2.6668,15946260000.0,6.6171,-3.2504,12.0,4.0,14.25,3.7448,20.86756488095238,12.14104593271325,22.108905555555555,19.229671040898413,33.008610813665626,2.879234514657142
2008-12-02,20.09,29.6393,47.5326,7.5966,13.7098,1.1273,2.6656,16353260000.0,6.668,-3.2091,12.0,4.0,14.25,3.7448,20.94806726190476,12.18308265249286,22.3149253968254,19.36249184352437,33.131149914397625,2.952433553301024
2008-12-03,21.19,29.6184,39.7754,8.0053,13.709,1.189,2.6644,17248660000.0,6.6657,-3.2112,12.0,3.0,14.0,3.7448,21.004615674603176,12.204220055488726,22.47458571428572,19.42325603266642,33.208835730091906,3.051329681619297
2008-12-04,21.08,29.0563,37.8382,7.9861,13.7079,1.187,2.6635,17159120000.0,6.5277,-3.4133,13.0,3.0,14.0,3.5429,21.05945634920635,12.21765858456452,22.564794444444445,19.46831192409776,33.277114933770875,3.0964825203466866
2008-12-05,21.48,28.2133,31.3468,8.1801,13.7068,1.2209,2.6583,17484720000.0,6.057,-4.2212,13.0,3.0,14.0,3.5429,21.102059126984127,12.216016830700012,22.59587777777778,19.479265876544225,33.318075957684144,3.1166119012335542
2008-12-08,21.93,28.2653,28.8887,8.3071,13.703,1.247,2.6578,17851020000.0,6.0965,-4.2014,13.0,3.0,14.0,3.5429,21.14128273809524,12.209203047194832,22.6214873015873,19.48544921085053,33.35048578529007,3.136038090736772
2008-12-09,21.9,28.023,27.9589,8.2418,13.7024,1.2506,2.6573,17826600000.0,5.895,-4.0102,13.0,3.0,14.0,3.6677,21.17622738095238,12.20344906432312,22.605014285714287,19.480008705179586,33.3796764452755,3.125005580534701
2008-12-10,22.74,27.1957,19.5941,8.5714,13.7017,1.2957,2.6568,18510360000.0,6.0635,-3.957,14.0,3.0,14.0,3.6677,21.19415853174604,12.194450541773085,22.562656349206343,19.48071267496129,33.38860907351912,3.081943674245057
2008-12-11,21.83,27.1957,24.5795,8.2284,13.6987,1.2438,2.6566,17769620000.0,6.0635,-3.957,14.0,3.0,14.0,3.6677,21.22318075396825,12.185044651555527,22.56897857142857,19.481241114058808,33.40822540552378,3.0877374573697622
2008-12-12,21.72,27.2126,25.2882,8.1888,13.6961,1.2379,2.656,17680080000.0,6.0536,-3.9679,14.0,3.0,14.0,3.6677,21.253149404761903,12.176411274457225,22.576823015873018,19.48214261048779,33.42956067921913,3.094680405385226
2008-12-15,20.81,27.2844,31.112,7.8437,13.693,1.2023,2.6544,16939340000.0,6.0704,-3.9537,14.0,3.0,14.0,3.6677,21.296001190476183,12.173021289127975,22.61631031746032,19.49445374577628,33.46902247960416,3.1218565716840416
2008-12-16,22.87,27.2098,18.976,8.6452,13.6904,1.324,2.6544,18616180000.0,5.9555,-3.9102,15.0,3.0,14.0,3.6677,21.31440138888889,12.162466205699692,22.544021428571423,19.490902344240894,33.47686759458858,3.0531190843305325
2008-12-17,23.47,27.2308,16.0239,8.8663,13.6878,1.3575,2.6537,19104580000.0,5.9939,-3.8796,15.0,3.0,14.0,3.6677,21.32653333333333,12.154113918101665,22.549611904761903,19.48891451255957,33.480647251434995,3.0606973922023286
2008-12-18,24.24,26.6007,9.7389,9.8665,13.6786,1.2973,2.6529,19537440000.0,2.5031,1.4666,5.0,4.0,15.0,8.6017,21.3274125,12.15325794171068,22.48364523809524,19.51830923808144,33.48067044171068,2.9653360000138
2008-12-19,24.2,26.2151,8.3269,10.044,13.6749,1.307,2.6516,19505200000.0,2.3575,-0.1958,5.0,4.0,13.5,5.8238,21.322501190476192,12.15801901018763,22.37732936507936,19.55892832464624,33.48052020066382,2.8184010404331232
2008-12-22,23.13,26.1886,13.2235,9.5745,13.6694,1.2497,2.649,18642780000.0,2.3586,-0.1681,5.0,4.0,13.5,5.8238,21.327122222222226,12.15448973766656,22.312116666666668,19.575768363851218,33.48161195988878,2.7363483028154505
2008-12-23,23.13,26.1829,13.1989,9.5737,13.6685,1.2496,2.6487,18642780000.0,2.3583,-0.1689,5.0,4.0,13.5,5.8238,21.33587599206349,12.147026729955249,22.275192063492064,19.58863329842321,33.482902722018736,2.6865587650688525
2008-12-24,23.2,26.1829,12.8573,9.6026,13.6679,1.2533,2.6485,18699200000.0,2.3583,-0.1689,5.0,4.0,13.5,5.8238,21.34352619047619,12.140455541021726,22.177988888888887,19.60486026490864,33.48398173149792,2.5731286239802458
2008-12-26,23.34,26.1829,12.1967,9.6558,13.6587,1.2602,2.6446,18812040000.0,2.3567,-0.1734,5.0,4.0,13.5,5.8238,21.34955535714285,12.135145335515528,22.05926111111111,19.619762214579303,33.484700692658386,2.4394988965318056
2008-12-29,23.04,26.1829,13.6576,9.5317,13.6456,1.244,2.6439,18570240000.0,2.3567,-0.1734,5.0,4.0,13.5,5.8238,21.36334246031746,12.122419218648744,21.95304603174603,19.628802379885084,33.485761678966206,2.3242436518609466
2008-12-30,24.17,26.1829,8.3438,9.9992,13.6438,1.305,2.6435,19481020000.0,2.3567,-0.1734,5.0,4.0,13.5,5.8238,21.365477777777777,12.120025919685848,21.78405634920635,19.653765689990244,33.48550369746363,2.1302906592161044
2008-12-31,24.32,26.1374,7.4729,10.1186,13.6436,1.3269,2.6431,19601920000.0,2.3932,-0.1102,5.0,4.0,13.5,5.8238,21.363974801587304,12.121704859981644,21.60591984126984,19.681150666568293,33.48567966156895,1.9247691747015487
2009-01-02,25.55,26.1555,2.3699,10.6219,13.632,1.3928,2.6427,20593300000.0,2.3901,-0.116,5.0,4.0,13.5,5.8238,21.36016726190476,12.127379021701325,21.382024603174603,19.738616559763965,33.48754628360608,1.6434080434106375
2009-01-05,25.08,26.1555,4.2883,10.4265,13.6251,1.3672,2.6408,20214480000.0,2.3901,-0.116,5.0,4.0,13.5,5.8238,21.35772896825397,12.13069377923941,21.188090476190474,19.78588888346609,33.488422747493374,1.402201592724385
2009-01-06,25.22,26.1822,3.8152,10.5993,13.6239,1.3686,2.64,20327320000.0,3.3948,0.3355,7.0,5.0,13.6,5.7098,21.35019662698413,12.140420950829755,21.047357142857145,19.84628275526646,33.490617577813886,1.2010743875906833
2009-01-07,24.21,26.1822,8.1462,10.1748,13.6218,1.3138,2.639,19513260000.0,3.3948,0.3355,7.0,5.0,13.6,5.7098,21.351172023809525,12.139338119090803,20.885618253968254,19.867881927071707,33.490510142900334,1.0177363268965465
2009-01-08,24.13,26.2841,8.9271,10.0133,13.6194,1.3051,2.6377,19448780000.0,3.4555,0.2792,7.0,5.0,13.0,5.5394,21.35560436507937,12.134382340338927,20.67986746031746,19.85632639658734,33.489986705418296,0.8235410637301186
2009-01-09,23.61,26.2884,11.3443,9.9089,13.6182,1.2833,2.6371,19029660000.0,2.1582,-0.9988,7.0,5.0,12.6,3.4505,21.3640744047619,12.125881568307747,20.47245396825397,19.81590347278727,33.48995597306965,0.6565504954666999
2009-01-12,22.49,26.2328,16.6421,9.4401,13.6117,1.2226,2.6296,18126940000.0,2.1403,-1.0163,7.0,5.0,12.6,3.4505,21.38335555555556,12.110591982078672,20.302949206349204,19.756032162054147,33.49394753763423,0.546917044295057
2009-01-13,22.7,26.2328,15.563,9.5282,13.6098,1.234,2.6294,18296200000.0,2.1403,-1.0163,7.0,5.0,12.6,3.4505,21.40095396825397,12.095638111515791,20.155157142857146,19.720975641440944,33.49659207976976,0.434181501416198
2009-01-14,21.72,25.6282,17.9936,9.118,13.6079,1.1809,2.6291,17506320000.0,2.125,-1.0311,7.0,5.0,12.6,3.4505,21.423508134920635,12.078619801831984,20.130869047619043,19.72174440418273,33.50212793675262,0.4091246434363143
2009-01-15,20.95,25.6307,22.3422,8.9259,13.6054,1.1461,2.6291,16885700000.0,2.0955,-0.9729,7.0,5.0,12.6,3.4505,21.456256746031748,12.05863478383405,20.225531746031745,19.70335144025459,33.5148915298658,0.5221803057771552
2009-01-16,21.11,25.6696,21.5992,8.9158,13.5998,1.1538,2.629,17014660000.0,2.0568,-0.6898,7.0,5.0,12.6,3.4505,21.490037301587304,12.035071050677928,20.31979841269841,19.68109589791371,33.525108352265235,0.6387025147847005
2009-01-20,19.11,25.1592,31.6546,8.0718,13.5967,1.0446,2.6283,15402660000.0,2.0568,-0.6898,7.0,5.0,12.6,3.4505,21.545511507936503,12.01731038866183,20.46387619047619,19.697219173552064,33.56282189659834,0.7666570169241247
2009-01-21,19.88,25.0818,26.166,8.4066,13.5967,1.088,2.6258,16023280000.0,1.9387,-0.7976,7.0,5.0,12.6,3.4505,21.58926765873016,11.9938362025037,20.662114285714285,19.627237934717986,33.58310386123386,1.0348763509962993
2009-01-22,19.44,25.0818,29.0216,8.2206,13.5889,1.0639,2.6227,15668640000.0,1.9387,-0.7976,7.0,5.0,12.6,3.4505,21.637934722222223,11.974076281365946,20.8864373015873,19.55932138723724,33.612011003588165,1.3271159143500633
2009-01-23,19.38,25.072,29.3705,8.1921,13.5808,1.0602,2.6216,15620280000.0,1.9824,-0.7533,7.0,5.0,12.6,3.4505,21.68836527777778,11.95295270717668,21.06529047619048,19.53282110194396,33.64131798495446,1.5324693742465207
2009-01-26,19.04,25.1133,31.8976,8.045,13.5694,1.0411,2.6205,15346240000.0,2.0327,-0.7037,7.0,5.0,12.6,3.4505,21.74149503968254,11.938665331736775,21.2704626984127,19.50955464661856,33.68016037141932,1.7609080517941391
2009-01-27,19.58,24.5146,25.2022,8.5551,13.564,1.0708,2.6202,15781480000.0,2.0613,-1.2977,9.0,5.0,12.6,2.379,21.782464285714287,11.914971317118034,21.38103253968254,19.491897225461948,33.69743560283232,1.889135314220592
2009-01-28,19.97,24.5146,22.7571,8.7255,13.5634,1.0921,2.6202,16095820000.0,2.0613,-1.2977,9.0,5.0,12.6,2.379,21.81870178571429,11.89003180311725,21.52026904761905,19.43806830520545,33.708733588831535,2.082200742413597
2009-01-29,18.6,24.4322,31.3559,8.178,13.5622,1.0184,2.6197,14991600000.0,2.0623,-1.2465,9.0,5.0,12.6,2.4021,21.878436309523806,11.862082082854029,21.70981666666667,19.41642531940724,33.74051839237784,2.29339134725943
2009-01-30,18.19,24.4675,34.5107,7.9998,13.5569,0.9962,2.6188,14661140000.0,2.0406,-1.2696,9.0,5.0,12.6,2.4021,21.94213154761905,11.843501187662437,21.911240476190475,19.416534817554524,33.78563273528148,2.494705658635951
2009-02-02,18.01,24.4309,35.6519,7.928,13.5424,0.9873,2.6177,14516060000.0,1.9603,-1.3541,9.0,5.0,12.6,2.4021,22.00836626984127,11.826597037686703,22.112719047619045,19.42643519058586,33.83496330752798,2.6862838570331853
2009-02-03,18.89,24.4309,29.3325,8.3154,13.5422,1.0355,2.6168,15225340000.0,1.9603,-1.3541,9.0,5.0,12.6,2.4021,22.06057301587301,11.800657606964236,22.28278333333333,19.39482462495081,33.861230622837255,2.88795870838252
2009-02-04,18.48,24.4858,32.4989,8.1234,13.5419,1.0116,2.6166,14894880000.0,2.0825,-1.226,9.0,5.0,12.6,2.4021,22.11507718253968,11.785264469301678,22.538081746031747,19.315111568110147,33.90034165184136,3.2229701779216
2009-02-05,19.33,24.498,26.7356,8.5049,13.5405,1.0591,2.6162,15579980000.0,2.0014,-1.3105,9.0,5.0,12.6,2.4021,22.15092043650793,11.771757018189971,22.73963333333333,19.224429892638124,33.922677454697904,3.5152034406952097
2009-02-06,20.7,24.6805,19.2295,9.1117,13.5358,1.1331,2.6158,16684200000.0,2.0223,-2.994,9.0,5.0,12.6,1.9015,22.174550198412696,11.753866965206935,22.83565952380952,19.17599392249869,33.928417163619635,3.6596656013108273
2009-02-09,21.45,24.7078,15.1879,9.4224,13.5137,1.1716,2.6117,17288700000.0,2.1949,-2.8082,9.0,5.0,12.6,1.9015,22.18878630952381,11.741018587155258,22.947981746031747,19.088527604474432,33.929804896679066,3.859454141557314
2009-02-10,21.21,24.6736,16.33,9.3198,13.5116,1.1588,2.6103,17095260000.0,2.1679,-2.8359,9.0,5.0,12.6,1.9015,22.200334325396827,11.732367822755114,23.08744047619048,18.97423249860786,33.93270214815194,4.113207977582615
2009-02-11,21.64,24.6223,13.7814,9.5163,13.5097,1.1833,2.6097,17441840000.0,2.1025,-2.9066,9.0,5.0,12.6,1.9015,22.207771825396826,11.725825505666606,23.17407222222222,18.905962947644337,33.93359733106343,4.268109274577885
2009-02-12,21.2,24.6223,16.1429,9.418,13.5084,1.1713,2.6094,17087200000.0,2.0994,-2.8509,9.0,5.0,12.6,1.9015,22.22034265873016,11.71589680526564,23.246954761904764,18.860602661321703,33.936239463995804,4.386352100583061
2009-02-13,20.87,24.634,18.0355,9.269,13.5054,1.1527,2.6091,16821220000.0,2.1198,-2.8303,9.0,5.0,12.6,1.9015,22.237425595238097,11.70347424554523,23.371313492063493,18.77327899098436,33.94089984078333,4.59803450107913
2009-02-17,20.02,24.6051,22.9026,8.8958,13.4866,1.1063,2.6052,16136120000.0,2.0821,-2.8704,9.0,5.0,12.6,1.9015,22.262960714285715,11.69082595749978,23.53821031746032,18.673844562441097,33.953786671785494,4.864365755019222
2009-02-18,19.72,24.5972,24.7323,8.7672,13.4785,1.0904,2.6048,15894320000.0,2.0411,-2.9132,9.0,5.0,12.6,1.9015,22.290771825396824,11.67996840730078,23.692967460317465,18.601587595836303,33.9707402326976,5.091379864481159
2009-02-19,19.39,24.6158,26.951,8.6216,13.4711,1.0723,2.6034,15628340000.0,2.0314,-2.9243,9.0,5.0,12.6,1.9015,22.325411111111112,11.667819577529922,23.83380396825397,18.55814956198549,33.993230688641034,5.275654406268476
2009-02-20,19.4,24.6158,26.8856,8.6272,13.4681,1.073,2.6024,15636400000.0,2.0206,-2.9354,9.0,5.0,12.6,1.9015,22.35916091269841,11.656331893315109,23.94843015873016,18.53181374187107,34.015492806013526,5.416616416859089
2009-02-23,18.57,24.5867,32.4001,8.3634,13.4435,1.0284,2.6002,14967420000.0,1.8777,-3.912,9.0,5.0,12.6,1.5898,22.403717658730155,11.651697890079936,24.113018253968253,18.51390313966405,34.05541554881009,5.599115114304205
2009-02-24,20.25,24.5867,21.4158,9.12,13.442,1.1215,2.5987,16321500000.0,1.8777,-3.912,9.0,5.0,12.6,1.5898,22.421806746031745,11.643052841807815,24.220159523809524,18.458398930217832,34.064859587839564,5.761760593591692
2009-02-25,19.79,24.1291,21.9257,8.9491,13.4404,1.0974,2.5986,15950740000.0,1.926,-3.8113,10.0,5.0,12.6,1.5898,22.441395436507936,11.63387478228545,24.310147619047623,18.419000627068574,34.075270218793385,5.891146991979049
2009-02-26,19.99,24.1472,20.7964,9.0387,13.4139,1.1084,2.598,16111940000.0,1.9317,-3.8058,10.0,5.0,12.6,1.5898,22.453357142857143,11.629067461924125,24.38239603174603,18.38694033170887,34.08242460478127,5.995455700037159
2009-02-27,19.56,24.1315,23.3717,8.8483,13.4029,1.085,2.5965,15765360000.0,1.8994,-3.841,10.0,5.0,12.6,1.5898,22.47145833333333,11.623369931223015,24.48071111111111,18.347802797668,34.09482826455635,6.132908313443107
2009-03-02,18.21,24.0959,32.3224,8.2376,13.3697,1.0102,2.5956,14677260000.0,1.8994,-3.841,10.0,5.0,12.6,1.5898,22.50559742063492,11.626991610903094,24.686200793650794,18.28892607980462,34.13258903153802,6.397274713846173
2009-03-03,18.1,24.1013,33.1564,8.1867,13.3659,1.0039,2.5955,14588600000.0,1.9108,-3.8282,10.0,5.0,12.6,1.5898,22.539442063492064,11.63312963870466,24.881899206349207,18.246199821917923,34.17257170219672,6.635699384431284
2009-03-04,19.52,23.7129,21.48,8.8602,13.3621,1.0845,2.5945,15733120000.0,1.6983,-4.4934,10.0,5.0,12.6,1.5898,22.53832599206349,11.633204392256872,25.03048015873016,18.140526073663946,34.17153038432036,6.889954085066211
2009-03-05,18.1,23.706,30.9724,8.1775,13.3596,1.0068,2.5928,14588600000.0,1.7023,-4.5576,10.0,5.0,12.6,1.5898,22.561206349206348,11.638439004445395,25.252726984126983,18.039339881489685,34.199645353651746,7.213387102637299
2009-03-06,17.3,23.7124,37.0659,7.8139,13.348,0.962,2.5919,13943800000.0,1.7217,-4.5364,10.0,5.0,12.6,1.5898,22.59351825396825,11.656078947689622,25.49737619047619,17.98838569396339,34.24959720165788,7.508990496512798
2009-03-09,16.98,23.6559,39.3163,7.6701,13.3344,0.9443,2.5918,13685880000.0,1.7146,-4.545,10.0,5.0,12.6,1.5898,22.63438869047619,11.678553142009688,25.78345714285714,17.918560478236714,34.31294183248588,7.864896664620428
2009-03-10,19.18,23.6559,23.3363,8.6638,13.3297,1.0666,2.5912,15459080000.0,1.7146,-4.545,10.0,5.0,12.6,1.5898,22.64360357142857,11.677268448981016,25.97734126984127,17.75685872734593,34.32087202040959,8.22048254249534
2009-03-11,19.67,23.6583,20.2761,8.884,13.3262,1.0937,2.5906,15854020000.0,1.7263,-4.5321,10.0,5.0,12.6,1.5898,22.64743809523809,11.676170852175796,26.13340396825397,17.618013268685612,34.32360894741389,8.515390699568357
2009-03-12,20.74,23.6632,14.0945,9.2664,13.3217,1.1549,2.5905,16716440000.0,1.6827,-4.6291,10.0,5.0,12.6,1.5878,22.63325257936508,11.68222073326415,26.22848809523809,17.519396888005456,34.31547331262923,8.709091207232639
2009-03-13,20.54,23.6632,15.2055,9.388,13.3207,1.1493,2.5898,16555240000.0,1.6555,-4.1671,11.0,5.0,13.2,2.051,22.62149305555556,11.686716765733406,26.34547777777778,17.3947515181787,34.30820982128896,8.95072625959908
2009-03-16,20.5,23.6632,15.4302,9.5004,13.3188,1.1493,2.5887,16523000000.0,1.6139,-4.1623,11.0,5.0,13.2,1.918,22.612656150793647,11.69047410015867,26.48074047619048,17.241192453587036,34.30313025095232,9.23954802260344
2009-03-17,21.58,23.0256,6.6988,10.063,13.3179,1.2117,2.5885,17393480000.0,1.5272,-4.4408,12.0,5.0,13.2,1.933,22.586181746031745,11.711397201346031,26.54518333333333,17.151008002329135,34.29757894737777,9.3941753310042
2009-03-18,22.07,23.0186,4.2981,10.3271,13.3098,1.2501,2.5883,17788420000.0,1.4554,-4.1937,13.0,5.0,13.2,1.933,22.556054166666662,11.738896084372756,26.586826984126983,17.08997800543184,34.294950251039424,9.496848978695144
2009-03-19,22.39,23.0186,2.8075,10.4768,13.2982,1.2682,2.5846,18046340000.0,1.4554,-4.1937,13.0,5.0,13.2,1.933,22.523020833333334,11.771017126952206,26.57544603174603,17.10544824592978,34.294037960285536,9.46999778581625
2009-03-20,21.3,23.0851,8.3808,9.977,13.2906,1.2056,2.5835,17167800000.0,1.4914,-4.2352,13.0,5.0,13.2,1.933,22.509361111111108,11.783444133631336,26.61884047619048,17.051790807645588,34.292805244742446,9.567049668544886
2009-03-23,23.31,22.8976,-1.7692,10.7787,13.273,1.3089,2.5762,18717930000.0,1.7546,-3.7586,14.0,5.0,13.2,1.933,22.476709722222225,11.827878407304269,26.59131984126984,17.095076080897716,34.30458812952649,9.496243760372124
2009-03-24,22.83,23.5294,3.0635,10.6478,13.2729,1.3076,2.5741,18332490000.0,1.4001,-4.0,14.0,5.0,13.2,2.617,22.45497123015873,11.853492951312807,26.55099285714285,17.144860195382947,34.308464181471535,9.406132661759909
2009-03-25,22.71,23.6964,4.3435,10.7102,13.2611,1.3109,2.57,18236130000.0,1.1735,-4.4794,14.0,5.0,13.2,2.7875,22.435278968253968,11.87534437769862,26.54387380952381,17.153963539031633,34.310623345952585,9.389910270492171
2009-03-26,23.14,23.6837,2.3496,10.7753,13.2601,1.3362,2.5678,18581420000.0,1.1573,-4.5833,14.0,5.0,13.2,2.7875,22.408368253968256,11.9054841119203,26.525457936507937,17.17886187961166,34.31385236588856,9.346596056896278
2009-03-27,22.17,23.6587,6.7149,10.3236,13.2561,1.2799,2.5668,17802510000.0,1.1657,-4.5833,14.0,5.0,13.2,2.7875,22.385413095238096,11.924589848352698,26.527483333333333,17.17649207077039,34.3100029435908,9.350991262562944
2009-03-30,20.92,23.6587,13.0913,9.7762,13.2368,1.2104,2.5638,16798760000.0,1.1657,-4.5478,14.0,5.0,13.2,2.7875,22.37742242063492,11.92947450695455,26.56202619047619,17.144779255127975,34.30689692758947,9.417246935348214
2009-03-31,21.6,23.5311,8.9403,10.1509,13.2344,1.2488,2.5632,17344800000.0,1.1893,-4.4828,14.0,5.0,13.2,2.7875,22.361046825396823,11.942262289670904,26.5164507936508,17.184197267423272,34.303309115067734,9.332253526227522
2009-04-01,23.04,23.538,2.1615,10.8276,13.2308,1.3322,2.5627,18501120000.0,1.1858,-4.4828,14.0,5.0,13.2,2.7875,22.329826785714285,11.97448119628958,26.47166031746032,17.240620792957856,34.30430798200386,9.231039524502464
2009-04-02,24.19,23.5893,-2.4833,11.368,13.226,1.3976,2.5608,19424570000.0,1.2205,-4.0351,15.0,5.0,13.2,2.7875,22.290525595238098,12.02334740461263,26.404753968253967,17.336997565394714,34.31387299985073,9.067756402859253
2009-04-03,25.52,23.5927,-7.5521,11.993,13.2236,1.476,2.5604,20492560000.0,1.1729,-4.0351,15.0,5.0,13.2,2.7875,22.239086904761905,12.095381846870945,26.266342063492065,17.538364768943957,34.33446875163285,8.727977294548108
2009-04-06,24.75,23.5927,-4.676,11.6312,13.2206,1.4315,2.5585,19874250000.0,1.1729,-4.0351,15.0,5.0,13.2,2.7875,22.19380277777778,12.153317346736523,26.09907857142857,17.732641715072667,34.347120124514305,8.366436856355907
2009-04-07,23.5,23.5911,0.3877,11.0438,13.2196,1.3591,2.5536,18870500000.0,1.1766,-4.0351,15.0,5.0,13.2,2.7875,22.157254761904763,12.1911579593277,25.9185746031746,17.878251406044942,34.348412721232464,8.04032319712966
2009-04-08,23.99,23.5789,-1.7136,11.274,13.219,1.3878,2.5487,19263970000.0,1.163,-4.0351,15.0,5.0,13.2,2.7875,22.11423333333333,12.237066568064838,25.68336111111111,18.04583748521729,34.35129990139817,7.637523625893813
2009-04-09,25.6,23.5789,-7.8949,12.0306,13.2145,1.4807,2.5463,20556800000.0,1.1707,-4.0351,15.0,5.0,13.2,2.7875,22.05404007936508,12.309845960456109,25.39908968253968,18.29072585109653,34.36388603982118,7.108363831443153
2009-04-13,26.2,23.5789,-10.0042,12.3126,13.2196,1.5153,2.5457,21038600000.0,1.1707,-4.0351,15.0,5.0,13.2,2.7875,21.990894246031747,12.392393104525125,25.037350793650795,18.53692306543558,34.38328735055687,6.500427728215215
2009-04-14,25.28,23.612,-6.5981,11.8803,13.219,1.4618,2.5456,20299840000.0,1.1847,-4.0351,15.0,5.0,13.2,2.7875,21.9340257936508,12.457650966825948,24.70091349206349,18.723898184193768,34.39167676047674,5.977015307869724
2009-04-15,25.82,23.6166,-8.5337,12.134,13.2184,1.4931,2.5454,20733460000.0,1.1817,-4.0351,15.0,5.0,13.2,2.7875,21.88049007936508,12.53042425003175,24.4396753968254,18.956557600529376,34.41091432939683,5.483117796296021
2009-04-16,27.41,23.6141,-13.8486,12.8812,13.2184,1.5856,2.5416,22010230000.0,1.1653,-4.0351,15.0,5.0,13.2,2.7875,21.81600634920635,12.630302511744048,24.1188507936508,19.25977085357242,34.4463088609504,4.859079940078377
2009-04-17,27.25,23.5964,-13.4077,12.8061,13.2184,1.576,2.5401,21881750000.0,1.176,-4.0351,15.0,5.0,13.2,2.7875,21.75092638888889,12.726949408118774,23.711894444444443,19.50705724204774,34.47787579700766,4.204837202396703
2009-04-20,25.25,23.5964,-6.5489,11.8662,13.2196,1.4603,2.5385,20275750000.0,1.176,-4.0351,15.0,5.0,13.2,2.7875,21.70016765873016,12.78867413153637,23.416366666666665,19.681811110338355,34.48884179026653,3.73455555632831
2009-04-21,25.57,23.5724,-7.8123,12.0165,13.219,1.4776,2.5308,20532710000.0,1.1885,-4.0351,15.0,5.0,13.2,2.7875,21.650154563492062,12.854664598081184,23.1202761904762,19.86936200885944,34.50481916157325,3.250914181616753
2009-04-22,26.59,23.5642,-11.3795,12.4959,13.2184,1.5378,2.5231,21351770000.0,1.1525,-4.0351,15.0,5.0,13.2,2.7875,21.59626527777778,12.935992609454106,22.815455555555555,20.10217918439509,34.532257887231886,2.7132763711604646
2009-04-23,27.72,23.5642,-14.9921,13.0269,13.2145,1.6016,2.5186,22259160000.0,1.1951,-4.0351,15.0,5.0,13.2,2.7875,21.53668988095238,13.03503667747413,22.477742063492062,20.377386112517343,34.57172655842651,2.10035595097472
2009-04-24,28.43,23.5714,-17.0897,13.4326,13.219,1.6442,2.5128,22829290000.0,1.1579,-3.9569,15.0,5.0,13.2,2.7875,21.476854365079365,13.142761903213156,22.07404126984127,20.65373895689111,34.61961626829252,1.4203023129501595
2009-04-27,24.59,23.5714,-4.1423,11.7521,13.2217,1.4295,2.5101,19745770000.0,1.1199,-3.9569,15.0,5.0,13.2,2.7875,21.4423378968254,13.187168975521478,21.74076746031746,20.735772178007046,34.62950687234687,1.0049952823104142
2009-04-28,25.55,23.565,-7.7691,12.2155,13.2206,1.4853,2.5101,20516650000.0,1.1203,-3.9498,15.0,5.0,13.2,2.7875,21.40159484126984,13.245622652585368,21.346119047619048,20.82096236026646,34.64721749385521,0.5251566873525881
2009-04-29,26.53,24.315,-8.349,12.6659,13.2196,1.5415,2.5101,21303590000.0,1.1555,-3.8066,14.0,5.0,13.2,2.7875,21.360662301587304,13.305604096727512,20.8843373015873,20.829276690111826,34.66626639831482,0.0550606114754756
2009-04-30,26.88,24.3508,-9.4092,12.833,13.2196,1.5612,2.508,21584640000.0,1.1732,-3.8066,14.0,5.0,13.2,2.7875,21.315845634920635,13.37109804098707,20.55714365079365,20.979423791570586,34.686943675907706,-0.4222801407769303
2009-05-01,26.14,24.3634,-6.7965,12.4797,13.2196,1.5188,2.4977,20990420000.0,1.1557,-3.8066,14.0,5.0,13.2,2.7875,21.2780498015873,13.423587721352307,20.278992063492066,21.108540825395178,34.701637522939606,-0.8295487619031121
2009-05-04,29.57,24.3634,-17.6077,14.1173,13.2224,1.7181,2.4977,23744710000.0,1.1557,-3.8066,14.0,5.0,13.2,2.7875,21.21324146825397,13.532098561860858,19.92709126984127,21.36810175419056,34.745340030114825,-1.441010484349288
2009-05-05,29.32,24.3873,-16.8237,13.9979,13.2249,1.703,2.4977,23543960000.0,1.1733,-3.8066,14.0,5.0,13.2,2.7875,21.149036507936508,13.635462367848916,19.62950873015873,21.61728564137879,34.784498875785424,-1.98777691122006
2009-05-06,29.47,24.1332,-18.1093,14.1431,13.226,1.7128,2.4972,23664410000.0,1.1411,-4.0324,14.0,5.0,12.6,2.5217,21.081175992063493,13.74534231338904,19.294167460317464,21.87291483081236,34.82651830545253,-2.578747370494892
2009-05-07,28.13,24.1325,-14.2108,13.5,13.2308,1.6353,2.4972,22588390000.0,1.1314,-4.0324,14.0,5.0,12.6,2.5217,21.01900515873016,13.83385736899785,19.0258246031746,22.075591311968708,34.85286252772801,-3.049766708794106
2009-05-08,27.87,24.6331,-11.6143,13.3056,13.2368,1.6202,2.4972,22379610000.0,1.1317,-3.8066,14.0,5.0,13.2,2.7875,20.96627797619048,13.907444262078911,18.71724761904762,22.23067771082368,34.87372223826939,-3.513430091776062
2009-05-11,27.26,24.6331,-9.6365,13.0144,13.2391,1.5847,2.484,21889780000.0,1.1317,-3.7312,14.0,5.0,13.2,2.7875,20.917190674603177,13.971690875892612,18.353174603174605,22.316931963575737,34.88888155049579,-3.963757360401132
2009-05-12,26.86,24.6655,-8.1701,12.8235,13.2391,1.5595,2.4827,21568580000.0,1.1911,-3.7312,14.0,5.0,13.2,2.7875,20.874102380952383,14.027841075838362,18.00810158730159,22.38868620072192,34.90194345679075,-4.380584613420329
2009-05-13,25.28,24.6496,-2.4937,12.0691,13.2391,1.4691,2.4814,20299840000.0,1.1474,-3.7312,14.0,5.0,13.2,2.7875,20.83951904761905,14.063947783037584,17.648612698412702,22.35101194809389,34.903466830656626,-4.702399249681193
2009-05-14,25.56,24.6473,-3.5708,12.2028,13.2391,1.4849,2.4749,20524680000.0,1.1643,-3.7312,14.0,5.0,13.2,2.7875,20.80137023809524,14.1040552870169,17.286241269841266,22.321720590847868,34.905425525112136,-5.035479321006601
2009-05-15,25.0,24.664,-1.344,11.9927,13.2391,1.4518,2.4716,20075000000.0,1.1754,-3.8665,14.0,5.0,13.2,2.7875,20.76759027777777,14.1366932313149,16.845798412698414,22.13521628673359,34.90428350909268,-5.289417874035177
2009-05-18,26.49,24.664,-6.8932,12.6017,13.2391,1.5384,2.4587,21271470000.0,1.1754,-3.9836,14.0,5.0,13.2,2.7875,20.72072043650794,14.189171352710389,16.41299047619048,22.061295082011554,34.90989178921833,-5.648304605821075
2009-05-19,26.54,24.6991,-6.9363,12.6255,13.2391,1.541,2.4558,21311620000.0,1.185,-3.9836,14.0,5.0,13.2,2.7875,20.68186507936508,14.238053572073708,15.9123873015873,21.867417672374486,34.919918651438785,-5.9550303707871866
2009-05-20,25.05,24.7201,-1.317,11.9167,13.2391,1.4544,2.4528,20115150000.0,1.1876,-3.9836,14.0,5.0,13.2,2.7875,20.655244444444445,14.266645074728563,15.426459523809523,21.56002101463603,34.92188951917301,-6.133561490826505
2009-05-21,24.68,24.7299,0.2022,11.7406,13.2391,1.4338,2.4524,19818040000.0,1.1568,-3.9836,14.0,5.0,13.2,2.7875,20.633689285714286,14.289350924848929,14.970140476190478,21.26460679799058,34.923040210563215,-6.294466321800103
2009-05-22,24.95,24.7531,-0.7892,11.8691,13.2391,1.4497,2.4519,20034850000.0,1.151,-3.9836,14.0,5.0,13.2,2.7875,20.60775773809524,14.316373707634115,14.327795238095238,20.48831360421779,34.92413144572935,-6.160518366122552
2009-05-26,25.91,24.7625,-4.4288,12.2517,13.2391,1.5036,2.4261,20805730000.0,1.1657,-4.0092,14.0,5.0,13.2,2.7875,20.57388571428572,14.355398300844756,13.518540476190475,19.1450977377131,34.92928401513047,-5.626557261522626
2009-05-27,24.8,24.7756,-0.0984,11.7269,13.2391,1.4388,2.4176,19914400000.0,1.178,-4.0092,14.0,5.0,13.2,2.7875,20.55030595238096,14.37960197154433,12.821092857142856,17.98359520002681,34.929907923925285,-5.162502342883952
2009-05-28,24.39,24.7661,1.542,11.533,13.2332,1.4155,2.4032,19585170000.0,1.1633,-4.0092,14.0,5.0,13.2,2.7875,20.53187400793651,14.398026182848971,12.300569841269844,17.33668058261794,34.92990019078548,-5.036110741348098
2009-05-29,25.44,24.7887,-2.5601,12.0295,13.2272,1.4768,2.3974,20428320000.0,1.1531,-4.0092,14.0,5.0,13.2,2.7875,20.50547738095238,14.428170627259233,11.752509523809522,16.68914955823176,34.93364800821161,-4.93664003442224
2009-06-01,26.68,24.7887,-7.0888,12.4737,13.2248,1.5406,2.3632,21424040000.0,1.1501,-4.0092,14.0,5.0,13.2,2.7875,20.47018253968254,14.473890604078,11.278361904761905,16.363304481072767,34.94407314376054,-5.084942576310862
2009-06-02,26.8,24.8515,-7.2705,12.5298,13.2224,1.5467,2.3422,21520400000.0,1.1766,-4.0092,14.0,5.0,13.2,2.7875,20.43496170634921,14.519772467104316,10.89143015873016,16.21914883358933,34.954734173453524,-5.32771867485917
2009-06-03,26.24,24.8262,-5.388,12.268,13.2196,1.5159,2.3418,21070720000.0,1.1306,-4.8198,13.0,5.0,13.2,1.7388,20.402210714285715,14.55939067021536,10.4422373015873,15.873647001163798,34.96160138450108,-5.431409699576498
2009-06-04,25.99,24.8262,-4.4779,12.1511,13.2184,1.501,2.3388,20869970000.0,1.1453,-4.8198,13.0,5.0,13.2,1.7388,20.37354503968254,14.594153239105507,10.029455555555554,15.574859266572131,34.96769827878805,-5.545403711016579
2009-06-05,25.56,24.7722,-3.0822,11.9501,13.2106,1.4778,2.336,20524680000.0,1.09,-4.8198,13.0,5.0,13.2,1.7388,20.341640674603177,14.62784707152975,9.689315873015872,15.38688971215382,34.96948774613293,-5.697573839137949
2009-06-08,25.0,24.7722,-0.9112,11.7003,13.2145,1.4464,2.3191,20075000000.0,0.9827,-4.9366,13.0,5.0,13.2,1.3417,20.308316269841267,14.657123764473308,9.381780952380952,15.20595708063762,34.965440034314575,-5.824176128256667
2009-06-09,25.03,24.9737,-0.2249,11.7143,13.2106,1.4477,2.3052,20099090000.0,1.032,-4.9366,13.0,5.0,13.2,1.3417,20.27669285714286,14.684226070474848,9.131211904761903,15.10087592390111,34.960918927617705,-5.969664019139206
2009-06-10,23.85,24.9859,4.7627,11.2077,13.1858,1.3793,2.2912,19151550000.0,1.1298,-4.3587,14.0,5.0,13.2,1.4021,20.25459007936508,14.699199429179318,8.939735714285714,15.000976692066198,34.9537895085444,-6.061240977780484
2009-06-11,23.73,24.9913,5.3152,11.2294,13.1858,1.3711,2.2586,19055190000.0,1.1703,-4.7033,14.0,5.0,13.2,1.4021,20.23719265873016,14.71170141910222,8.760023809523808,14.90664335685226,34.94889407783238,-6.146619547328452
2009-06-12,24.17,24.9831,3.3641,11.4376,13.1858,1.3972,2.2539,19408510000.0,1.1496,-4.7033,14.0,5.0,13.2,1.4021,20.21674087301588,14.728002288723804,8.631214285714284,14.882378903746314,34.94474316173968,-6.25116461803203
2009-06-15,23.16,25.1081,8.4115,11.0443,13.1858,1.3358,2.2264,18597480000.0,1.2675,-4.9436,14.0,5.0,13.2,1.1516,20.20630059523809,14.73451347463944,8.502896825396826,14.813311864611132,34.94081406987753,-6.3104150392143055
2009-06-16,22.53,24.9023,10.5295,10.8089,13.1609,1.2989,2.2216,18091590000.0,1.2861,-4.901,14.0,5.0,13.2,1.1516,20.197114484126985,14.739108729879792,8.385764285714286,14.737681783382126,34.93622321400677,-6.35191749766784
2009-06-17,23.05,24.8814,7.9453,11.0583,13.1598,1.3299,2.2183,18509150000.0,1.2526,-4.901,14.0,5.0,13.2,1.1516,20.182570833333333,14.74758888871994,8.201901587301586,14.595714650704725,34.93015972205328,-6.3938130634031385
2009-06-18,24.77,26.7608,8.0371,11.7818,13.1598,1.4209,2.2144,19915080000.0,1.4079,-4.6825,16.0,5.0,13.2,1.2918,20.16340873015873,14.7570990124651,8.11508492063492,14.563614126918148,34.92050774262383,-6.448529206283228
2009-06-19,26.6,26.898,1.1203,12.6787,13.1598,1.526,2.2137,21386400000.0,1.3801,-4.0729,16.0,5.0,13.2,1.4468,20.12897797619048,14.781273946953265,7.9968023809523805,14.559387866030404,34.91025192314374,-6.562585485078023
2009-06-22,24.56,26.898,9.5195,11.745,13.1858,1.4089,2.2032,19746240000.0,1.3801,-4.0557,16.0,5.0,13.2,1.4468,20.10382797619048,14.788533337856032,7.99506111111111,14.559190966830355,34.89236131404651,-6.564129855719245
2009-06-23,24.54,26.8812,9.5403,11.7969,13.1609,1.4057,2.2018,19730160000.0,1.5406,-3.6502,16.0,5.0,13.2,1.4468,20.08425654761905,14.795986172485296,8.00469126984127,14.559813504855144,34.88024272010434,-6.555122235013874
2009-06-24,25.48,26.9056,5.595,12.1466,13.1609,1.4551,2.1998,20485920000.0,1.6991,-3.1405,15.0,4.0,13.5,2.0385,20.052801984126983,14.809925400992933,7.944147619047619,14.553798116569894,34.86272738511991,-6.609650497522275
2009-06-25,25.74,26.8164,4.1818,12.3134,13.1609,1.4696,2.1977,20694960000.0,1.7073,-3.5002,15.0,4.0,13.5,2.0385,20.01982857142857,14.826748214227088,7.872583333333333,14.549921645681778,34.84657678565566,-6.677338312348445
2009-06-26,25.35,26.8468,5.9045,12.1269,13.1609,1.4469,2.1888,20381400000.0,1.7496,-3.7649,14.0,4.0,13.5,2.0385,19.98903769841269,14.839936190709814,7.81740238095238,14.544048893363684,34.82897388912251,-6.726646512411303
2009-06-29,26.09,27.0991,3.8678,12.4404,13.2106,1.4872,2.1877,20976360000.0,1.7725,-3.9197,15.0,4.0,13.5,2.0385,19.949614087301587,14.856342280650992,7.7513,14.542913140847643,34.805956367952575,-6.791613140847645
2009-06-30,25.77,27.0926,5.1323,12.2878,13.1858,1.4689,2.1869,20719080000.0,1.7725,-3.9197,15.0,4.0,13.5,2.0385,19.91385714285714,14.870295907767224,7.683638888888888,14.53504407363647,34.78415305062437,-6.851405184747582
2009-07-01,26.27,27.0926,3.1313,12.5262,13.1609,1.4974,2.1856,21121080000.0,1.7725,-3.9197,15.0,4.0,13.5,2.0385,19.870106746031748,14.887194702367347,7.642269841269841,14.540566871570114,34.7573014483991,-6.898297030300273
2009-07-02,25.35,27.4321,8.2134,12.1298,13.1609,1.445,2.1836,20381400000.0,1.7725,-3.8785,15.0,4.0,13.5,2.0385,19.834824603174603,14.893718805074826,7.648146825396826,14.540647515137314,34.72854340824943,-6.892500689740488
2009-07-06,25.44,27.4321,7.7586,12.3441,13.2106,1.4566,2.1734,20453760000.0,1.7725,-3.8785,15.0,4.0,13.5,2.0385,19.80129623015873,14.901860179751452,7.690914285714286,14.53292141842766,34.70315640991018,-6.8420071327133725
2009-07-07,24.93,27.3923,9.8769,12.0967,13.1858,1.4278,2.1696,20043720000.0,1.7852,-3.8785,15.0,4.0,13.5,2.0385,19.77243313492064,14.90697596597012,7.735268253968253,14.530981657755378,34.67940910089075,-6.795713403787125
2009-07-08,24.51,27.3923,11.7597,11.8929,13.1609,1.4035,2.1687,19706040000.0,1.7915,-3.7016,15.0,4.0,13.5,2.0385,19.74361111111111,14.9084001488411,7.798319841269841,14.531072003036885,34.65201125995221,-6.732752161767042
2009-07-09,25.28,27.3976,8.3766,12.2665,13.1609,1.4467,2.1664,20325120000.0,1.8197,-3.7016,15.0,4.0,13.5,2.0385,19.70475833333333,14.912464535828192,7.800148412698412,14.531130626545089,34.61722286916152,-6.730982213846675
2009-07-10,24.68,27.3932,10.9935,11.9754,13.1609,1.4131,2.1643,19842720000.0,1.7977,-3.7016,15.0,4.0,13.5,2.0385,19.669844642857147,14.91221950839543,7.8165484126984115,14.533578567231013,34.582064151252574,-6.717030154532601
2009-07-13,25.07,27.2919,8.8628,12.2352,13.2106,1.4364,2.1616,20156280000.0,1.7665,-3.9139,15.0,4.0,12.75,1.7127,19.63217341269841,14.915497228787022,7.796853968253967,14.530440870281373,34.54767064148543,-6.7335869020274055
2009-07-14,25.49,27.4081,7.5249,12.2743,13.1858,1.4572,2.16,20493960000.0,1.8773,-3.2035,16.0,4.0,12.75,1.7127,19.59647123015873,14.922912336492743,7.724495238095237,14.508725611349066,34.51938356665148,-6.784230373253829
2009-07-15,27.26,27.4081,0.5433,13.1266,13.1609,1.5582,2.1563,21917040000.0,1.8839,-3.2035,16.0,4.0,12.75,1.7127,19.546812301587305,14.944617236821903,7.605291269841269,14.505509810683744,34.49142953840921,-6.900218540842475
2009-07-16,27.24,27.7557,1.8932,13.1594,13.1609,1.5575,2.1512,21900960000.0,1.8708,-3.4422,16.0,4.0,12.75,1.7127,19.499503174603174,14.96271180442814,7.477510317460316,14.484165302132253,34.46221497903132,-7.006654984671936
2009-07-17,26.34,27.7435,5.3284,12.7246,13.1609,1.5061,2.1485,21177360000.0,1.8708,-3.4422,16.0,4.0,12.75,1.7127,19.458485119047616,14.973184562350292,7.342480158730158,14.423659136882096,34.431669681397906,-7.081178978151938
2009-07-20,27.68,27.7435,0.2294,13.372,13.2184,1.5827,2.1402,22254720000.0,1.8708,-3.4422,16.0,4.0,12.75,1.7127,19.406664484126985,14.99447674213686,7.172878571428571,14.380253226930892,34.401141226263846,-7.207374655502321
2009-07-21,27.63,27.7609,0.4738,13.3478,13.2196,1.5802,2.1357,22214520000.0,1.8611,-3.4422,16.0,4.0,12.75,1.7127,19.35319861111111,15.013874222662585,6.925411904761905,14.223014341493732,34.3670728337737,-7.297602436731827
2009-07-22,27.81,27.7609,-0.1766,13.4348,13.2224,1.5901,2.1344,22359240000.0,1.8707,-3.4422,16.0,4.0,12.75,1.7127,19.298657936507936,15.034819210292389,6.71634365079365,14.13124143484919,34.33347714680033,-7.41489778405554
2009-07-23,28.55,27.7582,-2.7734,13.7923,13.2272,1.632,2.1333,22954200000.0,1.8808,-3.4422,16.0,4.0,12.75,1.7127,19.240123412698416,15.063238827350055,6.46400238095238,14.013138304984844,34.30336224004847,-7.549135924032464
2009-07-24,28.5,27.7554,-2.6126,13.7681,13.2391,1.6296,2.1312,22914000000.0,1.87,-3.4422,16.0,4.0,12.75,1.7127,19.18135734126984,15.090633105463828,6.210168253968254,13.883966096090244,34.27199044673367,-7.67379784212199
2009-07-27,28.24,27.7554,-1.716,13.6425,13.2391,1.6147,2.1297,22704960000.0,1.87,-3.4422,16.0,4.0,12.75,1.7127,19.120902182539684,15.113225344332074,5.9433936507936505,13.70826817898011,34.23412752687176,-7.764874528186459
2009-07-28,28.43,27.7626,-2.3475,13.7776,13.2391,1.6245,2.1297,22857720000.0,1.8983,-3.7139,15.0,4.0,12.75,2.0385,19.05498630952381,15.13429503079262,5.724745238095238,13.618044104998942,34.189281340316434,-7.893298866903704
2009-07-29,27.29,27.7549,1.7036,13.2251,13.2332,1.5594,2.1295,21941160000.0,1.898,-3.7139,15.0,4.0,12.75,2.0385,18.99971845238096,15.14671712280403,5.557653968253968,13.536304163235377,34.14643557518498,-7.978650194981409
2009-07-30,28.16,28.1126,-0.1683,13.6348,13.2332,1.6084,2.1292,22640640000.0,1.915,-3.6476,16.0,4.0,12.75,2.0385,18.93806785714286,15.161397031437662,5.307461904761904,13.345648353178516,34.09946488858052,-8.038186448416614
2009-07-31,27.99,28.1224,0.473,13.5525,13.2332,1.5999,2.1273,22503960000.0,1.8838,-3.6476,16.0,4.0,12.75,2.0385,18.880530357142856,15.176359692552827,5.0373214285714285,13.091872040930452,34.05689004969568,-8.054550612359023
2009-08-03,29.0,28.1224,-3.0262,14.0415,13.2262,1.6577,2.124,23316000000.0,1.8838,-3.6476,16.0,4.0,12.75,2.0385,18.81662222222221,15.200685844959654,4.73035238095238,12.818902969978112,34.01730806718187,-8.088550589025733
2009-08-04,29.42,28.1622,-4.2753,14.2449,13.2272,1.6811,2.1235,23653680000.0,1.8972,-3.6476,16.0,4.0,12.75,2.0385,18.742653769841272,15.222196736382577,4.463623809523809,12.651452443436996,33.96485050622385,-8.187828633913188
2009-08-05,28.96,28.1696,-2.7293,14.0222,13.2332,1.6548,2.123,23283840000.0,1.8975,-3.6476,16.0,4.0,12.75,2.0385,18.676681547619044,15.24308736920976,4.184034920634921,12.413965730458989,33.9197689168288,-8.229930809824065
2009-08-06,28.91,28.1497,-2.6299,13.998,13.2332,1.652,2.1217,23243640000.0,1.8975,-3.6476,16.0,4.0,12.75,2.0385,18.617383531746032,15.267756001615789,3.950975396825396,12.26191856334192,33.88513953336182,-8.310943166516523
2009-08-07,30.35,28.3012,-6.7506,14.6952,13.2332,1.7341,2.1194,24401400000.0,1.9006,-3.6476,16.0,4.0,12.75,2.0385,18.556544246031745,15.307655516390266,3.744784126984126,12.22131396826648,33.86419976242201,-8.476529841282355
2009-08-10,29.87,28.2837,-5.3107,14.4425,13.2262,1.7057,2.1129,24015480000.0,1.9085,-3.4873,17.0,4.0,12.75,2.0385,18.501622222222224,15.343561492799504,3.582096825396825,12.2041915484275,33.84518371502173,-8.622094723030676
2009-08-11,29.51,28.2795,-4.1698,14.2684,13.2272,1.6844,2.1128,23726040000.0,1.9273,-3.4873,17.0,4.0,12.75,2.0385,18.45033908730159,15.376087123234884,3.4194,12.16948118384672,33.826426210536475,-8.75008118384672
2009-08-12,30.47,28.2839,-7.1746,14.7326,13.2332,1.739,2.1127,24497880000.0,1.9312,-3.4873,17.0,4.0,12.75,2.0385,18.387178968253966,15.415864799893004,3.25308253968254,12.1699336000823,33.80304376814697,-8.91685106039976
2009-08-13,30.34,28.2908,-6.7541,14.6698,13.2332,1.7313,2.1052,24393360000.0,1.9374,-3.4873,17.0,4.0,12.75,2.0385,18.313162698412697,15.446874040813512,3.071360317460317,12.14685009154275,33.76003673922621,-9.075489774082437
2009-08-14,29.85,28.2832,-5.2489,14.4328,13.2332,1.7039,2.1051,23999400000.0,1.9243,-3.4873,17.0,4.0,12.75,2.0385,18.234201785714284,15.465427007192702,2.8865634920634915,12.094376963006235,33.699628792906985,-9.207813470942744
2009-08-17,28.25,28.2832,0.1175,13.6592,13.2262,1.6126,2.0943,22713000000.0,1.9243,-3.4873,17.0,4.0,12.75,2.0385,18.168221031746032,15.471652293210944,2.705729365079365,11.962324167779864,33.63987332495698,-9.256594802700498
2009-08-18,28.86,28.3939,-1.615,13.9292,13.2272,1.6465,2.0938,23203440000.0,1.9447,-3.4605,17.0,4.0,12.75,2.0385,18.108249603174603,15.489664886217309,2.496623809523809,11.803436604104249,33.59791448939191,-9.306812794580438
2009-08-19,29.38,28.3905,-3.3679,14.1802,13.2332,1.6762,2.0934,23621520000.0,1.9447,-3.4605,17.0,4.0,12.75,2.0385,18.041533730158733,15.5096353227541,2.2559976190476183,11.608348741015398,33.55116905291283,-9.35235112196778
2009-08-20,30.13,28.3905,-5.7733,14.5422,13.2332,1.719,2.0925,24224520000.0,1.9447,-3.4605,17.0,4.0,12.75,2.0385,17.970161309523807,15.536325023699025,1.9968,11.41704243990358,33.50648633322283,-9.420242439903578
2009-08-21,30.88,28.3905,-8.0619,14.9042,13.2332,1.7616,2.092,24827520000.0,1.949,-3.4605,17.0,4.0,12.75,2.0385,17.897511507936507,15.57230482023704,1.6756730158730155,11.120226837286436,33.46981632817355,-9.444553821413422
2009-08-24,30.69,28.3905,-7.4927,14.8125,13.2272,1.7508,2.0835,24674760000.0,1.949,-3.4605,17.0,4.0,12.75,2.0385,17.82610396825397,15.606084024693285,1.4462404761904757,11.007337376104545,33.432187992947256,-9.56109689991407
2009-08-25,31.06,28.3752,-8.6439,14.9911,13.2332,1.7719,2.0833,24972240000.0,1.949,-3.4605,17.0,4.0,12.75,2.0385,17.756360317460317,15.64570661919895,1.2036246031746023,10.888588711554377,33.40206693665927,-9.684964108379772
2009-08-26,30.51,28.3555,-7.0616,14.7256,13.2391,1.7411,2.0831,24530040000.0,1.9342,-3.4605,17.0,4.0,12.75,2.0385,17.688932341269844,15.67932000468855,0.9825293650793648,10.7697533249453,33.3682523459584,-9.787223959865932
2009-08-27,30.06,28.3507,-5.6863,14.5084,13.2391,1.7152,2.0826,24168240000.0,1.9408,-3.4605,17.0,4.0,12.75,2.0385,17.617267658730164,15.70348193957391,0.7519103174603169,10.596205105646655,33.32074959830408,-9.84429478818634
2009-08-28,30.34,28.3675,-6.5013,14.5383,13.2391,1.7306,2.0815,24393360000.0,1.9537,-3.4995,17.0,4.0,12.75,2.0385,17.5474878968254,15.732392392999415,0.4437857142857138,10.228937788088938,33.27988028982482,-9.785152073803223
2009-08-31,29.25,28.3675,-3.0171,14.016,13.2272,1.6684,2.0775,23517000000.0,1.9537,-3.4995,17.0,4.0,12.75,2.0385,17.484167460317458,15.750836602954532,0.1566944444444439,9.802193034029091,33.23500406327199,-9.645498589584648
2009-09-01,28.61,28.3571,-0.884,13.7093,13.2332,1.6324,2.0773,23002440000.0,1.9429,-3.4995,17.0,4.0,12.75,2.0385,17.42838908730159,15.766030801971846,-0.0207976190476195,9.613658528218789,33.19441988927343,-9.634456147266407
2009-09-02,28.51,28.5793,0.2431,13.6614,13.2332,1.6251,2.0766,22922040000.0,1.9309,-3.7056,17.0,4.0,12.75,2.5383,17.378610515873017,15.780627889318572,-0.2646809523809529,9.202087052982812,33.15923840519159,-9.466768005363765
2009-09-03,29.33,28.5929,-2.5131,14.0861,13.2332,1.6723,2.075,23581320000.0,1.9324,-3.6758,17.0,4.0,12.75,2.5383,17.322121428571425,15.800802077559522,-0.5788000000000005,8.571511587821579,33.122923506130945,-9.15031158782158
2009-09-04,29.35,28.5929,-2.5796,14.0957,13.2332,1.674,2.0735,23597400000.0,1.9189,-3.6758,17.0,4.0,12.75,2.5383,17.266095833333335,15.821236106891895,-0.9113071428571432,7.788352777394473,33.087331940225226,-8.699659920251616
2009-09-08,30.84,28.6208,-7.1958,14.8113,13.2332,1.7576,2.0695,24795360000.0,1.9499,-3.6758,17.0,4.0,12.75,2.5383,17.190547420634918,15.846984744540787,-1.1536253968253976,7.497442116508102,33.037532165175705,-8.6510675133335
2009-09-09,31.88,28.6208,-10.2233,15.3107,13.2391,1.8176,2.0691,25631520000.0,1.9334,-3.6758,17.0,4.0,12.75,2.5383,17.109838293650792,15.882843795002223,-1.3956841269841274,7.289498203354307,32.99268208865301,-8.685182330338435
2009-09-10,32.23,28.9541,-10.1641,15.458,13.2391,1.8364,2.0685,25912920000.0,1.9787,-3.5738,17.0,4.0,12.75,2.6974,17.033718452380953,15.921471477497974,-1.588212698412699,7.196869789634736,32.95518992987893,-8.785082488047435
2009-09-11,32.65,28.9711,-11.2677,15.6595,13.2391,1.8607,2.0667,26250600000.0,1.9697,-3.5738,17.0,4.0,12.75,2.6974,16.95317698412698,15.961791301590502,-1.7983174603174608,7.08828238092222,32.91496828571748,-8.886599841239681
2009-09-14,32.44,29.4471,-9.226,15.5319,13.2332,1.8495,2.0631,26081760000.0,1.9531,-3.7017,17.0,4.0,12.75,2.6974,16.878777777777778,15.996283677692029,-1.994001587301588,6.9478009274990855,32.875061455469805,-8.941802514800674
2009-09-15,32.94,29.6891,-9.8692,15.7713,13.2391,1.878,2.0626,26483760000.0,1.9531,-3.7017,17.0,4.0,12.75,2.6974,16.800944047619044,16.030837213889125,-2.1254936507936515,6.938742022075692,32.83178126150817,-9.064235672869344
2009-09-16,33.22,29.9042,-9.9813,15.765,13.2391,1.8917,2.0622,26708880000.0,2.0118,-3.3423,17.0,4.0,12.75,2.6974,16.72209662698413,16.06467478297118,-2.2388222222222227,6.949590192302128,32.78677140995531,-9.18841241452435
2009-09-17,32.86,29.7616,-9.4291,15.6283,13.2391,1.8689,2.059,26419440000.0,2.1094,-3.4258,18.0,4.0,12.75,2.5628,16.661455952380955,16.10562043780993,-2.335938095238096,6.963991291537982,32.76707639019088,-9.299929386776078
2009-09-18,32.26,30.3356,-5.9653,15.3247,13.2391,1.8338,2.0576,25937040000.0,2.1188,-3.2999,18.0,4.0,12.75,2.6582,16.610736507936508,16.13657738599141,-2.449796031746032,6.904396983759251,32.74731389392792,-9.354193015505285
2009-09-21,32.0,30.3576,-5.1325,15.2012,13.2332,1.819,2.0559,25728000000.0,2.1188,-3.2999,18.0,4.0,13.5,2.6582,16.568322817460317,16.16561032357057,-2.4764888888888894,6.908245002722129,32.73393314103089,-9.38473389161102
2009-09-22,33.52,34.4883,2.8887,14.9429,13.2391,1.8916,2.0552,27117680000.0,2.6505,-1.3187,19.0,4.0,13.5,3.6635,16.545114484126984,16.17685490776021,-2.477876190476191,6.907141034974477,32.72196939188719,-9.385017225450667
2009-09-23,33.12,34.7258,4.8484,14.7646,13.2391,1.8695,2.0545,26794080000.0,2.6397,-1.3187,19.0,4.0,13.5,3.6635,16.52570218253968,16.18502321836882,-2.4738690476190484,6.911275301192537,32.7107254009085,-9.385144348811586
2009-09-24,33.95,34.7258,2.2851,15.0082,13.2391,1.9189,2.0502,27465550000.0,2.5599,-1.2476,19.0,4.0,13.5,3.6635,16.498631944444444,16.197428924247593,-2.474380952380953,6.910917557508119,32.69606086869204,-9.385298509889072
2009-09-25,33.01,34.8616,5.6092,14.5926,13.2391,1.8644,2.0499,26705090000.0,2.6053,-1.2476,19.0,4.0,13.5,3.6635,16.47923968253968,16.204616535681406,-2.48315634920635,6.899848913980586,32.68385621822109,-9.383005263186936
2009-09-28,33.62,34.7207,3.2739,14.8584,13.2332,1.8981,2.0473,27198580000.0,2.7102,0.1505,18.0,4.0,13.5,3.8421,16.45990476190476,16.214564334699528,-2.561072222222223,6.7769045768183815,32.674469096604284,-9.337976799040604
2009-09-29,33.5,34.7198,3.6412,14.8053,13.2391,1.8913,2.0466,27101500000.0,2.7102,0.1505,18.0,4.0,13.5,3.8421,16.43824246031746,16.224398938462215,-2.603128571428572,6.721171452856775,32.66264139877968,-9.324300024285346
2009-09-30,33.28,34.7263,4.3459,14.7081,13.2391,1.879,2.0459,26923520000.0,2.7069,0.1505,18.0,4.0,13.5,3.8421,16.422250793650793,16.23235168140782,-2.585792063492064,6.73635964309034,32.65460247505861,-9.322151706582405
2009-10-01,32.73,34.7263,6.0993,14.465,13.2391,1.848,2.0447,26478570000.0,2.7069,0.1505,18.0,4.0,13.5,3.8421,16.41227996031746,16.237154970982523,-2.51767619047619,6.780650920593708,32.64943493129998,-9.2983271110699
2009-10-02,32.45,34.715,6.98,14.2518,13.2391,1.8288,2.0423,26252050000.0,2.6962,-0.6172,19.0,4.0,13.5,3.8421,16.403835912698412,16.240958482032603,-2.402342063492064,6.817822377402936,32.644794394731015,-9.220164440895
2009-10-05,32.56,34.715,6.6186,14.3001,13.2332,1.835,2.0409,26341040000.0,2.6962,-0.6172,19.0,4.0,13.5,3.8421,16.39485138888889,16.245124433673084,-2.312702380952381,6.8617975354388,32.63997582256197,-9.17449991639118
2009-10-06,32.63,34.7194,6.4033,14.3309,13.2391,1.8388,2.0405,26397670000.0,2.7002,-0.6172,19.0,4.0,13.5,3.8421,16.388912500000004,16.248234804695823,-2.2649595238095244,6.901549101309667,32.63714730469583,-9.16650862511919
2009-10-07,32.56,34.7171,6.625,14.3001,13.2391,1.8348,2.0401,26341040000.0,2.7343,-0.2922,18.0,4.0,13.5,3.8421,16.383199801587303,16.251166088160794,-2.1987801587301594,6.946710323300006,32.634365889748096,-9.145490482030166
2009-10-08,33.26,34.7383,4.4447,14.6076,13.2391,1.8735,2.0386,26907340000.0,2.75,-0.2922,18.0,4.0,13.5,3.8421,16.375616071428574,16.25585230470683,-2.1008468253968258,6.9527431298408775,32.6314683761354,-9.053589955237705
2009-10-09,32.65,34.7193,6.3378,14.3397,13.2391,1.8394,2.036,26413850000.0,2.7456,-0.2922,18.0,4.0,13.5,3.8421,16.370567857142856,16.2585788581547,-1.971148412698413,6.956555392476735,32.62914671529755,-8.927703805175147
2009-10-12,32.65,34.7193,6.3378,14.3397,13.2332,1.8394,2.0311,26413850000.0,2.7456,-0.2922,18.0,4.0,13.5,3.8421,16.36212341269841,16.262689912664264,-1.8684825396825404,6.983128086089526,32.62481332536267,-8.851610625772066
2009-10-13,32.63,34.7098,6.3739,14.3309,13.2391,1.8373,2.0308,26397670000.0,2.7751,-0.2922,18.0,4.0,13.5,3.8421,16.353663095238094,16.266782350647116,-1.7501682539682544,6.9955744281269565,32.62044544588521,-8.74574268209521
2009-10-14,33.32,34.7098,4.1711,14.6339,13.2391,1.8768,2.0304,26955880000.0,2.7601,-0.2922,18.0,4.0,13.5,3.8421,16.336781944444443,16.27501580737869,-1.6071547619047624,6.930148629997541,32.61179775182313,-8.537303391902304
2009-10-15,33.37,34.7573,4.1573,14.6559,13.2391,1.8778,2.0292,26996330000.0,2.8021,-0.2922,18.0,4.0,13.5,3.8421,16.31585873015873,16.283897006972207,-1.4677500000000006,6.867254141430886,32.599755737130934,-8.335004141430886
2009-10-16,33.07,34.7664,5.1297,14.5241,13.2391,1.8624,2.0285,26753630000.0,2.768,-0.2922,18.0,4.0,13.5,3.8421,16.29817261904762,16.291208990337108,-1.375062698412699,6.876931428266324,32.58938160938473,-8.251994126679023
2009-10-19,33.34,34.7664,4.2783,14.6427,13.2391,1.8776,2.0285,26972060000.0,2.768,-0.2922,18.0,4.0,13.5,3.8421,16.276595436507936,16.2999278792083,-1.2791055555555562,6.870741176860654,32.57652331571624,-8.14984673241621
2009-10-20,33.15,34.7777,4.9101,14.5593,13.2391,1.8667,2.0284,26818350000.0,2.7731,-0.2922,18.0,4.0,13.5,3.8421,16.251484722222223,16.30768425004443,-1.1498230158730165,6.832316079657444,32.559168972266654,-7.98213909553046
2009-10-21,32.09,34.7976,8.4375,14.0937,13.2391,1.8061,2.0277,25960810000.0,2.7949,-0.2922,18.0,4.0,13.5,3.8421,16.23947837301587,16.311211843112105,-0.9638738095238102,6.771126518695999,32.550690216127975,-7.735000328219809
2009-10-22,33.01,34.7921,5.3987,14.4978,13.2391,1.8591,2.027,26705090000.0,2.7658,-0.2922,18.0,4.0,13.5,3.8421,16.22190992063492,16.318122504668054,-0.785394444444445,6.637737958868857,32.540032425302975,-7.423132403313302
2009-10-23,32.03,35.1264,9.6672,14.0674,13.2391,1.8013,2.027,25912270000.0,2.7686,-0.2922,18.0,4.0,13.5,3.8421,16.209403174603175,16.320730857908583,-0.6757952380952387,6.695622484457792,32.530134032511754,-7.371417722553031
2009-10-26,30.59,35.1264,14.8297,13.4349,13.2391,1.7204,2.0268,24747310000.0,2.7686,-0.2922,18.0,4.0,13.5,3.8421,16.204859325396825,16.32079568358838,-0.4964396825396831,6.805863499425499,32.525655008985204,-7.302303181965182
2009-10-27,30.23,35.1264,16.1972,13.2768,13.2391,1.7001,2.0267,24456070000.0,2.7658,-0.2922,18.0,4.0,13.5,3.8421,16.20419880952381,16.32078923103088,-0.3016285714285719,6.929476330238579,32.52498804055469,-7.231104901667151
2009-10-28,29.18,35.1264,20.3783,12.8157,13.2332,1.6412,2.026,23606620000.0,2.7642,-0.2922,18.0,4.0,13.5,3.8421,16.21308829365079,16.321842235412433,-0.0652198412698417,7.121727228564903,32.534930529063224,-7.186947069834745
2009-10-29,30.68,35.1524,14.5776,13.4745,13.2332,1.7247,2.0245,24820120000.0,2.7846,-0.2922,18.0,4.0,13.5,3.8421,16.209408134920633,16.322001792156858,0.1044158730158725,7.214070179513476,32.53140992707749,-7.109654306497603
2009-10-30,29.12,35.1524,20.7157,12.7893,13.2262,1.6382,2.0236,23558080000.0,2.7567,-0.2922,18.0,4.0,13.5,3.8421,16.219206746031745,16.323224130855845,0.4085698412698408,7.2690031447759536,32.54243087688759,-6.860433303506113
2009-11-02,29.48,35.1524,19.2415,12.9474,13.2196,1.6584,2.0175,23849320000.0,2.7567,-0.2922,18.0,4.0,13.5,3.8421,16.21664226190476,16.32264642107317,0.6948015873015867,7.295042683444489,32.539288682977926,-6.600241096142902
2009-11-03,29.31,35.1545,19.9403,12.8728,13.219,1.6488,2.0169,23711790000.0,2.7567,-0.2922,18.0,4.0,13.5,3.8421,16.211832936507935,16.321188521152674,0.9967825396825392,7.297950773942792,32.53302145766061,-6.301168234260253
2009-11-04,29.75,35.1568,18.1741,13.066,13.2184,1.6736,2.0163,24067750000.0,2.7898,-0.2922,18.0,4.0,13.5,3.8421,16.201179563492065,16.318145528858064,1.2538055555555552,7.328288581176943,32.51932509235013,-6.074483025621388
2009-11-05,30.82,35.1568,14.0714,13.5359,13.2184,1.7326,2.0136,24933380000.0,2.7853,-0.2922,18.0,4.0,13.5,3.8421,16.181794047619046,16.31485384605613,1.457660317460317,7.3247214967514065,32.496647893675174,-5.867061179291089
2009-11-06,30.57,35.1605,15.0164,13.432,13.2184,1.719,2.0134,24731130000.0,2.7737,-0.3686,19.0,4.0,13.5,3.8421,16.1629998015873,16.310720889121985,1.6533182539682534,7.355204208563049,32.473720690709285,-5.701885954594796
2009-11-09,31.92,35.1605,10.1519,14.0252,13.2106,1.7944,2.0073,25823280000.0,2.785,-0.3686,19.0,4.0,13.5,3.8421,16.13543611111111,16.30911434847683,1.7987309523809518,7.340539878101183,32.444550459587944,-5.541808925720232
2009-11-10,31.69,35.1605,10.9514,13.9242,13.2145,1.7815,2.0072,25637210000.0,2.785,-0.3686,19.0,4.0,13.5,3.8421,16.10551626984127,16.3047559146719,1.9054380952380947,7.375284353437269,32.410272184513175,-5.469846258199175
2009-11-11,31.6,35.1571,11.2566,13.8846,13.2184,1.7764,2.0071,25564400000.0,2.7498,-0.3686,19.0,4.0,13.5,3.8421,16.078124206349205,16.301275094140266,2.0231158730158727,7.405437246546991,32.37939930048947,-5.382321373531118
2009-11-12,31.38,35.2524,12.3403,13.7952,13.2184,1.764,2.0057,25386420000.0,2.7476,-0.3838,19.0,4.0,13.5,3.8421,16.06069623015873,16.300565123432484,2.1317214285714283,7.455834348788644,32.36126135359122,-5.324112920217216
2009-11-13,32.28,35.2636,9.2429,14.1436,13.2184,1.8148,2.0056,26114520000.0,2.7808,-0.3832,19.0,4.0,13.5,3.8421,16.034927976190474,16.301058222656522,2.259785714285714,7.438137629990031,32.335986198847,-5.178351915704317
2009-11-16,32.96,35.2636,6.9891,14.4416,13.2145,1.8531,2.0045,26664640000.0,2.7803,-0.3832,19.0,4.0,13.5,3.8421,16.00360277777778,16.30324584376547,2.370304761904761,7.403780561057747,32.30684862154325,-5.033475799152987
2009-11-17,32.74,35.2636,7.708,14.3452,13.2145,1.8407,2.004,26486660000.0,2.7803,-0.3832,19.0,4.0,13.5,3.8421,15.974843055555557,16.305072992811265,2.4419317460317456,7.411474436333404,32.27991604836682,-4.969542690301658
2009-11-18,32.75,35.2738,7.7063,14.3496,13.2184,1.842,2.0035,26494750000.0,2.789,-0.3029,18.0,4.0,13.5,3.8421,15.93907757936508,16.30339759600404,2.501488095238095,7.423473269607466,32.24247517536912,-4.921985174369371
2009-11-19,31.88,35.2572,10.5935,13.9684,13.219,1.7936,2.0006,25790920000.0,2.7753,-0.3029,18.0,4.0,13.5,3.8421,15.906804563492065,16.297836290317814,2.591826984126984,7.452311400433119,32.20464085380988,-4.860484416306136
2009-11-20,32.09,35.6398,11.062,14.0974,13.219,1.8033,1.996,25960810000.0,2.8409,-0.4492,18.0,4.0,13.5,3.8421,15.870120436507936,16.287869319809793,2.7147698412698404,7.463333461978139,32.15798975631773,-4.748563620708298
2009-11-23,32.29,35.653,10.415,14.1853,13.2145,1.8133,1.9894,26122610000.0,2.8696,-0.4492,18.0,3.0,13.0,3.8421,15.83289861111111,16.278837273484733,2.798209523809524,7.49035149016039,32.111735884595845,-4.692141966350867
2009-11-24,32.11,35.6486,11.0202,14.1062,13.2184,1.8033,1.9812,25976990000.0,2.8658,-0.4492,18.0,3.0,13.0,3.8421,15.793843055555554,16.26669570888556,2.873433333333333,7.525147578342859,32.06053876444111,-4.651714245009527
2009-11-25,33.03,35.6576,7.9552,14.5104,13.2184,1.855,1.9778,26721270000.0,2.8617,-0.4492,18.0,3.0,13.0,3.8421,15.757544246031747,16.263728810042437,2.9568880952380945,7.52271455026286,32.021273056074186,-4.565826455024766
2009-11-27,32.02,35.6367,11.2951,14.0667,13.219,1.7987,1.9759,25904180000.0,2.8551,-0.4492,18.0,3.0,13.0,3.8421,15.73391111111111,16.261537483474136,3.102792063492063,7.504575628290776,31.99544859458525,-4.401783564798713
2009-11-30,32.03,35.6367,11.2604,14.0587,13.2184,1.7975,1.9699,25912270000.0,2.8992,-0.4257,18.0,3.0,13.0,3.8421,15.709167857142855,16.258832361865608,3.2498626984126977,7.481202014582739,31.968000219008463,-4.231339316170041
2009-12-01,32.13,35.6367,10.9141,14.1026,13.219,1.8031,1.9692,25993170000.0,2.8992,-0.4257,18.0,3.0,13.0,3.8421,15.6865125,16.257540263811226,3.379244444444444,7.471581688039572,31.94405276381123,-4.092337243595128
2009-12-02,32.71,35.6583,9.0135,14.3572,13.2196,1.8357,1.9684,26462390000.0,2.9331,-0.4257,18.0,3.0,13.0,3.8421,15.659168055555556,16.257150180423864,3.486319047619048,7.4547338762288256,31.916318235979418,-3.968414828609778
2009-12-03,32.65,35.6583,9.2138,14.3309,13.2196,1.8323,1.9622,26413850000.0,2.8979,-0.4257,18.0,3.0,13.0,3.8421,15.62859027777778,16.254746129170382,3.583906349206349,7.448538545403301,31.88333640694816,-3.864632196196952
2009-12-04,32.86,35.6425,8.4677,14.423,13.2196,1.844,1.9599,26583740000.0,2.9002,-0.4257,18.0,3.0,13.0,3.8421,15.595410515873017,16.252256817252867,3.658342063492063,7.450121149085823,31.847667333125884,-3.79177908559376
2009-12-07,32.41,36.7208,13.3008,14.1782,13.219,1.8167,1.9528,26219690000.0,2.9197,-0.3631,19.0,3.0,13.0,3.8421,15.57824146825397,16.250096705136446,3.7656888888888886,7.491052597430811,31.828338173390414,-3.725363708541922
2009-12-08,31.83,36.7112,15.3352,13.9245,13.2196,1.7842,1.952,25750470000.0,2.9197,-0.3631,19.0,3.0,13.0,3.8421,15.565421031746032,16.247729640776065,3.849597619047618,7.561193587432717,31.8131506725221,-3.7115959683850974
2009-12-09,31.34,36.6705,17.0086,13.7101,13.221,1.7577,1.9518,25354060000.0,2.8973,-0.3631,19.0,3.0,13.0,3.8421,15.558786507936508,16.24645370746983,3.9424023809523807,7.65055930423349,31.805240215406336,-3.7081569232811096
2009-12-10,32.19,36.6705,13.9189,14.082,13.221,1.8039,1.9515,26041710000.0,2.9287,-0.4171,19.0,3.0,13.0,3.8421,15.538391865079364,16.242038444073398,4.026170634920635,7.701788946670126,31.780430309152763,-3.675618311749491
2009-12-11,32.43,36.6723,13.0814,14.1301,13.221,1.8174,1.9503,26235870000.0,2.9302,-0.4575,19.0,4.0,13.25,3.7478,15.51759384920635,16.238452553019922,4.063233333333333,7.734228912309186,31.75604640222627,-3.6709955789758535
2009-12-14,33.7,36.6723,8.8199,14.6835,13.219,1.8874,1.9477,27263300000.0,2.9779,-0.4502,19.0,4.0,13.25,3.7785,15.489270833333332,16.237659326453063,4.049665079365079,7.724287506501174,31.726930159786395,-3.674622427136095
2009-12-15,33.88,36.6723,8.2417,14.7619,13.2196,1.8975,1.9477,27408920000.0,2.9779,-0.4502,19.0,4.0,13.25,3.7785,15.461652182539682,16.238126057120965,4.05201746031746,7.725528421270097,31.699778239660645,-3.673510960952637
2009-12-16,33.82,36.7984,8.8066,14.7357,13.221,1.8936,1.947,27360380000.0,2.9885,-0.4525,19.0,3.0,14.6667,3.5836,15.429909325396826,16.23546193984051,4.058124603174602,7.729007256466329,31.665371265237333,-3.670882653291727
2009-12-17,33.36,36.7984,10.307,14.5353,13.221,1.869,1.9438,26988240000.0,2.9592,-0.4607,19.0,3.0,14.6667,3.5836,15.403909722222224,16.23314796856684,4.13103492063492,7.74438737224644,31.637057690789064,-3.613352451611521
2009-12-18,32.22,36.7563,14.0791,12.1269,13.219,1.6405,1.9405,25904880000.0,8.4482,11.3185,8.0,3.0,14.6667,8.3977,15.384011111111112,16.22860335549835,4.167222222222222,7.780336966850571,31.612614466609465,-3.6131147446283496
2009-12-21,32.37,36.8472,13.8313,12.1765,13.1858,1.65,1.9342,26025480000.0,8.4725,10.5477,9.0,3.0,14.6667,8.3159,15.36569484126984,16.225128738585358,4.2012777777777774,7.813364815144724,31.5908235798552,-3.612087037366946
2009-12-22,32.73,36.834,12.539,12.3458,13.1609,1.6684,1.9338,26314920000.0,8.6005,11.0843,10.0,3.0,14.6667,8.3159,15.35070873015873,16.224242761571404,4.256388888888888,7.847688156640456,31.574951491730133,-3.591299267751568
2009-12-23,32.53,36.834,13.2309,12.2704,13.1602,1.6582,1.9303,26154120000.0,8.6005,11.0843,10.0,3.0,14.6667,8.3159,15.339540674603176,16.223759860782817,4.328207142857143,7.888301500882677,31.56330053538599,-3.560094358025534
2009-12-24,32.48,36.8153,13.3476,12.2515,13.159,1.6616,1.9228,26113920000.0,8.599,11.0843,10.0,3.0,14.6667,8.3159,15.326578769841271,16.222734391925957,4.3872793650793644,7.927969545343253,31.54931316176723,-3.540690180263889
2009-12-28,32.25,37.4631,16.1647,12.1163,13.1401,1.6439,1.9165,25929000000.0,8.6022,11.0843,10.0,3.0,14.6667,8.3159,15.3142876984127,16.21974183313543,4.48487380952381,7.996912057970119,31.53402953154813,-3.5120382484463093
2009-12-29,32.32,37.4631,15.9131,12.1426,13.1334,1.6475,1.9149,25985280000.0,8.6022,11.0843,10.0,3.0,14.6667,8.3159,15.302150396825397,16.216994752077333,4.570435714285714,8.061309112182313,31.51914514890273,-3.490873397896599
2009-12-30,32.1,37.4735,16.7399,12.06,13.1266,1.6364,1.9133,25808400000.0,8.6022,11.0843,10.0,3.0,14.6667,8.3159,15.291000595238096,16.21406452320825,4.6784404761904765,8.132720593289056,31.505065118446343,-3.4542801170985795
2009-12-31,31.69,37.4912,18.3061,11.9526,13.1205,1.6153,1.912,25478760000.0,8.6027,11.0729,10.0,3.0,14.6667,8.3159,15.278343055555554,16.209205426708532,4.758541269841269,8.217080631487224,31.48754848226409,-3.458539361645956
2010-01-04,32.06,37.4912,17.0384,12.1114,13.1041,1.6371,1.9022,25776240000.0,8.6009,11.0729,10.0,3.0,14.6667,8.3159,15.26215257936508,16.20335136165648,4.832190476190475,8.285487501016936,31.46550394102156,-3.453297024826461
2010-01-05,32.37,37.4912,15.9175,12.2285,13.0982,1.6529,1.9002,26025480000.0,8.6009,11.0729,10.0,3.0,14.6667,8.3159,15.236034523809522,16.191637423344854,4.880131746031745,8.332254576145848,31.427671947154376,-3.452122830114103
2010-01-06,31.79,37.5031,17.9714,12.0094,13.0922,1.6235,1.8981,25559160000.0,8.6006,11.0729,10.0,3.0,14.6667,8.3159,15.209175992063493,16.175811355624788,4.929430952380952,8.391450364969907,31.38498734768828,-3.462019412588956
2010-01-07,32.14,37.4952,16.6621,12.1416,13.0822,1.6412,1.8977,25840560000.0,8.6007,11.0729,10.0,3.0,14.6667,8.3159,15.175801190476191,16.155372843754233,4.9951888888888885,8.450932547180509,31.331174034230425,-3.4557436582916203
2010-01-08,33.22,37.4813,12.8275,12.5501,13.0784,1.6959,1.8977,26708880000.0,8.601,10.8145,10.0,3.0,14.6667,8.4165,15.1324498015873,16.132238708481623,5.009744444444444,8.462917360291792,31.26468851006892,-3.453172915847348
2010-01-11,33.42,37.4813,12.1523,12.6256,13.0673,1.7061,1.8965,26869680000.0,8.601,10.8145,10.0,3.0,14.6667,8.4165,15.089079563492064,16.11075284260495,5.035851587301586,8.479955407521713,31.199832406097013,-3.4441038202201266
2010-01-12,32.88,37.4904,14.0219,12.4216,13.0672,1.6785,1.896,26435520000.0,8.601,10.8135,10.0,3.0,14.6667,8.4165,15.044844841269844,16.082936742674747,5.087415079365079,8.514892441017096,31.12778158394459,-3.4274773616520173
2010-01-13,34.05,37.5293,10.2182,12.8636,13.0671,1.7375,1.8954,27376200000.0,8.6015,10.8135,10.0,3.0,14.6667,8.4165,14.99224007936508,16.05519940014659,5.164199999999999,8.51720951762015,31.04743947951167,-3.353009517620152
2010-01-14,35.07,37.663,7.3938,13.1654,13.0672,1.7882,1.8945,28196280000.0,8.6619,11.1987,11.0,3.0,14.6667,8.4165,14.9309001984127,16.02496723504767,5.207855555555556,8.514406045892347,30.95586743346037,-3.306550490336792
2010-01-15,34.23,38.3509,12.0389,12.8173,13.0666,1.7461,1.893,27520920000.0,8.7251,11.5633,12.0,3.0,14.6667,8.4165,14.882525595238096,15.996744319831851,5.261113492063492,8.536125603174765,30.879269915069948,-3.2750121111112733
2010-01-19,35.01,38.3509,9.5427,13.1094,13.0464,1.7851,1.8917,28148040000.0,8.7251,11.5633,12.0,3.0,14.6667,8.4165,14.819361507936508,15.954715143524124,5.335028571428571,8.532528576311737,30.774076651460632,-3.1975000048831665
2010-01-20,34.31,38.3968,11.9114,12.8473,13.0269,1.75,1.8916,27585240000.0,8.7252,11.5633,12.0,3.0,14.6667,8.4165,14.761850396825396,15.912713728560398,5.425803174603174,8.541233804334658,30.6745641253858,-3.115430629731484
2010-01-21,34.21,38.7255,13.1994,12.7931,13.0144,1.7509,1.8914,27504840000.0,8.5249,11.5417,12.0,4.0,14.75,8.8298,14.717779365079364,15.886146808598433,5.531961904761904,8.554159815966521,30.603926173677795,-3.022197911204617
2010-01-22,33.3,38.7076,16.239,12.4528,13.0001,1.7037,1.8908,26773200000.0,8.5252,11.5417,12.0,4.0,14.75,8.8298,14.695255555555557,15.875902804958567,5.682853968253968,8.57414675767702,30.57115836051413,-2.891292789423052
2010-01-25,33.56,38.7173,15.3674,12.55,12.9568,1.7183,1.8876,26982240000.0,8.5709,11.5205,12.0,4.0,14.75,8.7575,14.674313888888888,15.868023584858488,5.825552380952381,8.584595149738483,30.542337473747374,-2.7590427687861023
2010-01-26,33.74,38.7173,14.7519,12.6173,12.9521,1.7278,1.886,27126960000.0,8.5612,11.5205,12.0,4.0,14.75,8.7575,14.643704166666668,15.852927498251262,5.95625,8.594212745700402,30.496631664917928,-2.637962745700402
2010-01-27,33.88,38.704,14.2385,12.6697,12.9474,1.7355,1.8846,27239520000.0,8.5462,11.5205,12.0,4.0,14.75,8.7575,14.622376388888888,15.846212819792449,6.087884920634919,8.593030521999209,30.468589208681337,-2.5051456013642897
2010-01-28,34.41,38.704,12.4789,12.8679,12.9455,1.7624,1.8834,27665640000.0,8.5537,11.5205,12.0,4.0,14.75,8.7575,14.590539484126984,15.834340389243604,6.173403174603174,8.602661601452718,30.424879873370585,-2.429258426849544
2010-01-29,33.33,38.6845,16.0651,12.464,12.9255,1.7075,1.883,26797320000.0,8.538,11.5205,12.0,4.0,14.75,8.7575,14.566183928571428,15.822585352045987,6.302239682539682,8.628446136356876,30.388769280617417,-2.3262064538171945
2010-02-01,34.14,38.641,13.1839,12.7923,12.8812,1.749,1.8803,27448560000.0,8.5379,11.4205,12.0,4.0,14.75,8.7575,14.552840674603177,15.820906380948632,6.403119841269841,8.634051321061415,30.37374705555181,-2.2309314797915745
2010-02-02,34.59,38.5362,11.4085,12.9609,12.8876,1.7733,1.8796,27810360000.0,8.5197,11.4205,12.0,4.0,14.75,8.5866,14.538259325396824,15.820410047228703,6.517680952380952,8.603647310035058,30.358669372625528,-2.085966357654105
2010-02-03,34.59,38.5255,11.3776,12.9609,12.8941,1.7729,1.879,27810360000.0,8.5326,11.4205,12.0,4.0,14.75,8.5866,14.508199603174605,15.811974903487108,6.641910317460317,8.559452882008982,30.32017450666171,-1.9175425645486648
2010-02-04,32.9,38.5079,17.0453,12.3276,12.8812,1.6871,1.878,26451600000.0,8.5046,11.4205,12.0,4.0,14.75,8.5866,14.48130892857143,15.796073394377906,6.798851587301587,8.567537190186957,30.277382322949336,-1.7686856028853706
2010-02-05,32.53,38.4917,18.3268,12.189,12.8728,1.6677,1.8778,26154120000.0,8.5183,11.4205,12.0,4.0,14.75,8.5866,14.45619503968254,15.779837126941322,6.965174603174603,8.586428055818612,30.23603216662386,-1.6212534526440088
2010-02-08,33.16,38.4917,16.0787,12.4251,12.8636,1.6995,1.8768,26660640000.0,8.5377,11.4205,12.0,4.0,14.75,8.5866,14.428274206349206,15.764453978534076,7.146359523809523,8.535404333482258,30.19272818488328,-1.3890448096727352
2010-02-09,32.8,38.4917,17.3527,12.2902,12.8555,1.681,1.8736,26371200000.0,8.5377,11.4205,12.0,4.0,14.75,8.5866,14.40256488095238,15.749059880371304,7.326227777777777,8.509550173659083,30.15162476132368,-1.183322395881306
2010-02-10,32.61,38.4917,18.0365,12.219,12.8473,1.6714,1.8736,26218440000.0,8.5348,11.4205,12.0,4.0,14.75,8.5866,14.381712103174602,15.737248825643835,7.502468253968253,8.499502642989368,30.11896092881844,-0.9970343890211152
2010-02-11,33.18,38.4187,15.7887,12.4326,12.8353,1.701,1.8718,26676720000.0,8.5199,11.4301,12.0,4.0,14.75,8.5866,14.362360317460318,15.72949276481792,7.684716666666666,8.428168686643565,30.09185308227824,-0.7434520199768988
2010-02-12,32.82,38.4187,17.0588,12.2977,12.833,1.6823,1.8698,26387280000.0,8.5273,11.4301,12.0,4.0,14.75,8.5866,14.347338095238095,15.723281466221303,7.873707936507936,8.36858267938458,30.0706195614594,-0.4948747428766449
2010-02-16,33.48,38.4187,14.7679,12.5276,12.8165,1.7164,1.8678,26917920000.0,8.5273,11.4301,12.0,4.0,14.75,8.5866,14.32424384920635,15.71407782981712,8.032571428571428,8.307247011672171,30.03832167902347,-0.274675583100743
2010-02-17,34.01,38.3105,12.6448,12.7934,12.8157,1.7451,1.8667,27344040000.0,8.5842,11.7051,12.0,4.0,14.75,8.5866,14.29256984126984,15.701311988234908,8.131994444444445,8.28669917824751,29.993881829504748,-0.1547047338030651
2010-02-18,33.78,38.3105,13.4118,12.7069,12.8107,1.7345,1.866,27159120000.0,8.5443,11.7051,12.0,4.0,14.75,8.581,14.26589007936508,15.691338709920243,8.251254761904761,8.253364527954416,29.957228789285324,-0.0021097660496547
2010-02-19,33.89,38.3063,13.0313,12.7483,12.8061,1.7406,1.8657,27247560000.0,8.532,11.7051,12.0,4.0,14.75,8.581,14.237247619047618,15.680365226474096,8.381407142857142,8.197786498358422,29.91761284552172,0.1836206444987205
2010-02-22,34.11,38.3063,12.3023,12.831,12.7993,1.7505,1.8633,27424440000.0,8.5744,11.7051,12.0,4.0,14.75,8.581,14.198803373015872,15.66126019682484,8.524864285714287,8.105744889471499,29.86006356984071,0.4191193962427881
2010-02-23,33.67,38.3063,13.7698,12.6655,12.7934,1.7279,1.8624,27070680000.0,8.5744,11.7051,12.0,4.0,14.75,8.581,14.16938888888889,15.648084812633549,8.698131746031747,7.980723478288366,29.81747370152244,0.7174082677433811
2010-02-24,35.8,38.3105,7.0126,13.4667,12.7964,1.8375,1.8624,28783200000.0,8.5676,11.7051,12.0,4.0,14.75,8.6324,14.128831150793651,15.640073452164623,8.813253174603172,7.848832534023698,29.76890460295828,0.9644206405794744
2010-02-25,35.66,38.3105,7.4327,13.4141,12.7964,1.8311,1.8623,28670640000.0,8.5437,11.7051,12.0,4.0,14.75,8.6324,14.091368055555556,15.633439877384314,8.940845238095237,7.691878315174789,29.724807932939868,1.248966922920448
2010-02-26,35.96,38.2816,6.4561,13.5893,12.7964,1.8483,1.862,28911840000.0,8.4653,11.3006,10.0,4.0,14.75,8.6324,14.051079563492063,15.626885987358612,9.048128571428572,7.560036763570409,29.67796555085068,1.4880918078581633
2010-03-01,36.1,38.2816,6.0432,13.6561,12.7934,1.8615,1.8615,29024400000.0,8.3764,12.0353,11.0,4.0,14.75,8.6324,13.999130753968254,15.609858332102,9.14121984126984,7.4485455115265395,29.60898908607025,1.6926743297433011
2010-03-02,35.75,38.2816,7.0814,13.5237,12.7964,1.8434,1.8611,28743000000.0,8.3764,12.047,11.0,4.0,14.75,8.6324,13.940907936507935,15.580741865340292,9.249019047619049,7.317482630617805,29.521649801848227,1.931536417001242
2010-03-03,35.71,38.2612,7.1442,13.5086,12.7993,1.8388,1.8607,28710840000.0,8.4488,12.047,11.0,4.0,14.75,8.6324,13.883632738095235,15.552482457776966,9.329664285714284,7.23676564907233,29.436115195872205,2.092898636641955
2010-03-04,36.15,38.2596,5.8357,13.6751,12.7993,1.8614,1.8607,29064600000.0,8.4521,12.047,11.0,4.0,14.75,8.6324,13.827669444444446,15.530535410722772,9.382995238095235,7.185472907324619,29.358204855167216,2.197522330770618
2010-03-05,37.04,38.2596,3.2927,14.0117,12.7993,1.9074,1.8607,29780160000.0,8.4473,12.047,11.0,4.0,14.75,8.6324,13.764720634920636,15.508753243443268,9.407198412698412,7.159529489489965,29.2734738783639,2.2476689232084466
2010-03-08,36.94,38.2616,3.5777,13.9739,12.7964,1.9049,1.8607,29699760000.0,8.3719,12.047,11.0,4.0,14.75,8.4681,13.693857142857144,15.473432268885505,9.455538095238095,7.098705754722907,29.167289411742647,2.3568323405151883
2010-03-09,36.94,38.2616,3.5777,13.9739,12.7993,1.9049,1.8607,29699760000.0,8.3719,12.047,11.0,4.0,14.75,8.4681,13.622130357142858,15.436253930177068,9.504405555555556,7.036110552915429,29.058384287319925,2.4682950026401267
2010-03-10,37.17,38.2616,2.9368,14.062,12.7993,1.9169,1.861,29884680000.0,8.367,12.0495,11.0,4.0,14.75,8.4681,13.544733730158732,15.391691153911133,9.584823015873017,6.90030619800781,28.936424884069865,2.684516817865205
2010-03-11,37.25,38.2583,2.7068,14.0922,12.7993,1.9201,1.861,29949000000.0,8.3926,12.0495,11.0,4.0,14.75,8.4681,13.475191666666667,15.361232138047178,9.687442857142855,6.6965046295323,28.83642380471385,2.990938227610555
2010-03-12,37.49,38.2755,2.0952,14.183,12.7993,1.9329,1.861,30141960000.0,8.3833,12.0495,11.0,4.0,14.75,8.4681,13.402520436507938,15.328159561982991,9.784738888888889,6.491694631277299,28.73067999849093,3.29304425761159
2010-03-15,37.15,38.2755,3.0296,14.0576,12.7934,1.9157,1.8607,29868600000.0,8.2809,11.637,12.0,4.0,14.75,8.4681,13.339334325396823,15.305087962000162,9.898209523809523,6.240876087696944,28.644422287396985,3.6573334361125793
2010-03-16,37.12,38.3216,3.2371,14.0462,12.7964,1.9131,1.8607,29844480000.0,8.3068,11.637,12.0,4.0,14.75,8.4681,13.26844126984127,15.26885176010326,9.997123015873017,6.0305681418474135,28.53729302994453,3.9665548740256034
2010-03-17,37.6,38.43,2.2074,14.1828,12.7964,1.9375,1.861,30230400000.0,8.3172,11.7937,12.0,4.0,14.75,8.4681,13.185150198412696,15.214260281211525,10.092969047619048,5.804012759799311,28.39941047962422,4.288956287819736
2010-03-18,37.66,39.4696,4.8051,14.0203,12.7964,1.9381,1.861,30278640000.0,8.3372,12.1869,11.0,4.0,14.75,8.5839,13.121175793650794,15.18147325340147,10.21032142857143,5.538281738237598,28.302649047052263,4.672039690333832
2010-03-19,37.62,39.4834,4.9532,14.0018,12.7964,1.9365,1.861,30246480000.0,8.3018,12.0602,12.0,4.0,14.75,8.9576,13.05217876984127,15.139274285503014,10.324466666666666,5.272084488791783,28.191453055344283,5.052382177874883
2010-03-22,37.91,40.193,6.0222,14.2321,12.7932,1.9573,1.8607,30479640000.0,8.1858,11.2735,13.0,4.0,14.75,9.1136,13.011358333333334,15.130417774297529,10.419605555555554,5.080450279340188,28.14177610763086,5.339155276215366
2010-03-23,38.81,41.5513,7.0634,14.2968,12.7932,1.9984,1.8607,31242050000.0,8.2423,11.9519,17.0,4.0,14.75,10.1423,12.98419126984127,15.128777404251675,10.516398412698411,4.894558229396843,28.112968674092947,5.621840183301568
2010-03-24,38.46,41.8013,8.6877,14.0889,12.7934,1.9837,1.861,30960300000.0,8.1644,12.1746,18.0,4.0,14.75,10.1423,12.958881547619049,15.125266512280335,10.562422222222224,4.849315824202535,28.084148059899384,5.713106398019687
2010-03-25,38.54,41.8631,8.6225,14.0986,12.7934,1.9871,1.861,31024700000.0,8.1833,12.1688,18.0,4.0,14.75,10.1423,12.928621031746031,15.118640939665712,10.592375396825398,4.825335799592473,28.047261971411743,5.767039597232925
2010-03-26,38.8,41.8655,7.9008,14.1937,12.7934,2.0006,1.861,31234000000.0,8.182,12.1553,18.0,4.0,14.75,10.1423,12.89433630952381,15.110392640137896,10.636944444444444,4.773649894620236,28.004728949661704,5.863294549824208
2010-03-29,38.98,41.2469,5.8155,14.2957,12.7931,2.0125,1.8607,31378900000.0,8.1081,11.9447,19.0,4.0,14.75,10.1423,12.850156944444445,15.098445595873743,10.638581746031743,4.771946721502978,27.948602540318188,5.866635024528767
2010-03-30,39.19,41.2745,5.319,14.3727,12.7932,2.0227,1.8607,31547950000.0,8.1229,11.9447,19.0,4.0,14.75,10.1423,12.80895853174603,15.090592808490127,10.654812698412698,4.7501247629253225,27.89955134023616,5.904687935487376
2010-03-31,38.88,41.2745,6.1587,14.259,12.7934,2.0068,1.861,31298400000.0,8.1207,11.9447,19.0,4.0,14.75,10.1943,12.78485119047619,15.091494214466774,10.674792857142856,4.725619217993285,27.876345404942963,5.949173639149572
2010-04-01,39.24,41.2972,5.2426,14.391,12.7934,2.0254,1.861,31588200000.0,8.1203,11.9447,19.0,4.0,14.75,10.1943,12.75617361111111,15.092067624516444,10.681909523809525,4.716678557721256,27.848241235627555,5.965230966088267
2010-04-05,39.39,41.2972,4.8418,14.4455,12.7927,2.0333,1.8607,31708950000.0,8.1169,11.9447,19.0,4.0,14.75,10.1943,12.723654563492063,15.091427067534994,10.671929365079365,4.727769957399544,27.81508163102706,5.9441594076798205
2010-04-06,39.33,41.2972,5.0018,14.4235,12.7931,2.0311,1.8607,31660650000.0,8.0962,11.9447,19.0,4.0,14.75,10.1943,12.6889125,15.089003664832076,10.656229365079366,4.743387028781195,27.77791616483208,5.912842336298171
2010-04-07,38.3,41.2871,7.7992,14.0458,12.7932,1.9778,1.861,30831500000.0,8.0993,11.9447,19.0,4.0,14.75,10.1943,12.661975396825396,15.085583329788316,10.665599206349206,4.736508559662725,27.74755872661371,5.929090646686482
2010-04-08,38.59,41.2871,6.9891,14.1521,12.7932,1.9923,1.861,31064950000.0,8.1083,11.9447,19.0,4.0,14.75,10.1943,12.630379166666666,15.080744851067594,10.670248412698411,4.732577222067946,27.71112401773426,5.937671190630465
2010-04-09,38.98,42.1943,8.246,14.2009,12.7932,2.0132,1.861,31378900000.0,8.0956,12.1195,19.0,4.0,14.75,10.1943,12.593149603174604,15.068332003765477,10.683113492063493,4.723687531331365,27.66148160694008,5.959425960732126
2010-04-12,38.82,42.1943,8.6922,14.1426,12.7931,2.0049,1.8607,31250100000.0,8.0956,12.1195,19.0,4.0,14.75,10.1943,12.55830753968254,15.056982789780609,10.716823809523808,4.693873228597835,27.61529032946315,6.022950580925973
2010-04-13,38.86,42.1959,8.5844,14.1572,12.7932,2.0069,1.861,31282300000.0,8.0981,12.1195,19.0,4.0,14.75,10.1943,12.519846031746033,15.042290317776605,10.73465396825397,4.681356265282853,27.562136349522635,6.053297702971117
2010-04-14,39.16,42.208,7.7835,14.2665,12.7934,2.0219,1.8614,31523800000.0,8.1087,12.1195,19.0,4.0,14.75,10.1943,12.482147222222222,15.030275586450225,10.746127777777778,4.67225637785654,27.512422808672447,6.073871399921238
2010-04-15,39.48,42.582,7.8571,14.383,12.7934,2.0382,1.8614,31781400000.0,8.1117,12.1195,19.0,4.0,14.75,10.1943,12.441134523809524,15.014599232199783,10.757899206349206,4.6630119913461785,27.45573375600931,6.094887215003028
2010-04-16,38.97,42.5678,9.2322,14.1972,12.7934,2.0118,1.8614,31370850000.0,8.1137,12.1195,19.0,4.0,14.75,10.1943,12.41247996031746,15.006897919798115,10.798066666666664,4.627481947392004,27.419377880115576,6.170584719274662
2010-04-19,38.9,42.5678,9.4288,14.1717,12.7931,2.0082,1.8607,31314500000.0,8.1137,12.1195,19.0,4.0,14.75,10.1943,12.3877125,15.0014892196772,10.839903968253967,4.5906454540753865,27.3892017196772,6.249258514178581
2010-04-20,39.92,42.5598,6.6127,14.5433,12.7931,2.061,1.861,32135600000.0,8.1099,12.1195,19.0,4.0,14.75,10.1943,12.36350734126984,15.000944712906744,10.85167380952381,4.577771143238536,27.364452054176585,6.273902666285274
2010-04-21,40.23,42.5673,5.8098,14.6563,12.7932,2.0769,1.8614,32385150000.0,8.1117,12.1195,19.0,4.0,14.75,10.1943,12.331367063492063,14.997591637838774,10.863828571428572,4.562184751398832,27.32895870133084,6.30164382002974
2010-04-22,41.6,42.5648,2.3192,15.1554,12.7932,2.1479,1.8614,33488000000.0,8.1056,12.1195,19.0,4.0,14.75,10.1943,12.286717261904762,14.993826830889724,10.843265873015872,4.594955260598836,27.28054409279449,6.248310612417035
2010-04-23,42.77,42.5598,-0.4915,15.5816,12.7932,2.2084,1.8614,34429850000.0,8.1047,12.1195,19.0,4.0,14.75,10.1943,12.234177976190477,14.99211351879798,10.772400793650794,4.7000069655521,27.22629149498846,6.072393828098694
2010-04-26,43.85,42.5598,-4.1127,15.9885,12.7931,2.2658,1.861,35299250000.0,8.1047,12.1195,19.0,4.0,14.75,10.1943,12.176780555555556,14.99922410936772,10.69691349206349,4.860641735431177,27.17600466492328,5.836271756632314
2010-04-27,42.43,42.0449,-0.9076,15.4707,12.7932,2.1929,1.8614,34156150000.0,8.0228,12.1195,19.0,4.0,14.75,10.1943,12.123859126984128,14.99824027542422,10.612986507936506,4.968659112852824,27.122099402408345,5.644327395083683
2010-04-28,41.59,42.0228,1.0406,15.1761,12.7934,2.1498,1.8614,33479950000.0,8.0174,11.9029,18.0,4.0,14.75,10.1458,12.075308333333332,14.994425989274822,10.503549206349206,5.026559492420066,27.06973432260816,5.47698971392914
2010-04-29,43.16,42.0342,-2.6084,15.749,12.7934,2.2302,1.8614,34743800000.0,8.0326,11.9029,18.0,4.0,14.75,10.1458,12.02064623015873,14.9976456356744,10.354298412698412,5.1341884213648,27.018291865833127,5.220109991333612
2010-04-30,41.7,42.0392,0.8134,15.2162,12.7934,2.155,1.8614,33568500000.0,8.0277,11.9029,18.0,4.0,14.75,10.1458,11.975612103174605,14.997152586753506,10.199021428571427,5.124448457574344,26.97276468992811,5.074572970997084
2010-05-03,42.42,42.0392,-0.8977,15.4025,12.7931,2.1917,1.8607,34148100000.0,8.0583,12.6373,18.0,4.0,14.75,10.1458,11.9399748015873,15.00637585401967,10.076201587301586,5.203507356819666,26.94635065560697,4.87269423048192
2010-05-04,40.6,42.008,3.468,14.7417,12.7932,2.0987,1.861,32683000000.0,8.0354,12.6373,18.0,4.0,14.75,10.1458,11.915159325396829,15.010030751263184,9.93931507936508,5.147946795281566,26.92519007666001,4.791368284083513
2010-05-05,39.6,42.0086,6.0823,14.3786,12.7934,2.0463,1.8614,31878000000.0,8.0505,12.6373,18.0,4.0,14.75,10.1458,11.890082936507936,15.009195539345669,9.834876984126984,5.0908868580027375,26.89927847585361,4.743990126124246
2010-05-06,38.03,42.0086,10.4617,13.8085,12.7934,1.9652,1.8614,30614150000.0,8.0505,12.6373,18.0,4.0,14.75,10.1458,11.871256150793652,15.005015473382905,9.75965,5.009751619707204,26.87627162417656,4.7498983802927945
2010-05-07,36.68,41.9396,14.3391,13.3183,12.7934,1.896,1.8614,29527400000.0,8.0371,12.6373,18.0,4.0,14.75,10.1458,11.856124206349207,14.998659662982249,9.729213492063492,4.969710720665285,26.854783869331456,4.759502771398207
2010-05-10,39.21,41.9396,6.9615,14.237,12.7931,2.0268,1.8607,31564050000.0,8.0371,12.6373,18.0,4.0,14.75,10.1458,11.829823015873016,14.995590780732982,9.672785714285713,4.96036896961035,26.825413796606,4.712416744675362
2010-05-11,38.88,41.9695,7.9462,14.1171,12.7932,2.0088,1.861,31298400000.0,8.0566,12.6373,18.0,4.0,14.75,10.1458,11.801031944444444,14.989075189549247,9.616673015873015,4.939382711172015,26.790107133993693,4.677290304701001
2010-05-12,40.08,41.9675,4.7093,14.5528,12.7934,2.0716,1.8614,32264400000.0,8.0402,12.6373,18.0,4.0,14.75,10.1458,11.77178511904762,14.988502158804495,9.573477777777777,4.958425914354392,26.760287277852115,4.615051863423385
2010-05-13,38.9,41.9384,7.8108,14.1244,12.7934,2.0109,1.8614,31314500000.0,8.0329,12.6373,18.0,4.0,14.75,10.1458,11.743881944444444,14.982747289718372,9.54855238095238,4.959337476812125,26.72662923416281,4.589214904140254
2010-05-14,37.57,41.919,11.5757,13.6415,12.7934,1.9412,1.8614,30243850000.0,8.0557,12.6373,18.0,4.0,14.75,10.1458,11.721678968253968,14.974670400565016,9.55108492063492,4.96029807070601,26.696349368818986,4.590786849928911
2010-05-17,38.12,41.919,9.9659,13.8412,12.7931,1.9696,1.8607,30686600000.0,8.0557,12.6373,18.0,4.0,14.75,10.1458,11.700748015873016,14.969726691790727,9.532240476190475,4.954123313219761,26.670474707663743,4.578117162970714
2010-05-18,37.42,41.9002,11.9727,13.587,12.7932,1.9338,1.861,30123100000.0,8.0477,12.6373,18.0,4.0,14.75,10.1458,11.679517063492064,14.961719944191351,9.553905555555554,4.958814542824511,26.64123700768341,4.595091012731043
2010-05-19,37.02,42.0889,13.6923,13.4638,12.7934,1.9167,1.8614,29801100000.0,7.9967,12.7605,18.0,4.0,14.75,9.9942,11.663827777777778,14.955441321745422,9.607105555555554,4.967028632545604,26.6192690995232,4.64007692300995
2010-05-20,35.12,42.1103,19.904,12.7728,12.7931,1.8195,1.8607,28271600000.0,7.9663,12.7605,18.0,4.0,14.75,9.9942,11.65566488095238,14.94980648109802,9.703899206349206,5.047899061977995,26.6054713620504,4.656000144371211
2010-05-21,35.61,42.1318,18.3145,12.951,12.7931,1.8442,1.8607,28666050000.0,7.9834,12.7605,18.0,4.0,14.75,9.9942,11.633640873015874,14.93175748182434,9.78809126984127,5.102485303990804,26.565398354840216,4.685605965850467
2010-05-24,35.36,42.3898,19.8807,12.8713,12.7923,1.8328,1.8558,28464800000.0,7.9616,12.7215,19.0,4.0,14.75,9.9942,11.619687896825395,14.92073289950062,9.861799206349207,5.180692665727076,26.540420796326018,4.681106540622132
2010-05-25,35.22,42.3742,20.3129,12.8203,12.7927,1.8258,1.8556,28352100000.0,7.9542,12.7215,19.0,4.0,14.75,9.9942,11.602560515873016,14.905752563796536,9.935219047619048,5.262739125842477,26.508313079669552,4.67247992177657
2010-05-26,34.96,42.3874,21.2454,12.7257,12.7923,1.8119,1.8554,28142800000.0,7.9654,12.7215,19.0,4.0,14.75,9.9942,11.594606547619048,14.899521609722326,10.021174603174602,5.358217583263,26.49412815734137,4.662957019911603
2010-05-27,36.78,42.3951,15.2667,13.3882,12.7923,1.9056,1.8554,29607900000.0,7.9799,12.7215,19.0,4.0,14.75,9.9942,11.579590277777775,14.8919825627906,10.054876984126984,5.377870453243084,26.471572840568378,4.677006530883901
2010-05-28,36.23,42.4375,17.1336,13.1159,12.7923,1.8757,1.8554,29165150000.0,8.0337,12.9787,20.0,4.0,14.75,9.9942,11.56946488095238,14.886455943608874,10.127721428571428,5.411260412977375,26.45592082456125,4.716461015594053
2010-06-01,35.67,42.3047,18.6002,12.9132,12.7894,1.8458,1.854,28714350000.0,8.0549,12.9787,20.0,4.0,14.75,9.9942,11.568545833333332,14.886006661041916,10.185698412698413,5.462756813096881,26.45455249437525,4.722941599601532
2010-06-02,37.04,42.2848,14.1598,13.4091,12.7908,1.918,1.855,29817200000.0,8.0247,12.9787,20.0,4.0,14.75,9.9942,11.558133531746034,14.882347471196985,10.208709523809524,5.473416323568626,26.440481002943017,4.735293200240896
2010-06-03,37.17,42.2926,13.7815,13.4562,12.7908,1.9245,1.855,29921850000.0,8.0309,12.9787,20.0,4.0,14.75,9.9942,11.540463492063491,14.874392300893788,10.231466666666666,5.482326355568311,26.414855792957283,4.749140311098355
2010-06-04,35.295,42.283,19.7988,12.7774,12.7894,1.8267,1.8531,28412475000.0,8.0467,12.9787,20.0,4.0,14.75,9.9942,11.536941071428572,14.872221547909254,10.317064285714286,5.546973958423926,26.409162619337827,4.77009032729036
2010-06-07,34.56,42.2882,22.3617,12.5113,12.7875,1.7887,1.8488,27820800000.0,8.0467,12.9787,20.0,4.0,14.75,9.9942,11.54230515873016,14.875643686146402,10.421412698412698,5.648786848051214,26.41794884487656,4.772625850361485
2010-06-08,34.96,42.2594,20.8793,12.6561,12.7837,1.8104,1.8483,28142800000.0,8.0218,12.9787,20.0,4.0,14.75,9.9942,11.53120873015873,14.86656799297076,10.51991746031746,5.722186238591995,26.39777672312949,4.797731221725465
2010-06-09,34.71,42.2937,21.8487,12.5656,12.7799,1.7963,1.8482,27941550000.0,8.05,12.9787,20.0,4.0,14.75,9.9942,11.520134126984129,14.856776418103566,10.587757936507936,5.805483636126744,26.376910545087693,4.782274300381192
2010-06-10,36.33,42.3045,16.4451,13.1521,12.7799,1.8801,1.8482,29245650000.0,8.051,12.9787,20.0,4.0,14.75,9.9942,11.501846825396823,14.845002464620194,10.596566666666666,5.813580999184486,26.34684929001702,4.78298566748218
2010-06-11,36.31,42.547,17.1771,13.0974,12.7799,1.8796,1.8482,29229550000.0,8.0755,13.1397,21.0,4.0,14.75,9.9942,11.476336111111111,14.824124167938024,10.597903968253968,5.815086947867849,26.300460279049133,4.782817020386119
2010-06-14,36.37,42.547,16.9838,13.1599,12.7774,1.8868,1.8469,29277850000.0,7.9934,12.9664,21.0,4.0,14.75,10.0969,11.46056746031746,14.814007000905352,10.62222857142857,5.835464421906455,26.27457446122281,4.786764149522115
2010-06-15,37.43,42.5851,13.7726,13.5434,12.7786,1.9414,1.848,30131150000.0,8.0009,12.9664,21.0,4.0,14.75,10.0969,11.440705753968254,14.804160456765052,10.627714285714283,5.838118979064505,26.244866210733303,4.7895953066497805
2010-06-16,36.75,42.5684,15.8324,13.2988,12.7799,1.9075,1.8482,29583750000.0,7.9811,12.9324,21.0,4.0,14.75,10.0969,11.42390535714286,14.794339719631596,10.683369047619047,5.854150277257425,26.21824507677445,4.829218770361623
2010-06-17,36.0,42.6325,18.4236,13.0044,12.7799,1.8687,1.8482,28980000000.0,7.987,12.9919,21.0,4.0,14.75,10.1048,11.408601785714284,14.783075301979292,10.764177777777778,5.890338580854339,26.191677087693577,4.87383919692344
2010-06-18,35.41,42.6629,20.4826,12.7912,12.7799,1.8385,1.8469,28505050000.0,7.9768,12.9919,21.0,4.0,14.75,10.1048,11.393518849206348,14.769899551446525,10.856844444444445,5.950828324440873,26.16341840065288,4.90601612000357
2010-06-21,34.74,42.7184,22.966,12.4637,12.7774,1.8042,1.845,27965700000.0,7.9685,13.4395,22.0,4.0,14.75,10.1048,11.408690476190475,14.777865423726634,10.957312698412698,6.047546418242387,26.18655589991711,4.909766280170311
2010-06-22,33.19,41.8766,26.1723,11.9681,12.7751,1.7423,1.8442,26751140000.0,7.6051,13.3233,21.0,4.0,14.75,10.8125,11.424804761904763,14.789545913060593,11.053290476190476,6.1917311403312265,26.21435067496536,4.8615593358592495
2010-06-23,33.31,41.5261,24.6656,11.9764,12.7728,1.7446,1.8441,26847860000.0,7.7262,13.7596,20.0,4.0,14.75,11.1446,11.43064384920635,14.794199940175869,11.139276984126983,6.304815838264024,26.22484378938222,4.834461145862961
2010-06-24,32.35,41.536,28.3957,11.6313,12.7613,1.6948,1.844,26074100000.0,7.7151,13.7596,20.0,4.0,14.75,11.1446,11.444444246031743,14.80679448284807,11.26512380952381,6.488554378120554,26.251238728879816,4.7765694314032565
2010-06-25,32.58,41.5372,27.4929,11.7139,12.753,1.7072,1.8437,26259480000.0,7.7044,13.7596,20.0,4.0,14.75,11.1446,11.463574206349207,14.821309703382664,11.378314285714286,6.645617720702352,26.28488390973187,4.732696565011934
2010-06-28,32.1,41.5372,29.3994,11.5244,12.7277,1.6822,1.8424,25872600000.0,7.6906,13.7001,20.0,4.0,14.75,11.1446,11.47209503968254,14.830399426119412,11.505709523809523,6.834831896939924,26.30249446580196,4.6708776268696
2010-06-29,30.14,41.5482,37.8507,10.8207,12.7267,1.5793,1.842,24292840000.0,7.6959,13.7001,20.0,4.0,14.75,11.1446,11.49331388888889,14.86050459954186,11.677820634920634,7.215530922562082,26.35381848843075,4.462289712358552
2010-06-30,30.24,41.5348,37.3505,10.8566,12.7257,1.5869,1.8414,24373440000.0,7.6257,13.7001,20.0,4.0,14.75,11.1446,11.51376984126984,14.889017142502787,11.84795873015873,7.560681116346726,26.40278698377263,4.287277613812004
2010-07-01,31.31,41.5563,32.7253,11.1973,12.7246,1.6475,1.84,25235860000.0,7.5746,13.8974,18.0,4.0,14.75,10.2738,11.519898412698414,14.897125088747025,11.974826984126985,7.774518180418952,26.417023501445435,4.200308803708031
2010-07-02,30.62,41.5665,35.7495,10.9506,12.7069,1.612,1.8394,24679720000.0,7.5522,13.8974,18.0,4.0,14.75,10.2738,11.53146865079365,14.913698272052695,12.113266666666666,8.038968499731714,26.445166922846347,4.074298166934952
2010-07-06,30.49,41.9496,37.5848,10.8594,12.6678,1.6044,1.8388,24574940000.0,7.5637,13.8744,18.0,4.0,14.75,10.2738,11.545365674603175,14.934732676965965,12.276333333333334,8.34233466434899,26.48009835156914,3.933998668984344
2010-07-07,31.56,41.9472,32.9125,11.2405,12.6659,1.6609,1.8386,25437360000.0,7.56,13.8744,18.0,4.0,14.75,10.2738,11.553676190476189,14.945472324487229,12.411214285714284,8.536800072492799,26.499148514963416,3.874414213221488
2010-07-08,31.58,41.9409,32.8084,11.2508,12.6655,1.6646,1.838,25453480000.0,7.4769,13.8069,18.0,4.0,14.75,10.2738,11.576019047619049,14.968841468726174,12.528968253968255,8.714586319027593,26.54486051634522,3.814381934940663
2010-07-09,32.12,41.7518,29.9869,11.4432,12.6561,1.6927,1.8374,25888720000.0,7.4858,13.8069,18.0,4.0,14.75,10.2738,11.578919047619047,14.97227286768462,12.634720634920637,8.84501636514764,26.55119191530367,3.789704269772996
2010-07-12,31.67,41.7518,31.8339,11.2829,12.6434,1.669,1.836,25526020000.0,7.4858,13.8069,18.0,4.0,14.75,10.2738,11.57293134920635,14.96354802967625,12.785565079365078,9.008881674004243,26.5364793788826,3.776683405360833
2010-07-13,32.82,41.7606,27.2413,11.6926,12.643,1.7291,1.8357,26452920000.0,7.4984,13.8069,18.0,4.0,14.75,10.2738,11.552619642857143,14.93523491202479,12.905319047619049,9.100221494813905,26.48785455488193,3.805097552805142
2010-07-14,32.75,41.7746,27.556,11.6677,12.6426,1.7257,1.8354,26396500000.0,7.4913,13.8069,18.0,4.0,14.75,10.2738,11.531898015873017,14.905684158507924,13.01273253968254,9.192908510906188,26.437582174380942,3.819824028776353
2010-07-15,32.8,41.7902,27.4091,11.6855,12.6392,1.7282,1.8349,26436800000.0,7.494,13.8069,18.0,4.0,14.75,10.2738,11.518454166666666,14.888257669121888,13.149168253968254,9.278274146608451,26.40671183578856,3.870894107359801
2010-07-16,31.41,41.786,33.0341,11.1903,12.6282,1.6553,1.8343,25316460000.0,7.4868,13.8069,18.0,4.0,14.75,10.2738,11.542224404761903,14.9130550021141,13.352662698412695,9.430955404689186,26.455279406876,3.921707293723511
2010-07-19,31.4,41.786,33.0764,11.1867,12.6255,1.6547,1.8331,25308400000.0,7.4868,13.8069,18.0,4.0,14.75,10.2738,11.587188095238094,14.943780186509638,13.519626984126983,9.592352082866054,26.53096828174773,3.9272749012609296
2010-07-20,31.71,41.771,31.7282,11.2972,12.6254,1.6712,1.8328,25558260000.0,7.4822,13.8069,18.0,4.0,14.75,10.2738,11.630851984126984,14.970444831245365,13.69570238095238,9.72151517924202,26.60129681537235,3.974187201710361
2010-07-21,31.43,41.4699,31.9437,11.2278,12.6252,1.6581,1.8326,25332580000.0,7.3896,13.7022,17.0,4.0,14.75,10.2738,11.66744503968254,14.997540692024106,13.854688888888887,9.85498979775191,26.664985731706647,3.9996990911369767
2010-07-22,33.67,41.4771,23.1871,12.0259,12.6222,1.7758,1.8317,27138020000.0,7.4001,13.7065,17.0,4.0,14.75,11.1448,11.71109404761905,14.998993705679837,13.93395634920635,9.88978292308977,26.71008775329889,4.044173426116579
2010-07-23,34.19,41.4991,21.3779,12.2173,12.6173,1.8042,1.83,27557140000.0,7.3836,13.7081,17.0,4.0,14.75,11.1448,11.75200873015873,14.997178302956073,13.97474126984127,9.909940570738144,26.7491870331148,4.064800699103126
2010-07-26,35.15,41.4991,17.2805,12.5477,12.6034,1.8547,1.8288,28330900000.0,7.3807,13.7361,16.0,4.0,14.75,11.1448,11.772733928571428,14.997587304458266,13.989924603174602,9.913556278007832,26.77032123302969,4.07636832516677
2010-07-27,34.52,41.2377,19.4603,12.3229,12.6017,1.8213,1.8288,27823120000.0,7.3852,13.7361,16.0,4.0,14.75,11.1448,11.7993498015873,14.999306833657876,14.027292857142855,9.925318419252212,26.798656635245177,4.101974437890643
2010-07-28,34.63,41.3952,19.5357,12.3621,12.5899,1.827,1.8279,27911780000.0,7.3887,13.7361,16.0,4.0,14.75,11.1448,11.815749206349206,15.003245251468176,14.069334126984126,9.937431642118838,26.818994457817382,4.131902484865288
2010-07-29,34.4,41.3938,20.3308,12.28,12.5656,1.8149,1.827,27726400000.0,7.3873,13.7361,16.0,4.0,14.75,11.1448,11.845744246031746,15.005130762440432,14.131650793650794,9.951986987593886,26.85087500847218,4.179663806056908
2010-07-30,34.68,41.4332,19.4729,12.38,12.5507,1.8299,1.827,27952080000.0,7.3819,13.7361,16.0,4.0,14.75,11.1448,11.86955376984127,15.007698651951143,14.158696825396826,9.961909124234596,26.877252421792413,4.196787701162229
2010-08-02,35.52,41.4332,16.6475,12.6798,12.5501,1.8742,1.8267,28629120000.0,7.3819,13.7361,16.0,4.0,14.75,11.1448,11.884466865079366,15.008706626040471,14.186185714285712,9.963976265252388,26.89317349111984,4.222209449033324
2010-08-03,35.39,41.4798,17.2077,12.6334,12.5504,1.8669,1.8267,28524340000.0,7.3922,13.7361,16.0,4.0,14.75,11.1448,11.898240873015872,15.010403388842638,14.232211111111113,9.964436753568874,26.908644261858512,4.267774357542237
2010-08-04,35.98,41.4678,15.2524,12.844,12.5507,1.8988,1.8268,28999880000.0,7.3757,13.7361,16.0,4.0,14.75,11.1448,11.91282023809524,15.01008501709904,14.262963492063491,9.961535142108126,26.92290525519428,4.301428349955366
2010-08-05,35.84,41.4606,15.6825,12.7941,12.5507,1.8913,1.8268,28887040000.0,7.3778,13.7361,16.0,4.0,14.75,11.1448,11.943278968253969,15.00211021361802,14.25214761904762,9.95922958707715,26.945389181871988,4.292918031970469
2010-08-06,35.63,41.4829,16.4269,12.7191,12.5507,1.8798,1.8268,28717780000.0,7.3879,13.7361,16.0,4.0,14.75,11.1448,11.973213095238094,14.995961630440858,14.237069047619046,9.95444819329695,26.96917472567896,4.282620854322097
2010-08-09,35.16,41.4829,17.9832,12.5513,12.5501,1.855,1.8267,28338960000.0,7.3879,13.7361,16.0,4.0,14.75,11.1448,11.994746825396827,14.996785650805636,14.252184126984128,9.958711948844824,26.991532476202465,4.293472178139304
2010-08-10,34.32,41.4458,20.7628,12.2515,12.55,1.8116,1.8267,27661920000.0,7.3644,13.7361,16.0,4.0,14.75,11.1448,12.03388869047619,14.99386871233677,14.279248412698411,9.971830559512938,27.02775740281296,4.307417853185475
2010-08-11,32.88,41.5327,26.316,11.7223,12.55,1.7351,1.8262,26501280000.0,7.3769,13.7901,16.0,4.0,14.75,11.1448,12.088566865079365,14.99560742585138,14.34495873015873,10.023930562076028,27.08417429093074,4.321028168082703
2010-08-12,32.62,41.5199,27.2836,11.6575,12.5477,1.7172,1.8258,26291720000.0,7.4925,13.5547,17.0,4.0,14.75,11.1448,12.137014880952382,15.005192763910149,14.436188095238096,10.08927088179992,27.14220764486253,4.346917213438175
2010-08-13,32.51,41.6704,28.1772,11.5789,12.5466,1.7136,1.8236,26203060000.0,7.4338,13.8297,17.0,4.0,14.75,11.1448,12.179113095238096,15.02039449209095,14.524429365079364,10.16075964838109,27.199507587329045,4.363669716698276
2010-08-16,32.47,41.6704,28.3351,11.5646,12.5276,1.7115,1.8198,26170820000.0,7.4338,13.8297,17.0,4.0,14.75,11.1448,12.230638492063491,15.031203374034767,14.632105555555556,10.23497691645504,27.26184186609826,4.397128639100515
2010-08-17,33.11,41.6696,25.852,11.7926,12.5269,1.7456,1.8195,26686660000.0,7.4252,13.8297,17.0,4.0,14.75,11.1448,12.278214682539684,15.036303391687026,14.736924603174604,10.281982821185244,27.31451807422671,4.45494178198936
2010-08-18,33.04,41.6718,26.1253,11.7676,12.5262,1.7415,1.8192,26630240000.0,7.4368,13.8297,17.0,4.0,14.75,11.1448,12.319667857142855,15.045637687960308,14.837825396825396,10.331138438185237,27.36530554510316,4.506686958640161
2010-08-19,32.16,41.678,29.5958,11.4542,12.5113,1.695,1.8183,25920960000.0,7.4399,13.8297,17.0,4.0,14.75,11.1448,12.360124603174604,15.064649466245868,14.969289682539683,10.413033878303253,27.424774069420472,4.556255804236431
2010-08-20,31.79,41.658,31.0412,11.3224,12.5028,1.6757,1.8175,25622740000.0,7.4332,13.8297,17.0,4.0,14.75,11.1448,12.39702638888889,15.08761372376988,15.118011111111109,10.508022044188628,27.484640112658766,4.609989066922481
2010-08-23,31.52,41.658,32.1637,11.2263,12.4959,1.6615,1.8158,25405120000.0,7.4332,13.8297,17.0,4.0,14.75,11.1448,12.437704365079366,15.113243790994106,15.263994444444442,10.616352874242994,27.55094815607348,4.647641570201449
2010-08-24,30.44,41.6492,36.8239,10.8416,12.4899,1.6047,1.8149,24534640000.0,7.4292,13.8297,17.0,4.0,14.75,11.1448,12.49506130952381,15.150857176771312,15.500592063492062,10.762177950021783,27.645918486295123,4.738414113470279
2010-08-25,30.65,41.4136,35.1178,10.9164,12.4839,1.6167,1.8148,24703900000.0,7.404,13.8297,17.0,4.0,14.75,11.1448,12.543733134920636,15.184081627312244,15.72031507936508,10.878132262369736,27.72781476223288,4.842182816995342
2010-08-26,30.56,41.436,35.589,10.8844,12.4797,1.6115,1.814,24631360000.0,7.416,13.8297,17.0,4.0,14.75,11.1448,12.591145634920634,15.218688431537087,15.95152857142857,10.988693545493735,27.809834066457725,4.962835025934835
2010-08-27,31.46,41.4204,31.6605,11.2049,12.4737,1.6598,1.8126,25356760000.0,7.396,13.8297,17.0,4.0,14.75,11.1448,12.632170436507938,15.24219797359484,16.154840476190476,11.040765095156544,27.87436841010278,5.114075381033931
2010-08-30,30.84,41.4204,34.3074,10.9841,12.4642,1.627,1.8104,24857040000.0,7.396,13.8297,17.0,4.0,14.75,11.1448,12.68748134920635,15.27020310780459,16.37091984126984,11.12784502199782,27.95768445701094,5.243074819272017
2010-08-31,31.18,41.4052,32.7941,11.1052,12.464,1.6452,1.8096,25131080000.0,7.3903,13.8297,17.0,4.0,14.75,11.1448,12.735687103174604,15.295280870479251,16.574490476190476,11.19213430057677,28.03096797365385,5.382356175613706
2010-09-01,32.9,41.4185,25.8921,11.7178,12.464,1.735,1.8088,26517400000.0,7.415,13.8297,17.0,4.0,14.75,11.1448,12.781586507936508,15.299991321577007,16.733668253968254,11.180800496720376,28.08157782951352,5.55286775724788
2010-09-02,33.81,41.4099,22.4783,12.0419,12.4639,1.7838,1.8061,27250860000.0,7.3952,13.8297,17.0,4.0,14.75,11.1448,12.82029484126984,15.299795769673793,16.885934920634924,11.126799111106898,28.120090610943635,5.759135809528026
2010-09-03,34.67,41.4154,19.456,12.3482,12.4597,1.8289,1.8061,27944020000.0,7.4008,13.8297,17.0,4.0,14.75,11.1448,12.846516865079364,15.299820917870155,17.01195317460317,11.064611143473064,28.14633778294952,5.947342031130107
2010-09-07,33.87,41.396,22.2203,12.0633,12.4376,1.7871,1.8042,27299220000.0,7.3913,13.8297,17.0,4.0,14.75,11.1448,12.884116468253968,15.299525139143508,17.159910317460316,11.008030480334398,28.18364160739748,6.151879837125918
2010-09-08,34.57,41.3905,19.7295,12.3126,12.4347,1.823,1.8052,27863420000.0,7.4164,13.8297,17.0,4.0,14.75,11.1448,12.925431150793653,15.28981765715422,17.293185714285716,10.935871159546124,28.21524880794788,6.357314554739592
2010-09-09,35.18,41.389,17.6492,12.5298,12.4347,1.8558,1.8052,28355080000.0,7.4019,13.8297,17.0,4.0,14.75,11.1448,12.959234722222224,15.281371602811792,17.411776190476193,10.85716420577984,28.24060632503401,6.554611984696352
2010-09-10,35.28,41.3717,17.2667,12.6198,12.4347,1.865,1.8052,28435680000.0,7.4179,14.0032,18.0,4.0,14.75,11.1448,12.989299801587302,15.27489639948524,17.532184920634922,10.769716276211236,28.264196201072544,6.762468644423686
2010-09-13,35.83,41.3717,15.4666,12.8166,12.4336,1.8941,1.8042,28878980000.0,7.4179,14.0032,18.0,4.0,14.75,11.1448,13.01906527777778,15.265055454777016,17.630891269841268,10.692450661875489,28.2841207325548,6.938440607965779
2010-09-14,35.89,41.3883,15.3199,12.8238,12.4347,1.8971,1.8042,28927340000.0,7.4099,13.9789,18.0,4.0,14.75,11.1448,13.052662103174605,15.251415559698122,17.726786507936506,10.61623790808283,28.30407766287273,7.110548599853676
2010-09-15,35.6,41.484,16.5281,12.7202,12.4376,1.8817,1.8052,28693600000.0,7.4129,13.9798,18.0,4.0,14.75,11.1448,13.088275396825397,15.238502028228403,17.840442857142854,10.525025897700536,28.3267774250538,7.315416959442318
2010-09-16,35.52,41.3262,16.3463,12.7367,12.4376,1.8775,1.8052,28629120000.0,7.3994,13.9496,18.0,4.0,14.75,11.1223,13.122591468253969,15.226297225507809,17.93203968253968,10.460698420507642,28.34888869376178,7.471341262032039
2010-09-17,35.92,41.3256,15.049,12.8801,12.4376,1.8987,1.8052,28951520000.0,7.3982,13.9496,18.0,4.0,14.75,11.1223,13.14403492063492,15.221374365195002,18.01216507936508,10.39897269500258,28.365409285829923,7.613192384362501
2010-09-20,37.06,41.3256,11.51,13.2889,12.4336,1.9589,1.8042,29870360000.0,7.3982,13.9496,18.0,4.0,14.75,11.1223,13.16109226190476,15.21470206211098,18.05571904761905,10.359771816627656,28.37579432401574,7.695947230991395
2010-09-21,37.57,42.6177,13.4355,13.1235,12.4347,1.9904,1.8042,30281420000.0,7.3275,14.4121,20.0,4.0,14.75,11.4174,13.18438015873016,15.20610225612004,18.106291269841268,10.321163541508367,28.3904824148502,7.785127728332901
2010-09-22,37.05,43.2988,16.8659,12.8588,12.4376,1.9585,1.8052,29862300000.0,7.4911,14.8041,22.0,4.0,14.75,12.3792,13.201684126984128,15.20531806688608,18.17119761904762,10.28711815746629,28.40700219387021,7.884079461581331
2010-09-23,36.75,43.3056,17.8384,12.7547,12.4376,1.9426,1.8052,29620500000.0,7.4915,14.8041,22.0,4.0,14.75,12.3792,13.22667996031746,15.202559272125123,18.24433968253968,10.25138392854404,28.429239232442583,7.992955753995641
2010-09-24,37.79,43.3865,14.8095,13.1156,12.4376,1.9975,1.8052,30458740000.0,7.4918,14.8041,22.0,4.0,14.75,12.3792,13.246798015873017,15.19792168202336,18.299170634920632,10.214025477227338,28.44471969789637,8.085145157693294
2010-09-27,38.02,43.7343,15.0297,13.0752,12.4336,2.0108,1.8042,30644120000.0,7.4592,14.9112,22.0,4.0,14.75,12.3792,13.263801984126983,15.195106889565515,18.372299206349208,10.156756624281083,28.4589088736925,8.215542582068123
2010-09-28,38.34,43.7343,14.0696,13.1852,12.4347,2.0277,1.8042,30902040000.0,7.4592,14.9112,22.0,4.0,14.75,12.3792,13.27437876984127,15.193806202715924,18.44174841269841,10.09652614265896,28.4681849725572,8.34522227003945
2010-09-29,38.78,43.725,12.7514,13.4906,12.4376,2.0518,1.8052,31256680000.0,7.444,14.5521,21.0,4.0,14.75,12.3792,13.270546626984128,15.193693834067002,18.494071428571427,10.049335044858216,28.46424046105113,8.444736383713211
2010-09-30,38.185,43.8159,14.7464,13.2836,12.4376,2.0209,1.8052,30777110000.0,7.505,15.0013,19.0,4.0,14.75,12.3792,13.284319047619048,15.191875679880804,18.56949841269841,9.984535465856975,28.47619472749985,8.584962946841436
2010-10-01,38.39,43.8159,14.1336,13.3549,12.4376,2.0317,1.8052,30942340000.0,7.505,15.0013,19.0,4.0,14.75,12.3792,13.3005625,15.188391060743577,18.64324285714286,9.916415009874632,28.48895356074357,8.726827847268227
2010-10-04,38.09,43.8159,15.0326,13.2064,12.4336,2.0145,1.8042,30700540000.0,7.5328,15.15,19.0,4.0,14.75,12.4957,13.310770436507935,15.187821692462816,18.722852380952386,9.846038822760786,28.49859212897076,8.876813558191596
2010-10-05,39.86,43.9379,10.2306,13.7667,12.4347,2.1065,1.8042,32127160000.0,7.5361,15.185,20.0,4.0,14.75,12.4957,13.29853115079365,15.187813416596056,18.742149206349207,9.82682260479946,28.486344567389708,8.915326601549747
2010-10-06,39.95,43.9379,9.9822,13.7977,12.4376,2.1113,1.8052,32199700000.0,7.5361,15.185,20.0,4.0,14.75,12.4957,13.272441865079363,15.18218198389212,18.76590396825397,9.80176994520798,28.454623848971487,8.964134023045986
2010-10-07,40.12,43.9379,9.5162,13.8565,12.4376,2.1203,1.8052,32336720000.0,7.5361,15.185,20.0,4.0,14.75,12.4957,13.235919841269842,15.16900223503712,18.77598492063492,9.79151166940882,28.404922076306963,8.984473251226099
2010-10-08,40.28,43.9379,9.0812,13.9117,12.4376,2.1287,1.8052,32465680000.0,7.5361,15.185,20.0,4.0,14.75,12.4957,13.198534722222222,15.15594539408319,18.77907222222222,9.788367599101525,28.35448011630541,8.990704623120694
2010-10-11,40.11,44.0138,9.7327,13.843,12.4336,2.1191,1.8042,32328660000.0,7.5611,15.3303,20.0,4.0,14.75,12.4957,13.147260515873016,15.12377255822003,18.78818571428572,9.779330273810809,28.271033074093047,9.008855440474903
2010-10-12,40.18,44.0138,9.5416,13.8671,12.4347,2.1228,1.8042,32385080000.0,7.5611,15.3303,20.0,4.0,14.75,12.4957,13.095174404761904,15.090794636131578,18.80213888888889,9.76474650327769,28.18596904089348,9.0373923856112
2010-10-13,40.19,44.0039,9.4897,13.8735,12.4376,2.1232,1.8052,32393140000.0,7.553,15.2468,20.0,4.0,14.75,12.4957,13.065625595238096,15.083228201360315,18.81509603174603,9.751180758085784,28.14885379659841,9.063915273660246
2010-10-14,39.65,44.0039,10.9808,13.687,12.4376,2.0947,1.8052,31957900000.0,7.553,15.2468,20.0,4.0,14.75,12.4957,13.034684126984128,15.071450139694706,18.82897380952381,9.73866964359439,28.10613426667884,9.09030416592942
2010-10-15,39.33,44.0039,11.8838,13.5766,12.4376,2.0778,1.8052,31699980000.0,7.553,15.2468,20.0,4.0,14.75,12.4957,12.983126587301587,15.030717519635392,18.84845793650793,9.72215414049658,28.01384410693698,9.126303796011356
2010-10-18,39.69,44.1857,11.327,13.7009,12.4347,2.0968,1.8042,31990140000.0,7.5529,15.2431,20.0,4.0,14.75,12.4957,12.944712698412696,15.010106114800434,18.885873015873013,9.683684138900045,27.95481881321313,9.202188876972969
2010-10-19,39.23,44.1857,12.6324,13.5421,12.4376,2.0725,1.8042,31619380000.0,7.5529,15.2431,20.0,4.0,14.75,12.4957,12.91125496031746,14.991924312332037,18.940020634920632,9.628902377507472,27.903179272649496,9.31111825741316
2010-10-20,39.71,44.3023,11.5646,13.7078,12.4404,2.0979,1.8052,32006260000.0,7.5529,15.2431,20.0,4.0,14.75,11.8775,12.880573809523812,14.97879415936192,19.01339682539682,9.536010437569168,27.85936796888573,9.477386387827654
2010-10-21,39.93,44.3023,10.9499,13.7837,12.4404,2.1095,1.8052,32183580000.0,7.5529,15.2431,20.0,4.0,14.75,11.8775,12.84761765873016,14.96469871771401,19.104201587301585,9.40233031985559,27.81231637644417,9.701871267445997
2010-10-22,40.14,44.7114,11.3886,13.8161,12.4404,2.12,1.8052,32352840000.0,7.553,15.2653,21.0,4.0,14.75,11.8775,12.803197023809524,14.935650068990917,19.227227777777777,9.195249144253811,27.73884709280044,10.031978633523964
2010-10-25,40.5,44.7114,10.3985,13.94,12.4347,2.139,1.8042,32643000000.0,7.553,15.2653,21.0,4.0,14.75,11.8775,12.748729365079368,14.894124517076762,19.31695873015873,9.051230409408513,27.64285388215613,10.26572832075022
2010-10-26,43.08,45.0907,4.6674,14.7803,12.4376,2.273,1.8042,34722480000.0,7.5996,15.3973,21.0,4.0,14.75,12.1015,12.674742857142856,14.84126927583483,19.345742857142856,8.998255999384925,27.51601213297769,10.34748685775793
2010-10-27,42.47,45.3179,6.7057,14.452,12.4404,2.2401,1.8052,34230820000.0,7.6142,15.4938,21.0,4.0,14.75,12.1015,12.589167857142858,14.750640613418744,19.419664285714287,8.853552580549376,27.3398084705616,10.56611170516491
2010-10-28,43.07,45.3179,5.2192,14.6561,12.4404,2.2717,1.8052,34714420000.0,7.6142,15.4938,21.0,4.0,14.75,12.1015,12.536394047619048,14.72927590014884,19.45463095238096,8.78793728752729,27.26566994776789,10.666693664853662
2010-10-29,43.17,45.5907,5.6074,14.6902,12.4404,2.277,1.8052,34795020000.0,7.6142,15.4938,21.0,4.0,14.75,12.1015,12.491467063492063,14.715776171922808,19.50625873015873,8.685930143483853,27.20724323541487,10.820328586674878
2010-11-01,43.26,45.5907,5.3877,14.7208,12.4347,2.2817,1.8042,34867560000.0,7.6142,15.4938,21.0,4.0,14.75,12.1015,12.44911765873016,14.7054221678338,19.521494444444443,8.659215445619028,27.15453982656396,10.862278998825415
2010-11-02,43.34,45.5907,5.1931,14.748,12.4376,2.286,1.8042,34932040000.0,7.6142,15.4938,21.0,4.0,14.75,12.1015,12.41840615079365,14.70437868079471,19.514437301587304,8.670610673549799,27.12278483158836,10.843826628037505
2010-11-03,43.57,45.5907,4.6378,14.8263,12.4376,2.2981,1.8052,35117420000.0,7.6142,15.4938,21.0,4.0,14.75,12.1015,12.379703968253969,14.699125144480636,19.468215873015875,8.734542587821315,27.078829112734603,10.73367328519456
2010-11-04,44.56,45.727,2.6189,15.1632,12.4376,2.3503,1.8052,35915360000.0,7.6142,15.4938,21.0,4.0,14.75,12.1015,12.346010515873015,14.702003185359874,19.375198412698413,8.8512284841459,27.04801370123289,10.523969928552514
2010-11-05,44.7,45.727,2.2975,15.2108,12.4376,2.3577,1.8052,36028200000.0,7.6142,15.4938,21.0,4.0,14.75,12.1015,12.296469047619048,14.693692474920876,19.338182539682546,8.913094161998456,26.990161522539925,10.425088377684084
2010-11-08,43.95,45.727,4.0432,14.9556,12.4336,2.3181,1.8042,35423700000.0,7.6142,15.4938,21.0,4.0,14.75,12.1015,12.232593055555554,14.659348483185056,19.307206349206343,8.959662612940155,26.89194153874061,10.347543736266193
2010-11-09,43.37,45.727,5.4346,14.7582,12.4347,2.2875,1.8042,34956220000.0,7.6142,15.4938,21.0,4.0,14.75,12.1015,12.173318253968256,14.62621459851491,19.312962698412697,8.950437052691658,26.799532852483164,10.36252564572104
2010-11-10,43.5,45.727,5.1195,14.8025,12.4376,2.2944,1.8052,35061000000.0,7.6142,15.4938,21.0,4.0,14.75,12.1015,12.098551587301587,14.56552236077858,19.29160317460317,8.9812638669704,26.66407394808017,10.310339307632775
2010-11-11,42.82,45.727,6.7889,14.5711,12.4376,2.2585,1.8052,34512920000.0,7.6142,15.4938,21.0,4.0,14.75,12.1015,12.02851369047619,14.505777093831716,19.2536126984127,9.024184463132151,26.534290784307903,10.229428235280546
2010-11-12,42.54,46.0402,8.228,14.4856,12.4376,2.2435,1.8052,34287240000.0,7.6139,15.4401,21.0,4.0,14.75,12.1015,11.93739503968254,14.384380016530184,19.23981984126984,9.039808277028968,26.32177505621272,10.200011564240874
2010-11-15,42.12,46.3129,9.9547,14.3504,12.4336,2.22,1.8042,33948720000.0,7.6415,15.4302,21.0,4.0,14.75,12.1015,11.862621428571428,14.296096293186826,19.223803968253968,9.054562081217531,26.15871772175825,10.169241887036437
2010-11-16,41.32,46.3194,12.0992,14.0712,12.4347,2.1778,1.8042,33303920000.0,7.6657,15.5916,21.0,4.0,14.75,12.1015,11.775239484126985,14.158859259923169,19.21116031746032,9.063455903034503,25.93409874405016,10.147704414425816
2010-11-17,41.61,46.3194,11.318,14.1699,12.4376,2.1931,1.8052,33537660000.0,7.6657,15.5916,21.0,4.0,14.75,12.1015,11.678826984126983,13.99493278904064,19.14301746031746,9.090441569772668,25.673759773167625,10.05257589054479
2010-11-18,42.09,46.3194,10.0485,14.3334,12.4376,2.2184,1.8052,33924540000.0,7.6657,15.5916,21.0,4.0,14.75,12.1015,11.584283531746031,13.843559210033158,19.077414285714287,9.126224859160144,25.427842741779187,9.951189426554144
2010-11-19,41.92,46.3194,10.4948,14.2755,12.4404,2.2094,1.8061,33787520000.0,7.6657,15.5916,21.0,4.0,14.75,12.1015,11.44608611111111,13.501182439209613,19.002923015873016,9.157866282021391,24.94726855032072,9.845056733851624
2010-11-22,42.1,46.3194,10.0223,14.2789,12.4376,2.2231,1.8052,33932600000.0,7.5883,15.5916,21.0,4.0,14.75,12.1015,11.272445238095235,12.942981186820914,18.92125158730159,9.191913601410524,24.21542642491616,9.729337985891068
2010-11-23,40.94,46.3194,13.1397,13.8855,12.4376,2.1619,1.8061,32997640000.0,7.5883,15.5916,21.0,4.0,14.75,12.1015,11.124349404761906,12.484739796337909,18.85692063492064,9.203874263585368,23.609089201099813,9.653046371335266
2010-11-24,42.49,46.3194,9.0125,14.4112,12.4404,2.2437,1.8074,34246940000.0,7.5883,15.5916,21.0,4.0,14.75,12.1015,11.009041071428571,12.232288783912797,18.80728412698413,9.240184058455998,23.24132985534137,9.56710006852813
2010-11-26,41.76,46.4065,11.1267,14.1521,12.4404,2.206,1.8074,33658560000.0,7.6173,16.2007,20.0,4.0,14.75,12.1015,10.89918234126984,11.978983840441796,18.75961031746032,9.264352740018648,22.878166181711634,9.49525757744167
2010-11-29,41.14,46.394,12.771,13.942,12.4557,2.173,1.8052,33158840000.0,7.6223,16.2033,20.0,4.0,14.75,12.1015,10.8200498015873,11.833454502234696,18.713346825396822,9.27969711754582,22.653504303822,9.433649707851009
2010-11-30,41.31,46.3439,12.1857,13.9996,12.4597,2.182,1.8061,33295860000.0,7.6223,16.2033,20.0,4.0,14.75,12.1015,10.761920436507936,11.754223153345547,18.697679365079367,9.289108366006348,22.516143589853485,9.40857099907302
2010-12-01,42.57,46.5711,9.3989,14.4266,12.4637,2.2486,1.8074,34311420000.0,7.6223,16.2033,20.0,4.0,14.75,12.1015,10.67896130952381,11.61490131132236,18.66289682539682,9.31583074968562,22.29386262084617,9.3470660757112
2010-12-02,43.22,46.5711,7.7536,14.6469,12.464,2.2829,1.8074,34835320000.0,7.6223,16.2033,20.0,4.0,14.75,12.1015,10.60003472222222,11.498544420514229,18.5673,9.365749865513084,22.098579142736448,9.201550134486912
2010-12-03,43.29,46.5711,7.5793,14.6706,12.464,2.2866,1.8074,34891740000.0,7.6223,16.2033,20.0,4.0,14.75,12.1015,10.536153571428573,11.425336989856962,18.449979365079365,9.410319106175365,21.961490561285537,9.039660258904
2010-12-06,42.99,46.5711,8.3301,14.5689,12.4699,2.2708,1.8061,34649940000.0,7.6223,16.2033,20.0,4.0,14.75,12.1015,10.477605753968255,11.36057454342358,18.35038253968254,9.450724293573009,21.83818029739184,8.89965824610953
2010-12-07,43.0,46.5711,8.3049,14.5723,12.4737,2.2713,1.8074,34658000000.0,7.6223,16.2033,20.0,4.0,14.75,12.1015,10.431887698412698,11.322724637779856,18.24289206349206,9.487567179854636,21.75461233619255,8.755324883637424
2010-12-08,43.55,46.5711,6.9371,14.7587,12.4767,2.3003,1.8088,35101300000.0,7.6223,16.2033,20.0,4.0,14.75,12.1015,10.388332936507936,11.293769497099811,18.167431746031745,9.53964895589468,21.68210243360775,8.627782790137065
2010-12-09,43.74,46.5711,6.4726,14.8231,12.4818,2.31,1.8088,35254440000.0,7.6226,16.3416,20.0,4.0,14.75,12.1015,10.345701388888887,11.267835833498438,18.0824753968254,9.596037387410922,21.613537222387325,8.486438009414476
2010-12-10,43.97,46.5711,5.9156,14.9071,12.4899,2.3221,1.8088,35439820000.0,7.6226,16.3443,20.0,4.0,14.75,12.1015,10.318561507936508,11.261987317698416,17.994632539682538,9.656643391802923,21.58054882563492,8.337989147879615
2010-12-13,43.38,47.3488,9.1489,14.7041,12.5113,2.2938,1.8074,34964280000.0,7.5243,16.2956,19.0,4.0,14.75,11.8781,10.287945238095238,11.244101396938165,17.957936507936505,9.681568861919793,21.532046635033403,8.276367646016714
2010-12-14,42.8,47.3701,10.6778,14.544,12.5188,2.2632,1.8088,34496800000.0,7.5243,16.2991,19.0,4.0,14.75,11.8781,10.258956349206349,11.224167900593455,17.917026984126984,9.701492076338797,21.483124249799804,8.21553490778819
2010-12-15,42.15,47.3547,12.348,14.3455,12.5262,2.2299,1.8096,33972900000.0,7.5122,16.2071,19.0,4.0,14.75,11.7517,10.22172619047619,11.185916170879093,17.868807936507935,9.714044697896696,21.40764236135528,8.15476323861124
2010-12-16,42.54,47.3361,11.2743,14.4783,12.5269,2.2505,1.8104,34287240000.0,7.5122,16.2071,19.0,4.0,14.75,11.7517,10.20644503968254,11.179191775553589,17.79572619047619,9.728850175194752,21.38563681523613,8.066876015281439
2010-12-17,42.51,47.4954,11.7276,14.4833,12.5287,2.2506,1.8104,34263060000.0,7.479,16.0903,20.0,4.0,14.75,11.6038,10.197920634920631,11.176384670140807,17.706532539682538,9.732585985932571,21.37430530506144,7.9739465537499665
2010-12-20,43.25,47.4954,9.816,14.6536,12.5466,2.2879,1.8096,34859500000.0,7.4791,16.0903,20.0,4.0,14.75,11.6038,10.198073611111113,11.176378902478426,17.576720634920633,9.727845306872904,21.37445251358954,7.848875328047729
2010-12-21,45.18,48.9629,8.373,12.7422,12.5472,2.1982,1.8104,36189180000.0,6.4574,16.8713,9.0,4.0,14.75,12.8029,10.19816507936508,11.176363746852394,17.447414285714284,9.74113805078404,21.37452882621747,7.706276234930245
2010-12-22,46.59,49.7922,6.8731,13.1059,12.5477,2.2715,1.811,37318590000.0,6.4556,17.0278,10.0,4.0,14.75,12.8329,10.18556507936508,11.176525919733791,17.2766,9.736322143618628,21.362090999098875,7.540277856381371
2010-12-23,46.3,49.7417,7.4335,13.0243,12.55,2.2573,1.811,37086300000.0,6.4556,17.0278,10.0,4.0,14.75,12.8329,10.174125793650791,11.176386081147944,17.11739841269841,9.731933601968104,21.350511874798737,7.385464810730305
2010-12-27,45.96,49.7486,8.2433,12.956,12.55,2.2388,1.8088,36813960000.0,6.5312,16.9274,10.0,4.0,14.75,12.8329,10.164971031746031,11.176073576843589,16.949492857142854,9.700790189283914,21.34104460858962,7.2487026678589395
2010-12-28,45.98,49.7486,8.1962,12.9616,12.5501,2.2397,1.8096,36829980000.0,6.5312,16.9274,10.0,4.0,14.75,12.8329,10.157033531746032,11.176048350993367,16.71413968253968,9.548171210095218,21.3330818827394,7.165968472444463
2010-12-29,46.12,49.7486,7.8677,13.0011,12.5504,2.2466,1.8104,36942120000.0,6.5312,16.9274,10.0,4.0,14.75,12.8329,10.145545634920635,11.175418664530335,16.480149206349203,9.398488438320168,21.32096429945097,7.081660768029035
2010-12-30,45.92,50.4615,9.89,12.8873,12.551,2.2338,1.8104,36781920000.0,6.7348,17.3029,9.0,4.0,14.75,12.8329,10.148613492063491,11.175135295543038,16.298916666666667,9.302401736538716,21.323748787606533,6.996514930127951
2010-12-31,46.11,51.0835,10.7862,12.9373,12.5584,2.2464,1.8104,36934110000.0,6.7047,17.2307,10.0,4.0,14.75,12.8329,10.1551875,11.17453266448855,16.100795238095237,9.149406034001096,21.32972016448855,6.951389204094141
2011-01-03,46.81,51.0542,9.0669,13.1338,12.5958,2.2805,1.8088,37494810000.0,6.7047,17.2307,10.0,4.0,14.75,12.8329,10.1684751984127,11.169237196649878,15.874462698412698,8.964558010188568,21.33771239506257,6.909904688224129
2011-01-04,47.09,51.0542,8.4183,13.2123,12.6017,2.2942,1.8096,37719090000.0,6.7047,17.2307,10.0,4.0,14.75,12.8329,10.176669642857144,11.16642921811042,15.680064285714286,8.857065226472756,21.343098860967565,6.82299905924153
2011-01-05,47.55,51.9095,9.1682,13.3616,12.6074,2.3061,1.8104,38087550000.0,6.7295,17.2535,12.0,4.0,14.75,12.3569,10.187290674603176,11.162911648596149,15.49244365079365,8.740956312006025,21.350202323199326,6.751487338787625
2011-01-06,47.27,51.8906,9.7749,13.2814,12.6152,2.2919,1.8104,37863270000.0,6.7329,17.1521,12.0,4.0,14.75,12.3569,10.190522222222222,11.162555339454377,15.332030952380952,8.657897405319197,21.3530775616766,6.674133547061755
2011-01-07,47.14,51.9021,10.102,13.2449,12.6185,2.2856,1.8104,37759140000.0,6.7329,17.1521,12.0,4.0,14.75,12.3569,10.192853373015874,11.162413646222296,15.159555555555556,8.542220675562504,21.35526701923817,6.6173348799930505
2011-01-10,46.37,51.9944,12.1294,12.9772,12.621,2.2453,1.8096,37142370000.0,6.7299,17.2364,13.0,4.0,14.75,12.5821,10.19441111111111,11.162629431541545,15.03961984126984,8.477071473616453,21.35704054265265,6.562548367653388
2011-01-11,46.29,52.014,12.3655,12.8694,12.6222,2.2332,1.8104,37078290000.0,6.7306,17.2615,13.0,4.0,14.75,12.6283,10.185925793650792,11.159343404646611,14.919060317460318,8.405356568903628,21.3452691982974,6.51370374855669
2011-01-12,47.31,52.0622,10.0448,13.1816,12.6239,2.2834,1.811,37895310000.0,6.7005,17.1176,13.0,4.0,14.75,12.6283,10.174976984126983,11.156764035115735,14.781248412698412,8.341039118198411,21.33174101924272,6.440209294500001
2011-01-13,47.02,52.6329,11.9373,13.1147,12.6255,2.2671,1.8116,37663020000.0,6.6779,17.1702,13.0,6.0,12.3833,12.6283,10.162960515873015,11.151586480581257,14.613813492063493,8.18193415123192,21.314546996454272,6.431879340831573
2011-01-14,47.85,53.088,10.9467,13.3287,12.6256,2.3045,1.8116,38327850000.0,6.6786,17.174,13.0,6.0,12.3833,12.6283,10.140350396825395,11.138388196213132,14.438180952380952,8.018328869421172,21.27873859303853,6.41985208295978
2011-01-18,47.09,53.1504,12.8698,13.117,12.6334,2.2679,1.8104,37719090000.0,6.6786,17.174,13.0,6.0,12.3833,12.6283,10.123030158730158,11.12731583734266,14.288511111111111,7.867600528081881,21.250345996072816,6.42091058302923
2011-01-19,46.26,53.0915,14.7676,12.8144,12.6426,2.2289,1.8104,37054260000.0,6.7116,17.5314,13.0,6.0,12.3833,12.6283,10.089524206349209,11.087706377895843,14.152192857142856,7.706399768599297,21.17723058424505,6.445793088543558
2011-01-20,46.03,53.1511,15.4706,12.7507,12.6434,2.2177,1.8104,36870030000.0,6.7569,17.5849,14.0,6.0,12.3833,12.6897,10.068303174603177,11.067091977587651,14.090950793650794,7.664573438940885,21.135395152190824,6.426377354709909
2011-01-21,46.12,53.13,15.1995,12.7756,12.6561,2.2221,1.8104,36942120000.0,6.7569,17.5849,14.0,6.0,12.3833,12.6897,10.040878373015872,11.037116725831442,14.041915873015874,7.637296404025759,21.07799509884732,6.404619468990116
2011-01-24,46.21,53.4184,15.5992,12.8009,12.6659,2.2264,1.8088,37014210000.0,6.7569,17.5813,14.0,6.0,12.3833,12.6837,10.013554365079363,11.006171323852731,14.028572222222222,7.633060365223176,21.0197256889321,6.395511856999045
2011-01-25,46.22,53.4184,15.5742,12.8037,12.6678,2.2269,1.8096,37022220000.0,6.7569,17.5815,14.0,6.0,12.3833,12.6837,9.981166666666669,10.965587929507423,13.99773015873016,7.618775103978455,20.946754596174088,6.378955054751703
2011-01-26,47.29,53.4184,12.9592,13.1001,12.6742,2.2784,1.8104,37879290000.0,6.7569,17.5815,14.0,6.0,12.3833,12.6837,9.956875,10.945344344629472,13.945535714285713,7.603043042776559,20.902219344629472,6.342492671509154
2011-01-27,46.26,53.4832,15.6144,12.8148,12.6792,2.2288,1.8104,37054260000.0,6.7569,17.5815,14.0,6.0,12.3833,12.6837,9.942702976190477,10.93335528817316,13.908103968253966,7.582938693518685,20.876058264363635,6.325165274735281
2011-01-28,44.61,53.4792,19.8816,12.3577,12.6792,2.1493,1.8104,35732610000.0,6.7569,17.5815,14.0,6.0,12.3833,12.6837,9.919936507936509,10.900575352815078,13.91134761904762,7.5854251182088035,20.820511860751587,6.325922500838816
2011-01-31,44.71,53.5498,19.7714,12.3854,12.6933,2.1541,1.8088,35812710000.0,6.7569,17.5815,14.0,6.0,12.3833,12.6837,9.890691865079363,10.854143584791712,13.936140476190475,7.599531833813668,20.74483544987108,6.336608642376808
2011-02-01,45.76,53.5498,17.0232,12.6763,12.6798,2.2047,1.8096,36653760000.0,6.7569,17.5815,14.0,6.0,12.3833,12.6837,9.853730158730158,10.797816403371336,13.93467619047619,7.598914173100479,20.65154656210149,6.335762017375712
2011-02-02,45.7,53.5847,17.2532,12.6596,12.6792,2.2002,1.8104,36605700000.0,6.8029,17.5815,14.0,6.0,12.3833,12.6837,9.829763293650792,10.767859383096274,13.950555555555551,7.603778802185637,20.597622676747065,6.346776753369916
2011-02-03,45.55,53.6054,17.6847,12.6195,12.6792,2.1929,1.8104,36485550000.0,6.8029,17.5683,14.0,6.0,12.3833,12.6837,9.80037003968254,10.725993868620964,13.966446031746033,7.609517144383266,20.5263639083035,6.3569288873627645
2011-02-04,45.79,53.6054,17.0679,12.686,12.6829,2.2045,1.8104,36677790000.0,6.8029,17.5683,14.0,6.0,12.3833,12.6837,9.781188095238097,10.704270027463316,13.971533333333332,7.611389265231331,20.48545812270141,6.360144068102002
2011-02-07,46.41,53.59,15.4708,12.8577,12.713,2.2343,1.8088,37174410000.0,6.8029,17.5683,14.0,6.0,12.3833,12.6837,9.773730357142856,10.698982287052193,13.951593650793647,7.604083141573224,20.47271264419505,6.347510509220425
2011-02-08,46.83,53.59,14.4352,12.9741,12.7191,2.2546,1.8096,37510830000.0,6.8029,17.5683,14.0,6.0,12.3833,12.6837,9.772236904761904,10.698277540840834,13.901374603174604,7.5795955723869985,20.47051444560274,6.321779030787606
2011-02-09,46.95,53.59,14.1427,13.0073,12.7196,2.2603,1.8104,37606950000.0,6.8029,17.5683,14.0,6.0,12.3833,12.6837,9.767897023809525,10.696055440184084,13.80476111111111,7.497222333264121,20.463952463993607,6.30753877784699
2011-02-10,47.09,53.5176,13.6496,13.0755,12.7224,2.2671,1.8104,37719090000.0,6.8029,17.5599,14.0,6.0,12.3833,12.6837,9.767635515873016,10.695958729691434,13.69655476190476,7.398871552398779,20.46359424556445,6.297683209505982
2011-02-11,47.63,53.9437,13.2557,13.1961,12.7252,2.2931,1.8104,38151630000.0,6.8029,17.5669,14.0,6.0,12.3833,12.6837,9.761906944444446,10.693310298938888,13.578130158730158,7.283763161885616,20.45521724338333,6.294366996844541
2011-02-14,46.85,53.9437,15.1413,12.98,12.7277,2.2555,1.8088,37526850000.0,6.8029,17.5669,14.0,6.0,12.3833,12.6837,9.756164484126984,10.689634909985156,13.47341746031746,7.163766890379075,20.44579939411214,6.309650569938385
2011-02-15,46.85,53.9437,15.1413,12.98,12.7322,2.2555,1.8096,37526850000.0,6.8029,17.5669,14.0,6.0,12.3833,12.6837,9.74076507936508,10.676240648571529,13.388411904761906,7.078749361254143,20.417005727936605,6.309662543507763
2011-02-16,46.95,53.9437,14.8961,13.0174,12.7367,2.2593,1.8104,37606950000.0,6.8327,17.5239,14.0,6.0,12.3833,12.6837,9.721248809523807,10.657755828624548,13.299291269841271,6.987205802917357,20.37900463814836,6.312085466923914
2011-02-17,45.96,53.9437,17.371,12.743,12.7422,2.2116,1.8104,36813960000.0,6.8327,17.5239,14.0,6.0,12.3833,12.6837,9.702240873015873,10.6354853723785,13.202269047619048,6.842483265288495,20.33772624539437,6.359785782330553
2011-02-18,45.7,53.7339,17.5796,12.7086,12.7422,2.1978,1.8104,36605700000.0,6.833,17.5126,14.0,6.0,12.3833,12.6837,9.683776587301589,10.613649669151888,13.095430952380951,6.664498487663803,20.29742625645348,6.430932464717149
2011-02-22,42.09,53.2156,26.4329,11.8124,12.7426,2.0204,1.8096,33714090000.0,6.911,17.049,14.0,6.0,12.3833,12.6837,9.671936904761903,10.591564168618197,13.049948412698413,6.551928605407441,20.26350107338009,6.498019807290972
2011-02-23,42.04,53.3583,26.9227,11.8199,12.7426,2.018,1.8096,33674040000.0,7.0665,17.1172,14.0,6.0,12.3833,12.5008,9.682863293650794,10.606533284263907,12.97136746031746,6.319775611900437,20.2893965779147,6.651591848417023
2011-02-24,41.91,53.3583,27.3164,11.7834,12.7426,2.0118,1.8096,33569910000.0,7.0665,17.1172,14.0,6.0,12.3833,12.5008,9.693559126984129,10.62161106829827,12.909451587301586,6.13662964626971,20.3151701952824,6.772821941031876
2011-02-25,42.78,53.3583,24.7272,12.028,12.7395,2.0536,1.8096,34266780000.0,7.0665,17.1172,14.0,6.0,12.3833,12.5008,9.701358333333332,10.631218641723004,12.823246825396826,5.886689289842695,20.332576975056337,6.9365575355541305
2011-02-28,42.67,53.2899,24.8884,11.9893,12.7395,2.0502,1.8074,34178670000.0,7.0662,17.1193,14.0,5.0,11.86,12.5008,9.70436765873016,10.635309804479585,12.7695,5.742473811506576,20.339677463209743,7.027026188493423
2011-03-01,40.08,53.2899,32.9588,11.2895,12.7367,1.924,1.8088,32104080000.0,7.0665,17.1117,14.0,5.0,11.86,12.5008,9.705630357142857,10.638037943308383,12.758796825396823,5.703131033569956,20.34366830045124,7.055665791826869
2011-03-02,40.6,53.2899,31.2559,11.436,12.7322,1.9489,1.8096,32520600000.0,7.0665,17.1117,14.0,5.0,11.86,12.5008,9.701859523809524,10.63004272137027,12.746588888888889,5.661394614449201,20.33190224517979,7.085194274439687
2011-03-03,41.09,53.2899,29.6907,11.5988,12.7322,1.9724,1.8096,32913090000.0,7.0665,16.9646,14.0,5.0,11.86,12.5008,9.718150595238097,10.654392960202593,12.776736507936509,5.741503317279837,20.37254355544069,7.035233190656672
2011-03-04,40.36,53.1649,31.7267,11.4169,12.7322,1.9374,1.8096,32328360000.0,7.0665,16.8408,14.0,5.0,11.86,12.5008,9.719647222222225,10.657437032531572,12.850136507936508,5.922776033173579,20.3770842547538,6.927360474762929
2011-03-07,39.93,53.1649,33.1453,11.3454,12.7367,1.9142,1.8088,31983930000.0,7.067,16.8292,14.0,5.0,11.86,12.5008,9.711868253968255,10.638851687719956,12.958781746031743,6.165503024946381,20.35071994168821,6.793278721085364
2011-03-08,40.88,53.1649,30.0511,11.6153,12.7322,1.9598,1.8088,32744880000.0,7.067,16.8292,14.0,5.0,11.86,12.5008,9.69348492063492,10.595511799364171,13.02093095238095,6.297658859448733,20.28899671999909,6.723272092932218
2011-03-09,41.24,53.1649,28.9159,11.7176,12.7277,1.977,1.8088,33033240000.0,7.067,16.8292,14.0,5.0,11.86,12.5008,9.704555555555556,10.612695689146268,13.093838888888888,6.427776455129284,20.317251244701826,6.666062433759604
2011-03-10,40.45,52.8974,30.7723,11.501,12.7277,1.9391,1.8088,32400450000.0,7.067,16.8297,14.0,5.0,11.86,12.5008,9.72538134920635,10.643735175348413,13.197990476190476,6.606026733429664,20.36911652455476,6.591963742760813
2011-03-11,39.94,51.1737,28.1264,11.6914,12.7277,1.9183,1.8088,31991940000.0,7.2379,16.5401,15.0,5.0,11.86,11.8847,9.75322242063492,10.673496482587506,13.284178571428573,6.729229190456806,20.426718903222422,6.554949380971765
2011-03-14,39.86,50.9765,27.8889,11.6679,12.7277,1.9145,1.8061,31927860000.0,7.238,16.5401,15.0,5.0,11.86,11.8847,9.778387896825397,10.701293139196018,13.382768253968251,6.851350758098941,20.47968103602141,6.531417495869312
2011-03-15,39.11,50.8651,30.0565,11.5751,12.7267,1.8687,1.8074,31327110000.0,7.2166,16.4529,15.0,5.0,11.86,11.7246,9.807408333333337,10.73642513732347,13.499725396825395,7.008659330638681,20.543833470656807,6.4910660661867166
2011-03-16,38.82,50.863,31.0227,11.4893,12.7257,1.8549,1.8088,31094820000.0,7.2166,16.4529,15.0,5.0,11.86,11.7246,9.85567003968254,10.777016638919113,13.614761904761904,7.175725401466804,20.63268667860165,6.4390365032951005
2011-03-17,39.11,50.7521,29.7676,11.6095,12.7257,1.8679,1.8088,31327110000.0,7.2393,16.2846,15.0,5.0,11.86,11.7246,9.906204761904762,10.810567261988554,13.721280158730158,7.314863030504532,20.71677202389332,6.406417128225626
2011-03-18,39.63,50.7577,28.079,11.7638,12.7257,1.8928,1.8088,31743630000.0,7.2393,16.2846,15.0,5.0,11.86,11.7246,9.956346626984129,10.836153597978942,13.824692857142855,7.425058359896395,20.79250022496307,6.399634497246462
2011-03-21,41.0075,50.7692,23.8047,12.1727,12.7277,1.9585,1.8061,32847007500.0,7.2393,16.2846,15.0,5.0,11.86,11.7246,9.986949603174605,10.853461083740047,13.922269841269843,7.475014122145986,20.84041068691465,6.447255719123857
2011-03-22,39.16,49.8564,27.3146,11.793,12.7267,1.8459,1.8074,31093040000.0,7.355,15.9911,15.0,5.0,11.86,11.6496,10.044655555555556,10.868138241713725,14.032421428571428,7.569448208735951,20.91279379726928,6.462973219835478
2011-03-23,38.95,49.6144,27.3797,11.808,12.7257,1.8363,1.8088,30926300000.0,7.3515,15.7292,14.0,5.0,11.86,10.4595,10.092901984126986,10.89103428393239,14.115864285714286,7.6583612952271345,20.983936268059374,6.457502990487152
2011-03-24,39.03,49.6001,27.082,11.8323,12.7257,1.8394,1.8088,30989820000.0,7.3697,15.7292,14.0,5.0,11.86,10.4595,10.138018055555555,10.914242407483576,14.189226190476193,7.738163860319017,21.052260463039133,6.451062330157174
2011-03-25,38.78,49.5798,27.8489,11.7565,12.7257,1.8277,1.8088,30791320000.0,7.3697,15.7292,14.0,5.0,11.86,10.4595,10.188611904761904,10.937144791378104,14.292713492063491,7.833134763455512,21.12575669614001,6.459578728607981
2011-03-28,38.31,49.5702,29.3923,11.6795,12.7257,1.817,1.8088,30418140000.0,7.3392,15.4232,14.0,5.0,11.86,10.4595,10.233606746031748,10.969424893848394,14.406702380952382,7.947612076385775,21.20303163988014,6.459090304566606
2011-03-29,38.04,49.5652,30.2976,11.5972,12.7252,1.8042,1.8074,30203760000.0,7.3392,15.4232,14.0,5.0,11.86,10.4595,10.26774623015873,11.005053610396311,14.53549603174603,8.072612533918795,21.27279984055504,6.462883497827235
2011-03-30,38.8075,49.5767,27.7503,11.8863,12.7246,1.839,1.8088,30813155000.0,7.3877,15.1564,14.0,5.0,11.86,9.9883,10.30506765873016,11.032404074949634,14.65453492063492,8.156247535834693,21.33747173367979,6.498287384800227
2011-03-31,38.36,49.5725,29.2297,11.7499,12.7246,1.8178,1.8088,30457840000.0,7.3877,15.167,14.0,5.0,11.86,10.0597,10.358774404761904,11.058535913577607,14.769481746031744,8.25896309315781,21.41731031833951,6.510518652873934
2011-04-01,38.25,49.5727,29.6018,11.7162,12.7246,1.8126,1.8088,30370500000.0,7.3877,15.167,14.0,5.0,11.86,10.0597,10.422435317460318,11.076798106763173,14.89224523809524,8.363732808124363,21.49923342422349,6.528512429970876
2011-04-04,38.38,49.3069,28.4703,11.7965,12.7257,1.8183,1.8061,30473720000.0,7.453,15.1244,14.0,5.0,11.86,9.7969,10.493908333333334,11.076804107712816,14.99889365079365,8.450758107055131,21.57071244104615,6.548135543738519
2011-04-05,38.48,49.3245,28.1822,11.8273,12.7257,1.823,1.8074,30553120000.0,7.453,15.1244,14.0,5.0,11.86,9.7969,10.559103174603177,11.084035476200947,15.141366666666665,8.520760246062476,21.64313865080412,6.620606420604188
2011-04-06,38.83,49.6206,27.7893,11.9348,12.7257,1.8396,1.8088,30831020000.0,7.453,15.1244,14.0,5.0,11.86,9.7969,10.613471428571428,11.101234972324027,15.282692857142855,8.58196061685832,21.71470640089545,6.7007322402845375
2011-04-07,38.13,49.6198,30.1332,11.7197,12.7257,1.8064,1.8064,30275220000.0,7.453,15.1244,14.0,5.0,11.86,9.7969,10.676659523809525,11.121547154121046,15.446319841269842,8.66725683415934,21.798206677930573,6.779063007110501
2011-04-08,37.4,49.629,32.6979,11.4953,12.7257,1.7719,1.8061,29695600000.0,7.453,15.1244,14.0,5.0,11.86,9.7969,10.757200793650794,11.133764204543874,15.633753968253966,8.783094361552923,21.89096499819467,6.850659606701044
2011-04-11,37.85,49.6372,31.1419,11.6336,12.7277,1.7932,1.8042,30052900000.0,7.453,15.1244,14.0,5.0,11.86,9.7969,10.83883988095238,11.132080329271348,15.803668253968253,8.874631596623193,21.970920210223728,6.92903665734506
2011-04-12,38.43,49.6175,29.1114,11.8119,12.7267,1.8207,1.8042,30513420000.0,7.453,15.1244,14.0,5.0,11.86,9.7969,10.909692063492065,11.134518654519685,15.958984126984127,8.935201607936142,22.044210718011747,7.023782519047986
2011-04-13,37.63,49.6417,31.9205,11.566,12.7257,1.7828,1.8042,29878220000.0,7.453,15.1244,14.0,5.0,11.86,9.7969,10.989958333333334,11.139888281810553,16.13700634920635,9.028246183083288,22.129846615143887,7.108760166123062
2011-04-14,37.47,49.6417,32.4839,11.5168,12.7257,1.7752,1.8042,29751180000.0,7.453,15.1244,14.0,5.0,11.86,9.7969,11.081887896825396,11.125671335447732,16.30766587301587,9.132630903350062,22.207559232273127,7.175034969665809
2011-04-15,37.98,49.0973,29.2715,11.7928,12.7257,1.7978,1.8039,30156120000.0,7.4976,15.0178,14.0,5.0,11.86,9.7969,11.16656884920635,11.101298526843904,16.44566349206349,9.196394661784314,22.26786737605025,7.249268830279174
2011-04-18,37.55,49.0973,30.7518,11.6593,12.7277,1.7775,1.8033,29814700000.0,7.4976,15.0178,14.0,5.0,11.86,9.7969,11.240578174603176,11.107294705195716,16.59982857142857,9.272401866578887,22.34787287979889,7.327426704849682
2011-04-19,38.01,49.0973,29.1694,11.8021,12.7267,1.7992,1.8032,30179940000.0,7.4976,15.0178,14.0,5.0,11.86,9.7969,11.313954563492064,11.103330928117948,16.731074603174605,9.332636398239693,22.417285491610013,7.398438204934912
2011-04-20,37.55,49.113,30.7936,11.6593,12.7257,1.7775,1.8031,29814700000.0,7.4976,15.0178,14.0,5.0,11.86,9.7969,11.39763134920635,11.090874001739984,16.883685714285715,9.40442039442053,22.488505350946333,7.479265319865185
2011-04-21,37.61,49.113,30.585,11.6779,12.7252,1.7803,1.8022,29862340000.0,7.4976,15.0178,14.0,5.0,11.86,9.7969,11.488062103174602,11.06104344956347,17.03951984126984,9.46777555752573,22.54910555273808,7.57174428374411
2011-04-25,37.02,49.113,32.6661,11.4948,12.7277,1.7534,1.7982,29393880000.0,7.4976,15.0178,14.0,5.0,11.86,9.7969,11.586783928571428,11.02746345370594,17.20838888888889,9.555526464702718,22.61424738227737,7.652862424186173
2011-04-26,37.07,49.113,32.4872,11.5207,12.7267,1.7556,1.7978,29433580000.0,7.4976,15.0204,14.0,5.0,11.86,9.7969,11.659461507936507,11.044285617009525,17.38369603174603,9.63190777680427,22.70374712494603,7.75178825494176
2011-04-27,38.21,48.6782,27.3965,11.8749,12.7257,1.8096,1.7982,30338740000.0,7.4979,15.0224,14.0,5.0,11.86,9.7969,11.729234523809524,11.032374453347868,17.564085714285714,9.604647996054448,22.7616089771574,7.959437718231266
2011-04-28,38.33,48.7136,27.09,11.9122,12.7257,1.8153,1.7982,30434020000.0,7.4979,15.0224,14.0,5.0,11.86,9.7969,11.79955,11.017075902219508,17.725865873015874,9.591954386206414,22.816625902219503,8.13391148680946
2011-04-29,38.07,48.7185,27.9708,11.8768,12.7257,1.7995,1.7982,30227580000.0,7.5705,14.8761,13.0,5.0,11.86,9.7969,11.873716666666668,10.999822382619744,17.906434126984127,9.568754312115264,22.87353904928641,8.337679814868864
2011-05-02,38.05,48.7185,28.0381,11.8706,12.7277,1.7985,1.7976,30211700000.0,7.5705,14.8761,13.0,5.0,11.86,9.7969,11.942832936507935,10.991713593369866,18.08445555555556,9.546737098444016,22.9345465298778,8.537718457111538
2011-05-03,38.81,48.7185,25.5308,12.1077,12.7277,1.8344,1.7976,30815140000.0,7.5705,14.8761,13.0,5.0,11.86,9.7969,12.0284251984127,10.928926697213182,18.244321428571432,9.500965804814555,22.957351895625884,8.743355623756875
2011-05-04,38.9,48.7573,25.3401,12.1358,12.7267,1.8387,1.7978,30886600000.0,7.5705,14.8761,13.0,5.0,11.86,9.7969,12.112083531746032,10.868843235348304,18.404218253968256,9.448952599922515,22.98092676709434,8.95526565404574
2011-05-05,40.94,48.6466,18.8241,12.7722,12.7322,1.9337,1.7978,32506360000.0,7.6302,14.8761,13.0,5.0,11.86,9.7969,12.185364087301586,10.788890956472471,18.51680793650793,9.367775809687958,22.974255043774058,9.14903212681998
2011-05-06,40.18,48.6476,21.0742,12.5351,12.7322,1.8978,1.7978,31902920000.0,7.6302,14.8761,13.0,5.0,11.86,9.7969,12.255374007936508,10.731595106438055,18.66327857142857,9.260884005524282,22.986969114374567,9.402394565904288
2011-05-09,39.61,48.6476,22.8165,12.3573,12.7395,1.8709,1.7976,31450340000.0,7.6302,14.8761,13.0,5.0,11.86,9.7969,12.323689087301586,10.688848173787656,18.82612777777777,9.150547790200353,23.012537261089243,9.675579987577423
2011-05-10,40.6,48.6431,19.8106,12.6661,12.7367,1.9177,1.7976,32236400000.0,7.6302,14.8761,13.0,5.0,11.86,9.7969,12.382115873015874,10.648978660726288,18.95126587301588,9.054071675025794,23.031094533742163,9.89719419799008
2011-05-11,40.34,48.6431,20.5828,12.585,12.7322,1.9054,1.7978,32029960000.0,7.6302,14.8761,13.0,5.0,11.86,9.7969,12.43916527777778,10.615622308081385,19.071489682539685,8.973368246109764,23.054787585859163,10.09812143642992
2011-05-12,41.34,48.6431,17.6659,12.897,12.7395,1.9526,1.7978,32823960000.0,7.6302,14.8761,13.0,5.0,11.86,9.7969,12.479164484126985,10.597208335576886,19.171064285714287,8.886500131542936,23.07637281970387,10.28456415417135
2011-05-13,41.02,48.7083,18.7428,12.7856,12.7426,1.9376,1.7978,32569880000.0,7.6277,14.9145,13.0,5.0,11.86,9.7378,12.5234375,10.57661235182397,19.26593650793651,8.81678712381414,23.100049851823968,10.449149384122368
2011-05-16,39.82,48.7083,22.3212,12.4116,12.7457,1.8809,1.7982,31617080000.0,7.6277,14.9145,13.0,5.0,11.86,9.7378,12.57039226190476,10.56745235075156,19.3777873015873,8.764879533857597,23.13784461265632,10.612907767729704
2011-05-17,40.37,48.7083,20.6547,12.583,12.743,1.9069,1.7985,32053780000.0,7.6277,14.9145,13.0,5.0,11.86,9.7378,12.625050793650791,10.53778174834072,19.462707936507936,8.724593485696328,23.16283254199152,10.738114450811608
2011-05-18,40.22,48.6648,20.9965,12.5421,12.7426,1.8998,1.7986,31934680000.0,7.6277,14.8881,13.0,5.0,11.86,9.6833,12.680473015873016,10.508109453804932,19.53332142857143,8.700491680760084,23.188582469677947,10.832829747811346
2011-05-19,40.14,48.6648,21.2377,12.5172,12.7426,1.896,1.799,31871160000.0,7.6277,14.8881,13.0,5.0,11.86,9.6833,12.725224404761905,10.496400099366506,19.612049206349205,8.670387248594935,23.22162450412841,10.94166195775427
2011-05-20,39.56,48.8388,23.455,12.3363,12.7426,1.8686,1.7994,31410640000.0,7.6277,14.8881,13.0,5.0,11.86,9.6833,12.77136091269841,10.492348808409554,19.71845,8.634272275167044,23.263709721107965,11.084177724832957
2011-05-23,38.79,48.5362,25.1255,12.0996,12.7457,1.8323,1.8004,30799260000.0,7.6277,14.8375,13.0,5.0,11.86,9.6833,12.822778968253967,10.48926018633212,19.834566666666667,8.607575183513546,23.31203915458609,11.22699148315312
2011-05-24,38.05,48.5362,27.559,11.8687,12.743,1.7973,1.7995,30211700000.0,7.6277,14.8375,13.0,5.0,11.86,9.6833,12.886246825396825,10.481439849408414,19.973746825396827,8.589407127374281,23.36768667480524,11.384339698022544
2011-05-25,38.2,48.8205,27.8024,11.9155,12.7426,1.8044,1.8004,30330800000.0,7.6277,14.8375,13.0,5.0,11.86,9.6833,12.941605555555558,10.486403051091765,20.09011746031746,8.595401866943217,23.42800860664732,11.494715593374243
2011-05-26,38.08,48.8205,28.2051,11.8781,12.7426,1.7987,1.8004,30235520000.0,7.6277,14.8375,13.0,5.0,11.86,9.6833,12.994508531746032,10.496030786303074,20.242439682539683,8.567535248983278,23.490539318049105,11.674904433556405
2011-05-27,38.4,48.8379,27.182,12.0914,12.7426,1.8137,1.8022,30489600000.0,7.6209,14.3343,13.0,4.0,15.25,10.0763,13.053520634920636,10.492012965661951,20.369862698412696,8.550250290144476,23.545533600582587,11.81961240826822
2011-05-31,38.81,48.5401,25.0711,12.2205,12.7426,1.8331,1.8033,30815140000.0,7.6209,14.3343,13.0,4.0,15.25,10.0705,13.11732996031746,10.46703355316368,20.46748253968254,8.53299745086631,23.584363513481144,11.93448508881623
2011-06-01,37.17,48.5401,30.5895,11.7041,12.7422,1.7556,1.8032,29512980000.0,7.6209,14.3343,13.0,4.0,15.25,10.0705,13.192449007936506,10.456274684909475,20.613544444444443,8.547600790121582,23.648723692845984,12.065943654322862
2011-06-02,37.57,48.5401,29.1991,11.8301,12.7422,1.7745,1.8032,29830580000.0,7.6209,14.3343,13.0,4.0,15.25,10.0705,13.261074206349209,10.44758263706666,20.770688888888888,8.521744859435405,23.708656843415863,12.248944029453485
2011-06-03,36.65,48.5401,32.4423,11.5404,12.7422,1.7311,1.8032,29100100000.0,7.5999,13.9229,11.0,4.0,15.25,10.0705,13.334328571428571,10.452390509086804,20.96663095238095,8.50386325342973,23.78671908051537,12.46276769895122
2011-06-06,36.43,48.53,33.2144,11.4711,12.7426,1.7207,1.8033,28925420000.0,7.5999,13.9229,11.0,4.0,15.25,10.0705,13.406345634920635,10.46409100996495,21.17008412698413,8.4876535995612,23.870436644885583,12.682430527422929
2011-06-07,36.79,48.53,31.9108,11.5845,12.7422,1.7377,1.8032,29211260000.0,7.5999,13.9229,11.0,4.0,15.25,10.0705,13.471468650793652,10.47693454335249,21.357232539682546,8.462206637881803,23.94840319414614,12.89502590180074
2011-06-08,35.63,48.8415,37.0797,11.2192,12.7395,1.6829,1.8031,28290220000.0,7.5999,13.9229,11.0,4.0,15.25,10.0705,13.545485714285714,10.511696985818311,21.585603968253967,8.495353508316311,24.057182700104025,13.090250459937655
2011-06-09,35.99,48.8355,35.6919,11.3276,12.7395,1.6997,1.8031,28576060000.0,7.6089,13.9451,11.0,4.0,15.25,10.0705,13.606853174603176,10.55053185469838,21.813816666666668,8.48491631668092,24.15738502930156,13.328900349985748
2011-06-10,35.8,48.4616,35.3676,11.3944,12.7395,1.6943,1.8031,28425200000.0,7.558,13.8447,11.0,4.0,15.25,10.0302,13.666480952380953,10.588431833081277,22.043142063492063,8.45739977493169,24.254912785462228,13.585742288560374
2011-06-13,35.27,47.3435,34.2316,11.3782,12.7277,1.6689,1.8004,28004380000.0,7.4296,13.0562,11.0,4.0,15.25,9.0333,13.727725992063492,10.617952799845083,22.26787222222222,8.401451685899305,24.345678791908576,13.866420536322916
2011-06-14,35.89,47.3435,31.9128,11.5782,12.7267,1.6982,1.7995,28496660000.0,7.4296,13.0562,11.0,4.0,15.25,9.0333,13.774355555555555,10.646126279832002,22.448538095238096,8.361747828590335,24.420481835387555,14.08679026664776
2011-06-15,34.8,47.3475,36.056,11.184,12.7257,1.6456,1.7994,27631200000.0,7.4702,13.3357,11.0,4.0,15.25,9.5076,13.825003373015871,10.69128257582546,22.64995238095237,8.38157720516803,24.516285948841336,14.268375175784348
2011-06-16,34.76,46.9505,35.0705,11.1711,12.7246,1.6437,1.799,27599440000.0,7.4702,13.3357,11.0,4.0,15.25,9.5076,13.878823214285712,10.72982988870888,22.83028968253968,8.40256942690096,24.608653102994595,14.427720255638718
2011-06-17,35.27,46.8332,32.7848,11.3292,12.7202,1.6676,1.7987,28004380000.0,7.5043,13.3314,12.0,4.0,15.25,10.2855,13.927925793650797,10.75962812819036,23.001007936507936,8.384402549902678,24.68755392184116,14.616605386605258
2011-06-20,35.73,46.8332,31.0753,11.4769,12.7086,1.6893,1.7982,28369620000.0,7.5043,13.3314,12.0,4.0,15.25,10.2855,13.987360317460318,10.77146701415125,23.154561111111114,8.353398987199974,24.75882733161157,14.80116212391114
2011-06-21,37.24,46.1916,24.0376,12.1181,12.7078,1.7668,1.7978,29531320000.0,7.5547,13.114,12.0,4.0,15.25,10.024,14.016166071428572,10.778905072108945,23.26743095238095,8.267365570893322,24.79507114353752,15.000065381487628
2011-06-22,36.36,46.2385,27.1686,11.8456,12.7069,1.7244,1.7976,28833480000.0,7.5926,13.145,12.0,4.0,15.25,10.1699,14.051142857142857,10.792944479492222,23.416602380952376,8.165408974638824,24.84408733663508,15.251193406313552
2011-06-23,37.64,46.2105,22.7697,12.2626,12.6927,1.7851,1.7974,29848520000.0,7.5926,13.145,12.0,4.0,15.25,10.1699,14.085219642857142,10.79330565742769,23.54276587301588,8.029427579339888,24.87852530028483,15.513338293675986
2011-06-24,37.3,46.2105,23.8887,12.1518,12.686,1.769,1.7968,29578900000.0,7.5926,13.145,12.0,4.0,15.25,10.1699,14.124320634920636,10.793053302633473,23.6733626984127,7.898063374298501,24.91737393755411,15.775299324114195
2011-06-27,37.45,46.2105,23.3925,12.1733,12.6787,1.7736,1.794,29697850000.0,7.7071,13.2971,12.0,4.0,15.25,10.1699,14.159019047619047,10.79468581862275,23.79359444444444,7.775652393087467,24.9537048662418,16.017942051356975
2011-06-28,37.81,46.2105,22.2177,12.2903,12.6775,1.7906,1.7936,29983330000.0,7.7071,13.2971,12.0,4.0,15.25,10.1699,14.19542757936508,10.790851156180484,23.90487619047619,7.649962436565719,24.986278735545564,16.254913753910472
2011-06-29,37.38,46.1991,23.5931,12.1506,12.6763,1.7703,1.7934,29642340000.0,7.7071,13.2971,12.0,4.0,15.25,10.1699,14.232056150793651,10.79135777446657,24.02968095238096,7.513286492359533,25.023413925260225,16.51639446002142
2011-06-30,37.63,46.1991,22.772,12.2442,12.6697,1.7852,1.7919,29840590000.0,7.6187,13.2514,13.0,4.0,15.25,10.1699,14.271025793650796,10.786653263455296,24.131919047619046,7.406223540960144,25.057679057106093,16.7256955066589
2011-07-01,38.79,46.1991,19.1005,12.6216,12.6661,1.8402,1.7919,30760470000.0,7.6187,13.2514,13.0,4.0,15.25,10.1699,14.292627182539682,10.785399322935689,24.19790555555556,7.322937509740665,25.07802650547537,16.87496804581489
2011-07-05,38.33,46.1991,20.5299,12.4719,12.6655,1.8184,1.7896,30395690000.0,7.6187,13.2514,13.0,4.0,15.25,10.1699,14.317967063492064,10.785020190014937,24.28888174603175,7.20368838693499,25.102987253507,17.085193359096756
2011-07-06,37.86,46.1991,22.0261,12.319,12.6626,1.7961,1.7906,30022980000.0,7.6187,13.2514,13.0,4.0,15.25,10.1699,14.34207261904762,10.788650947795167,24.396880158730163,7.0645118684762,25.13072356684279,17.332368290253964
2011-07-07,38.1,46.1946,21.2457,12.3971,12.6578,1.8075,1.7906,30213300000.0,7.6187,13.2514,13.0,4.0,15.25,10.1699,14.360894047619048,10.792410676256344,24.492733333333334,6.937016974336873,25.1533047238754,17.55571635899646
2011-07-08,37.38,46.1946,23.5811,12.1628,12.6498,1.7734,1.7887,29642340000.0,7.6187,13.2514,13.0,4.0,15.25,10.1699,14.391061706349207,10.79689910434302,24.602306349206348,6.810567807820231,25.18796081069223,17.791738541386117
2011-07-11,36.39,45.8552,26.0104,11.9339,12.6256,1.7249,1.7862,28857270000.0,7.6185,13.2514,13.0,4.0,15.25,10.1699,14.420857142857145,10.808219056782187,24.728563492063493,6.685922241541132,25.22907619963933,18.04264125052236
2011-07-12,35.83,45.8552,27.9799,11.7502,12.6256,1.6984,1.7852,28413190000.0,7.6185,13.2514,13.0,3.0,14.6667,10.1699,14.458787896825395,10.822210695803497,24.85436111111111,6.595472896294354,25.28099859262889,18.25888821481676
2011-07-13,36.01,45.7793,27.1294,11.8399,12.6255,1.706,1.7851,28555930000.0,7.6299,13.1179,13.0,3.0,14.6667,10.1671,14.497685714285714,10.832465923207286,24.97153492063492,6.502311618743651,25.330151637493,18.46922330189127
2011-07-14,35.31,45.7832,29.6607,11.6098,12.6216,1.6728,1.7851,28000830000.0,7.6299,13.1179,13.0,3.0,14.6667,10.1671,14.555458333333334,10.83554050902818,25.12721666666667,6.375662515908277,25.390998842361515,18.75155415075839
2011-07-15,35.19,45.7832,30.1029,11.5703,12.6198,1.6671,1.7846,27905670000.0,7.6299,13.1179,13.0,3.0,14.6667,10.1671,14.61142996031746,10.842859794690185,25.27138809523809,6.279680646053189,25.454289755007643,18.991707449184908
2011-07-18,34.73,45.7832,31.8261,11.4191,12.6195,1.6453,1.7833,27540890000.0,7.6299,13.1179,13.0,3.0,14.6667,10.1671,14.664004761904762,10.861982892655126,25.43709761904762,6.173236603759176,25.525987654559888,19.263861015288445
2011-07-19,35.67,45.7919,28.3765,11.7282,12.6184,1.6898,1.7828,28286310000.0,7.6299,13.1179,13.0,3.0,14.6667,10.1671,14.719852182539684,10.859978779725866,25.560166666666667,6.074471824189971,25.57983096226555,19.485694842476697
2011-07-20,35.42,45.7919,29.2826,11.646,12.6173,1.678,1.7822,28088060000.0,7.6299,13.1179,13.0,3.0,14.6667,10.1671,14.7770125,10.86066313401336,25.67536507936508,6.005401503690543,25.63767563401336,19.669963575674537
2011-07-21,36.28,45.7919,26.218,11.9287,12.6017,1.7187,1.7814,28770040000.0,7.6299,13.1179,13.0,3.0,14.6667,10.1671,14.829382738095235,10.852047405389646,25.760661904761903,5.935214507191376,25.68143014348488,19.825447397570528
2011-07-22,36.55,45.6522,24.9034,12.023,12.5899,1.7307,1.7808,28984150000.0,7.7361,12.9381,12.0,3.0,14.6667,9.9132,14.884297023809523,10.83280446581223,25.837676984126983,5.85955344125334,25.717101489621754,19.978123542873647
2011-07-25,36.14,45.6522,26.0531,11.9093,12.5743,1.7113,1.7775,28659020000.0,7.7361,12.9533,12.0,3.0,14.6667,9.9132,14.941173412698411,10.815996327507923,25.920644444444445,5.786984346929469,25.757169740206336,20.133660097514976
2011-07-26,36.06,45.6522,26.3328,11.8829,12.5656,1.7075,1.777,28595580000.0,7.7361,12.9533,12.0,3.0,14.6667,9.9132,14.996825793650794,10.80227061357718,26.00603015873016,5.7119879606071455,25.79909640722797,20.294042198123016
2011-07-27,34.97,45.5763,30.3297,11.5238,12.5584,1.6559,1.7761,27731210000.0,7.7361,12.9533,12.0,3.0,14.6667,9.9132,15.061661507936508,10.796025435748472,26.14389126984127,5.6031637027951415,25.857686943684985,20.54072756704613
2011-07-28,33.87,45.5763,34.5624,11.1613,12.5513,1.6038,1.7758,26858910000.0,7.7361,12.9533,12.0,3.0,14.6667,9.9132,15.12685753968254,10.8143969124193,26.29427222222222,5.5724910907726,25.94125445210184,20.721781131449617
2011-07-29,33.3,45.5763,36.8658,10.9734,12.5501,1.5768,1.7752,26406900000.0,7.7361,12.9533,12.0,3.0,14.6667,9.9132,15.200337896825395,10.836060328121182,26.42906746031746,5.621336186236371,26.03639822494658,20.80773127408109
2011-08-01,32.81,45.5763,38.9098,10.812,12.5477,1.5536,1.7736,26018330000.0,7.7361,12.9533,12.0,3.0,14.6667,9.9132,15.27660138888889,10.86741670108245,26.58095952380953,5.698045098089899,26.14401808997134,20.882914425719623
2011-08-02,31.77,45.5763,43.457,10.4693,12.5449,1.5044,1.7735,25193610000.0,7.7361,12.9533,12.0,3.0,14.6667,9.9132,15.36882996031746,10.908942686730846,26.79075158730159,5.828460596812438,26.27777264704831,20.96229099048915
2011-08-03,32.23,45.6009,41.4859,10.6212,12.5421,1.5261,1.7734,25558390000.0,7.7361,12.9422,12.0,3.0,14.6667,9.9138,15.459625992063492,10.935522663797734,26.983074603174604,5.910459276041717,26.395148655861227,21.072615327132887
2011-08-04,31.49,45.3152,43.9035,10.4462,12.5351,1.4923,1.7733,24971570000.0,7.6646,12.2135,12.0,3.0,14.6667,9.9138,15.55215138888889,10.978515722275484,27.19116031746032,6.040580352476939,26.530667111164377,21.15057996498338
2011-08-05,32.22,45.331,40.6921,10.6883,12.5298,1.5269,1.7729,25550460000.0,7.6645,12.288,12.0,3.0,14.6667,9.9138,15.638107738095236,11.00543814400806,27.378653968253968,6.090282068799591,26.643545882103297,21.288371899454376
2011-08-08,30.53,45.331,48.4802,10.2076,12.5276,1.4467,1.7719,24210290000.0,7.6317,11.7853,13.0,3.0,14.6667,9.9138,15.74769265873016,11.05691850055501,27.640633333333334,6.2809377878401,26.804611159285173,21.359695545493235
2011-08-09,31.84,45.3051,42.2899,10.6456,12.5269,1.5087,1.7719,25249120000.0,7.6317,11.7853,13.0,3.0,14.6667,9.9138,15.842138293650796,11.079957628195322,27.861702380952384,6.302591320521422,26.922095921846115,21.55911106043096
2011-08-10,29.42,45.2051,53.6543,9.8523,12.5217,1.3946,1.7719,23330060000.0,7.5935,11.6243,13.0,3.0,14.6667,9.9138,15.956868650793652,11.171327490475344,28.17528650793651,6.590896160132867,27.128196141269,21.58439034780364
2011-08-11,30.82,45.2134,46.7015,10.3212,12.5142,1.4609,1.7703,24440260000.0,7.5935,11.6243,13.0,3.0,14.6667,9.9138,16.063765674603175,11.207254373108892,28.437603174603176,6.665459610738593,27.271020047712067,21.77214356386458
2011-08-12,31.1,45.2216,45.4071,10.4149,12.5036,1.4742,1.769,24662300000.0,7.5935,11.6243,13.0,3.0,14.6667,9.9138,16.16726011904762,11.236926207175218,28.692773015873016,6.694961418062366,27.404186326222835,21.99781159781065
2011-08-15,31.53,45.2216,43.424,10.5589,12.4767,1.4946,1.764,25003290000.0,7.5935,11.6243,13.0,3.0,14.6667,9.9138,16.263833333333334,11.261630902232977,28.91723888888889,6.711084368582559,27.52546423556631,22.20615452030633
2011-08-16,31.47,45.2216,43.6975,10.5388,12.4737,1.4918,1.7632,24955710000.0,7.5935,11.6243,13.0,3.0,14.6667,9.9138,16.350301587301587,11.304635125029671,29.1438753968254,6.72430780025628,27.654936712331256,22.41956759656912
2011-08-17,31.42,45.2666,44.0694,10.5221,12.4728,1.4894,1.7624,24916060000.0,7.5935,11.6243,13.0,3.0,14.6667,9.9138,16.44094523809524,11.34338662617077,29.375409523809523,6.73204693414909,27.784331864266008,22.64336258966044
2011-08-18,30.03,45.1165,50.2381,10.0877,12.468,1.4131,1.7616,23813790000.0,7.5965,11.6192,13.0,3.0,14.6667,9.9138,16.547306349206348,11.40841158947849,29.63625952380952,6.89790090581375,27.95571793868484,22.73835861799577
2011-08-19,29.52,45.161,52.9844,9.9164,12.4639,1.3891,1.7577,23409360000.0,7.5965,11.6192,13.0,3.0,14.6667,9.9138,16.663889087301587,11.479862674592082,29.91725,7.120367308792263,28.143751761893668,22.79688269120773
2011-08-22,29.84,45.0395,50.9367,10.0427,12.4466,1.4048,1.7556,23663120000.0,7.5283,11.3095,14.0,3.0,14.6667,9.9138,16.7809498015873,11.52793648487368,30.111724603174604,7.355196825708161,28.308886286460982,22.756527777466445
2011-08-23,30.88,45.0523,45.8948,10.3928,12.4365,1.4537,1.7556,24487840000.0,7.5283,11.3095,14.0,3.0,14.6667,9.9138,16.886877380952384,11.549710241257989,30.262296825396824,7.482482990515073,28.43658762221037,22.77981383488175
2011-08-24,31.55,45.0523,42.7965,10.6182,12.4288,1.4853,1.7534,25019150000.0,7.5283,11.3095,14.0,3.0,14.6667,9.9138,16.98894166666667,11.550935558176771,30.38515476190476,7.560407423355879,28.53987722484344,22.82474733854888
2011-08-25,30.26,45.0523,48.884,10.1841,12.4288,1.4245,1.7534,23996180000.0,7.5283,11.3095,14.0,3.0,14.6667,9.9138,17.099944841269842,11.588108709656195,30.5768753968254,7.720380051222049,28.688053550926035,22.85649534560335
2011-08-26,30.91,45.0523,45.7532,10.4029,12.4233,1.4551,1.7509,24511630000.0,7.5283,11.3095,14.0,3.0,14.6667,9.9138,17.20200734126984,11.613518769300446,30.742469047619046,7.82050664068715,28.81552611057029,22.921962406931897
2011-08-29,32.95,45.0523,36.7293,11.0894,12.4216,1.5512,1.7506,26129350000.0,7.5283,11.3095,14.0,3.0,14.6667,9.9138,17.28778234126984,11.5977384194226,30.77239365079365,7.836253036177233,28.88552076069244,22.936140614616416
2011-08-30,32.68,45.0523,37.8589,10.9986,12.4166,1.5385,1.7505,25915240000.0,7.5283,11.3095,14.0,3.0,14.6667,9.9138,17.368885515873014,11.598387004250366,30.82479841269841,7.861550214088503,28.96727252012338,22.963248198609907
2011-08-31,33.03,45.0161,36.2885,11.0977,12.4116,1.5535,1.7502,26192790000.0,7.6208,11.2983,13.0,3.0,14.6667,9.9138,17.442640476190476,11.600275980451936,30.877161904761905,7.875895805840416,29.04291645664241,23.00126609892149
2011-09-01,31.96,45.0161,40.8514,10.7382,12.4116,1.5031,1.7502,25344280000.0,7.6208,11.2983,13.0,3.0,14.6667,9.9138,17.5232125,11.621582595383982,30.94958015873016,7.925563580626976,29.144795095383984,23.024016578103183
2011-09-02,30.86,44.9632,45.7006,10.3686,12.4116,1.4514,1.7502,24471980000.0,7.6208,11.2983,13.0,3.0,14.6667,9.9138,17.618874603174604,11.65471377776296,31.0492253968254,8.031607601818415,29.27358838093756,23.01761779500698
2011-09-06,30.47,44.9632,47.5655,10.2375,12.4166,1.4331,1.7506,24162710000.0,7.6208,11.2983,13.0,3.0,14.6667,9.9138,17.71836884920635,11.695907300012951,31.18822857142857,8.16465386845362,29.4142761492193,23.023574702974955
2011-09-07,31.83,44.8377,40.8662,10.6945,12.4116,1.497,1.7505,25241190000.0,7.6208,11.2983,13.0,3.0,14.6667,9.9138,17.81372996031746,11.688300173841771,31.283072222222224,8.207344439080142,29.50203013415923,23.07572778314208
2011-09-08,31.61,44.3957,40.4483,10.6241,12.4116,1.4904,1.7505,25066730000.0,7.4727,11.2022,13.0,3.0,14.6667,9.9138,17.914268849206348,11.66456152784058,31.35986587301588,8.247695580853087,29.578830377046927,23.112170292162787
2011-09-09,30.68,44.1712,43.9739,10.3116,12.4116,1.4465,1.7505,24329240000.0,7.4727,11.2022,13.0,3.0,14.6667,9.9138,18.021685515873017,11.654748267444512,31.48563968253968,8.318521817852627,29.676433783317528,23.167117864687054
2011-09-12,31.49,44.0477,39.8784,10.5966,12.4216,1.4855,1.7508,24971570000.0,7.42,11.0375,13.0,3.0,14.6667,9.9295,18.123165873015875,11.621835861306105,31.580794444444443,8.34557927798702,29.745001734321978,23.235215166457422
2011-09-13,32.25,44.0477,36.582,10.8527,12.4166,1.5204,1.7506,25574250000.0,7.4224,11.0564,14.0,3.0,14.6667,9.9295,18.21405476190476,11.586593665678162,31.632584126984124,8.35628497145852,29.800648427582924,23.276299155525606
2011-09-14,32.95,43.6807,32.5666,11.0883,12.4166,1.5534,1.7506,26129350000.0,7.4224,11.0564,14.0,3.0,14.6667,9.9295,18.29825277777778,11.536188819043224,31.6448373015873,8.35651545794268,29.834441596821005,23.288321843644624
2011-09-15,33.32,43.6917,31.1276,11.2796,12.4166,1.5741,1.7506,26422760000.0,7.385,10.889,14.0,3.0,14.6667,9.6558,18.37981805555556,11.481040051815016,31.65563095238095,8.354949507940296,29.860858107370568,23.300681444440656
2011-09-16,33.52,43.0901,28.5504,11.4685,12.4166,1.5849,1.7506,26581360000.0,7.3374,10.5285,14.0,3.0,14.6667,8.9848,18.45517420634921,11.422643794557487,31.65937222222222,8.353440520739925,29.8778180009067,23.305931701482294
2011-09-19,32.25,43.292,34.2388,11.0287,12.4233,1.523,1.7508,25574250000.0,7.4028,10.5157,14.0,3.0,14.6667,8.9848,18.534944246031746,11.392106210075212,31.74218253968254,8.326626970148848,29.92705045610696,23.41555556953369
2011-09-20,33.88,42.1525,24.4171,11.8164,12.4216,1.6032,1.7508,26832960000.0,6.9481,9.964,15.0,3.0,14.6667,8.5122,18.593574404761902,11.346004240023412,31.719186507936502,8.342937757680684,29.93957864478532,23.376248750255822
2011-09-21,32.76,41.9616,28.0879,11.415,12.4166,1.549,1.7506,25945920000.0,6.9759,10.0851,15.0,3.0,14.6667,8.6905,18.64357281746032,11.332174217238874,31.72480714285714,8.340228976033334,29.9757470346992,23.384578166823808
2011-09-22,31.27,41.9616,34.1912,10.8959,12.4166,1.4785,1.7506,24765840000.0,6.9759,10.0851,15.0,3.0,14.6667,8.6905,18.70179265873016,11.336534155306747,31.78122936507936,8.332612430819536,30.038326814036907,23.448616934259825
2011-09-23,31.32,41.9616,33.977,10.93,12.4166,1.4809,1.7506,24805440000.0,6.9759,10.0945,15.0,3.0,14.6667,8.6905,18.76467341269841,11.333186870791254,31.82986507936508,8.32735919254407,30.097860283489663,23.50250588682101
2011-09-26,32.09,41.9368,30.6849,11.1987,12.4233,1.5076,1.7508,25415280000.0,6.9806,10.0945,15.0,3.0,14.6667,8.6905,18.81442678571428,11.330360296588593,31.84012380952381,8.325128155788716,30.14478708230288,23.51499565373509
2011-09-27,32.25,41.9368,30.0366,11.2546,12.4216,1.5154,1.7506,25542000000.0,6.9749,10.1415,15.0,3.0,14.6667,8.7597,18.86752738095238,11.320091702255636,31.838052380952384,8.325547491462153,30.187619083208016,23.51250488949023
2011-09-28,31.23,41.9368,34.2837,10.8986,12.4166,1.4674,1.7505,24734160000.0,6.9749,10.1415,15.0,3.0,14.6667,8.7597,18.92832599206349,11.320438931476495,31.889904761904763,8.320228520648614,30.248764923539987,23.569676241256147
2011-09-29,32.07,41.9368,30.7664,11.1918,12.4166,1.5069,1.7505,25399440000.0,6.9749,10.1415,15.0,3.0,14.6667,8.7597,18.98074761904762,11.313948678701262,31.9021007936508,8.317423717190128,30.29469629774888,23.584677076460668
2011-09-30,30.3,41.9151,38.3337,10.5741,12.4166,1.4237,1.7505,23997600000.0,7.056,10.4765,16.0,3.0,14.6667,8.7597,19.04470476190476,11.332080915314153,31.971401587301585,8.334463926813465,30.376785677218912,23.636937660488123
2011-10-03,29.61,41.7438,40.9787,10.3884,12.4233,1.3913,1.7508,23451120000.0,7.056,10.4738,16.0,3.0,14.6667,8.7597,19.1121625,11.361275538805842,32.0706746031746,8.366859905220554,30.47343803880584,23.703814697954048
2011-10-04,30.66,41.7438,36.1507,10.7568,12.4216,1.4407,1.7506,24282720000.0,7.056,10.4738,16.0,3.0,14.6667,8.7597,19.170757936507936,11.372861815062508,32.13391666666667,8.367348689908738,30.543619751570446,23.766567976757933
2011-10-05,30.75,41.7438,35.7522,10.7883,12.4166,1.4449,1.7505,24354000000.0,7.056,10.4738,16.0,3.0,14.6667,8.7597,19.228989880952383,11.382492056559862,32.197114285714285,8.36434267891696,30.611481937512245,23.832771606797323
2011-10-06,31.83,41.7438,31.1461,11.1672,12.4166,1.4956,1.7505,25209360000.0,7.056,10.4738,16.0,3.0,14.6667,8.7597,19.27764285714285,11.38091685304879,32.205153174603176,8.362829809366403,30.658559710191646,23.842323365236773
2011-10-07,31.61,41.7541,32.0914,11.0901,12.4166,1.4853,1.7505,25035120000.0,7.056,10.4738,16.0,3.0,14.6667,8.7597,19.33249742063492,11.375907509199587,32.200339682539685,8.362718468785742,30.708404929834508,23.83762121375394
2011-10-10,32.93,41.7541,26.7965,11.582,12.4216,1.5436,1.7506,26080560000.0,7.056,10.4738,16.0,3.0,14.6667,8.7597,19.37309007936508,11.365943369408395,32.16585238095238,8.376067741442386,30.73903344877348,23.78978463951
2011-10-11,32.9,41.7541,26.9122,11.5715,12.4166,1.5422,1.7505,26056800000.0,7.056,10.4738,16.0,3.0,14.6667,8.7597,19.4139123015873,11.35597580860803,32.14839841269841,8.384770313075661,30.76988811019533,23.76362809962275
2011-10-12,33.42,41.764,24.9671,11.7544,12.4116,1.5665,1.7502,26468640000.0,7.056,10.4738,16.0,3.0,14.6667,8.7597,19.450803571428573,11.343724050116586,32.0932126984127,8.409129339587714,30.79452762154516,23.684083358824985
2011-10-13,33.68,41.8196,24.1675,11.818,12.4116,1.5791,1.7502,26674560000.0,7.0765,10.4149,15.0,3.0,14.6667,8.7597,19.490478968253967,11.325130170316978,32.027209523809525,8.438624251688543,30.815609138570945,23.58858527212098
2011-10-14,34.03,41.8196,22.8904,11.9408,12.4116,1.5955,1.7502,26951760000.0,7.0765,10.4149,15.0,3.0,14.6667,8.7597,19.52764781746032,11.305430634867204,31.976565873015872,8.474366807611263,30.833078452327527,23.50219906540461
2011-10-17,33.23,41.8196,25.8489,11.6601,12.4216,1.558,1.7506,26318160000.0,7.0765,10.4149,15.0,3.0,14.6667,8.7597,19.56875734126984,11.290632368378482,31.937653968253965,8.491275077476974,30.859389709648323,23.44637889077699
2011-10-18,34.26,41.7085,21.7411,12.0215,12.4166,1.6063,1.7505,27133920000.0,7.0765,10.4149,15.0,3.0,14.6667,8.7597,19.603405753968254,11.270392668640786,31.878699206349207,8.536316584714793,30.87379842260904,23.34238262163441
2011-10-19,33.73,41.7085,23.654,11.8355,12.4116,1.5814,1.7502,26714160000.0,7.0765,10.4149,15.0,3.0,14.6667,8.7597,19.640596031746032,11.252722903906813,31.822035714285715,8.567217184775448,30.893318935652843,23.254818529510267
2011-10-20,33.9,41.7085,23.0339,11.8952,12.4116,1.5894,1.7502,26848800000.0,7.0765,10.4149,15.0,3.0,14.6667,8.7597,19.669557142857144,11.24261101436955,31.76210634920635,8.602278686829255,30.91216815722669,23.159827662377094
2011-10-21,35.08,41.7085,18.8954,12.3092,12.4116,1.6447,1.7502,27783360000.0,7.0765,10.4149,15.0,3.0,14.6667,8.7597,19.696336309523808,11.224610903986523,31.65281507936508,8.677847537817675,30.92094721351033,22.974967541547407
2011-10-24,35.94,41.7085,16.0504,12.611,12.4233,1.685,1.7505,28464480000.0,7.0765,10.4149,15.0,3.0,14.6667,8.7597,19.70900138888889,11.216870731933842,31.52236428571429,8.788048566415172,30.92587212082273,22.73431571929911
2011-10-25,35.14,41.7085,18.6924,12.3303,12.4216,1.6475,1.7502,27830880000.0,7.0765,10.4149,15.0,3.0,14.6667,8.7597,19.716665476190474,11.214849691987531,31.453284126984123,8.85469757702337,30.93151516817801,22.59858654996076
2011-10-26,35.8,41.7085,16.5042,12.5618,12.4233,1.6785,1.75,28353600000.0,7.0765,10.4149,15.0,3.0,14.6667,8.7597,19.717274603174605,11.21466649031585,31.369269841269844,8.946175118789073,30.93194109349045,22.42309472248077
2011-10-27,36.8,41.8362,13.6853,12.9737,12.4288,1.7264,1.75,29145600000.0,7.0366,10.1678,15.0,3.0,14.6667,8.7597,19.70399484126984,11.217844468170268,31.255892857142857,9.079123174484751,30.92183930944011,22.176769682658104
2011-10-28,36.12,41.9138,16.0404,12.734,12.4365,1.6945,1.75,28607040000.0,7.0366,10.1678,15.0,3.0,14.6667,8.7597,19.706897222222224,11.216704661057513,31.160673015873016,9.17554328205494,30.923601883279737,21.98512973381808
2011-10-31,35.21,41.9038,19.0111,12.4132,12.4466,1.6518,1.7505,27886320000.0,7.0366,10.1678,15.0,3.0,14.6667,8.7597,19.70351507936508,11.216656866358289,31.10892936507936,9.225791506996476,30.920171945723368,21.88313785808289
2011-11-01,33.26,41.9038,25.9886,11.7257,12.4404,1.5603,1.7502,26341920000.0,7.0366,10.1678,15.0,3.0,14.6667,8.7597,19.71690218253968,11.220130155295085,31.11407619047619,9.222727865081245,30.937032337834765,21.891348325394944
2011-11-02,33.92,41.9038,23.5371,11.9584,12.4365,1.5913,1.75,26864640000.0,7.0366,10.1678,15.0,3.0,14.6667,8.7597,19.72403869047619,11.221416318504067,31.15148095238096,9.18195161126608,30.945455008980257,21.96952934111487
2011-11-03,34.38,41.9038,21.8842,12.1206,12.4365,1.6129,1.75,27228960000.0,7.0366,10.1678,15.0,3.0,14.6667,8.7597,19.7314,11.221614450008946,31.15790952380953,9.175120760695528,30.953014450008943,21.982788763114
2011-11-04,34.08,41.8864,22.9061,12.0148,12.4365,1.5988,1.75,26991360000.0,7.0366,10.1525,15.0,3.0,14.6667,8.7597,19.748929166666667,11.219655571066331,31.15862063492064,9.174472543106132,30.968584737733,21.984148091814504
2011-11-07,33.95,41.8864,23.3767,11.969,12.4466,1.5927,1.7505,26888400000.0,7.0366,10.1525,15.0,3.0,14.6667,8.7597,19.765517063492062,11.2188249553202,31.186923015873013,9.144636938815204,30.984342018812264,22.04228607705781
2011-11-08,34.4,41.8864,21.7628,12.1276,12.4404,1.6138,1.7502,27244800000.0,7.0366,10.1525,15.0,3.0,14.6667,8.7597,19.78855456349206,11.21096300366384,31.19628809523809,9.1342886802342,30.9995175671559,22.061999415003893
2011-11-09,32.53,41.8864,28.7624,11.4684,12.4365,1.5261,1.75,25763760000.0,7.0366,10.1525,15.0,3.0,14.6667,8.7597,19.82389384920635,11.211123060732232,31.28435555555556,9.0559500353793,31.035016909938584,22.228405520176253
2011-11-10,32.94,41.8864,27.1597,11.6129,12.4365,1.5453,1.75,26088480000.0,7.0366,10.1525,15.0,3.0,14.6667,8.7597,19.855447619047624,11.209341966906242,31.35115634920635,8.993526023761584,31.064789585953868,22.357630325444767
2011-11-11,33.47,41.8942,25.1694,11.8156,12.4365,1.5704,1.75,26508240000.0,7.0333,10.1084,15.0,3.0,14.6667,8.7597,19.88090218253968,11.206808477509696,31.37376111111111,8.974206776988876,31.08771066004937,22.39955433412224
2011-11-14,33.18,41.8942,26.2634,11.7132,12.4466,1.5568,1.7505,26278560000.0,7.0333,10.1084,15.0,3.0,14.6667,8.7597,19.914673015873014,11.200331061035772,31.4182746031746,8.93443507616611,31.115004076908782,22.48383952700849
2011-11-15,33.04,41.4787,25.5409,11.6675,12.4404,1.5502,1.7502,26167680000.0,6.6369,9.9184,16.0,3.0,14.6667,8.6842,19.95148214285714,11.18824568715663,31.454341269841272,8.901138134537666,31.13972783001377,22.553203135303605
2011-11-16,31.83,41.4048,30.0811,11.2716,12.4404,1.4934,1.7502,25209360000.0,6.2524,10.091,16.0,3.0,14.6667,8.6842,19.99587321428572,11.183954748511535,31.524526984126982,8.854679153382325,31.17982796279725,22.66984783074466
2011-11-17,31.05,41.4048,33.3488,10.9954,12.4404,1.4568,1.7502,24591600000.0,6.2524,10.091,16.0,3.0,14.6667,8.6842,20.0467511904762,11.18626206276853,31.60304920634921,8.826370346544318,31.23301325324472,22.77667885980489
2011-11-18,32.22,41.3919,28.4665,11.4098,12.4404,1.5117,1.7502,25518240000.0,6.2524,10.091,16.0,3.0,14.6667,8.6842,20.08221349206349,11.18456416787272,31.629565079365083,8.811761410508588,31.266777659936217,22.81780366885649
2011-11-21,32.11,41.369,28.8353,11.3708,12.4528,1.5066,1.7506,25431120000.0,6.2524,10.091,16.0,3.0,14.6667,8.6842,20.117477976190475,11.184086495819528,31.63969444444444,8.807777419361049,31.30156447201,22.831917025083392
2011-11-22,31.54,41.372,31.1731,11.169,12.4466,1.4798,1.7505,24979680000.0,6.2524,10.091,16.0,3.0,14.6667,8.6842,20.158664682539683,11.186506754728155,31.66644603174603,8.8011456498675,31.34517143726784,22.86530038187853
2011-11-23,30.47,41.372,35.7795,10.79,12.4404,1.4296,1.7502,24132240000.0,6.2524,10.091,16.0,3.0,14.6667,8.6842,20.20779027777778,11.200651707361695,31.72656031746032,8.80318195232668,31.40844198513948,22.92337836513364
2011-11-25,30.47,41.4799,36.1336,10.79,12.4466,1.4296,1.7505,24132240000.0,6.2524,10.091,16.0,3.0,14.6667,8.6842,20.2636998015873,11.209694144644562,31.79760476190476,8.802333585842712,31.473393946231862,22.995271176062047
2011-11-28,31.75,41.4799,30.6454,11.2433,12.4528,1.4897,1.7505,25146000000.0,6.2524,10.091,16.0,3.0,14.6667,8.6842,20.30209325396825,11.21205277779228,31.841845238095235,8.78224102122998,31.514146031760536,23.059604216865253
2011-11-29,32.05,41.4799,29.4225,11.3496,12.4466,1.5038,1.7502,25383600000.0,6.2524,10.091,16.0,3.0,14.6667,8.6842,20.338129166666665,11.212121497514634,31.832583333333336,8.784187485938439,31.5502506641813,23.048395847394897
2011-11-30,33.2,41.4799,24.9395,11.7568,12.4404,1.5577,1.75,26294400000.0,6.2276,10.091,16.0,3.0,14.6667,8.6842,20.36595734126984,11.20608852094732,31.798776984126985,8.802581023932897,31.57204586221716,22.99619596019409
2011-12-01,33.04,41.4799,25.5445,11.7001,12.4404,1.5502,1.75,26167680000.0,6.2276,10.091,16.0,3.0,14.6667,8.6842,20.398756944444443,11.196983408335903,31.74403253968254,8.819978833469511,31.595740352780343,22.92405370621303
2011-12-02,33.43,41.4799,24.0799,11.8382,12.4404,1.5685,1.75,26476560000.0,6.2276,10.091,16.0,3.0,14.6667,8.6842,20.42825317460317,11.18703675865376,31.671536507936505,8.845300700359147,31.61528993325694,22.82623580757736
2011-12-05,34.16,41.3612,21.0808,12.0967,12.4404,1.6027,1.75,27054720000.0,6.2276,10.091,16.0,3.0,14.6667,8.6842,20.453279166666665,11.174328042635643,31.585584126984124,8.895434176451621,31.627607209302308,22.6901499505325
2011-12-06,34.11,41.3469,21.2164,12.079,12.4404,1.6004,1.75,27015120000.0,6.2276,10.091,16.0,3.0,14.6667,8.6842,20.468984722222224,11.169817014054322,31.459684920634924,8.929246840266446,31.638801736276548,22.53043808036848
2011-12-07,34.32,41.3469,20.4747,12.1771,12.4365,1.6103,1.7495,27181440000.0,6.2276,10.0911,16.0,3.0,14.6667,8.6842,20.47918214285714,11.167466628102243,31.33891349206349,8.9743419092641,31.646648770959388,22.3645715827994
2011-12-08,33.43,41.3469,23.682,11.8613,12.4365,1.5685,1.7495,26476560000.0,6.2275,10.0911,16.0,3.0,14.6667,8.6842,20.49242301587302,11.167299706689583,31.24617063492064,8.992737443675775,31.65972272256261,22.253433191244863
2011-12-09,34.0,41.3304,21.56,12.1398,12.4365,1.5972,1.7495,26928000000.0,6.226,10.0949,16.0,4.0,12.7865,8.6288,20.507583928571428,11.163543850725658,31.145602380952383,9.029861834490704,31.671127779297088,22.11574054646168
2011-12-12,33.93,41.3304,21.8108,12.13,12.4466,1.5949,1.7502,26872560000.0,6.1814,10.0873,16.0,4.0,12.7865,8.6288,20.524904166666666,11.158770031745954,31.06542777777777,9.067762949355249,31.68367419841261,21.99766482842253
2011-12-13,33.72,41.3437,22.6088,12.0795,12.4404,1.585,1.75,26706240000.0,6.1814,10.0132,16.0,4.0,12.7865,8.6288,20.552263095238093,11.146912222676924,30.958703968253968,9.08766822416739,31.699175317915014,21.871035744086576
2011-12-14,32.92,41.2961,25.4438,11.8426,12.4365,1.5488,1.7495,26072640000.0,6.1395,9.8363,16.0,4.0,12.7865,8.6288,20.586394246031745,11.135473116473223,30.882301587301583,9.093288080970217,31.72186736250497,21.789013506331365
2011-12-15,33.07,41.4866,25.4509,11.8965,12.4365,1.5559,1.7495,26191440000.0,6.1395,9.8363,16.0,4.0,12.7865,8.6288,20.61941865079365,11.12514455814079,30.82409603174603,9.10447791571058,31.74456320893444,21.71961811603545
2011-12-16,33.87,41.3248,22.01,12.2028,12.4365,1.5935,1.7495,26825040000.0,6.1395,9.8394,16.0,4.0,12.7865,8.6288,20.642638888888893,11.1157870678851,30.752149206349205,9.138232971674388,31.75842595677399,21.61391623467481
2011-12-19,32.8,41.3323,26.0131,11.8173,12.4466,1.5432,1.7502,25977600000.0,6.1395,9.8394,16.0,3.0,12.382,8.6288,20.66631746031746,11.1144884636227,30.76782777777777,9.128309886892522,31.780805923940164,21.63951789088525
2011-12-20,32.75,40.2074,22.7707,10.4599,12.4404,1.5035,1.75,25545000000.0,3.9582,13.4036,4.0,4.0,12.3615,9.463,20.68405436507937,11.110691470423994,30.732923809523808,9.150563384547755,31.79474583550336,21.58236042497605
2011-12-21,32.78,40.216,22.6846,10.5294,12.4365,1.5076,1.7495,25568400000.0,3.9579,13.3969,4.0,4.0,12.9058,9.4487,20.704184523809523,11.10509446522391,30.73224841269841,9.151158967935974,31.80927898903344,21.58108944476244
2011-12-22,32.64,40.116,22.9044,10.5002,12.4365,1.5051,1.7495,25459200000.0,3.9581,13.399,4.0,4.0,12.9058,9.4329,20.72337797619048,11.100510995055158,30.72443650793651,9.15746566411985,31.82388897124564,21.56697084381666
2011-12-23,33.19,40.1151,20.865,10.6772,12.4365,1.5304,1.7495,25888200000.0,3.9581,13.399,4.0,4.0,12.9058,9.4329,20.73829345238095,11.09563004259252,30.704376984126984,9.17640350836555,31.83392349497347,21.527973475761435
2011-12-27,33.32,40.1151,20.3935,10.7042,12.4466,1.5364,1.7502,25989600000.0,3.9581,13.3998,4.0,5.0,13.1246,9.4329,20.74668392857143,11.09376337636836,30.689899206349207,9.19132711032726,31.84044730493979,21.498572096021945
2011-12-28,32.49,40.0566,23.289,10.4389,12.4404,1.4982,1.75,25342200000.0,3.9576,13.3964,4.0,5.0,13.1246,9.4323,20.76131865079365,11.09223929227925,30.68748571428572,9.1932452473646,31.8535579430729,21.49424046692112
2011-12-29,32.87,40.0566,21.8637,10.561,12.4404,1.5157,1.75,25638600000.0,3.4635,13.3964,4.0,5.0,13.1246,9.4323,20.77148492063492,11.090894203819918,30.680276984126984,9.199855435743736,31.86237912445484,21.480421548383248
2011-12-30,32.64,40.0566,22.7224,10.4871,12.4404,1.5051,1.75,25459200000.0,3.4635,13.3964,4.0,5.0,13.1246,9.4323,20.78024742063492,11.090687097830273,30.709022222222224,9.168991204505527,31.87093451846519,21.540031017716696
2012-01-03,32.96,40.0566,21.5309,10.5899,12.4582,1.5199,1.7505,25708800000.0,3.4635,13.3964,4.0,5.0,13.1246,9.4323,20.78916111111112,11.089479027350416,30.716966666666664,9.160530731113646,31.878640138461527,21.55643593555302
2012-01-04,33.22,39.9224,20.1758,10.6745,12.4528,1.5362,1.7502,25911600000.0,2.4184,12.7113,3.0,5.0,13.1246,9.4323,20.79761011904762,11.087381947101342,30.702281746031744,9.17604414515436,31.88499206614896,21.526237600877383
2012-01-05,33.27,39.7874,19.5894,10.7368,12.4528,1.5366,1.7502,25950600000.0,3.2975,11.782,4.0,5.0,13.1246,9.4323,20.800820436507937,11.086796227743315,30.68913650793651,9.190874038589255,31.88761666425125,21.498262469347253
2012-01-06,32.91,39.7772,20.8666,10.6206,12.4528,1.5199,1.7502,25669800000.0,3.2975,11.782,4.0,5.0,13.1246,9.4323,20.80916269841269,11.085257587198756,30.667592857142857,9.210828522717492,31.894420285611453,21.456764334425365
2012-01-09,33.08,39.7826,20.2618,10.6754,12.4637,1.5278,1.7506,25802400000.0,3.2975,11.782,4.0,5.0,13.1246,9.4323,20.8239132936508,11.079560435541223,30.62196904761905,9.248242672425492,31.90347372919201,21.37372637519356
2012-01-10,33.48,39.7884,18.8423,10.8045,12.4582,1.545,1.7505,26114400000.0,3.2978,11.782,4.0,5.0,13.1246,9.4323,20.837187103174603,11.073156409486684,30.54944841269841,9.304780051338934,31.910343512661285,21.24466836135948
2012-01-11,34.36,39.7884,15.7986,11.0885,12.4528,1.5856,1.7502,26800800000.0,3.2978,11.782,4.0,5.0,13.1246,9.4323,20.840712301587303,11.071265062432074,30.459521428571428,9.392438800887374,31.91197736401938,21.06708262768405
2012-01-12,35.14,39.7884,13.2282,11.3402,12.4528,1.6216,1.7502,27409200000.0,3.2978,11.782,4.0,5.0,13.1246,9.4323,20.84668452380952,11.066334271877674,30.32910476190476,9.516879984186764,31.9130187956872,20.812224777718
2012-01-13,34.28,36.064,5.2042,11.8215,12.4528,1.5819,1.7502,26738400000.0,3.0258,8.718,5.0,5.0,11.1246,9.4106,20.84234007936508,11.072054453364498,30.131496031746032,9.776569970858986,31.914394532729577,20.354926060887045
2012-01-17,29.6,34.6111,16.9294,10.4417,12.4582,1.373,1.7505,23088000000.0,3.092,8.1841,5.0,5.0,10.3629,9.4591,20.85204345238096,11.066465487401617,30.013268253968256,9.84574121239136,31.91850893978257,20.167527041576896
2012-01-18,30.55,34.3518,12.4445,10.8905,12.4528,1.4201,1.7502,23829000000.0,2.8727,6.7469,5.0,5.0,10.3629,9.4591,20.85780099206349,11.061323552022213,29.886823809523808,9.96846852728272,31.919124544085705,19.918355282241087
2012-01-19,31.91,34.3518,7.6521,11.3753,12.4528,1.4833,1.7502,24889800000.0,2.8727,6.7469,5.0,5.0,10.3629,9.4591,20.84935,11.069796139979866,29.715153174603174,10.163306600603338,31.919146139979865,19.551846573999835
2012-01-20,31.56,34.1939,8.3457,11.2924,12.4528,1.4682,1.7502,24616800000.0,2.8729,6.7609,5.0,5.0,10.3629,9.4591,20.83971964285714,11.078572375349331,29.573309523809524,10.335758707945253,31.918292018206472,19.23755081586427
2012-01-23,31.51,34.2233,8.6109,11.2745,12.4637,1.4659,1.7506,24577800000.0,2.8729,6.7609,5.0,5.0,10.3629,9.4591,20.824584523809524,11.090074834057972,29.44400396825397,10.495330906999632,31.914659357867496,18.94867306125434
2012-01-24,31.78,34.118,7.3568,11.4206,12.4582,1.4672,1.7505,24788400000.0,2.1347,7.1678,6.0,5.0,10.3629,9.1756,20.80869047619048,11.103643503912314,29.295620634920635,10.674293788734149,31.9123339801028,18.621326846186488
2012-01-25,31.15,34.118,9.5281,11.1942,12.4528,1.4381,1.7502,24297000000.0,2.1347,7.1678,6.0,5.0,10.3629,9.1756,20.7983257936508,11.111743567991567,29.16225,10.815656724750356,31.910069361642364,18.34659327524965
2012-01-26,30.48,34.118,11.9357,10.9534,12.4528,1.4071,1.7502,23774400000.0,2.1347,7.1678,6.0,5.0,10.3629,9.1756,20.793756746031747,11.114919262418914,29.016265873015875,10.923372977912251,31.908676008450666,18.092892895103624
2012-01-27,30.48,34.1098,11.9088,11.0712,12.4528,1.4088,1.7502,23774400000.0,2.1349,7.2542,6.0,5.0,10.3629,9.1756,20.792625595238096,11.115796111382137,28.8364753968254,11.017383549693976,31.90842170662023,17.819091847131418
2012-01-30,30.13,33.8644,12.3943,11.2275,12.4637,1.3971,1.7506,23501400000.0,2.0075,7.5388,6.0,7.0,11.9735,8.3143,20.785342261904763,11.12010162032966,28.642257142857144,11.090163137241316,31.905443882234422,17.552094005615828
2012-01-31,30.2,33.7394,11.7199,11.3731,12.4582,1.3904,1.7505,23556000000.0,1.4722,7.5971,7.0,7.0,11.9735,8.3373,20.7824375,11.122282192627791,28.426464285714285,11.153130914705155,31.9047196926278,17.27333337100913
2012-02-01,30.91,33.7394,9.1537,11.6404,12.4528,1.4231,1.7502,24109800000.0,1.4722,7.5971,7.0,7.0,11.9735,8.3373,20.777963690476188,11.126512925810992,28.154215873015872,11.201865762612211,31.90447661628718,16.95235011040366
2012-02-02,31.16,33.7543,8.3257,11.8236,12.4528,1.4354,1.7502,24304800000.0,1.4708,7.638,7.0,7.0,11.9735,8.3373,20.77190833333333,11.132467906254425,27.89103968253968,11.275436607209954,31.904376239587755,16.615603075329727
2012-02-03,32.0,33.7543,5.4822,12.1424,12.4528,1.4741,1.7502,24960000000.0,1.4672,7.5425,7.0,7.0,11.9735,8.3373,20.748965674603173,11.152061087568727,27.586108730158728,11.358160133507576,31.901026762171902,16.227948596651153
2012-02-06,31.97,33.7043,5.4248,12.2121,12.4637,1.4727,1.7506,24936600000.0,1.4672,6.8316,7.0,7.0,11.9735,8.3373,20.72336646825397,11.172421628359409,27.306209523809525,11.466633511362708,31.89578809661338,15.839576012446818
2012-02-07,31.79,33.7885,6.2866,12.1433,12.4582,1.4644,1.7505,24796200000.0,1.4672,6.8316,7.0,7.0,11.9735,8.3373,20.7039376984127,11.18901660640356,26.97133968253968,11.459430093403878,31.892954304816264,15.511909589135804
2012-02-08,32.0,33.7885,5.5891,12.2235,12.4528,1.4741,1.7502,24960000000.0,1.4672,6.8316,7.0,7.0,11.9735,8.3373,20.68059722222222,11.20827420361268,26.680063492063493,11.53314148794916,31.8888714258349,15.146922004114332
2012-02-09,31.97,34.0655,6.5546,12.3527,12.4528,1.4777,1.7502,24936600000.0,1.5124,6.2165,8.0,7.0,11.9735,8.3373,20.65781567460317,11.225315088583567,26.306256349206347,11.414547810204182,31.88313076318674,14.891708539002163
2012-02-10,31.05,33.9575,9.3639,12.0042,12.4528,1.4352,1.7502,24219000000.0,1.5124,6.2005,8.0,7.0,11.9735,8.3373,20.645068055555555,11.234499802039108,26.00992619047619,11.365386375159725,31.87956785759466,14.644539815316463
2012-02-13,30.53,33.9475,11.1939,11.7949,12.4637,1.4112,1.7506,23813400000.0,1.5124,6.1939,8.0,7.0,11.9735,8.3373,20.633431349206347,11.24125724958639,25.738392857142856,11.306803328305763,31.874688598792737,14.431589528837092
2012-02-14,30.44,33.4076,9.749,11.7602,12.4582,1.407,1.7505,23743200000.0,1.5124,6.1939,8.0,7.0,11.9735,8.3373,20.62347321428572,11.248684153507998,25.47113095238095,11.283387834301896,31.87215736779371,14.187743118079052
2012-02-15,30.26,33.4093,10.4075,11.8797,12.4528,1.4015,1.7502,23602800000.0,1.6085,4.7166,9.0,7.0,11.9735,8.3373,20.61903412698413,11.252279930593836,25.20692460317461,11.24287228313244,31.87131405757796,13.964052320042168
2012-02-16,30.59,33.4093,9.2164,12.0093,12.4528,1.4168,1.7502,23860200000.0,1.6085,4.7166,9.0,7.0,11.9735,8.3373,20.61070992063492,11.259172019587332,24.93031349206349,11.20376198204399,31.869881940222253,13.7265515100195
2012-02-17,30.97,33.4093,7.8763,12.1584,12.4528,1.4344,1.7502,24156600000.0,1.6085,4.7166,9.0,7.0,11.9735,8.3373,20.600481746031747,11.26840876554878,24.594108730158727,11.07308390581779,31.868890511580524,13.521024824340936
2012-02-21,30.74,33.4093,8.7131,12.0682,12.4639,1.4237,1.7508,23977200000.0,1.6085,4.7166,9.0,7.0,11.9735,8.3373,20.59336031746032,11.274795835220022,24.2427492063492,10.865464943636658,31.868156152680346,13.377284262712545
2012-02-22,30.1,33.4093,11.0246,11.8169,12.4637,1.3941,1.7506,23478000000.0,1.6085,4.7166,9.0,7.0,11.9735,8.3373,20.587913492063493,11.278761235815162,23.92598650793651,10.660882083635215,31.866674727878653,13.265104424301295
2012-02-23,30.16,33.4093,10.8037,11.8405,12.4637,1.3969,1.7506,23524800000.0,1.6085,4.7166,9.0,7.0,11.9735,8.3373,20.595435515873017,11.270951072432307,23.647485714285715,10.540054492418534,31.866386588305325,13.10743122186718
2012-02-24,29.97,33.4176,11.5035,11.7391,12.4637,1.3881,1.7506,23376600000.0,1.6085,4.6657,9.0,7.0,11.9735,8.3373,20.6035125,11.262955417119072,23.39912857142857,10.453559542562283,31.86646791711908,12.945569028866284
2012-02-27,29.96,33.4176,11.5407,11.7352,12.464,1.3876,1.7508,23368800000.0,1.6085,4.6657,9.0,7.0,11.9735,8.3373,20.613600992063493,11.252530429110958,23.102753174603173,10.252683320900326,31.86613142117445,12.850069853702848
2012-02-28,30.01,33.4139,11.3426,11.7548,12.4639,1.3899,1.7508,23407800000.0,1.6085,4.6657,9.0,7.0,11.9735,8.3373,20.62411567460317,11.24135877584583,22.829653174603177,10.101702959906698,31.865474450449007,12.72795021469648
2012-02-29,30.29,33.4332,10.377,11.8882,12.4637,1.4016,1.7506,23626200000.0,1.6096,4.6741,9.0,7.0,11.9735,8.3443,20.630654563492065,11.234421923658722,22.62050793650793,10.0844066825696,31.865076487150787,12.536101253938336
2012-03-01,30.5,33.4917,9.8089,11.9899,12.4637,1.413,1.7506,23790000000.0,1.953,4.5504,10.0,7.0,11.2306,8.0319,20.635941666666668,11.228687921263491,22.39788888888889,10.054885979814664,31.86462958793016,12.343002909074226
2012-03-02,30.57,32.9022,7.629,12.0175,12.4637,1.418,1.7506,23844600000.0,1.9511,4.5504,10.0,7.0,11.2306,7.9886,20.639499801587306,11.22427197346764,22.170432539682537,10.062303404336934,31.863771775054943,12.108129135345605
2012-03-05,30.32,32.9072,8.533,11.9577,12.4639,1.4074,1.7508,23649600000.0,1.9504,4.622,10.0,7.0,11.2306,7.9886,20.649897222222226,11.210589897248225,21.9139373015873,9.99398028032252,31.86048711947045,11.91995702126478
2012-03-06,29.48,32.8663,11.4868,11.6688,12.4637,1.3699,1.7508,22994400000.0,2.1813,4.8877,11.0,7.0,11.2306,7.831,20.665589880952385,11.192165075653154,21.642399206349207,9.80554322832944,31.857754956605536,11.836855978019766
2012-03-07,30.43,32.9017,8.1226,12.2474,12.4582,1.4114,1.7506,23735400000.0,2.1839,5.1199,11.0,7.0,11.2306,7.831,20.67460753968254,11.180194328554164,21.32936031746032,9.598756338010183,31.854801868236702,11.730603979450132
2012-03-08,30.95,32.8708,6.2061,12.5091,12.4639,1.4349,1.7506,24141000000.0,2.1859,5.2437,11.0,7.0,11.2164,7.9048,20.681094246031744,11.170826953314542,21.05428015873016,9.530794718846964,31.85192119934629,11.523485439883194
2012-03-09,30.57,33.997,11.2103,13.1961,12.468,1.4226,1.7506,23783460000.0,2.3564,5.8567,14.0,8.0,10.7644,5.5522,20.69796626984127,11.150027570298652,20.822232539682545,9.409993550720996,31.84799384013992,11.412238988961546
2012-03-12,30.88,33.9853,10.056,13.4606,12.468,1.4376,1.7508,24024640000.0,2.3712,6.3474,14.0,8.0,10.7885,5.6102,20.713761507936507,11.129241617218012,20.553042857142856,9.225737493013046,31.84300312515452,11.32730536412981
2012-03-13,32.04,34.0001,6.1177,14.0151,12.4719,1.4916,1.7508,24927120000.0,2.3565,6.6403,14.0,8.0,10.7885,5.6102,20.71988869047619,11.120332788375675,20.285100793650795,9.14992582235711,31.840221478851863,11.135174971293685
2012-03-14,31.93,34.0001,6.4832,13.967,12.4728,1.4864,1.7506,24841540000.0,2.3565,6.6403,14.0,8.0,10.7885,5.6102,20.72632936507937,11.11112320039348,20.04622142857143,9.113882324836942,31.837452565472844,10.93233910373449
2012-03-15,32.39,34.0001,4.971,14.3059,12.4767,1.5079,1.7506,25199420000.0,2.3565,6.2645,14.0,8.0,10.7885,5.6102,20.7318126984127,11.102644632233211,19.82720873015873,9.142128860872685,31.83445733064591,10.685079869286048
2012-03-16,32.32,34.0001,5.1983,14.275,12.4878,1.5046,1.7506,25144960000.0,2.3565,6.2645,14.0,9.0,9.7009,5.6102,20.73259285714286,11.101537031201362,19.62142063492064,9.177487760874918,31.834129888344226,10.443932874045718
2012-03-19,32.83,33.9982,3.5583,14.5092,12.4767,1.5283,1.7508,25541740000.0,2.3565,6.2589,14.0,9.0,9.7009,5.5895,20.729825198412698,11.105651833958898,19.423070634920634,9.25272940882683,31.8354770323716,10.170341226093804
2012-03-20,32.48,34.0416,4.8079,14.3545,12.4797,1.512,1.7508,25269440000.0,2.3565,6.2589,14.0,8.0,10.7885,5.5895,20.72741587301587,11.10898015603683,19.189492063492064,9.24720417752818,31.8363960290527,9.942287885963884
2012-03-21,32.07,34.0416,6.1478,14.2123,12.4797,1.4918,1.7508,24950460000.0,2.6269,6.6473,16.0,8.0,10.7885,5.5895,20.72559920634921,11.111293717259455,19.04449761904762,9.307612814357526,31.836892923608666,9.736884804690092
2012-03-22,31.86,34.0537,6.8854,14.1211,12.5091,1.4821,1.7508,24787080000.0,2.6281,6.54,16.0,9.0,8.6787,5.5895,20.72202321428572,11.115464862456411,18.876223809523808,9.334430776684068,31.83748807674213,9.54179303283974
2012-03-23,31.91,34.0674,6.7609,14.1432,12.5113,1.4844,1.7508,24825980000.0,2.6281,6.54,16.0,9.0,8.6787,5.5895,20.718329563492063,11.11980196475299,18.658523015873016,9.294174828483923,31.838131528245057,9.36434818738909
2012-03-26,32.6,34.0674,4.5012,14.4491,12.5113,1.5165,1.7509,25362800000.0,2.6281,6.54,16.0,9.0,8.6787,5.5895,20.711584325396824,11.12862009373604,18.424588095238093,9.276460254528953,31.840204419132863,9.148127840709142
2012-03-27,32.46,34.0674,4.9519,14.387,12.5142,1.51,1.7508,25253880000.0,2.6281,6.54,16.0,9.0,8.6787,5.5895,20.709870833333333,11.13098446209264,18.22035793650793,9.28763994933776,31.84085529542597,8.932717987170177
2012-03-28,32.42,34.0674,5.0814,14.3693,12.5172,1.5082,1.7508,25222760000.0,2.6281,6.54,16.0,9.0,8.6787,5.5895,20.709399404761903,11.13164261683617,18.0223007936508,9.299719592378986,31.841042021598074,8.722581201271806
2012-03-29,32.04,34.0674,6.3277,14.2009,12.5172,1.4905,1.7508,24927120000.0,2.6281,6.54,16.0,9.0,8.6787,5.5895,20.709734722222223,11.131205972870118,17.800427777777774,9.241959083939966,31.840940695092343,8.558468693837808
2012-03-30,32.08,34.2082,6.634,14.2117,12.5172,1.4922,1.7508,24958240000.0,2.6321,6.5574,16.0,9.0,8.6787,5.5895,20.712495436507936,11.127534192536991,17.60890079365079,9.221139466035508,31.840029629044928,8.387761327615282
2012-04-02,31.69,34.2082,7.4027,14.2793,12.5172,1.4763,1.7508,24654820000.0,2.6339,6.5574,16.0,9.0,8.6787,5.5895,20.717576587301583,11.12085545675264,17.363416666666662,9.075564024114328,31.838432044054223,8.287852642552334
2012-04-03,31.67,34.2082,7.4705,14.2703,12.5172,1.4754,1.7508,24639260000.0,2.6339,6.5574,16.0,9.0,8.6787,5.5895,20.722474801587303,11.114461469109846,17.09747857142857,8.866570873049819,31.83693627069715,8.230907698378752
2012-04-04,30.71,34.0238,10.7906,13.8377,12.5217,1.4306,1.7506,23892380000.0,2.6339,6.5574,16.0,9.0,8.6787,5.5895,20.72841011904762,11.10834353964557,16.896207936507935,8.717181704166478,31.83675365869319,8.179026232341457
2012-04-05,30.68,34.0238,10.899,13.8242,12.5217,1.4292,1.7506,23869040000.0,2.6339,6.5574,16.0,9.0,8.6787,5.5895,20.736167857142856,11.10009155074258,16.698960317460315,8.566993843696341,31.83625940788544,8.131966473763974
2012-04-09,31.02,34.0238,9.6834,13.9774,12.5276,1.4451,1.7509,24133560000.0,2.6339,6.5574,16.0,9.0,8.6787,5.5895,20.73901984126984,11.09706027372513,16.528621428571427,8.490472424468232,31.83608011499497,8.038149004103195
2012-04-10,30.49,34.0238,11.59,13.7386,12.5287,1.4204,1.7508,23721220000.0,2.6339,6.9645,16.0,9.0,8.6787,5.5895,20.744769444444447,11.091555510669313,16.365911904761905,8.385639811273524,31.83632495511376,7.980272093488381
2012-04-11,31.25,33.8686,8.3795,14.0072,12.5298,1.4556,1.7508,24312500000.0,2.6975,7.167,17.0,9.0,8.6787,6.52,20.7443628968254,11.092005866545907,16.219745238095236,8.362852640649331,31.8363687633713,7.856892597445904
2012-04-12,31.435,33.8686,7.7417,14.0762,12.5298,1.4642,1.7508,24456430000.0,2.6975,7.2117,17.0,9.0,8.6787,6.52,20.74427996031746,11.092103125274408,16.067598412698413,8.341124608904714,31.83638308559187,7.726473803793699
2012-04-13,31.22,33.8999,8.5839,13.9743,12.5298,1.454,1.7508,24289160000.0,2.6974,7.206,17.0,9.0,8.7018,6.5134,20.745722023809524,11.090471481268391,15.937573015873014,8.328970812295141,31.836193505077915,7.608602203577872
2012-04-16,31.44,33.8999,7.8241,14.0728,12.5351,1.4642,1.7509,24460320000.0,2.6974,7.206,17.0,9.0,8.7018,6.5134,20.74292817460317,11.093554601001648,15.807863492063492,8.327038465429043,31.83648277560482,7.480825026634449
2012-04-17,31.93,33.8999,6.1694,14.2921,12.5386,1.4871,1.7508,24841540000.0,2.6974,7.206,17.0,9.0,8.7018,6.5134,20.73646111111111,11.101110833327896,15.675157142857143,8.346479436422698,31.83757194443901,7.328677706434446
2012-04-18,32.03,34.2478,6.9241,14.1701,12.5421,1.4897,1.7508,24919340000.0,2.6961,7.2695,17.0,9.0,8.7018,6.3108,20.73707896825397,11.10033181952191,15.524960317460318,8.332201814810482,31.83741078777588,7.192758502649836
2012-04-19,32.6,34.2478,5.0546,14.4222,12.5449,1.5162,1.7506,25362800000.0,2.6961,7.2695,17.0,9.0,8.7018,6.3108,20.73558055555556,11.10240160905575,15.392527777777778,8.365154679929153,31.837982164611304,7.027373097848624
2012-04-20,31.68,34.2676,8.1679,14.0152,12.5489,1.4734,1.7506,24647040000.0,2.6961,7.2695,17.0,9.0,8.7018,6.3108,20.74718511904761,11.086158722780135,15.26962222222222,8.356562258688715,31.833343841827755,6.913059963533506
2012-04-23,31.47,34.2676,8.8897,13.9223,12.5507,1.4636,1.7508,24483660000.0,2.6961,7.2695,17.0,9.0,8.7018,6.3108,20.765798611111112,11.058268763756226,15.157366666666666,8.346423536360854,31.82406737486734,6.810943130305812
2012-04-24,31.96,34.2676,7.2203,14.1391,12.5566,1.4864,1.7508,24864880000.0,2.6961,7.2695,17.0,9.0,8.7018,6.3108,20.788284722222222,11.019032509430165,15.064707142857143,8.369368222705164,31.807317231652387,6.695338920151979
2012-04-25,32.09,34.2435,6.7108,14.1966,12.5618,1.4925,1.7508,24966020000.0,2.6961,7.2695,17.0,9.0,8.7018,6.3108,20.80340059523809,10.994408931314284,14.990583333333332,8.401863813852165,31.797809526552378,6.5887195194811685
2012-04-26,32.58,34.2435,5.1059,14.6072,12.5656,1.5153,1.7508,25347240000.0,2.6961,7.2023,17.0,9.0,8.7018,6.3108,20.811466666666668,10.981364605412905,14.882753968253969,8.44106767541302,31.79283127207957,6.441686292840947
2012-04-27,32.84,34.2435,4.2738,14.7238,12.583,1.5274,1.7508,25549520000.0,2.6961,7.2023,17.0,9.0,8.7018,6.3108,20.825121825396828,10.956435120894344,14.785687301587304,8.492437384176341,31.78155694629117,6.293249917410963
2012-04-30,32.495,34.2435,5.3808,14.5691,12.611,1.5113,1.7509,25281110000.0,2.6961,7.2023,17.0,9.0,8.7018,6.3108,20.834184126984127,10.941729119073113,14.719778571428572,8.533173057854597,31.77591324605724,6.186605513573975
2012-05-01,33.01,34.2898,3.877,14.8,12.6142,1.5353,1.7508,25681780000.0,2.6961,7.2023,17.0,9.0,8.7018,6.3108,20.84365773809524,10.924929854339734,14.623243650793649,8.586746959238859,31.76858759243497,6.03649669155479
2012-05-02,33.06,34.2898,3.7199,14.7933,12.6184,1.5366,1.7508,25720680000.0,2.8062,8.1329,18.0,9.0,8.7018,6.3108,20.84415753968254,10.924139093277986,14.50188492063492,8.632173221876934,31.768296632960528,5.869711698757985
2012-05-03,32.54,34.1158,4.8427,14.5821,12.6196,1.5124,1.7508,25316120000.0,2.8062,8.0012,18.0,9.0,8.7018,6.3108,20.84169801587301,10.927608265195456,14.334060317460317,8.612599256578187,31.76930628106847,5.721461060882129
2012-05-04,32.26,34.1158,5.7526,14.4566,12.6198,1.4994,1.7508,25098280000.0,2.8062,8.0012,18.0,9.0,8.7018,6.3108,20.832354563492064,10.93850891620231,14.192913492063491,8.606297015728364,31.770863479694373,5.586616476335127
2012-05-07,31.99,34.1158,6.6452,14.3356,12.6236,1.4868,1.7522,24888220000.0,2.8062,8.0012,18.0,9.0,8.7018,6.3108,20.81708888888889,10.952948088852173,14.071969047619048,8.6044233084102,31.77003697774106,5.467545739208848
2012-05-08,31.84,34.1158,7.1476,14.2684,12.6295,1.4799,1.7509,24771520000.0,2.8062,8.0012,18.0,9.0,8.7018,6.3108,20.817458134920635,10.9524831873378,13.946901587301586,8.589503687752623,31.76994132225844,5.357397899548962
2012-05-09,31.34,34.1158,8.8571,14.0444,12.6448,1.4566,1.7509,24382520000.0,2.8062,8.0012,18.0,9.0,8.7018,6.3108,20.81926547619048,10.95042995813352,13.831666666666669,8.559326383485937,31.769695434323992,5.27234028318073
2012-05-10,31.37,34.1158,8.7529,14.0578,12.6578,1.458,1.7509,24405860000.0,2.8062,8.0012,18.0,9.0,8.7018,6.3108,20.827288492063488,10.940079670596097,13.728413492063492,8.541337693268833,31.767368162659587,5.187075798794659
2012-05-11,31.46,34.1158,8.4418,14.0981,12.6626,1.4622,1.7509,24475880000.0,2.8062,8.0012,18.0,9.0,8.7018,6.3108,20.82854047619048,10.938623109424958,13.56713888888889,8.446517168158366,31.767163585615435,5.120621720730524
2012-05-14,31.63,34.1158,7.859,14.1839,12.6658,1.4701,1.7534,24608140000.0,2.8062,7.9976,18.0,9.0,8.7018,6.3108,20.82116607142857,10.946123682421636,13.413958730158727,8.372729629804226,31.767289753850207,5.041229100354503
2012-05-15,31.92,34.1158,6.8791,14.3139,12.6661,1.4836,1.7522,24833760000.0,2.8062,7.9976,18.0,9.0,8.7018,6.3108,20.81504146825397,10.953070886318582,13.268797619047618,8.325711559082068,31.768112354572548,4.94308605996555
2012-05-16,31.76,34.3395,8.1219,14.1552,12.6679,1.4778,1.7509,24709280000.0,2.7974,7.9036,18.0,9.0,8.7018,6.3108,20.80740099206349,10.960591763786397,13.12481746031746,8.255763062802322,31.76799275584989,4.8690543975151375
2012-05-17,31.58,34.3395,8.7381,14.075,12.673,1.4695,1.7509,24569240000.0,2.7974,7.9036,18.0,9.0,8.7018,6.3108,20.79757123015873,10.969203617702762,12.991461904761904,8.189039702605895,31.76677484786149,4.802422202156009
2012-05-18,30.86,34.3017,11.1526,13.7449,12.678,1.436,1.7509,24009080000.0,2.7974,7.9073,18.0,9.0,8.7018,6.3108,20.780207341269843,10.977544341986572,12.841235714285714,8.045385526021283,31.757751683256416,4.795850188264431
2012-05-21,31.74,34.416,8.431,14.076,12.6894,1.4769,1.7522,24693720000.0,2.7974,8.0868,18.0,9.0,8.8129,6.6575,20.760597222222223,10.990777692165285,12.643475396825396,7.840913603336561,31.751374914387508,4.802561793488835
2012-05-22,32.03,34.416,7.4493,14.2046,12.6927,1.4906,1.7509,24919340000.0,2.7899,8.0868,18.0,9.0,8.8129,6.6575,20.73593174603175,11.006694015091472,12.476672222222222,7.7242974472259105,31.74262576112322,4.752374774996311
2012-05-23,31.85,34.416,8.0565,14.1248,12.6998,1.4823,1.7508,24779300000.0,2.7899,8.0868,18.0,9.0,8.8129,6.6575,20.71161349206349,11.02116069571663,12.31176111111111,7.592945645194232,31.73277418778012,4.718815465916878
2012-05-24,32.16,34.416,7.0149,14.2623,12.7078,1.4967,1.7508,25020480000.0,2.7899,8.0868,18.0,9.0,8.8129,6.6575,20.68337837301587,11.038006158934587,12.120029365079365,7.415808889361248,31.721384531950456,4.704220475718117
2012-05-25,31.95,34.6382,8.4138,14.1022,12.7139,1.4869,1.7508,24857100000.0,2.7899,8.1142,18.0,9.0,8.8129,6.6575,20.66978134920635,11.048907333510394,11.90284126984127,7.111849135950629,31.718688682716746,4.790992133890641
2012-05-29,32.26,34.6382,7.372,14.2391,12.7252,1.5013,1.7522,25098280000.0,2.7899,8.1142,18.0,9.0,8.8129,6.6575,20.650413095238093,11.063664404437638,11.674574603174603,6.781818815614907,31.71407749967573,4.892755787559697
2012-05-30,31.92,34.6382,8.5157,13.9188,12.7257,1.4855,1.7509,24833760000.0,2.7899,8.1934,18.0,9.0,8.8129,6.6575,20.630404166666665,11.076491246805396,11.498942063492064,6.569829759186691,31.70689541347206,4.929112304305374
2012-05-31,32.09,34.6382,7.9408,13.9929,12.734,1.4934,1.7509,24966020000.0,2.7899,8.1934,18.0,9.0,8.8129,6.6575,20.61806488095238,11.087172727583283,11.32845238095238,6.376881319713644,31.70523760853567,4.951571061238735
2012-06-01,31.08,34.608,11.3514,13.5525,12.7367,1.4464,1.7509,24180240000.0,2.7899,8.1934,18.0,9.0,8.8129,6.6575,20.613243253968253,11.090679597097676,11.220610317460316,6.258658937041644,31.70392285106593,4.961951380418673
2012-06-04,31.02,34.5645,11.4265,13.4443,12.7457,1.4439,1.7534,24133560000.0,2.7901,8.2926,18.0,9.0,8.8129,6.6575,20.59663154761905,11.098169420823169,11.108562698412698,6.125120830099273,31.694800968442216,4.983441868313425
2012-06-05,31.075,34.5645,11.2293,13.4681,12.7483,1.4465,1.7522,24176350000.0,2.7901,8.2926,18.0,9.0,8.8129,6.6575,20.574543452380954,11.105725054523642,11.00657380952381,6.013376100397107,31.6802685069046,4.993197709126703
2012-06-06,31.82,34.5645,8.6251,13.791,12.7495,1.4818,1.7509,24755960000.0,2.7899,8.2767,18.0,9.0,8.8129,6.6575,20.550229563492067,11.118463344713154,10.907719047619048,5.948469782735122,31.668692908205223,4.959249264883926
2012-06-07,32.15,34.5645,7.5101,13.934,12.7527,1.4972,1.7509,25012700000.0,2.7899,8.2767,18.0,9.0,8.8129,6.6575,20.52177996031746,11.133468723085588,10.79893888888889,5.883414337433163,31.655248683403048,4.915524551455726
2012-06-08,33.03,34.5413,4.5755,14.3154,12.7634,1.5382,1.7509,25697340000.0,2.7613,8.5093,18.0,9.0,8.8129,6.6575,20.49822916666667,11.154643165561763,10.672754761904764,5.844604448612045,31.65287233222844,4.828150313292718
2012-06-11,32.72,34.551,5.596,14.1132,12.7634,1.5237,1.7534,25456160000.0,2.7613,8.6749,18.0,9.0,8.8129,6.6575,20.4752507936508,11.173410880852929,10.52921507936508,5.743770234709024,31.64866167450372,4.785444844656055
2012-06-12,33.82,34.5532,2.1679,14.5876,12.7722,1.5749,1.7522,26311960000.0,2.7602,8.6749,18.0,9.0,8.8129,6.6575,20.445854166666667,11.202068114872292,10.375309523809522,5.705513744166001,31.64792228153896,4.669795779643521
2012-06-13,33.58,34.7473,3.4762,14.4673,12.7725,1.5637,1.7509,26125240000.0,2.7958,8.61,19.0,9.0,8.8129,6.0208,20.4254248015873,11.223630505548854,10.229796825396823,5.645012126313673,31.649055307136155,4.584784699083152
2012-06-14,34.56,35.0952,1.5486,14.7579,12.7725,1.613,1.7509,26887680000.0,2.7743,8.6498,19.0,9.0,8.8129,6.0208,20.39708392857143,11.253246435063414,10.06265238095238,5.587037570358094,31.650330363634843,4.475614810594287
2012-06-15,34.76,35.3367,1.6591,14.7638,12.7725,1.6237,1.7509,27043280000.0,2.7745,8.5976,19.0,9.0,9.1394,6.0192,20.36382103174603,11.283826467817406,9.87388492063492,5.4636426052231295,31.64764749956344,4.41024231541179
2012-06-18,34.72,35.8709,3.3148,14.3774,12.7722,1.624,1.7522,27012160000.0,3.3265,8.8498,15.0,9.0,9.1394,6.9104,20.32975793650793,11.309351003317408,9.698201587301586,5.312561014862423,31.63910893982534,4.385640572439163
2012-06-19,35.11,35.5698,1.3096,14.6237,12.7725,1.6422,1.7509,27315580000.0,3.3277,8.8521,15.0,9.0,9.1394,6.9104,20.28678888888889,11.340413174693255,9.533912698412696,5.248466806829978,31.627202063582143,4.28544589158272
2012-06-20,35.34,35.6061,0.753,14.8406,12.7728,1.6599,1.7508,27494520000.0,3.2356,8.48,15.0,8.0,11.0068,6.1885,20.23635376984128,11.370670306672547,9.333435714285717,5.094135626642943,31.60702407651382,4.239300087642771
2012-06-21,34.58,35.6061,2.9673,14.5215,12.7728,1.6242,1.7508,26903240000.0,3.6303,8.2644,14.0,8.0,11.0068,6.1885,20.19330158730159,11.39491846198921,9.176265873015872,4.980467719436061,31.5882200492908,4.195798153579811
2012-06-22,33.66,37.2939,10.7959,13.5132,12.7728,1.5951,1.7508,26221140000.0,3.0031,9.4289,19.0,9.0,9.395,6.8385,20.158381349206348,11.396699419799369,9.081911111111111,4.832935924594301,31.55508076900572,4.248975186516811
2012-06-25,33.5,37.2039,11.0564,13.3722,12.7722,1.5895,1.7522,26096500000.0,2.6967,9.9478,21.0,9.0,9.4327,6.8788,20.125769246031744,11.399186254783128,8.987879365079365,4.674511333233604,31.52495550081488,4.313368031845761
2012-06-26,33.73,37.2076,10.3101,13.5598,12.7725,1.6014,1.7509,26275670000.0,2.6608,10.0685,21.0,9.0,9.4327,6.8788,20.08789365079365,11.400025469454508,8.904110317460317,4.552959586446086,31.48791912024816,4.351150731014231
2012-06-27,33.75,37.2076,10.2447,13.5678,12.7728,1.6024,1.7508,26291250000.0,2.6608,10.0685,21.0,9.0,9.4327,6.8788,20.03311984126984,11.380813890565578,8.823564285714284,4.4363532630565965,31.41393373183542,4.387211022657687
2012-06-28,33.74,37.2076,10.2774,13.5638,12.7728,1.6019,1.7508,26283460000.0,2.6608,10.0685,21.0,9.0,9.4327,6.8788,19.97940337301588,11.362791928202514,8.720297619047619,4.244219530277965,31.34219530121839,4.476078088769654
2012-06-29,34.27,37.2159,8.5961,13.6599,12.7728,1.6271,1.7508,26696330000.0,2.6608,10.8231,20.0,9.0,9.4327,6.8788,19.93152797619048,11.359814233043291,8.614999206349207,4.07680685765686,31.29134220923377,4.5381923486923474
2012-07-02,34.42,37.2882,8.3329,13.7257,12.7722,1.6354,1.7522,26813180000.0,2.6251,10.8172,20.0,9.0,9.4327,6.8945,19.87712996031746,11.3495565608365,8.500796825396824,3.87500893106435,31.22668652115396,4.625787894332474
2012-07-03,34.29,37.2875,8.7416,13.6739,12.7725,1.6296,1.7509,26711910000.0,2.6247,10.8172,20.0,9.0,9.4327,6.8945,19.819901388888887,11.33279712062262,8.399294444444443,3.694252866283997,31.152698509511502,4.705041578160446
2012-07-05,33.99,37.2875,9.7014,13.5548,12.7728,1.6153,1.7508,26478210000.0,2.6247,10.8172,20.0,9.0,9.4327,6.8945,19.77384761904762,11.326646666995398,8.316164285714285,3.54183758774918,31.100494286043016,4.774326697965105
2012-07-06,33.68,37.2816,10.6936,13.4312,12.7728,1.6006,1.7508,26236720000.0,2.6247,10.8172,20.0,9.0,9.4327,6.8812,19.729969047619047,11.318884281124827,8.245562698412696,3.401193892449548,31.04885332874388,4.844368805963149
2012-07-09,33.3,37.2816,11.9568,13.2796,12.7722,1.5825,1.7522,25940700000.0,2.6247,10.8172,20.0,9.0,9.4327,6.8812,19.694195039682537,11.314894090494963,8.17485,3.2247389357835847,31.0090891301775,4.950111064216415
2012-07-10,32.94,37.2816,13.1803,13.1361,12.7725,1.5654,1.7509,25660260000.0,2.6247,10.8172,20.0,9.0,9.4327,6.8812,19.657183928571428,11.305610302241984,8.118647619047618,3.070413421979674,30.96279423081341,5.048234197067943
2012-07-11,32.81,37.2816,13.6288,13.0842,12.7728,1.5592,1.7508,25558990000.0,2.6247,10.8172,20.0,9.0,9.4327,6.8812,19.630175,11.303715812919744,8.077270634920634,2.957808868336398,30.933890812919746,5.119461766584236
2012-07-12,32.1,37.2816,16.1421,12.8011,12.7728,1.5255,1.7508,25005900000.0,2.6247,10.8172,20.0,9.0,9.4327,6.8812,19.60752837301587,11.299237913226175,8.079996825396824,2.965131729658649,30.906766286242046,5.114865095738176
2012-07-13,32.44,37.2816,14.9248,12.9367,12.7728,1.5416,1.7508,25270760000.0,2.6247,10.7404,20.0,9.0,9.4327,6.8812,19.58275793650794,11.295784785832582,8.093461904761904,2.992424116327061,30.87854272234052,5.101037788434843
2012-07-16,32.46,37.2816,14.854,12.9446,12.7722,1.5426,1.7508,25286340000.0,2.6247,10.7404,20.0,9.0,9.4327,6.8812,19.54668630952381,11.281763463897674,8.170047619047619,3.0409778238640497,30.82844977342148,5.129069795183569
2012-07-17,32.79,37.2816,13.6981,13.0762,12.7722,1.5583,1.7508,25543410000.0,2.6247,10.7404,20.0,9.0,9.4327,6.8812,19.508237301587304,11.268575185970215,8.144402380952378,2.9795214477350105,30.77681248755752,5.164880933217368
2012-07-18,32.94,37.2816,13.1803,13.1361,12.7725,1.5654,1.7506,25660260000.0,2.6247,10.7404,20.0,9.0,9.4327,6.8812,19.47143591269841,11.258870453389193,8.150242063492064,2.9887236548692746,30.730306366087607,5.161518408622789
2012-07-19,33.4,37.2816,11.6216,13.3195,12.7725,1.5873,1.7502,26018600000.0,2.6247,10.7404,20.0,9.0,9.4327,6.8812,19.431114285714287,11.25050134222132,8.18174603174603,3.004311250257332,30.681615627935606,5.177434781488698
2012-07-20,32.91,37.2816,13.2835,13.1241,12.7725,1.564,1.7495,25636890000.0,2.6247,10.7404,20.0,9.0,9.4327,6.8812,19.41146428571429,11.25257670460564,8.220934920634921,3.038477601439484,30.66404099031993,5.1824573191954375
2012-07-23,32.28,37.2816,15.4944,12.8729,12.7634,1.534,1.7502,25146120000.0,2.6247,10.7404,20.0,9.0,9.4327,6.8812,19.39979067460317,11.253584411129603,8.275565873015873,3.106661791882836,30.653375085732776,5.168904081133038
2012-07-24,31.88,37.2816,16.9435,12.7134,12.7547,1.515,1.7502,24834520000.0,2.6247,10.7404,20.0,9.0,9.4327,6.8812,19.39912202380952,11.253720593607015,8.351650793650794,3.199972480050103,30.65284261741654,5.151678313600691
2012-07-25,32.42,37.2816,14.9957,12.9287,12.7634,1.5407,1.75,25255180000.0,2.6248,10.7404,20.0,9.0,9.4327,6.8812,19.39026369047619,11.255429360506527,8.395044444444444,3.2526912944587174,30.645693050982715,5.142353149985727
2012-07-26,32.715,37.3159,14.0636,13.0463,12.7634,1.5547,1.75,25484985000.0,2.6248,10.7404,20.0,9.0,9.4327,6.8812,19.379406349206352,11.25792779176917,8.41193253968254,3.276657353189579,30.63733414097552,5.1352751864929616
2012-07-27,33.8,37.3159,10.4021,13.479,12.7634,1.6063,1.75,26330200000.0,2.6248,10.7404,20.0,9.0,9.4327,6.8812,19.359706547619048,11.264944408672037,8.399974603174604,3.266527322694313,30.624650956291084,5.13344728048029
2012-07-30,33.75,37.3168,10.5683,13.4591,12.7527,1.6039,1.7505,26291250000.0,2.6248,10.7404,20.0,9.0,9.4327,6.8812,19.34203869047619,11.271747424772316,8.38548253968254,3.252685820526068,30.613786115248505,5.132796719156472
2012-07-31,33.28,37.3143,12.1223,13.2717,12.7527,1.5816,1.7502,25925120000.0,2.6248,10.7404,20.0,9.0,9.4327,6.8812,19.33306011904762,11.275699634645724,8.38867619047619,3.256181580549096,30.60875975369334,5.132494609927093
2012-08-01,33.61,37.3143,11.0214,13.4033,12.7527,1.5972,1.7502,26182190000.0,2.6248,10.7404,20.0,9.0,9.4327,6.8812,19.320785714285712,11.281383522840414,8.403499206349206,3.2639339441474613,30.602169237126127,5.139565262201745
2012-08-02,33.03,37.3143,12.9709,13.172,12.7547,1.5697,1.75,25730370000.0,2.6248,10.7404,20.0,9.0,9.4327,6.8812,19.31625892857143,11.283476800133997,8.440365873015873,3.289184632364785,30.599735728705426,5.151181240651088
2012-08-03,34.03,37.3143,9.6512,13.5707,12.7547,1.6172,1.749,26509370000.0,2.6248,10.7404,20.0,9.0,9.4327,6.8812,19.304292063492063,11.290534387688496,8.473453174603174,3.280145577517631,30.59482645118056,5.193307597085543
2012-08-06,34.18,37.3143,9.17,13.6306,12.7527,1.6243,1.7456,26626220000.0,2.6248,10.7404,20.0,9.0,9.4327,6.8812,19.28989345238095,11.298835412228044,8.503176984126984,3.269249388961428,30.588728864609,5.233927595165557
2012-08-07,34.43,37.3081,8.3593,13.7303,12.7527,1.6362,1.7453,26820970000.0,2.6248,10.7404,20.0,9.0,9.4327,6.8812,19.27079841269841,11.30917558276746,8.519626984126983,3.26321600516801,30.57997399546588,5.256410978958973
2012-08-08,34.1,37.3081,9.4079,13.5987,12.7547,1.6205,1.7452,26563900000.0,2.6248,10.7404,20.0,9.0,9.4327,6.8812,19.24826884920635,11.317504643636198,8.54993492063492,3.253499823446964,30.56577349284255,5.296435097187956
2012-08-09,34.01,37.3081,9.6974,13.5628,12.7547,1.6162,1.7448,26493790000.0,2.6248,10.7404,20.0,9.0,9.4327,6.8812,19.215295436507933,11.321080436678908,8.574877777777777,3.250125612215758,30.53637587318684,5.324752165562019
2012-08-10,34.05,37.3081,9.5686,13.5787,12.7547,1.6181,1.7434,26524950000.0,2.524,10.6607,19.0,9.0,9.4327,6.8812,19.18014662698413,11.323480613941111,8.576502380952382,3.250574296494839,30.50362724092524,5.325928084457543
2012-08-13,33.99,37.3081,9.762,13.5548,12.7507,1.6153,1.741,26478210000.0,2.524,10.6607,19.0,9.0,9.4327,6.8812,19.143608531746032,11.32410226294053,8.565138095238096,3.2438465055140595,30.46771079468656,5.321291589724036
2012-08-14,33.99,37.3081,9.762,13.5548,12.7527,1.6153,1.7406,26478210000.0,2.524,10.6607,19.0,9.0,9.4327,6.8812,19.10675714285714,11.324352137903809,8.56524126984127,3.2438846674753723,30.43110928076095,5.321356602365897
2012-08-15,33.68,37.3081,10.7723,13.458,12.7547,1.6029,1.7392,26236720000.0,2.5252,10.5735,19.0,9.0,9.4327,6.8812,19.0768371031746,11.32641594860198,8.568136507936508,3.2457043633848017,30.40325305177658,5.322432144551707
2012-08-16,34.0,37.3081,9.7297,13.5859,12.7547,1.6181,1.7376,26486000000.0,2.5252,10.5735,19.0,9.0,9.4327,6.8812,19.04430615079365,11.329676279544078,8.572210317460316,3.246846463775479,30.37398243033773,5.325363853684837
2012-08-17,34.14,37.3081,9.2797,13.6418,12.7547,1.6248,1.7365,26595060000.0,2.5252,10.5735,19.0,9.0,9.4327,6.8812,19.00399642857143,11.328201720068424,8.583348412698413,3.2468472267040984,30.33219814863985,5.336501185994315
2012-08-20,34.25,37.3081,8.9288,13.6858,12.7507,1.63,1.7351,26680750000.0,2.5252,10.588,19.0,9.0,9.4327,6.8812,18.960122619047617,11.324308968330934,8.585060317460316,3.246973047330596,30.28443158737855,5.338087270129721
2012-08-21,34.6,37.3081,7.8269,13.8256,12.7527,1.6466,1.735,26953400000.0,2.5252,10.588,19.0,9.0,9.4327,6.8812,18.91183531746032,11.319782096632808,8.559681746031746,3.240242640800649,30.23161741409313,5.319439105231098
2012-08-22,34.09,37.3081,9.44,13.6218,12.7547,1.6224,1.7348,26556110000.0,2.5252,10.588,19.0,9.0,9.4327,6.8812,18.857502182539687,11.299336836196437,8.548858730158729,3.2349604379222026,30.15683901873612,5.313898292236527
2012-08-23,33.31,37.3081,12.0027,13.3102,12.7547,1.5853,1.7336,25948490000.0,2.5252,10.588,19.0,9.0,9.4327,6.8812,18.81163888888889,11.2801010951856,8.552820634920634,3.238911256661632,30.09173998407449,5.313909378259003
2012-08-24,33.27,37.3353,12.2191,13.2942,12.7547,1.5834,1.7318,25917330000.0,2.4977,10.588,19.0,9.0,9.4327,6.8812,18.76527003968254,11.259011013559402,8.558204761904761,3.2444769005273835,30.024281053241943,5.313727861377378
2012-08-27,33.96,37.3353,9.939,13.5699,12.7507,1.6162,1.7309,26454840000.0,2.4977,10.588,19.0,9.0,9.4327,6.8812,18.722171825396828,11.251122357794218,8.54706507936508,3.237241909707927,29.973294183191044,5.309823169657153
2012-08-28,34.98,37.3353,6.7333,13.9775,12.7527,1.6647,1.7307,27249420000.0,2.4977,10.588,19.0,9.0,9.4327,6.8812,18.66746130952381,11.242224221105133,8.518146825396824,3.2370389064743224,29.90968553062894,5.281107918922502
2012-08-29,35.18,37.3353,6.1265,14.0574,12.7547,1.6743,1.7299,27405220000.0,2.4977,10.588,19.0,9.0,9.4327,6.8812,18.614549404761902,11.238359853191133,8.488921428571429,3.241911684709468,29.85290925795304,5.247009743861961
2012-08-30,35.03,37.3353,6.5809,13.9902,12.7547,1.6665,1.7286,27288370000.0,2.537,10.8018,20.0,9.0,9.4327,6.8812,18.57623353174603,11.246415319443772,8.480603174603173,3.2454784349658645,29.822648851189804,5.235124739637309
2012-08-31,34.68,37.3353,7.6566,13.8504,12.7547,1.6498,1.728,27015720000.0,2.537,10.8791,20.0,9.0,9.4327,6.8812,18.5468253968254,11.255566392860146,8.473647619047618,3.246304266619646,29.802391789685544,5.227343352427972
2012-09-04,34.79,37.3557,7.3748,13.8943,12.7547,1.6551,1.7264,27101410000.0,2.537,10.8791,20.0,9.0,9.4327,6.8812,18.52285476190476,11.26648548659504,8.441012698412697,3.2364247038477654,29.7893402484998,5.204587994564932
2012-09-05,34.72,37.4665,7.9104,13.8664,12.7634,1.6543,1.726,27046880000.0,2.5404,10.8791,20.0,6.0,10.949,7.0751,18.4944621031746,11.275176863733842,8.43932857142857,3.236646923934672,29.769638966908445,5.202681647493898
2012-09-06,35.93,37.4665,4.2764,14.3496,12.7634,1.712,1.7253,27989470000.0,2.5404,10.8791,20.0,6.0,10.949,7.0751,18.46380119047619,11.292808955883013,8.42401349206349,3.251828439148527,29.7566101463592,5.172185052914964
2012-09-07,37.05,37.4665,1.1242,14.7969,12.7634,1.7653,1.7253,28861950000.0,2.5404,10.8791,20.0,6.0,10.949,7.0751,18.43101349206349,11.319137547757938,8.343965079365077,3.306375699071331,29.750151039821432,5.0375893802937455
2012-09-10,36.52,37.4665,2.5917,14.4909,12.7634,1.7402,1.7253,28449080000.0,2.5387,10.739,20.0,6.0,10.949,7.0214,18.40189642857143,11.340992254134315,8.284724603174602,3.342131456676784,29.742888682705747,4.942593146497819
2012-09-11,36.89,37.4665,1.5628,14.6377,12.7722,1.7578,1.7257,28737310000.0,2.5387,10.739,20.0,6.0,10.949,7.0214,18.37430952380952,11.36503152533922,8.248574603174601,3.3900489073977216,29.73934104914874,4.85852569577688
2012-09-12,36.85,37.407,1.5115,14.6971,12.7725,1.7561,1.726,28706150000.0,2.5245,10.6645,20.0,6.0,10.949,7.0214,18.346911904761907,11.3890279958246,8.209116666666667,3.4393364511368536,29.73593990058651,4.7697802155298135
2012-09-13,37.82,37.4152,-1.0703,15.084,12.7725,1.8024,1.726,29461780000.0,2.5245,10.6645,20.0,6.0,10.949,7.0214,18.311994444444444,11.421546271254511,8.16116984126984,3.5258609342799985,29.73354071569896,4.635308906989842
2012-09-14,37.96,37.4152,-1.4352,15.1603,12.7725,1.8092,1.726,29570840000.0,2.5242,10.6577,20.0,6.0,10.949,7.0214,18.27671369047619,11.455044393954296,8.108523015873015,3.618756029027749,29.731758084430485,4.489766986845265
2012-09-17,37.64,37.4152,-0.5972,14.9253,12.7722,1.7946,1.7257,29321560000.0,2.5115,10.6121,20.0,6.0,10.949,7.0214,18.24566964285714,11.484971243108896,8.075542857142857,3.678991638357884,29.73064088596604,4.396551218784973
2012-09-18,37.59,37.5612,-0.0766,14.9244,12.7725,1.7918,1.726,29282610000.0,2.5193,10.594,20.0,5.0,15.1788,6.9393,18.22268035714286,11.510049707947918,8.036776984126984,3.738944263615692,29.732730065090777,4.297832720511293
2012-09-19,37.71,37.8982,0.4991,14.9839,12.7728,1.798,1.7264,29376090000.0,2.515,10.5274,20.0,5.0,15.1788,6.9393,18.197012896825395,11.535143124574711,7.99194603174603,3.795216072344601,29.732156021400108,4.196729959401429
2012-09-20,37.6,37.7677,0.446,15.0352,12.7728,1.7922,1.7278,29290400000.0,2.5282,10.341,20.0,5.0,14.4788,6.9393,18.164433730158727,11.56206638506348,7.940839682539681,3.8531502878983774,29.72650011522221,4.087689394641302
2012-09-21,37.39,38.2025,2.173,14.8976,12.7728,1.7809,1.7279,29126810000.0,2.2704,10.2965,21.0,5.0,14.4788,6.9393,18.13335158730159,11.583980371220848,7.904427777777776,3.885928002845766,29.71733195852244,4.01849977493201
2012-09-24,37.0,38.2025,3.25,14.7422,12.7722,1.7624,1.7291,28823000000.0,2.2704,10.2965,21.0,5.0,14.4788,6.9393,18.11041607142857,11.602003962959929,7.894497619047619,3.896279116725719,29.712420034388497,3.9982185023219
2012-09-25,37.08,39.051,5.3155,15.0499,12.7725,1.7654,1.7299,28885320000.0,1.9999,9.7861,22.0,5.0,14.0988,7.4253,18.09114186507937,11.615193595598456,7.897383333333333,3.894216396817036,29.706335460677824,4.003166936516297
2012-09-26,36.76,39.2494,6.772,14.9413,12.7725,1.7496,1.7309,28636040000.0,1.9662,9.8415,22.0,5.0,14.0988,7.4253,18.0766625,11.624761380426218,7.910800793650792,3.887342753202762,29.70142388042622,4.023458040448031
2012-09-27,36.5,39.2435,7.5164,14.8356,12.7725,1.7373,1.7311,28433500000.0,1.9663,9.8344,22.0,5.0,14.0988,7.4253,18.066275595238096,11.631865650853268,7.920234920634921,3.884911674286747,29.698141246091364,4.035323246348174
2012-09-28,36.43,39.2282,7.681,14.8071,12.7725,1.734,1.7318,28378970000.0,1.9663,9.8344,22.0,5.0,14.0988,7.4253,18.052256944444448,11.640129350592188,7.928544444444444,3.883257882377573,29.69238629503664,4.045286562066871
2012-10-01,36.02,39.3447,9.2301,14.6877,12.7634,1.7126,1.734,28059580000.0,1.9437,9.7317,22.0,5.0,14.0988,7.3383,18.04252777777777,11.64545921773069,7.943047619047618,3.884690467992649,29.687986995508467,4.058357151054969
2012-10-02,36.15,39.3436,8.8343,14.7407,12.7722,1.7188,1.7326,28160850000.0,1.9437,9.7317,22.0,5.0,14.0988,7.3383,18.03022956349206,11.65191525333373,7.953871428571428,3.885263205557096,29.68214481682579,4.068608223014332
2012-10-03,36.57,39.3372,7.5669,14.9119,12.7725,1.7387,1.734,28488030000.0,1.9437,9.7317,22.0,5.0,14.0988,7.3383,18.024944444444444,11.65606343876334,7.928286507936507,3.87703908863132,29.681007883207783,4.051247419305188
2012-10-04,36.87,39.3346,6.6846,15.0668,12.7725,1.7558,1.734,28721730000.0,1.9457,9.6775,22.0,5.0,14.0988,7.3383,18.01840158730159,11.661511261614692,7.894838888888889,3.869376867330736,29.67991284891628,4.025462021558153
2012-10-05,37.13,39.3416,5.9564,15.1731,12.7725,1.7681,1.734,28924270000.0,1.9457,9.6775,22.0,5.0,14.0988,7.3383,18.01133849206349,11.667747452060896,7.865259523809523,3.8698403273141952,29.679085944124388,3.995419196495328
2012-10-08,37.15,39.3255,5.856,15.1812,12.7634,1.7691,1.7311,28939850000.0,1.9457,9.6789,22.0,5.0,14.0988,7.3402,18.004939285714283,11.673537944562602,7.819751587301587,3.859389080747901,29.678477230276883,3.960362506553686
2012-10-09,36.88,39.3229,6.6239,15.0709,12.7634,1.7562,1.7326,28729520000.0,1.9457,9.6789,22.0,5.0,14.0988,7.3402,17.99877103174603,11.678737835933674,7.805818253968253,3.860520991729328,29.677508867679705,3.945297262238925
2012-10-10,36.63,39.325,7.3574,14.9687,12.7722,1.7443,1.734,28534770000.0,1.9457,9.6789,22.0,5.0,14.0988,7.3402,17.994437301587304,11.68228706624716,7.802768253968254,3.8607238560796855,29.676724367834463,3.942044397888568
2012-10-11,36.87,39.3269,6.6637,15.0668,12.7722,1.7558,1.734,28721730000.0,1.9457,9.6789,22.0,5.0,14.0988,7.3402,17.98883015873016,11.687054421426485,7.787528571428572,3.861405581450337,29.67588458015664,3.926122989978235
2012-10-12,36.76,39.392,7.16,15.0102,12.7722,1.7483,1.734,28636040000.0,1.9742,9.828,21.0,5.0,14.0988,7.5185,17.981249206349208,11.692847073351812,7.782257936507936,3.861808475278801,29.67409627970102,3.920449461229136
2012-10-15,37.28,39.3883,5.6553,15.2225,12.7547,1.773,1.7311,29041120000.0,1.9742,9.828,21.0,5.0,14.0988,7.5185,17.96889107142857,11.702591641973344,7.778177777777778,3.863797229873857,29.671482713401915,3.91438054790392
2012-10-16,37.8,39.3934,4.2153,15.4349,12.7634,1.7978,1.7326,29446200000.0,1.9742,9.828,21.0,5.0,14.0988,7.5185,17.954780555555555,11.714897121164126,7.756679365079364,3.8761037586795153,29.66967767671968,3.880575606399849
2012-10-17,38.56,39.3999,2.1782,15.7003,12.7722,1.8343,1.734,30038240000.0,1.9735,9.8282,21.0,5.0,14.0988,7.5185,17.934038095238094,11.733579926277256,7.733850793650793,3.900538504909039,29.66761802151535,3.833312288741755
2012-10-18,38.81,39.3965,1.5112,15.8021,12.7722,1.8462,1.734,30232990000.0,1.9735,9.8282,21.0,5.0,14.0988,7.5185,17.91409087301587,11.752959017361151,7.68101984126984,3.93949883403484,29.667049890377022,3.741521007235002
2012-10-19,38.19,39.3855,3.1304,15.5497,12.7722,1.8167,1.734,29750010000.0,1.9735,9.8282,21.0,5.0,14.0988,7.5185,17.898575992063492,11.767323020835972,7.63531111111111,3.958727437795413,29.665899012899462,3.676583673315698
2012-10-22,38.45,39.3865,2.4356,15.6555,12.7634,1.829,1.7311,29952550000.0,1.9735,9.8282,21.0,5.0,14.0988,7.5185,17.880812103174602,11.783915986012348,7.5973373015873,3.985597504991709,29.66472808918695,3.6117397965955913
2012-10-23,37.74,39.3771,4.3378,15.3664,12.7634,1.7953,1.7326,29399460000.0,1.9735,9.8282,21.0,5.0,14.0988,7.5185,17.868786904761905,11.794654188201914,7.578503968253968,3.9954147494425167,29.66344109296382,3.583089218811452
2012-10-24,37.77,39.5776,4.7858,15.3787,12.7722,1.7967,1.734,29422830000.0,1.9735,9.8282,21.0,5.0,14.0988,7.5185,17.86902182539683,11.79439190235593,7.575963492063491,3.99710093880242,29.66341372775276,3.5788625532610707
2012-10-25,38.66,39.6207,2.485,15.7526,12.7722,1.8391,1.734,30116140000.0,2.2508,9.886,21.0,5.0,14.0988,7.5185,17.86064742063492,11.803828627265798,7.561766666666665,4.0120720029828325,29.66447604790072,3.549694663683833
2012-10-26,37.85,39.6164,4.6668,15.4225,12.7722,1.7999,1.734,29485150000.0,1.9378,9.886,21.0,5.0,14.0988,7.5185,17.85955138888889,11.8050303538931,7.5561,4.015679658578194,29.66458174278199,3.5404203414218056
2012-10-31,37.87,39.6176,4.6147,15.4307,12.7527,1.8009,1.7311,29500730000.0,1.9378,9.886,21.0,5.0,14.0988,7.5185,17.857581746031745,11.80716128455374,7.561954761904762,4.010807527799835,29.664743030585484,3.551147234104927
2012-11-01,38.85,39.6206,1.9835,15.83,12.7527,1.8475,1.7311,30264150000.0,1.9378,9.886,21.0,5.0,14.0988,7.5185,17.85082738095238,11.815279851609551,7.548173809523809,4.027064411328338,29.66610723256193,3.521109398195472
2012-11-02,38.75,39.6105,2.2206,15.7893,12.7527,1.8427,1.7311,30186250000.0,1.9378,9.886,21.0,5.0,14.0988,7.5185,17.844929563492062,11.822350527549036,7.5273634920634915,4.047878317392358,29.6672800910411,3.479485174671134
2012-11-05,38.66,39.5848,2.3921,15.7526,12.7495,1.8385,1.7309,30116140000.0,1.9378,9.886,21.0,5.0,14.0988,7.5185,17.840473809523807,11.827760046171344,7.500692857142856,4.070672060545685,29.66823385569515,3.430020796597171
2012-11-06,38.97,39.6765,1.8129,15.8505,12.7507,1.8532,1.7311,30357630000.0,1.9482,9.9776,21.0,5.0,14.0988,7.5185,17.838874603174602,11.829876513899148,7.46234126984127,4.101443815287716,29.66875111707375,3.360897454553553
2012-11-07,38.65,39.757,2.8642,15.78,12.7527,1.8387,1.7311,30108350000.0,1.9474,9.9633,21.0,5.0,14.0988,7.5185,17.839999007936505,11.828423244911884,7.428346031746032,4.121774760573752,29.668422252848387,3.30657127117228
2012-11-08,38.27,39.7552,3.8808,15.6249,12.7527,1.8206,1.7311,29812330000.0,1.9474,9.9633,21.0,5.0,14.0988,7.5185,17.839676785714286,11.828802041483934,7.388851587301587,4.131804066849751,29.66847882719822,3.2570475204518354
2012-11-09,39.16,39.7077,1.3986,15.9889,12.7527,1.8629,1.7311,30505640000.0,1.9474,9.9635,21.0,5.0,14.0988,7.5252,17.831668849206352,11.83857892186658,7.3304841269841265,4.164198688869771,29.67024777107293,3.166285438114356
2012-11-12,38.46,39.7431,3.3362,15.666,12.7527,1.8301,1.7311,29960340000.0,1.9372,10.0652,21.0,5.0,14.0988,7.5252,17.828130555555557,11.842651660226416,7.289963492063491,4.178115594965654,29.670782215781973,3.111847897097837
2012-11-13,38.41,39.7483,3.4842,15.6456,12.7547,1.8278,1.7311,29921390000.0,1.9372,10.0652,21.0,5.0,14.0988,7.5252,17.82157361111111,11.849688693393318,7.255242857142856,4.191505102455115,29.671262304504427,3.0637377546877413
2012-11-14,37.83,39.7437,5.0587,15.4094,12.7634,1.8002,1.7326,29469570000.0,1.9372,10.0652,21.0,5.0,14.0988,7.5252,17.81528531746032,11.85562929182039,7.240795238095238,4.195946991673731,29.670914609280707,3.044848246421507
2012-11-15,37.39,39.7464,6.3022,15.2326,12.7725,1.7792,1.734,29126810000.0,1.6504,9.8365,21.0,5.0,14.0988,7.5252,17.808038293650792,11.8615586607245,7.226353174603174,4.19602166802181,29.669596954375294,3.030331506581364
2012-11-16,37.25,39.7453,6.6988,15.1663,12.7742,1.772,1.7342,29017750000.0,1.6657,9.9272,21.0,5.0,14.0988,7.6511,17.79732321428572,11.869162738394447,7.210168253968254,4.194076449272571,29.66648595268017,3.016091804695683
2012-11-19,38.24,40.0433,4.7157,15.5694,12.7774,1.8191,1.7351,29788960000.0,1.7312,9.9028,22.0,5.0,14.0988,7.6511,17.78422341269841,11.879966587244285,7.159081746031745,4.184863603844554,29.664189999942693,2.9742181421871914
2012-11-20,38.18,40.0434,4.8806,15.545,12.7774,1.8162,1.7351,29742220000.0,1.7312,9.9028,22.0,5.0,14.0988,7.6511,17.773969642857143,11.888883573113088,7.130903968253968,4.188182501742591,29.66285321597023,2.942721466511377
2012-11-21,38.3,40.0455,4.5574,15.5938,12.7856,1.8219,1.7355,29835700000.0,1.7312,9.9028,22.0,5.0,14.0988,7.6511,17.762189087301586,11.899048061723514,7.107952380952381,4.19434310130597,29.66123714902509,2.913609279646411
2012-11-23,39.08,40.0536,2.4913,15.9114,12.7918,1.859,1.7374,30443320000.0,1.7312,9.9028,22.0,5.0,14.0988,7.6511,17.747246626984126,11.913506715815425,7.0637841269841255,4.213532663111173,29.660753342799552,2.8502514638729526
2012-11-26,38.48,40.055,4.093,15.6671,12.7932,1.8305,1.7382,29975920000.0,1.7312,9.9028,22.0,5.0,14.0988,7.6511,17.729296825396826,11.927269875308289,7.040594444444444,4.221836186898727,29.65656670070512,2.818758257545717
2012-11-27,38.12,40.0554,5.0771,15.5205,12.7934,1.8133,1.7387,29695480000.0,1.7312,9.9028,22.0,5.0,14.0988,7.6511,17.721488492063497,11.934273900606426,7.014112698412698,4.223618215624628,29.65576239266992,2.7904944827880707
2012-11-28,38.66,40.1935,3.9666,15.6957,12.7938,1.8391,1.7394,30116140000.0,1.7299,9.9881,22.0,5.0,14.0988,7.6511,17.707281944444446,11.946395469403331,6.987085714285714,4.2321966556899255,29.65367741384778,2.754889058595788
2012-11-29,38.6,40.1992,4.143,15.6713,12.7975,1.8363,1.7404,30069400000.0,1.7299,9.9881,22.0,5.0,14.0988,7.6511,17.690162896825395,11.959657718653393,6.952381746031746,4.237486498789445,29.649820615478788,2.7148952472423007
2012-11-30,38.66,40.125,3.7894,15.6957,12.801,1.8391,1.741,30116140000.0,1.7299,9.9881,22.0,5.0,14.0988,7.6511,17.673503571428572,11.973180669024664,6.919434126984127,4.245870636336527,29.64668424045324,2.6735634906476005
2012-12-03,38.38,40.1324,4.5659,15.582,12.8144,1.8258,1.7433,29898020000.0,1.7299,10.1289,22.0,5.0,14.0988,7.6511,17.663914285714284,11.981753249160535,6.865580952380952,4.232217918051124,29.645667534874818,2.633363034329827
2012-12-04,37.78,40.1335,6.2295,15.3384,12.8146,1.7972,1.7443,29430620000.0,1.7232,10.1289,21.0,5.0,14.0988,7.6511,17.660890277777774,11.984451456486642,6.82433492063492,4.212692083716719,29.645341734264417,2.611642836918201
2012-12-05,37.21,40.0861,7.7294,15.107,12.8148,1.7701,1.7444,28986590000.0,1.7232,10.1289,21.0,5.0,14.0988,7.6511,17.661188095238092,11.98420229008989,6.796557936507937,4.194916001835463,29.645390385327985,2.6016419346724744
2012-12-06,37.56,40.0635,6.6653,15.2491,12.8166,1.7868,1.7448,29259240000.0,1.7233,10.1289,21.0,5.0,14.0988,7.6511,17.65788492063492,11.987008410560126,6.781003968253968,4.191713933662798,29.64489333119505,2.58929003459117
2012-12-07,37.91,40.0572,5.6639,15.3912,12.8173,1.8034,1.7452,29531890000.0,1.7233,10.1289,21.0,5.0,14.0988,7.6511,17.65264484126984,11.991681505248158,6.766351587301586,4.192371645486142,29.644326346518,2.573979941815444
2012-12-10,37.87,40.4009,6.6831,15.3731,12.8184,1.8009,1.7453,29500730000.0,1.7784,10.258,22.0,5.0,14.0988,7.6511,17.652140873015874,11.992138065934649,6.783078571428571,4.187762503382428,29.64427893895052,2.5953160680461425
2012-12-11,37.85,40.4081,6.7585,15.36,12.8203,1.7993,1.7454,29485150000.0,1.7788,10.2471,22.0,5.0,14.0988,7.6511,17.652708134920633,11.991614941353834,6.792304761904761,4.186406641707881,29.644323076274468,2.60589812019688
2012-12-12,37.87,40.4298,6.7594,15.3874,12.8221,1.8015,1.7456,29500730000.0,1.7646,10.3033,22.0,5.0,14.0988,7.6511,17.65438234126984,11.99003180907073,6.828745238095237,4.16576400492585,29.644414150340573,2.662981233169387
2012-12-13,37.71,40.4318,7.2177,15.3224,12.8238,1.7939,1.7483,29376090000.0,1.7646,10.2965,22.0,5.0,14.0988,7.6511,17.650550595238098,11.993063575782482,6.858439682539681,4.154996358661631,29.64361417102058,2.70344332387805
2012-12-14,37.72,40.4318,7.1893,15.3265,12.8238,1.7944,1.7483,29383880000.0,2.0669,10.2965,22.0,5.0,14.0988,7.6511,17.643628968253967,11.99810141170503,6.903207142857142,4.127625849171323,29.641730379959,2.7755812936858195
2012-12-17,38.6,40.5275,4.9935,15.6548,12.8375,1.8359,1.7486,30069400000.0,2.3389,10.386,22.0,5.0,14.0988,7.4678,17.629036706349204,12.00902218928431,6.929670634920635,4.104358635032945,29.63805889563352,2.82531199988769
2012-12-18,39.32,40.677,3.4512,15.9171,12.844,1.871,1.749,30630280000.0,2.6168,10.3612,23.0,5.0,14.0988,7.4833,17.613514682539684,12.022300663200935,6.930753174603175,4.103415451755835,29.63581534574062,2.82733772284734
2012-12-19,39.06,40.677,4.1398,15.8176,12.8508,1.8586,1.7493,30427740000.0,2.6168,10.3398,23.0,5.0,14.0988,7.4904,17.598459523809524,12.0344309324925,6.953215079365079,4.080079196428606,29.632890456302025,2.873135882936473
2012-12-20,36.99,41.0348,10.9348,12.4407,12.8508,1.7017,1.7493,28815210000.0,0.9045,22.3468,4.0,5.0,12.2988,13.4951,17.600679365079362,12.033095656834488,7.034023015873015,4.0570613624574055,29.63377502191385,2.97696165341561
2012-12-21,37.02,40.7444,10.0605,12.5683,12.8508,1.7051,1.7493,28838580000.0,2.053,22.4902,5.0,5.0,12.2988,13.8532,17.604027579365077,12.030757492962936,7.090318253968253,4.049385509736363,29.63478507232801,3.04093274423189
2012-12-24,37.08,40.7444,9.8824,12.593,12.8508,1.7069,1.7493,28885320000.0,2.054,22.485,5.0,5.0,12.2988,13.8411,17.60999841269841,12.026167051945812,7.083068253968253,4.0435114812082364,29.636165464644225,3.039556772760016
2012-12-26,36.6,40.7292,11.282,12.4723,12.844,1.6974,1.749,28511400000.0,2.7936,22.0433,6.0,5.0,12.2988,13.8411,17.61763432539683,12.020913363419796,7.08485873015873,4.045334494001933,29.638547688816622,3.0395242361567965
2012-12-27,36.7,40.7292,10.9787,12.4957,12.844,1.702,1.7483,28589300000.0,2.7936,22.0448,6.0,5.0,12.2988,13.8411,17.62306170634921,12.01728944825084,7.090165079365079,4.050034732499154,29.640351154600047,3.040130346865925
2012-12-28,36.03,40.7639,13.1388,12.2198,12.831,1.6701,1.7456,28067370000.0,2.7943,22.0546,6.0,5.0,12.2988,13.8713,17.63286845238095,12.011596698476565,7.113134126984127,4.076190462599206,29.64446515085752,3.036943664384921
2012-12-31,36.77,40.7639,10.8618,12.4707,12.831,1.7044,1.7456,28643830000.0,2.7943,22.0546,6.0,5.0,12.2988,13.8713,17.63880912698413,12.0074971655822,7.1177722222222215,4.080150284224947,29.64630629256633,3.037621937997274
2013-01-02,37.5,40.8392,8.9045,12.7183,12.8274,1.7383,1.7454,29212500000.0,2.7943,22.0546,6.0,5.0,12.2988,13.8713,17.63685376984127,12.00884169309282,7.120219841269841,4.081136587785548,29.645695462934093,3.039083253484293
2013-01-03,37.03,41.1791,11.2047,12.4781,12.8274,1.7192,1.7454,28846370000.0,3.4898,21.2618,7.0,5.0,12.2988,13.8713,17.637684126984126,12.008381519480425,7.143011904761905,4.095955480004126,29.64606564646455,3.0470564247577787
2013-01-04,37.06,41.3038,11.4512,12.5304,12.8274,1.7215,1.7454,28869740000.0,3.4895,21.2492,7.0,5.0,12.2988,13.8441,17.64241488095238,12.005467608313658,7.164516666666667,4.111499136066879,29.64788248926604,3.053017530599788
2013-01-07,36.94,41.3164,11.8473,12.5068,12.8375,1.7161,1.747,28776260000.0,3.8403,21.2606,8.0,5.0,12.2988,13.8441,17.64921845238095,12.001200713314752,7.181547619047619,4.1265087221176415,29.650419165695705,3.055038896929977
2013-01-08,37.0,41.707,12.7216,12.514,12.831,1.7166,1.7456,28823000000.0,3.8414,21.2619,8.0,5.0,14.1733,13.8711,17.65626884920635,11.99725154352146,7.197642857142856,4.144233880010545,29.65352039272781,3.053408977132311
2013-01-09,37.1,41.707,12.4178,12.5478,12.831,1.7213,1.7456,28900900000.0,3.8414,21.2619,8.0,5.0,14.1733,13.8711,17.661512698412697,11.994377091752613,7.201301587301587,4.148670229111509,29.655889790165308,3.052631358190077
2013-01-10,37.14,41.707,12.2967,12.6223,12.8274,1.7277,1.7456,28932060000.0,3.7087,20.3963,9.0,5.0,14.1733,13.8711,17.665867261904765,11.992025314159584,7.194288888888889,4.139218815461952,29.65789257606435,3.055070073426937
2013-01-11,37.03,41.7465,12.737,12.5798,12.8274,1.7233,1.7456,28846370000.0,3.9645,20.8976,10.0,5.0,14.1733,13.8711,17.66707281746032,11.9914981572123,7.18721111111111,4.1288777667005645,29.65857097467262,3.0583333444105456
2013-01-14,37.37,41.7498,11.7201,12.6953,12.8375,1.7392,1.7483,29111230000.0,3.9645,20.8976,10.0,5.0,14.1733,13.8711,17.66579226190476,11.992099875997598,7.152115873015873,4.070533927698517,29.65789213790236,3.081581945317356
2013-01-15,37.65,41.7498,10.8892,12.7905,12.831,1.7522,1.749,29329350000.0,3.9645,20.8976,10.0,5.0,14.1733,13.8711,17.667467658730157,11.991091985318135,7.120087301587302,4.0245026841084535,29.658559644048296,3.095584617478848
2013-01-16,37.82,41.7498,10.3908,12.8482,12.8375,1.7601,1.7496,29461780000.0,3.9645,20.8976,10.0,5.0,14.1733,13.8711,17.664399206349206,11.99275897225808,7.084665079365079,3.975227079064727,29.657158178607283,3.109438000300352
2013-01-17,38.19,41.7498,9.3213,12.9739,12.8461,1.7773,1.7496,29750010000.0,3.9645,20.8976,10.0,5.0,14.1733,13.8711,17.661174206349205,11.994787408830076,7.049928571428572,3.9359032212055,29.65596161517928,3.114025350223072
2013-01-18,38.58,41.7571,8.2351,13.1006,12.853,1.7953,1.7522,30053820000.0,3.9646,20.9,10.0,5.0,14.1733,13.8753,17.651978373015876,12.000243391724275,7.010680952380952,3.8987647900063136,29.65222176474015,3.111916162374638
2013-01-22,38.43,41.9476,9.1533,13.0497,12.8461,1.7884,1.7496,29936970000.0,3.9646,20.9102,10.0,5.0,14.1733,13.8753,17.64083888888889,12.005530833577374,6.991091269841269,3.881574680132004,29.646369722466265,3.1095165897092656
2013-01-23,38.67,41.9476,8.4758,13.1312,12.8482,1.7995,1.7509,30123930000.0,3.9646,20.9102,10.0,5.0,14.1733,13.8753,17.626960317460316,12.012085906243604,6.95293492063492,3.8426597640552935,29.63904622370392,3.1102751565796267
2013-01-24,38.9,41.9476,7.8344,13.2093,12.8482,1.8102,1.7509,30303100000.0,3.9646,20.9102,10.0,5.0,14.1733,13.8753,17.612347023809523,12.01952260347373,6.892141269841269,3.766280853473605,29.63186962728325,3.125860416367664
2013-01-25,39.12,41.9021,7.1117,13.284,12.8482,1.8205,1.7509,30474480000.0,3.9646,20.9102,10.0,5.0,14.1733,13.8753,17.595506746031745,12.02829140743846,6.814111111111111,3.656621555703332,29.623798153470204,3.15748955540778
2013-01-28,39.03,41.9021,7.3587,13.2534,12.844,1.8163,1.749,30404370000.0,3.9646,20.9102,10.0,5.0,14.1733,13.8753,17.579206150793652,12.036600007337595,6.7535,3.582463335147856,29.61580615813125,3.171036664852144
2013-01-29,38.72,41.9021,8.2182,13.1482,12.844,1.8019,1.749,30162880000.0,3.9646,20.9102,10.0,5.0,14.1733,13.8753,17.569799404761902,12.042069106624686,6.707107936507936,3.524420006040031,29.61186851138659,3.182687930467905
2013-01-30,38.89,41.9856,7.9599,13.2059,12.8461,1.8098,1.7496,30295310000.0,3.9646,20.9102,10.0,5.0,14.1733,13.8753,17.554611904761902,12.049364897222429,6.687725396825396,3.510625280987497,29.60397680198433,3.177100115837899
2013-01-31,38.72,41.9365,8.3071,13.1482,12.8461,1.8019,1.7496,30162880000.0,3.9646,20.9102,10.0,5.0,14.1733,13.8753,17.531646626984127,12.05594930701296,6.669779365079364,3.4963800345227773,29.58759593399709,3.173399330556587
2013-02-01,39.15,42.0514,7.411,13.2942,12.8461,1.8219,1.7496,30497850000.0,3.9646,20.9102,10.0,5.0,14.1733,13.8753,17.507122023809522,12.06395337636736,6.632388095238094,3.462631870114964,29.57107540017688,3.16975622512313
2013-02-04,38.49,42.2129,9.6724,13.0581,12.8339,1.7903,1.7483,29983710000.0,4.009,21.0072,10.0,5.0,15.2933,14.1421,17.4925371031746,12.068981974212512,6.621681746031745,3.4510186757047308,29.56151907738712,3.1706630703270147
2013-02-05,38.56,42.2129,9.4733,13.0818,12.844,1.7936,1.749,30038240000.0,4.2343,21.291,11.0,5.0,15.2933,14.1421,17.477100793650795,12.074262813577018,6.593923015873015,3.4134010052182178,29.551363607227813,3.1805220106547973
2013-02-06,38.8,42.2129,8.7961,13.1633,12.8461,1.8048,1.7496,30225200000.0,4.2343,21.291,11.0,5.0,15.2933,14.1421,17.459464682539682,12.08044890662539,6.587136507936508,3.40811988119186,29.539913589165074,3.1790166267446485
2013-02-07,38.98,42.2129,8.2937,13.2243,12.8461,1.8131,1.7496,30365420000.0,4.2343,21.291,11.0,5.0,15.2933,14.1421,17.442055555555555,12.087334596622286,6.580181746031745,3.40369824896139,29.52939015217784,3.176483497070356
2013-02-08,39.01,42.2129,8.2105,13.2345,12.8461,1.8145,1.7496,30388790000.0,4.2343,21.291,11.0,5.0,15.2933,14.1421,17.427650198412696,12.094013025247994,6.579000793650793,3.4031017867466247,29.52166322366069,3.175899006904168
2013-02-11,38.72,42.2005,8.9889,13.1361,12.8339,1.801,1.7483,30162880000.0,4.2343,21.291,11.0,5.0,15.2933,14.1421,17.416844047619044,12.099124220625429,6.575675396825396,3.400519103305927,29.51596826824447,3.175156293519469
2013-02-12,39.02,42.4179,8.7081,13.2379,12.844,1.815,1.749,30396580000.0,4.4178,21.2763,11.0,5.0,15.2933,14.1421,17.406061111111107,12.104468513938288,6.567823809523809,3.3943901650911137,29.5105296250494,3.173433644432695
2013-02-13,37.46,42.3729,13.1151,12.6987,12.8339,1.7413,1.7483,29181340000.0,4.4174,21.2773,11.0,5.0,15.2933,14.1421,17.405000595238096,12.104821694846764,6.595970634920635,3.433945741168532,29.50982229008486,3.1620248937521027
2013-02-14,37.35,42.0009,12.4522,12.6614,12.8221,1.7362,1.7456,29095650000.0,4.4174,21.2773,11.0,5.0,15.2933,14.1421,17.40340634920635,12.10542215517274,6.617321428571428,3.462036581773198,29.50882850437909,3.1552848467982297
2013-02-15,36.92,41.9628,13.6587,12.5186,12.8184,1.7161,1.7446,28760680000.0,4.4168,21.272,11.0,5.0,15.2933,14.1421,17.40046468253968,12.106153065872498,6.648247619047618,3.507459092247976,29.50661774841218,3.1407885267996427
2013-02-19,36.51,41.9628,14.8787,12.4061,12.8144,1.6971,1.7419,28441290000.0,4.4168,21.272,11.0,5.0,15.2933,14.1421,17.39994365079365,12.106256140963362,6.680838095238094,3.5646961938397843,29.50619979175701,3.11614190139831
2013-02-20,35.43,41.9628,18.3805,12.0391,12.809,1.6469,1.7415,27599970000.0,4.4168,21.272,11.0,5.0,15.2933,14.1421,17.406857142857145,12.105818340273398,6.749495238095238,3.7044567319454336,29.512675483130543,3.0450385061498046
2013-02-21,35.36,41.9628,18.6148,12.0305,12.8024,1.6438,1.7413,27545440000.0,4.4438,21.228,11.0,5.0,15.2933,14.0972,17.409325,12.105937794155052,6.823583333333333,3.846106458261224,29.51526279415505,2.977476875072109
2013-02-22,34.99,41.8908,19.7222,11.9062,12.801,1.6267,1.7402,27257210000.0,4.4436,21.2232,11.0,5.0,15.2933,14.0982,17.41357619047619,12.106373903766526,6.909245238095238,4.010071971954598,29.51995009424272,2.8991732661406404
2013-02-25,34.43,41.8908,21.6695,11.7153,12.7926,1.6006,1.7385,26820970000.0,4.4436,21.2234,11.0,5.0,15.2933,14.0982,17.404125,12.10117693714881,7.019107142857142,4.219561027882789,29.50530193714881,2.799546114974353
2013-02-26,34.63,41.9053,21.0087,11.7833,12.7912,1.6099,1.7383,26976770000.0,4.4436,21.2234,11.0,5.0,15.2933,14.0982,17.392390873015874,12.09479435342345,7.1109222222222215,4.394881307591924,29.487185226439323,2.7160409146302973
2013-02-27,35.55,41.9053,17.8771,12.0964,12.7908,1.6527,1.738,27693450000.0,4.4435,21.2211,11.0,5.0,15.2933,14.0982,17.373662103174603,12.08670215316378,7.1575444444444445,4.477570707435849,29.46036425633838,2.679973737008596
2013-02-28,35.77,42.0417,17.5334,12.187,12.788,1.6629,1.7375,27864830000.0,4.4435,21.1103,11.0,5.0,15.2933,14.0982,17.35938869047619,12.082247784119776,7.199721428571428,4.550072371056951,29.441636474595967,2.649649057514477
2013-03-01,35.85,41.7277,16.3953,12.2317,12.7815,1.6673,1.7368,27927150000.0,4.692,21.2948,13.0,5.0,15.2933,14.0982,17.342537301587303,12.077647907702076,7.250961904761904,4.617028496353019,29.42018520928938,2.633933408408885
2013-03-04,36.14,41.8015,15.6655,12.3315,12.7765,1.6694,1.7351,28153060000.0,4.6884,21.2945,13.0,5.0,15.2933,14.0934,17.308225198412696,12.057742919730355,7.321852380952381,4.677197696582105,29.36596811814305,2.644654684370276
2013-03-05,36.2,41.8015,15.4738,12.352,12.7742,1.6722,1.7345,28199800000.0,4.6884,21.2945,13.0,5.0,15.2933,14.0934,17.27691150793651,12.041931621481885,7.396037301587301,4.731895383944591,29.3188431294184,2.664141917642709
2013-03-06,36.14,41.7874,15.6265,12.3454,12.7728,1.6696,1.734,28153060000.0,4.682,21.2079,13.0,5.0,15.2933,13.8922,17.24900634920635,12.029396745577136,7.467827777777777,4.787718387752237,29.278403094783485,2.68010939002554
2013-03-07,36.24,41.7874,15.3074,12.3796,12.7722,1.6742,1.734,28230960000.0,4.682,21.2079,13.0,5.0,15.2933,13.8922,17.216428373015873,12.012331594874272,7.528548412698412,4.838379576919955,29.228759967890145,2.690168835778457
2013-03-08,35.67,41.7874,17.15,12.1849,12.7547,1.6478,1.7311,27786930000.0,4.682,21.2079,13.0,5.0,15.2933,13.8922,17.184691666666666,11.99127510243816,7.606129365079364,4.91367881656193,29.175966769104825,2.692450548517434
2013-03-11,35.64,41.7874,17.2486,12.1746,12.743,1.6465,1.7307,27763560000.0,4.682,21.2079,13.0,5.0,15.2933,13.8922,17.159289880952382,11.977517519390666,7.680242063492063,4.988164006258732,29.13680740034305,2.6920780572333314
2013-03-12,35.34,41.6743,17.9239,12.0726,12.7426,1.6326,1.7299,27529860000.0,4.682,21.2077,13.0,5.0,15.2933,13.8922,17.137480357142856,11.96606972105601,7.788555555555555,5.0612968282138455,29.103550078198865,2.727258727341709
2013-03-13,35.71,41.6743,16.702,12.199,12.7422,1.6496,1.7291,27818090000.0,4.6855,21.2077,13.0,5.0,15.2933,13.8922,17.109563095238098,11.950599217239198,7.912188888888888,5.08739667764508,29.060162312477296,2.8247922112438086
2013-03-14,35.73,41.6743,16.6367,12.2058,12.7367,1.6505,1.7282,27833670000.0,4.6855,21.2077,13.0,5.0,15.2933,13.8922,17.08676607142857,11.94049629690486,8.023657142857143,5.123627261968537,29.02726236833343,2.9000298808886065
2013-03-15,34.95,39.5979,13.2987,12.9584,12.7367,1.6153,1.7277,27191100000.0,4.2633,18.8755,18.0,5.0,15.4883,12.7207,17.057817261904763,11.931938632368066,8.116799206349206,5.111895801856488,28.98975589427283,3.004903404492718
2013-03-18,33.92,39.2312,15.658,12.6657,12.7298,1.5733,1.7253,26389760000.0,4.1591,18.7192,18.0,5.0,15.0906,12.7509,17.02924880952381,11.917983107089505,8.229073015873016,5.121004812720318,28.947231916613315,3.1080682031526985
2013-03-19,33.21,39.2312,18.1307,12.4887,12.7257,1.5404,1.7249,25837380000.0,4.1364,18.385,18.0,5.0,15.0906,12.7509,17.003669444444444,11.90171332569618,8.381461904761904,5.127747377456866,28.905382770140623,3.2537145273050383
2013-03-20,33.64,39.2312,16.6207,12.6504,12.7202,1.5603,1.7244,26171920000.0,4.1364,18.385,18.0,5.0,15.0906,12.7509,16.977584325396823,11.888082157819378,8.524762698412697,5.103453665520642,28.8656664832162,3.4213090328920552
2013-03-21,33.63,39.2312,16.6554,12.6973,12.7191,1.5599,1.7233,26164140000.0,4.1364,18.1894,18.0,5.0,15.0906,12.7509,16.954918452380955,11.877759730349942,8.661688095238095,5.08817425399089,28.83267818273089,3.5735138412472045
2013-03-22,34.04,39.2454,15.292,12.8974,12.7191,1.5795,1.7215,26483120000.0,4.1367,18.2094,18.0,5.0,15.0906,12.7854,16.938028174603176,11.874051904666286,8.78366111111111,5.061160702842201,28.812080079269464,3.7225004082689086
2013-03-25,33.64,39.2454,16.6629,12.8177,12.7183,1.5609,1.7207,26171920000.0,4.1367,18.2251,18.0,5.0,15.0906,12.7854,16.91689384920635,11.865022101205154,8.911945238095237,5.054339403872255,28.781915950411506,3.8576058342229818
2013-03-26,33.77,39.2454,16.2138,12.8672,12.7187,1.5669,1.72,26273060000.0,4.1367,18.2251,18.0,5.0,15.0906,12.7854,16.894739285714284,11.85586798301238,9.037086507936507,5.038225880499515,28.750607268726665,3.9988606274369927
2013-03-27,33.63,39.1057,16.2822,12.8565,12.7191,1.5618,1.7192,26164140000.0,4.0959,18.056,18.0,5.0,15.0906,12.7854,16.873311111111114,11.847175564592742,9.149064285714289,5.041238793732438,28.720486675703857,4.107825491981849
2013-03-28,34.3,39.1114,14.0274,13.1126,12.7191,1.593,1.7188,26685400000.0,4.0959,18.056,18.0,5.0,15.0906,12.7854,16.845887499999996,11.837712065935882,9.234599206349207,5.031769810132212,28.68359956593588,4.202829396216996
2013-04-01,33.96,39.1114,15.169,12.9826,12.7158,1.5772,1.7169,26420880000.0,4.0959,18.056,18.0,5.0,15.0906,12.7854,16.817666666666664,11.824689089726853,9.312801587301584,5.0469203558602,28.64235575639352,4.265881231441385
2013-04-02,34.22,39.1051,14.2756,13.082,12.7183,1.5892,1.7166,26623160000.0,4.4152,18.056,18.0,5.0,15.0906,12.7854,16.785876984126986,11.809905033136944,9.372353968253968,5.0609504822180105,28.59578201726393,4.311403486035958
2013-04-03,33.63,39.1051,16.2804,12.8639,12.7187,1.562,1.7164,26164140000.0,4.4152,18.0592,18.0,5.0,15.0906,12.7854,16.763119246031746,11.799781472052564,9.441909523809525,5.095346443874759,28.562900718084308,4.346563079934763
2013-04-04,33.1,39.1051,18.1423,12.6611,12.7158,1.5374,1.7161,25751800000.0,4.4152,18.0592,18.0,5.0,15.0906,12.7854,16.741120436507938,11.78682154192003,9.524935714285713,5.151346894231922,28.527941978427968,4.373588820053791
2013-04-05,33.55,39.1051,16.5577,12.8333,12.7158,1.5583,1.7161,26101900000.0,4.4152,18.0592,18.0,5.0,15.0906,12.7854,16.715239285714286,11.772838933321992,9.583091269841267,5.189214628700739,28.48807821903628,4.39387664114053
2013-04-08,33.74,39.1051,15.9013,12.9059,12.711,1.5671,1.7131,26249720000.0,4.4152,18.0592,18.0,5.0,15.0906,12.7854,16.690300793650792,11.761195341452249,9.639178571428571,5.219161819351429,28.45149613510304,4.420016752077142
2013-04-09,33.93,39.1051,15.2523,12.9786,12.7134,1.5759,1.7126,26397540000.0,4.4152,18.0592,18.0,5.0,15.0906,12.7854,16.66464623015873,11.75017511526813,9.70017380952381,5.239618522727312,28.41482134542686,4.460555286796497
2013-04-10,34.08,39.1051,14.745,13.036,12.7158,1.5829,1.7123,26514240000.0,4.4152,18.0592,18.0,5.0,15.0906,12.7854,16.63876468253968,11.739984266361422,9.764145238095235,5.251697808177439,28.3787489489011,4.512447429917798
2013-04-11,34.12,39.1338,14.6946,13.0493,12.7158,1.5847,1.7118,26545360000.0,4.4152,18.0584,18.0,5.0,15.0906,12.7854,16.60813253968254,11.724835923882194,9.833496031746032,5.258703789192038,28.332968463564733,4.574792242553994
2013-04-12,34.13,38.952,14.1283,13.0811,12.7158,1.5858,1.7114,26553140000.0,4.3968,17.9751,18.0,5.0,15.0906,12.5293,16.571288095238096,11.703331569236926,9.899149206349204,5.260287031328037,28.274619664475026,4.638862175021167
2013-04-15,33.17,38.952,17.4314,12.7132,12.7109,1.5412,1.7074,25806260000.0,4.3968,17.9751,18.0,5.0,15.0906,12.5293,16.54408472222222,11.685316686370872,9.984923015873015,5.2944559688059165,28.22940140859309,4.6904670470671
2013-04-16,33.31,38.952,16.9379,12.7669,12.7132,1.5477,1.7072,25915180000.0,4.3968,17.9751,18.0,5.0,15.0906,12.5293,16.519930952380953,11.671861845738055,10.06095873015873,5.325125014333628,28.19179279811901,4.735833715825101
2013-04-17,33.23,38.952,17.2194,12.7744,12.7133,1.5442,1.707,25852940000.0,4.3892,17.9372,18.0,5.0,15.0906,12.3806,16.490762103174603,11.651650235566546,10.144734126984124,5.354203700916186,28.14241233874115,4.790530426067939
2013-04-18,33.27,38.9743,17.1455,12.7898,12.7133,1.5461,1.7064,25884060000.0,4.3892,17.9372,18.0,5.0,15.0906,12.3805,16.46032876984127,11.629805139054945,10.223984126984126,5.383491724141924,28.090133908896213,4.8404924028422025
2013-04-19,33.39,38.788,16.1665,12.9243,12.7133,1.5536,1.7056,25977420000.0,4.3893,17.9448,18.0,5.0,15.0906,12.3805,16.434326785714287,11.615746524267736,10.307406349206348,5.393560342167121,28.050073309982025,4.9138460070392265
2013-04-22,33.16,38.788,16.9723,12.8353,12.7109,1.5429,1.7032,25798480000.0,4.3893,17.9448,18.0,5.0,15.0906,12.3805,16.40698650793651,11.598183428796336,10.40865238095238,5.398019709155648,28.005169936732845,5.010632671796733
2013-04-23,33.53,38.788,15.6815,12.9785,12.7132,1.5601,1.7018,26086340000.0,4.3893,17.9448,18.0,5.0,15.0906,12.3805,16.380224801587303,11.584229457112253,10.51582142857143,5.367265625900742,27.96445425869956,5.148555802670688
2013-04-24,33.32,38.788,16.4106,12.8972,12.7133,1.5503,1.7017,25922960000.0,4.3893,17.9448,18.0,5.0,15.0906,12.3805,16.3516871031746,11.566354016583968,10.634070634920636,5.331300706192564,27.91804111975857,5.302769928728071
2013-04-25,34.61,38.8316,12.1976,13.3784,12.7134,1.6103,1.7007,26926580000.0,4.3857,17.9983,18.0,5.0,14.6906,12.5842,16.315204166666668,11.550357603913836,10.70603253968254,5.290242308685986,27.865561770580506,5.415790230996553
2013-04-26,34.46,38.8316,12.686,13.3204,12.7134,1.6034,1.699,26809880000.0,4.3857,17.9983,18.0,5.0,14.6906,12.5842,16.275561111111113,11.528393501043569,10.78738492063492,5.240625369462057,27.80395461215468,5.546759551172864
2013-04-29,34.82,38.8316,11.521,13.4596,12.7132,1.6201,1.6978,27089960000.0,4.3857,17.9983,18.0,5.0,14.6906,12.5842,16.233961507936506,11.507587293774524,10.844394444444443,5.208877666066599,27.74154880171103,5.635516778377847
2013-04-30,34.51,38.825,12.5036,13.3398,12.7133,1.6057,1.6974,26848780000.0,4.3857,17.9983,18.0,5.0,14.6906,12.5842,16.2044121031746,11.497984058151271,10.905646825396826,5.182373572264774,27.702396161325872,5.723273253132051
2013-05-01,33.93,38.825,14.4268,13.1156,12.7133,1.5787,1.6971,26397540000.0,4.3857,17.9983,18.0,5.0,14.6906,12.5842,16.179286706349206,11.487981041136438,11.000423015873016,5.136133883553324,27.66726774748565,5.864289132319692
2013-05-02,34.4,38.825,12.8634,13.2973,12.7158,1.6006,1.695,26763200000.0,4.3857,17.9983,18.0,5.0,14.6906,12.5842,16.149311706349206,11.476856979344706,11.065475396825397,5.107098278367899,27.626168685693912,5.958377118457498
2013-05-03,35.34,38.825,9.8613,13.6606,12.7187,1.6443,1.6948,27494520000.0,4.3857,17.9983,18.0,5.0,14.6906,12.5842,16.113246626984125,11.467979282373172,11.107115079365078,5.075372436794103,27.581225909357297,6.031742642570976
2013-05-06,35.05,38.825,10.7703,13.5485,12.7187,1.6308,1.6943,27268900000.0,4.3857,17.9983,18.0,5.0,14.6906,12.5842,16.083959920634918,11.462727439538083,11.176851587301586,5.008940808637687,27.546687360173003,6.167910778663899
2013-05-07,35.54,38.8094,9.1992,13.7379,12.7191,1.6536,1.6943,27650120000.0,4.3857,17.9983,18.0,5.0,14.6906,12.5842,16.051934325396825,11.459362845743533,11.2322373015873,4.94731939669514,27.51129717114036,6.28491790489216
2013-05-08,35.61,38.8094,8.9846,13.765,12.7196,1.6569,1.6943,27704580000.0,4.3857,17.9983,18.0,5.0,14.6906,12.5842,16.03241150793651,11.463011621434616,11.28455873015873,4.887580234451572,27.49542312937113,6.396978495707159
2013-05-09,35.22,38.8094,10.1914,13.6142,12.7196,1.6387,1.6927,27401160000.0,4.3857,17.9983,18.0,5.0,14.6906,12.5842,16.010818650793652,11.463745464388722,11.35105476190476,4.814129710285717,27.47456411518237,6.536925051619044
2013-05-10,35.12,38.8094,10.5051,13.5756,12.7196,1.6341,1.6898,27323360000.0,4.3857,17.9983,18.0,5.0,14.6906,12.5842,15.98639126984127,11.462331541812684,11.411696825396824,4.754119211125057,27.448722811653955,6.657577614271767
2013-05-13,34.79,38.8094,11.5533,13.448,12.7187,1.6187,1.685,27066620000.0,4.3857,17.9983,18.0,5.0,14.6906,12.5842,15.970007738095235,11.462755816094166,11.472589682539684,4.705779109321983,27.432763554189403,6.7668105732177
2013-05-14,35.2,38.8094,10.254,13.6065,12.7191,1.6378,1.684,27385600000.0,4.3857,17.9983,18.0,5.0,14.6906,12.5842,15.949514087301589,11.4637255696202,11.542870634920634,4.619456206058164,27.41323965692179,6.92341442886247
2013-05-15,35.05,38.8094,10.7258,13.58,12.7196,1.6315,1.6829,27268900000.0,4.362,17.8257,18.0,5.0,14.6906,12.1642,15.935744047619048,11.465827750701177,11.601518253968257,4.560970716001433,27.401571798320223,7.040547537966822
2013-05-16,34.96,38.8094,11.0109,13.5451,12.7271,1.6273,1.6822,27198880000.0,4.362,17.8257,18.0,5.0,14.6906,12.1642,15.920402976190475,11.467236978520988,11.661253968253968,4.502723705059263,27.387639954711467,7.158530263194705
2013-05-17,35.0,38.8094,10.884,13.6585,12.7354,1.6299,1.6785,27230000000.0,4.3587,17.8508,18.0,5.0,14.6906,12.1436,15.89771011904762,11.465861693659376,11.707486507936508,4.464129193405472,27.363571812707,7.243357314531036
2013-05-20,35.32,37.2828,5.5572,14.8378,12.7426,1.6616,1.6757,27478960000.0,3.6421,16.6449,18.0,5.0,13.8607,11.1061,15.86775476190476,11.473128349808844,11.70157380952381,4.471832446649478,27.340883111713605,7.229741362874331
2013-05-21,33.81,37.0305,9.5253,14.4302,12.743,1.5991,1.675,26304180000.0,3.4863,15.9686,18.0,5.0,14.6607,10.3459,15.844994444444444,11.474311935912782,11.724006349206348,4.453587942497358,27.319306380357222,7.27041840670899
2013-05-22,33.04,36.2789,9.803,14.3815,12.7468,1.5676,1.6743,25705120000.0,3.3814,15.7662,18.0,5.0,14.3686,10.483,15.822306547619048,11.474932632666253,11.764381746031743,4.412413580749498,27.297239180285302,7.351968165282247
2013-05-23,32.99,36.2789,9.9694,14.4623,12.7527,1.5652,1.6742,25666220000.0,3.2082,14.765,17.0,5.0,14.3686,10.483,15.795549404761903,11.472822009765103,11.804769047619049,4.372005660004659,27.26837141452701,7.432763387614388
2013-05-24,32.88,36.2884,10.3662,14.4141,12.7608,1.56,1.6742,25580640000.0,3.2082,14.765,17.0,5.0,14.3686,10.483,15.76626507936508,11.46779543008206,11.850870634920634,4.3253499412474445,27.23406050944714,7.525520693673189
2013-05-28,33.0,36.2778,9.9327,14.4648,12.7733,1.5658,1.6743,25674000000.0,3.2401,14.7258,17.0,5.0,14.1686,10.4262,15.731292261904764,11.45863356625227,11.909929365079364,4.246617336903488,27.18992582815704,7.663312028175876
2013-05-29,33.1,36.1812,9.3088,14.6047,12.775,1.5724,1.6743,25751800000.0,3.1283,14.2088,17.0,5.0,14.1686,10.2111,15.694598611111113,11.449508885399167,11.9513246031746,4.1949163812915655,27.14410749651028,7.756408221883036
2013-05-30,33.51,36.1812,7.9714,14.7856,12.7756,1.5918,1.6742,26070780000.0,3.1283,14.2088,17.0,5.0,14.1686,10.2111,15.654452380952382,11.44102550219605,11.974295238095236,4.164789341896613,27.09547788314844,7.809505896198624
2013-05-31,33.1,36.193,9.3444,14.6047,12.7856,1.5724,1.6742,25751800000.0,3.1283,14.2088,17.0,5.0,14.1686,10.2111,15.619060317460317,11.43288171974086,12.01697619047619,4.109255328264118,27.051942037201176,7.907720862212071
2013-06-03,32.66,36.1769,10.7682,14.4105,12.7923,1.5514,1.6742,25409480000.0,3.1283,14.2088,17.0,5.0,14.1686,10.2111,15.590681547619049,11.427123087533818,12.06955714285714,4.049650849847064,27.017804635152864,8.019906293010077
2013-06-04,32.36,36.1859,11.8229,14.2782,12.7941,1.5372,1.6742,25176080000.0,3.1283,14.2088,17.0,5.0,14.1686,10.2111,15.553446230158732,11.408712907849893,12.13331507936508,3.9809010424889055,26.962159138008623,8.152414036876173
2013-06-05,32.2,36.1859,12.3786,14.2076,12.7975,1.5296,1.6735,25051600000.0,3.1283,14.2088,17.0,5.0,14.1686,10.2111,15.520072222222222,11.393307975466858,12.195320634920636,3.922505935410329,26.91338019768908,8.272814699510306
2013-06-06,32.23,36.1948,12.3016,14.2485,12.801,1.5306,1.6735,25074940000.0,3.1279,14.168,17.0,5.0,14.1686,10.2111,15.480110515873015,11.369131555974,12.243511904761906,3.885752703311883,26.849242071847016,8.357759201450023
2013-06-07,32.71,36.1948,10.6536,14.4607,12.8024,1.5534,1.6725,25448380000.0,3.1279,14.168,17.0,5.0,14.1686,10.2111,15.435347023809523,11.343553174357307,12.26671984126984,3.867264674511125,26.77890019816683,8.399455166758715
2013-06-10,32.47,36.2252,11.5651,14.3546,12.8148,1.542,1.6717,25261660000.0,3.1279,14.168,17.0,5.0,14.1686,10.2111,15.394978571428572,11.320985004671575,12.305607142857143,3.834989266220577,26.715963576100147,8.470617876636567
2013-06-11,32.34,36.2252,12.0136,14.2971,12.8157,1.5358,1.6712,25160520000.0,3.1279,14.168,17.0,5.0,14.1686,10.2111,15.345244246031744,11.280518999387876,12.356001587301586,3.788451756376992,26.62576324541962,8.567549830924595
2013-06-12,32.72,36.3607,11.1268,14.4651,12.8166,1.5539,1.6706,25456160000.0,3.1279,14.168,17.0,6.0,12.3905,10.2111,15.296503968253967,11.245446733628167,12.391269047619048,3.755761701608976,26.541950701882136,8.635507346010073
2013-06-13,33.92,36.4376,7.4222,14.9956,12.8177,1.6109,1.6706,26389760000.0,3.1279,14.167,17.0,6.0,12.3905,10.2111,15.241056746031743,11.215140168665515,12.396536507936506,3.7482564575566286,26.45619691469726,8.648280050379878
2013-06-14,33.84,36.4376,7.6761,14.9602,12.8238,1.6071,1.6698,26327520000.0,3.1279,14.167,17.0,6.0,12.3905,10.2111,15.188367261904762,11.188091088625123,12.403811904761904,3.738103104422831,26.376458350529887,8.665708800339074
2013-06-17,33.7,36.4376,8.1234,14.8983,12.8353,1.6004,1.6695,26218600000.0,3.1279,14.167,17.0,6.0,12.3905,10.2111,15.14116607142857,11.167555915145876,12.411,3.728910308966744,26.308721986574447,8.682089691033255
2013-06-18,34.31,36.5,6.383,15.1526,12.8396,1.6292,1.6694,26693180000.0,3.1283,14.1465,17.0,6.0,12.3905,10.2111,15.082291071428571,11.13524518054417,12.404600793650795,3.738622190026404,26.217536251972746,8.665978603624392
2013-06-19,33.82,36.4949,7.9092,14.9362,12.8461,1.6079,1.6692,26311960000.0,3.129,14.1465,17.0,6.0,12.3905,10.2111,15.028399603174606,11.10399822750431,12.427741269841269,3.701220044909737,26.132397830678915,8.726521224931531
2013-06-20,33.44,36.505,9.1657,14.8063,12.8524,1.5903,1.6682,26016320000.0,3.1293,14.1394,17.0,6.0,12.3905,10.2111,14.98153630952381,11.078722399345423,12.473094444444444,3.624563065491804,26.060258708869235,8.84853137895264
2013-06-21,33.43,36.451,9.0368,14.8598,12.8571,1.5909,1.6674,26008540000.0,3.1306,14.2926,17.0,6.0,12.3905,10.2111,14.937809126984126,11.0585488866309,12.511959523809525,3.560175476443124,25.996358013615023,8.951784047366399
2013-06-24,33.22,36.451,8.3802,14.8138,12.8639,1.5843,1.6665,25845160000.0,3.1306,14.2926,17.0,6.0,12.3905,10.2111,14.906742857142858,11.05492665429828,12.49168492063492,3.57646572915906,25.961669511441137,8.91521919147586
2013-06-25,34.89,36.6094,4.9281,15.7261,12.8655,1.6617,1.6656,27109530000.0,4.1716,14.3593,17.0,6.0,12.3738,9.9235,14.86261488095238,11.050271410750362,12.450951587301589,3.63315453671268,25.91288629170274,8.817797050588908
2013-06-26,34.78,36.5867,5.1947,15.8098,12.8672,1.6569,1.6647,27024060000.0,4.1883,14.5819,17.0,6.0,12.633,9.8064,14.82774384920635,11.052999767796878,12.41374761904762,3.683322212084186,25.880743617003223,8.730425406963434
2013-06-27,34.29,36.5606,6.6218,15.5871,12.8694,1.6336,1.6629,26643330000.0,4.1883,14.5819,17.0,6.0,12.633,9.8064,14.793484126984128,11.051618754073594,12.376761904761905,3.718011574459607,25.84510288105772,8.658750330302297
2013-06-28,34.29,36.5606,6.6218,15.5871,12.8729,1.6336,1.6617,26643330000.0,4.1883,14.5819,17.0,6.0,12.633,9.8064,14.760208928571428,11.050923935453277,12.342183333333333,3.751229785054291,25.811132864024703,8.590953548279042
2013-07-01,34.65,36.5894,5.5971,15.7593,12.8873,1.6512,1.6615,26923050000.0,4.1723,14.5431,17.0,6.0,12.633,9.8064,14.727231547619049,11.053424301545396,12.28232857142857,3.798289885658492,25.780655849164443,8.484038685770077
2013-07-02,34.88,36.5894,4.9008,15.8639,12.8922,1.6621,1.6616,27101760000.0,4.1723,14.5431,17.0,6.0,12.633,9.8064,14.69014365079365,11.05497655510105,12.235019047619048,3.8528564027164,25.7451202058947,8.38216264490265
2013-07-03,34.85,36.5894,4.9911,15.8503,12.897,1.6607,1.6615,27078450000.0,4.1723,14.5431,17.0,6.0,12.633,9.8064,14.654864087301586,11.057505442035,12.203960317460316,3.895457116489817,25.712369529336588,8.308503200970499
2013-07-05,35.19,36.5536,3.875,15.9224,12.8974,1.6769,1.6607,27342630000.0,4.1723,15.0352,17.0,6.0,12.633,9.8064,14.62465476190476,11.06613055073988,12.145788095238094,3.964613415859812,25.690785312644643,8.181174679378282
2013-07-08,35.11,36.5659,4.1467,15.8862,12.9243,1.6731,1.6607,27280470000.0,4.1723,15.0352,17.0,6.0,12.633,9.8064,14.592148412698412,11.072810131410964,12.087815873015872,4.027753162037676,25.66495854410937,8.060062710978196
2013-07-09,35.16,36.5659,3.9986,15.9088,12.9265,1.6754,1.6607,27319320000.0,4.1723,15.0352,17.0,6.0,12.633,9.8064,14.556379563492063,11.077864508863437,12.025524603174604,4.091687282140255,25.6342440723555,7.933837321034348
2013-07-10,35.37,36.5659,3.3811,16.0038,12.9287,1.6855,1.6607,27482490000.0,4.1723,15.0352,17.0,6.0,12.633,9.8064,14.520933928571427,11.084996480559344,11.95139365079365,4.16296743917579,25.60593040913077,7.7884262116178595
2013-07-11,36.03,36.5659,1.4874,16.3024,12.9367,1.7169,1.6607,27995310000.0,4.1723,15.0352,17.0,6.0,12.633,9.8064,14.477097222222222,11.092779053862152,11.864644444444444,4.265786363305992,25.56987627608437,7.598858081138452
2013-07-12,36.06,36.5659,1.4029,16.316,12.9373,1.7183,1.6607,28018620000.0,4.1723,15.0352,17.0,6.0,12.633,9.8064,14.428272817460316,11.096068736234349,11.778185714285714,4.366175647290516,25.52434155369466,7.412010066995197
2013-07-15,36.04,36.5659,1.4592,16.307,12.956,1.7174,1.6607,28003080000.0,4.1723,15.0352,17.0,6.0,12.633,9.8064,14.37565238095238,11.094559557560377,11.688679365079365,4.460931678029744,25.47021193851276,7.227747687049621
2013-07-16,36.25,36.583,0.9186,16.402,12.9572,1.7274,1.6607,28166250000.0,4.1723,15.0352,17.0,6.0,12.633,9.8064,14.323646825396825,11.096088963758246,11.602953174603174,4.562943418745001,25.41973578915507,7.040009755858173
2013-07-17,36.3,36.583,0.7796,16.4246,12.9584,1.7298,1.6607,28205100000.0,4.1723,15.0352,17.0,6.0,12.633,9.8064,14.266343055555556,11.091300633907576,11.522718253968254,4.663373000503242,25.35764368946313,6.859345253465012
2013-07-18,36.66,36.583,-0.21,16.5875,12.9588,1.7469,1.6607,28484820000.0,4.1723,15.0352,17.0,6.0,12.633,9.8064,14.206198412698413,11.087441226910466,11.43858492063492,4.778170801284658,25.29363963960888,6.6604141193502615
2013-07-19,36.63,36.583,-0.1283,16.5739,12.9616,1.7455,1.6616,28461510000.0,4.1723,15.0352,17.0,6.0,12.633,9.8064,14.142796825396823,11.07784326104543,11.363588095238097,4.884641863729175,25.220640086442256,6.47894623150892
2013-07-22,36.51,36.583,0.1999,16.5196,12.9739,1.7398,1.6621,28368270000.0,4.1723,15.0352,17.0,6.0,12.633,9.8064,14.086890873015872,11.076966619951351,11.299816666666665,4.977383927369727,25.163857492967225,6.322432739296938
2013-07-23,36.72,36.583,-0.3731,16.6146,12.974,1.7498,1.6629,28531440000.0,4.1723,15.0352,17.0,6.0,12.633,9.8064,14.028050198412698,11.074851880231316,11.224210317460315,5.081513977889974,25.10290207864401,6.142696339570343
2013-07-24,36.92,36.583,-0.9128,16.7051,12.9741,1.7593,1.6638,28686840000.0,4.1723,15.0352,17.0,6.0,12.633,9.8064,13.974219246031748,11.081417717318034,11.149697619047618,5.189818284825854,25.055636963349784,5.959879334221764
2013-07-25,36.91,36.583,-0.8859,16.7006,12.9772,1.7588,1.6656,28679070000.0,4.1723,15.0352,17.0,6.0,12.633,9.8064,13.92305,11.090389450981013,11.080488888888889,5.291531059755205,25.01343945098101,5.788957829133683
2013-07-26,37.36,36.583,-2.0798,16.9042,12.9785,1.7803,1.6668,29028720000.0,4.1723,15.0352,17.0,6.0,12.633,9.896,13.867230753968254,11.100010033451673,11.007540476190474,5.40874035805261,24.967240787419925,5.598800118137865
2013-07-29,37.05,36.6019,-1.2094,16.7639,12.98,1.7655,1.6656,28787850000.0,4.1723,15.0352,17.0,6.0,12.633,9.896,13.81258353174603,11.106313583622498,10.939539682539682,5.507933182442502,24.91889711536853,5.431606500097179
2013-07-30,36.99,36.6019,-1.0492,16.7368,12.98,1.7626,1.6665,28741230000.0,4.1723,15.0352,17.0,6.0,12.633,9.896,13.75032380952381,11.101488727996756,10.86598888888889,5.605574766365538,24.85181253752057,5.260414122523351
2013-07-31,37.03,36.6187,-1.1107,16.7549,12.9813,1.7646,1.6665,28772310000.0,4.1723,15.0352,17.0,6.0,12.633,9.896,13.679543849206349,11.082237118820943,10.794,5.700632455691079,24.76178096802729,5.093367544308921
2013-08-01,37.71,36.6187,-2.8939,17.0626,12.9918,1.797,1.6665,29300670000.0,4.1723,15.0352,17.0,6.0,12.633,9.896,13.600655555555557,11.058346767012214,10.705103174603176,5.825687599463976,24.659002322567773,4.8794155751392
2013-08-02,37.7,36.6187,-2.8682,17.0581,13.0042,1.7965,1.6665,29292900000.0,4.1723,15.0352,17.0,6.0,12.633,9.896,13.5177626984127,11.024785470782383,10.623522222222222,5.942978618327742,24.542548169195083,4.68054360389448
2013-08-05,37.68,36.6187,-2.8166,17.049,13.0301,1.7955,1.6665,29277360000.0,4.2168,15.0352,17.0,6.0,12.633,9.896,13.425949999999998,10.967491271800284,10.524403174603176,6.061926235987068,24.393441271800285,4.462476938616108
2013-08-06,37.35,36.6187,-1.958,16.8997,13.0412,1.7798,1.6668,29020950000.0,4.2168,15.0352,17.0,6.0,12.633,9.896,13.339751785714286,10.917124120637352,10.43367857142857,6.162491173083792,24.25687590635164,4.271187398344779
2013-08-07,37.0,36.6187,-1.0305,16.7413,13.0463,1.7631,1.6671,28749000000.0,4.2168,15.0352,17.0,6.0,12.633,9.896,13.250597023809524,10.85030124649864,10.355689682539682,6.245008594656312,24.100898270308164,4.1106810878833695
2013-08-08,36.93,36.6187,-0.8429,16.7097,13.0493,1.7598,1.6671,28694610000.0,4.2168,15.0352,17.0,6.0,12.633,9.896,13.16818630952381,10.799075260926818,10.283176984126984,6.321715357921815,23.967261570450628,3.961461626205169
2013-08-09,36.51,36.6187,0.2977,16.5196,13.0497,1.7398,1.6671,28368270000.0,4.2168,15.0352,17.0,6.0,12.633,9.896,13.072586111111113,10.698653616957102,10.220376984126984,6.3814904028467,23.771239728068217,3.838886581280284
2013-08-12,36.29,36.6187,0.9058,16.4208,13.0752,1.7292,1.6665,28197330000.0,4.2167,15.0374,17.0,6.0,12.6348,9.8979,12.990474801587302,10.632573018720676,10.156225396825397,6.434378748776633,23.623047820307978,3.7218466480487633
2013-08-13,36.59,36.6187,0.0784,16.5566,13.0754,1.7435,1.6668,28430430000.0,4.2167,15.0374,17.0,6.0,12.6348,9.8979,12.884173412698413,10.492109989269242,10.087735714285714,6.495554287350142,23.37628340196765,3.5921814269355714
2013-08-14,36.91,37.1425,0.6299,16.6486,13.0755,1.758,1.6671,28679070000.0,4.2884,15.4952,17.0,6.0,12.6348,9.8979,12.792761507936508,10.397161188885072,9.988646825396824,6.544051812003659,23.189922696821583,3.4445950133931653
2013-08-15,36.69,37.1425,1.2333,16.5494,13.0755,1.7475,1.6671,28508130000.0,4.2884,15.4952,17.0,6.0,12.6348,9.8979,12.70511507936508,10.307483208348486,9.899607936507936,6.586449635530133,23.01259828771357,3.3131583009778023
2013-08-16,36.52,37.2682,2.0487,16.4727,13.0755,1.7394,1.6671,28376040000.0,4.2884,15.4952,17.0,6.0,12.6348,9.8979,12.62302123015873,10.226787254728745,9.80746507936508,6.614590571689931,22.849808484887475,3.1928745076751497
2013-08-19,35.89,37.2682,3.8401,16.1885,13.0762,1.7094,1.6665,27886530000.0,4.2884,15.4952,17.0,6.0,12.6348,9.8979,12.543939087301588,10.139750603286863,9.719857142857142,6.619985502877412,22.68368969058845,3.099871639979731
2013-08-20,36.16,37.2682,3.0647,16.3103,13.0786,1.7223,1.6668,28096320000.0,4.2884,15.4952,17.0,6.0,12.6348,9.8979,12.462580555555554,10.050407742344197,9.598303174603176,6.600271929500207,22.51298829789976,2.998031245102969
2013-08-21,36.43,37.2682,2.3009,16.4321,13.0811,1.7352,1.6671,28306110000.0,4.2884,15.4952,17.0,6.0,12.6348,9.8979,12.367467063492064,9.918163187398802,9.468827777777776,6.581970113777543,22.28563025089087,2.8868576640002344
2013-08-22,37.41,37.2682,-0.379,16.8742,13.0818,1.7818,1.6671,29067570000.0,4.2884,15.4952,17.0,6.0,12.6348,9.8979,12.2615873015873,9.767391835745968,9.309294444444442,6.575063547012107,22.028979137333263,2.734230897432335
2013-08-23,37.37,37.2682,-0.2724,16.8561,13.0818,1.7799,1.6671,29036490000.0,4.2884,15.4952,17.0,6.0,12.6348,9.8979,12.159981944444445,9.629654212081723,9.13515238095238,6.535531048179087,21.78963615652617,2.5996213327732933
2013-08-26,37.48,37.2682,-0.5651,16.9057,13.0811,1.7852,1.6665,29121960000.0,4.2884,15.4952,17.0,6.0,12.6348,9.8979,12.067799603174604,9.527914186799295,8.963931746031747,6.504500376614847,21.5957137899739,2.4594313694169
2013-08-27,36.57,37.2682,1.9092,16.4953,13.0814,1.7415,1.6668,28414890000.0,4.247,15.3885,18.0,6.0,12.6348,9.8979,11.986674007936507,9.439410734572403,8.83720238095238,6.484977541073897,21.426084742508912,2.352224839878484
2013-08-28,35.97,37.2682,3.6091,16.2246,13.0818,1.7129,1.6671,27948690000.0,4.247,15.3885,18.0,6.0,12.6348,9.8979,11.896842857142856,9.302006978717731,8.726692063492063,6.454168969707492,21.198849835860585,2.272523093784571
2013-08-29,36.07,37.2682,3.3219,16.2697,13.0818,1.7177,1.6671,28026390000.0,4.247,15.3885,18.0,6.0,12.6348,9.8947,11.81265376984127,9.18627134884094,8.62293492063492,6.434957595587508,20.99892511868221,2.187977325047412
2013-08-30,36.09,37.2514,3.2181,16.2788,13.0818,1.7186,1.6671,28041930000.0,4.247,15.3885,18.0,6.0,12.6348,9.8947,11.746163293650792,9.126649453104912,8.52414603174603,6.42150746160609,20.872812746755702,2.1026385701399395
2013-09-03,35.98,37.6323,4.5923,16.2291,13.0811,1.7131,1.6668,27956460000.0,4.2784,15.7331,19.0,6.0,12.6348,9.8947,11.680158134920632,9.057455139755245,8.43778492063492,6.400432325673741,20.73761327467588,2.03735259496118
2013-09-04,35.88,37.6323,4.8838,16.184,13.0814,1.7084,1.6671,27878760000.0,4.2784,15.7331,19.0,6.0,12.6348,9.8947,11.617847222222222,8.995638707388514,8.352525396825397,6.375408386152876,20.613485929610736,1.977117010672521
2013-09-05,35.94,37.6323,4.7087,16.2111,13.0814,1.7112,1.6671,27925380000.0,4.2784,15.7331,19.0,6.0,12.6348,9.8947,11.546135515873017,8.905743034675321,8.268408730158729,6.35279130256313,20.451878550548336,1.915617427595599
2013-09-06,35.86,37.6323,4.9423,16.175,13.0814,1.7074,1.6671,27863220000.0,4.2784,15.7331,19.0,6.0,12.6348,9.8947,11.465265873015872,8.77913817701922,8.17152222222222,6.309194713189696,20.244404050035094,1.862327509032525
2013-09-09,36.43,37.6323,3.3003,16.4321,13.0811,1.7345,1.6668,28306110000.0,4.2784,15.7331,19.0,6.0,12.6348,9.8947,11.377438095238094,8.637544085334559,8.060821428571428,6.270906548939773,20.01498218057265,1.789914879631655
2013-09-10,37.19,37.6323,1.1893,16.7749,13.0811,1.7707,1.6671,28896630000.0,4.2784,15.7331,19.0,6.0,12.6348,9.8947,11.298714087301589,8.548597244758863,7.928007142857143,6.237466480604698,19.84731133206045,1.6905406622524453
2013-09-11,37.41,37.6323,0.5942,16.8742,13.0814,1.7812,1.6672,29067570000.0,4.2784,15.7331,19.0,6.0,12.6348,9.8947,11.219638492063492,8.462316156137481,7.800167460317461,6.221248152965069,19.68195464820097,1.5789193073523915
2013-09-12,37.18,37.6323,1.2165,16.7704,13.0814,1.7703,1.6672,28888860000.0,4.2784,15.7331,19.0,6.0,12.6348,9.8947,11.13480238095238,8.346833485926329,7.67778492063492,6.197653929842274,19.48163586687871,1.480130990792646
2013-09-13,37.43,37.6323,0.5405,16.8832,13.0814,1.782,1.6672,29083110000.0,4.2811,15.7839,19.0,6.0,12.6348,9.8947,11.056750992063492,8.261000614487395,7.576529365079364,6.209295348324912,19.317751606550885,1.367234016754452
2013-09-16,37.34,37.6323,0.7828,16.8426,13.0786,1.7777,1.6668,29013180000.0,4.2811,15.7839,19.0,6.0,12.6348,9.8947,10.985720833333334,8.194731236451501,7.458472222222221,6.195809588935155,19.180452069784835,1.262662633287066
2013-09-17,37.62,37.7426,0.3259,16.975,13.0811,1.791,1.6671,29230740000.0,4.2811,15.7751,19.0,6.0,12.6348,9.8721,10.921751190476192,8.15165717427046,7.317164285714285,6.15335241247183,19.07340836474665,1.1638118732424552
2013-09-18,37.65,37.8455,0.5193,16.9885,13.0814,1.7925,1.6672,29254050000.0,4.2811,15.7751,19.0,6.0,12.6348,9.8721,10.861020436507935,8.114756174241599,7.189375396825396,6.125726628607291,18.97577661074953,1.0636487682181048
2013-09-19,37.7,37.9407,0.6385,16.9789,13.0814,1.7943,1.6672,29292900000.0,4.2908,15.8663,19.0,6.0,12.6348,9.8721,10.805639682539685,8.088995750144456,7.062257142857143,6.09382516806539,18.89463543268414,0.9684319747917528
2013-09-20,37.08,37.9407,2.3212,16.6997,13.0814,1.7648,1.6672,28811160000.0,4.2908,15.8663,19.0,5.0,14.4617,9.8721,10.742311111111112,8.029898540604275,6.959314285714285,6.0631687104972505,18.772209651715382,0.8961455752170346
2013-09-23,37.4,37.9407,1.4457,16.8438,13.0786,1.78,1.6668,29059800000.0,4.2908,15.8663,19.0,5.0,14.4617,9.8721,10.696732936507937,8.017308962666148,6.838542857142857,6.019737147277046,18.714041899174084,0.8188057098658108
2013-09-24,34.54,36.3465,5.2302,19.0829,13.0811,1.6674,1.6671,26837580000.0,3.979,9.8236,20.0,5.0,12.7817,7.6587,10.65138035714286,7.983313470407375,6.751371428571429,5.962139400877486,18.63469382755024,0.7892320276939424
2013-09-25,32.7,35.9426,9.9162,18.9642,13.0814,1.5823,1.6668,25407900000.0,3.9097,8.7953,20.0,5.0,12.6075,7.6776,10.603215674603174,7.913937556742391,6.700847619047618,5.907450273337297,18.517153231345567,0.7933973457103214
2013-09-26,32.93,35.874,8.9402,19.1598,13.0814,1.5945,1.6656,25586610000.0,3.8484,8.6988,20.0,5.0,12.6075,7.3729,10.553539484126985,7.845207619405402,6.660473015873015,5.874267291915192,18.398747103532383,0.7862057239578233
2013-09-27,32.88,35.9135,9.226,19.3344,13.0814,1.5931,1.6638,25547760000.0,3.8114,8.2524,20.0,5.0,12.6075,7.3729,10.5109623015873,7.793796300469093,6.613306349206349,5.8290881708032165,18.304758602056392,0.7842181784031323
2013-09-30,32.64,35.7122,9.4124,19.7161,13.0786,1.5815,1.6619,25361280000.0,3.8114,7.8841,20.0,5.0,12.6075,6.5789,10.47004126984127,7.745064806752484,6.574709523809523,5.793941725677537,18.215106076593752,0.7807677981319863
2013-10-01,32.58,35.5808,9.2106,19.832,13.0811,1.5786,1.6617,25314660000.0,3.8114,7.5515,20.0,5.0,12.6075,6.5789,10.420293055555556,7.671980600370034,6.518599999999999,5.733111474890282,18.092273655925588,0.7854885251097175
2013-10-02,32.33,35.0814,8.5104,19.7664,13.0814,1.5683,1.6616,25120410000.0,3.7814,7.2308,21.0,5.0,12.6075,6.5789,10.376134325396826,7.618503405498502,6.442156349206349,5.640348546598693,17.994637730895327,0.801807802607656
2013-10-03,32.36,35.0814,8.4098,19.7848,13.0814,1.5697,1.6612,25143720000.0,3.7814,7.2308,21.0,4.0,12.2594,6.5789,10.316761507936508,7.516104138968346,6.377490476190476,5.569712360981238,17.832865646904853,0.8077781152092385
2013-10-04,32.43,35.0382,8.0426,20.1842,13.0814,1.5747,1.6607,25198110000.0,3.7515,6.7164,20.0,4.0,12.2594,5.5912,10.251412103174603,7.391125079756276,6.315119841269841,5.5058452305020165,17.64253718293088,0.8092746107678241
2013-10-07,32.19,35.0382,8.8481,19.8398,13.0786,1.5631,1.6584,25011630000.0,3.7515,6.7543,21.0,4.0,12.2594,5.5912,10.197240277777777,7.300421881345518,6.264292857142856,5.451978544274289,17.497662159123294,0.8123143128685673
2013-10-08,31.72,35.0382,10.4609,19.5501,13.0811,1.5403,1.6569,24646440000.0,3.7515,6.7543,21.0,4.0,12.2594,5.5912,10.147059126984129,7.210787245117376,6.230292063492063,5.4118774642239575,17.357846372101502,0.8184145992681051
2013-10-09,31.6,35.0382,10.8804,19.4761,13.0814,1.5344,1.6569,24553200000.0,3.7515,6.7543,21.0,4.0,12.2594,5.5912,10.106849404761904,7.149702255522351,6.200020634920635,5.374693103548278,17.256551660284256,0.8253275313723565
2013-10-10,31.86,35.0382,9.9755,19.6364,13.0814,1.5471,1.6564,24755220000.0,3.7515,6.7543,21.0,4.0,12.2594,5.5912,10.062968650793652,7.082052782761502,6.167061904761905,5.338295986096666,17.145021433555154,0.8287659186652387
2013-10-11,32.25,34.8953,8.2025,20.0348,13.0814,1.5667,1.6555,25058250000.0,3.736,6.2998,21.0,4.0,12.2594,5.5912,10.026075793650792,7.043032527062705,6.093816666666666,5.245003128262045,17.069108320713497,0.8488135384046211
2013-10-14,32.1,34.8953,8.7081,19.9441,13.0786,1.5594,1.654,24941700000.0,3.736,6.3014,21.0,4.0,12.2594,5.5912,9.989956547619048,7.002826021601661,6.028500793650793,5.159426343592668,16.992782569220708,0.8690744500581253
2013-10-15,31.96,34.8953,9.1843,19.8571,13.0786,1.5526,1.6532,24832920000.0,3.736,6.3014,21.0,4.0,12.2594,5.5912,9.958641468253967,6.970934384933616,5.964730158730159,5.068862171750364,16.929575853187586,0.8958679869797956
2013-10-16,32.16,34.8953,8.5053,19.9814,13.0811,1.5623,1.6527,24988320000.0,3.736,6.3014,21.0,4.0,12.2594,5.5912,9.927565674603176,6.942318251901574,5.896157142857142,4.973950430656423,16.869883926504748,0.9222067122007188
2013-10-17,32.89,34.8953,6.097,20.4349,13.0811,1.5978,1.6518,25555530000.0,3.736,6.3014,21.0,4.0,12.2594,5.5912,9.894245436507935,6.920243922749716,5.816240476190476,4.887763116521423,16.814489359257653,0.9284773596690528
2013-10-18,32.74,34.8953,6.5831,20.3417,13.0811,1.5905,1.6512,25438980000.0,3.736,6.3014,21.0,4.0,12.2594,5.5912,9.856019642857143,6.885059390587496,5.733786507936507,4.784602231380907,16.741079033444638,0.9491842765556004
2013-10-21,33.48,34.8953,4.2273,20.8015,13.0786,1.6265,1.6502,26013960000.0,3.736,6.3014,21.0,4.0,12.2594,5.5912,9.82127003968254,6.869133468305903,5.642880158730159,4.70218974729028,16.690403507988442,0.9406904114398786
2013-10-22,34.18,34.8953,2.0927,21.2364,13.0811,1.6605,1.6505,26557860000.0,3.736,6.3014,21.0,4.0,12.2594,5.5912,9.778489682539682,6.849927262765577,5.529246031746031,4.6120334248163015,16.62841694530526,0.9172126069297296
2013-10-23,33.85,34.9785,3.3338,21.0314,13.0814,1.6444,1.6502,26301450000.0,3.736,6.3014,21.0,4.0,12.2594,5.5912,9.739402182539685,6.8303169282028575,5.458898412698413,4.576973699168056,16.56971911074254,0.8819247135303572
2013-10-24,34.69,34.9785,0.8317,21.5533,13.0814,1.6853,1.6502,26954130000.0,3.736,6.3014,21.0,4.0,12.2594,5.5912,9.703561507936508,6.829569932058877,5.364816666666667,4.5489785446096205,16.533131439995387,0.8158381220570465
2013-10-25,34.63,34.9785,1.0064,21.516,13.0814,1.6823,1.6502,26907510000.0,3.736,6.3014,21.0,4.0,12.2594,5.5912,9.6737123015873,6.834649037137159,5.28136746031746,4.531552045378201,16.50836133872446,0.7498154149392589
2013-10-28,34.89,34.9746,0.2425,21.6775,13.0786,1.695,1.6498,27109530000.0,3.736,6.3014,21.0,4.0,12.2594,5.5912,9.637105357142858,6.83565768715293,5.184057142857141,4.506800997060691,16.47276304429579,0.6772561457964503
2013-10-29,34.97,34.9746,0.0132,21.7272,13.0811,1.6989,1.6498,27171690000.0,3.736,6.3014,21.0,4.0,12.2594,5.5912,9.60438511904762,6.842187231249189,5.069663492063492,4.452924923806282,16.446572350296808,0.6167385682572109
2013-10-30,34.9,34.9746,0.2138,21.6838,13.0811,1.6955,1.6498,27117300000.0,3.736,6.3014,21.0,4.0,12.2594,5.5912,9.577655952380953,6.852518912975406,4.969269841269842,4.418266346978399,16.430174865356356,0.551003494291443
2013-10-31,34.65,34.9746,0.9368,21.5284,13.0811,1.6833,1.6498,26923050000.0,3.736,6.3014,21.0,4.0,12.2594,5.5912,9.547688492063491,6.857223772567263,4.898440476190476,4.410742727825695,16.404912264630752,0.4876977483647815
2013-11-01,34.84,34.9746,0.3863,21.6465,13.0811,1.6925,1.6498,27070680000.0,3.736,6.3014,21.0,4.0,12.2594,5.5912,9.510734523809525,6.856308512507582,4.816027777777777,4.397141189757375,16.367043036317106,0.4188865880204027
2013-11-04,35.2,34.9746,-0.6403,21.8701,13.0762,1.7104,1.6498,27350400000.0,3.7487,6.3014,21.0,4.0,12.2594,5.5912,9.457899404761903,6.831634202897861,4.7379365079365074,4.406038824497032,16.289533607659767,0.3318976834394753
2013-11-05,35.39,34.9746,-1.1738,21.9882,13.0762,1.7196,1.6498,27498030000.0,3.7487,6.3014,21.0,4.0,12.2594,5.5912,9.40886984126984,6.819050643878367,4.6573142857142855,4.4206268789067655,16.227920485148207,0.2366874068075199
2013-11-06,36.32,34.9746,-3.7043,22.566,13.0786,1.7644,1.6498,28220640000.0,3.7386,6.2973,22.0,4.0,12.2594,6.2358,9.35809900793651,6.821240130275957,4.547030952380952,4.454661176762266,16.179339138212466,0.0923697756186863
2013-11-07,35.66,34.9746,-1.922,22.1559,13.0786,1.7324,1.6498,27707820000.0,3.7386,6.2973,22.0,4.0,12.2594,6.2358,9.308836904761906,6.812851209545397,4.448403174603175,4.4592599317811175,16.121688114307304,-0.0108567571779429
2013-11-08,36.27,34.9746,-3.5715,22.5349,13.0786,1.762,1.6498,28181790000.0,3.7386,6.2973,22.0,4.0,12.2594,6.2358,9.255368253968255,6.807969988657618,4.32836507936508,4.470032329409877,16.063338242625875,-0.1416672500447973
2013-11-11,36.1,34.9746,-3.1175,22.6403,13.0762,1.7552,1.6498,28049700000.0,3.7386,6.2973,22.0,4.0,12.2594,6.2358,9.206002579365078,6.807301780280049,4.222242063492063,4.4869208701798176,16.013304359645126,-0.2646788066877548
2013-11-12,35.67,34.9746,-1.9495,22.3706,13.0786,1.7343,1.6498,27715590000.0,3.7386,6.2973,22.0,4.0,12.2594,6.2358,9.145066269841273,6.769246608805568,4.121644444444444,4.482032031274162,15.91431287864684,-0.3603875868297184
2013-11-13,35.83,34.9746,-2.3874,22.471,13.0786,1.7421,1.6498,27839910000.0,3.7386,6.2973,22.0,4.0,12.2594,6.2358,9.086441071428572,6.740807225170855,4.01530873015873,4.476210442631343,15.827248296599429,-0.4609017124726131
2013-11-14,36.11,34.9746,-3.1443,22.6466,13.0786,1.7557,1.6498,28057470000.0,3.7386,6.2973,22.0,4.0,12.2594,6.2358,9.030263095238096,6.724468734880569,3.903973015873016,4.478461090551614,15.754731830118663,-0.5744880746785981
2013-11-15,36.0,34.9746,-2.8483,22.5776,13.0814,1.7503,1.6498,27972000000.0,3.7386,6.2973,22.0,4.0,12.2594,6.2358,8.972501785714284,6.701136820294627,3.8372626984126974,4.51608327230092,15.673638606008913,-0.6788205738882214
2013-11-18,35.67,34.9746,-1.9495,22.3706,13.0818,1.7343,1.6498,27715590000.0,3.7556,6.2973,22.0,4.0,12.2594,6.2358,8.91795734126984,6.67784859303311,3.746192857142857,4.516161078848638,15.59580593430295,-0.7699682217057813
2013-11-19,35.61,34.9844,-1.7568,22.3302,13.0819,1.7439,1.6498,27668970000.0,3.4314,6.2237,21.0,4.0,12.2594,5.452,8.854786904761905,6.627653454032138,3.654448412698412,4.509546612647017,15.482440358794044,-0.8550981999486047
2013-11-20,35.75,34.9844,-2.1415,22.4208,13.082,1.7507,1.6498,27777750000.0,3.4315,6.2254,21.0,4.0,12.2594,5.452,8.784369642857142,6.555033129547987,3.5583301587301586,4.502933850142805,15.33940277240513,-0.944603691412646
2013-11-21,35.88,34.9999,-2.4529,22.4911,13.0842,1.7571,1.6498,27878760000.0,3.4315,6.2356,21.0,4.0,12.2594,5.4535,8.723021626984128,6.515027463329555,3.4565912698412697,4.492692068326285,15.238049090313684,-1.0361007984850152
2013-11-22,36.12,34.9999,-3.1011,22.6415,13.1001,1.7689,1.6498,28065240000.0,3.4315,6.2356,21.0,4.0,12.2594,5.4535,8.659655753968256,6.474204911467512,3.353148412698412,4.492438384302694,15.133860665435767,-1.1392899716042817
2013-11-25,36.3,34.9999,-3.5815,22.7543,13.1126,1.7777,1.6498,28205100000.0,3.4315,6.2356,21.0,4.0,12.2594,5.4535,8.590698214285714,6.418785293538563,3.250844444444444,4.502489234662047,15.009483507824278,-1.2516447902176029
2013-11-26,35.96,34.9999,-2.6699,22.7941,13.1136,1.7626,1.6498,27940920000.0,3.4482,6.18,20.0,4.0,12.2594,5.4535,8.514409722222222,6.32276986183805,3.1663896825396822,4.513024728579651,14.837179584060271,-1.3466350460399692
2013-11-27,36.19,34.9999,-3.2885,22.9399,13.1147,1.7739,1.6498,28119630000.0,3.4482,6.18,20.0,4.0,12.2594,5.4535,8.43619126984127,6.223480051844495,3.066128571428571,4.515001861206248,14.659671321685764,-1.4488732897776773
2013-11-29,36.11,34.9999,-3.0742,22.8892,13.1136,1.77,1.6498,28057470000.0,3.4482,6.18,20.0,4.0,12.2594,5.4535,8.369287301587303,6.165225261394144,2.9562682539682537,4.494455451823154,14.534512562981448,-1.5381871978549009
2013-12-02,36.08,34.9999,-2.9936,22.8702,13.1066,1.7685,1.6497,28034160000.0,3.4482,6.18,20.0,4.0,12.2594,5.4535,8.304969642857142,6.114029719660443,2.838676984126984,4.454263313925747,14.418999362517583,-1.615586329798763
2013-12-03,35.85,35.0234,-2.3057,22.7244,13.1126,1.7572,1.6498,27855450000.0,3.4482,6.18,20.0,4.0,12.2594,5.4535,8.250911706349207,6.087047434683483,2.7221349206349204,4.39436079857464,14.337959141032693,-1.6722258779397197
2013-12-04,35.55,34.9363,-1.7263,22.5342,13.1136,1.7425,1.6498,27622350000.0,3.4482,6.18,20.0,4.0,12.2594,5.4535,8.196802976190478,6.05413462130232,2.6108023809523804,4.326903293404308,14.250937597492795,-1.7161009124519273
2013-12-05,34.99,34.8887,-0.2895,22.2356,13.1152,1.7155,1.6498,27187230000.0,3.441,6.1336,20.0,4.0,12.2594,5.4535,8.148450992063491,6.0242711384052345,2.5239523809523807,4.273674078292944,14.172722130468726,-1.7497216973405636
2013-12-06,35.34,34.8887,-1.277,22.4352,13.1163,1.7318,1.6498,27459180000.0,3.4621,6.0273,20.0,4.0,12.2594,5.4535,8.104090277777777,6.011155727607864,2.422030952380952,4.208973527585206,14.11524600538564,-1.7869425752042538
2013-12-09,35.6,34.8887,-1.998,22.6003,13.117,1.7446,1.6497,27661200000.0,3.4621,6.0273,20.0,4.0,12.2594,5.4535,8.05802996031746,5.999411646006895,2.310827777777777,4.138031040881761,14.057441606324357,-1.827203263103984
2013-12-10,35.69,34.8887,-2.2452,22.6574,13.1206,1.749,1.6498,27731130000.0,3.4621,6.0273,20.0,4.0,12.2594,5.4535,8.012950793650793,5.991280531037356,2.2047007936507934,4.081205218824231,14.00423132468815,-1.876504425173437
2013-12-11,35.38,34.914,-1.3171,22.5293,13.1241,1.7341,1.6498,27490260000.0,3.4627,6.0621,20.0,4.0,12.2594,5.4535,7.963349404761905,5.964723714594698,2.1353412698412693,4.066058665533732,13.928073119356604,-1.9307173956924628
2013-12-12,35.34,34.914,-1.2054,22.5038,13.1276,1.7321,1.6498,27459180000.0,3.4627,6.0621,20.0,4.0,12.2594,5.4535,7.91817996031746,5.947729078713152,2.064853174603174,4.046172155362228,13.865909039030612,-1.9813189807590543
2013-12-13,35.99,34.8873,-3.0639,22.9997,13.1336,1.7639,1.6498,27964230000.0,3.4627,5.9953,20.0,4.0,12.2594,5.4535,7.868825396825397,5.935411229192926,1.9760650793650791,4.034891284073162,13.804236626018325,-2.058826204708083
2013-12-16,36.47,34.9547,-4.1549,23.2116,13.1422,1.7874,1.6498,28337190000.0,3.4537,5.7367,20.0,4.0,12.2594,5.4535,7.815722817460317,5.922985258413557,1.892430952380952,4.051991893998935,13.738708075873872,-2.1595609416179826
2013-12-17,36.55,34.9412,-4.4016,23.2625,13.1482,1.7914,1.6498,28399350000.0,3.4537,5.7367,20.0,4.0,12.2594,5.4535,7.756505753968254,5.895523281144174,1.7947261904761898,4.054173435563328,13.652029035112427,-2.2594472450871383
2013-12-18,37.11,34.953,-5.8124,23.6189,13.1482,1.8188,1.6498,28834470000.0,3.4537,5.7367,20.0,4.0,12.2594,5.4535,7.694475396825397,5.873408300180017,1.6758523809523804,4.055906202933332,13.567883697005414,-2.380053821980951
2013-12-19,38.05,37.0767,-2.558,17.487,13.1558,1.7402,1.6498,29564850000.0,3.7105,16.5197,5.0,5.0,14.6475,6.2024,7.645729365079365,5.856286612083717,1.5838301587301582,4.018927088410782,13.502015977163085,-2.435096929680624
2013-12-20,38.85,37.41,-3.7066,17.7365,13.1676,1.7765,1.6498,30186450000.0,4.0511,16.6513,6.0,5.0,15.8725,6.2589,7.586761706349207,5.820491889765531,1.487903174603174,3.9996104067457168,13.40725359611474,-2.511707232142543
2013-12-23,39.15,37.7433,-3.5931,17.8734,13.1961,1.7905,1.6498,30419550000.0,4.0519,16.769,7.0,5.0,15.8725,6.2589,7.534452579365079,5.802199410780017,1.4202746031746027,4.012994680483471,13.336651990145096,-2.592720077308869
2013-12-24,39.44,37.7433,-4.302,18.0058,13.1961,1.8038,1.6498,30644880000.0,4.0519,16.769,7.0,5.0,15.8725,6.2589,7.4809077380952385,5.786610514125169,1.344903968253968,4.03068049385993,13.267518252220407,-2.685776525605962
2013-12-26,39.54,37.7433,-4.544,18.0515,13.2059,1.8083,1.6498,30722580000.0,4.0519,16.769,7.0,5.0,15.8725,6.2589,7.426446626984126,5.770305942496109,1.2562865079365075,4.036475917259424,13.196752569480235,-2.780189409322917
2013-12-27,39.89,37.7433,-5.3815,18.2429,13.2093,1.8243,1.6498,30994530000.0,4.0519,16.7586,7.0,5.0,15.8725,6.2589,7.3743702380952385,5.767218421242139,1.1610222222222215,4.050452041654244,13.141588659337376,-2.8894298194320216
2013-12-30,40.14,37.7433,-5.9709,18.3573,13.2345,1.8358,1.6497,31188780000.0,4.0519,16.7586,7.0,5.0,15.8725,6.2589,7.32205992063492,5.768462614793355,1.069212698412698,4.080091855514563,13.090522535428274,-3.010879157101865
2013-12-31,40.17,37.7433,-6.0411,18.371,13.2362,1.8371,1.6498,31212090000.0,4.0519,16.7586,7.0,5.0,15.8725,6.2589,7.263865277777778,5.754992640126887,0.982372222222222,4.11418908587598,13.018857917904665,-3.131816863653758
2014-01-02,39.81,37.7433,-5.1914,18.2063,13.2456,1.8207,1.6498,30932370000.0,4.0519,16.7586,7.0,5.0,15.8725,6.2589,7.210184523809524,5.744710781231375,0.9015587301587298,4.134771249745503,12.9548953050409,-3.2332125195867736
2014-01-03,39.85,37.7433,-5.2866,18.2105,13.2626,1.8223,1.6498,30963450000.0,3.67,16.2741,6.0,5.0,15.8725,6.2589,7.154611111111112,5.729807716704854,0.8288476190476186,4.162525643245108,12.884418827815963,-3.3336780241974897
2014-01-06,39.23,38.329,-2.2967,17.8043,13.284,1.7979,1.6497,30481710000.0,3.8852,17.2068,7.0,5.0,15.8725,6.2589,7.107334126984127,5.709216751761303,0.7777095238095234,4.161018016426676,12.81655087874543,-3.383308492617152
2014-01-07,39.49,38.3315,-2.9337,17.8623,13.2891,1.8103,1.6498,30683730000.0,3.8848,17.2166,7.0,5.0,15.8725,6.2562,7.061481944444444,5.696837630674336,0.7226912698412695,4.163919200734086,12.75831957511878,-3.4412279308928166
2014-01-08,39.4,38.6085,-2.0089,17.7718,13.2942,1.8061,1.6498,30613800000.0,3.8848,17.2063,7.0,5.0,15.8725,6.2605,7.018628174603175,5.683630518205103,0.6799134920634917,4.164076627966317,12.70225869280828,-3.484163135902825
2014-01-09,39.96,39.4135,-1.3676,17.9177,13.2942,1.8306,1.6498,31048920000.0,3.8851,17.2058,7.0,5.0,15.8612,6.259,6.974512698412698,5.662179737556245,0.6572547619047614,4.167413928864754,12.636692435968945,-3.5101591669599923
2014-01-10,41.25,39.4135,-4.4521,18.4961,13.2973,1.8897,1.6498,32051250000.0,3.8851,17.2058,7.0,5.0,15.8612,6.259,6.925477182539683,5.653888006435633,0.6107865079365076,4.191605710891153,12.579365188975316,-3.580819202954645
2014-01-13,41.42,39.4135,-4.8443,18.5723,13.3195,1.8975,1.6497,32183340000.0,3.8851,17.2058,7.0,5.0,15.8612,6.259,6.87847996031746,5.653079867105132,0.5607587301587298,4.218926515316663,12.53155982742259,-3.658167785157933
2014-01-14,41.52,39.4135,-5.0735,18.6172,13.32,1.9021,1.6498,32261040000.0,3.8851,17.2058,7.0,5.0,15.8612,6.259,6.837067063492063,5.664044603180924,0.5132023809523805,4.248528664249909,12.501111666672989,-3.735326283297528
2014-01-15,41.58,39.4135,-5.2104,18.6441,13.3204,1.9048,1.6498,32307660000.0,3.8851,17.2058,7.0,5.0,15.8612,6.259,6.80048253968254,5.682200794522703,0.465662698412698,4.278928249171314,12.482683334205245,-3.813265550758616
2014-01-16,41.53,39.4072,-5.1115,18.6216,13.3398,1.9025,1.6498,32268810000.0,3.8851,17.2058,7.0,5.0,15.8612,6.259,6.780014880952381,5.706489142911355,0.4267619047619044,4.3073062780693885,12.486504023863736,-3.880544373307484
2014-01-17,41.36,39.4072,-4.7215,18.5454,13.3722,1.8947,1.6498,32136720000.0,3.8851,17.2058,7.0,5.0,15.8612,6.259,6.737056746031746,5.711424491126924,0.3903079365079361,4.331410844694294,12.44848123715867,-3.941102908186358
2014-01-21,40.83,39.4072,-3.4847,18.3078,13.4033,1.8705,1.6497,31724910000.0,3.8851,17.2058,7.0,5.0,15.8612,6.259,6.70545119047619,5.723838734583534,0.361065079365079,4.34512294075664,12.429289925059724,-3.9840578613915607
2014-01-22,41.08,39.4072,-4.0721,18.4199,13.4172,1.8819,1.6498,31919160000.0,3.8851,17.2058,7.0,5.0,15.8612,6.259,6.68218888888889,5.74377329949719,0.3317079365079361,4.362583668856717,12.42596218838608,-4.030875732348782
2014-01-23,40.65,39.4072,-3.0573,18.2271,13.4378,1.8622,1.6498,31585050000.0,3.8851,17.2058,7.0,5.0,15.8612,6.259,6.659563888888889,5.759644178539387,0.3146880952380948,4.371651504145313,12.419208067428276,-4.056963408907218
2014-01-24,39.15,39.4072,0.657,17.5545,13.4462,1.7935,1.6498,30419550000.0,3.8851,17.2058,7.0,5.0,15.8612,6.259,6.643782341269842,5.765181112656623,0.3269333333333329,4.370422388465311,12.408963453926464,-4.043489055131978
2014-01-27,39.37,40.0522,1.7328,17.561,13.4586,1.8022,1.6496,30590490000.0,3.8849,17.1953,7.0,5.0,15.8612,6.259,6.632623611111112,5.76923960164322,0.3571920634920631,4.366822838643141,12.401863212754332,-4.009630775151077
2014-01-28,40.59,40.0522,-1.325,18.1052,13.4591,1.858,1.6497,31538430000.0,3.8849,17.1953,7.0,5.0,15.8612,6.259,6.611089682539682,5.77865776642305,0.3562746031746028,4.3671667395679625,12.389747448962734,-4.01089213639336
2014-01-29,39.54,40.0522,1.2954,17.6368,13.4596,1.81,1.6497,30722580000.0,3.8849,17.1953,7.0,5.0,15.8612,6.259,6.589977976190477,5.77860279712723,0.3748825396825392,4.366125179956654,12.368580773317706,-3.9912426402741152
2014-01-30,40.04,40.0522,0.0305,17.8599,13.4606,1.8329,1.6497,31111080000.0,3.8849,17.1953,7.0,5.0,15.8612,6.259,6.5664099206349205,5.781089145547366,0.3839396825396821,4.364202051895802,12.347499066182287,-3.98026236935612
2014-01-31,39.19,40.0522,2.2001,17.2067,13.4681,1.795,1.6497,30450630000.0,4.5057,19.9749,8.0,5.0,15.8612,6.259,6.5461833333333335,5.778491172354898,0.4243682539682535,4.357183223958221,12.324674505688233,-3.932814969989968
2014-02-03,38.75,40.0522,3.3605,17.0135,13.5132,1.7748,1.6496,30108750000.0,4.5057,19.9749,8.0,5.0,15.8612,6.259,6.529597222222222,5.775607785079178,0.4738023809523806,4.3548617975491615,12.3052050073014,-3.8810594165967807
2014-02-04,39.05,40.0402,2.5357,17.134,13.5292,1.7886,1.6497,30341850000.0,4.9043,20.7136,10.0,5.0,15.8612,11.2332,6.51646626984127,5.777152844338589,0.5162809523809521,4.348608950341834,12.293619114179858,-3.832327997960882
2014-02-05,38.62,40.205,4.1041,16.8868,13.5451,1.7689,1.6498,30007740000.0,4.9043,21.4014,11.0,5.0,15.8612,13.4658,6.50809007936508,5.7775848486610135,0.5643928571428568,4.354545850472515,12.285674928026094,-3.7901529933296585
2014-02-06,40.13,40.205,0.1869,17.547,13.5485,1.8381,1.6498,31181010000.0,4.9043,21.4014,11.0,5.0,15.8612,13.4658,6.497583531746032,5.784265034395917,0.5740547619047616,4.352328802571788,12.28184856614195,-3.778274040667026
2014-02-07,39.91,40.4624,1.3841,17.362,13.5525,1.8271,1.6498,31010070000.0,5.0104,22.0415,12.0,5.0,15.8612,13.4658,6.48956626984127,5.788553628442465,0.5917293650793648,4.351050265727761,12.278119898283734,-3.759320900648397
2014-02-10,40.31,40.4644,0.383,17.536,13.5548,1.8454,1.6496,31320870000.0,5.0103,22.0415,12.0,5.0,15.8612,14.0229,6.477852777777778,5.794934790119658,0.5924063492063488,4.351010787203152,12.272787567897437,-3.7586044379968033
2014-02-11,40.28,40.4644,0.4578,17.5229,13.5548,1.844,1.6497,31297560000.0,5.0103,22.0415,12.0,5.0,15.8612,14.0229,6.467671626984127,5.801003774446201,0.5888507936507933,4.35093568713193,12.268675401430327,-3.762084893481136
2014-02-12,40.4,40.4644,0.1594,17.5752,13.5548,1.8495,1.6498,31390800000.0,5.0103,22.0415,12.0,5.0,15.8612,14.0229,6.454982738095239,5.807803572663692,0.5894936507936503,4.350865647288847,12.26278631075893,-3.761371996495197
2014-02-13,40.24,40.4644,0.5577,17.5055,13.5548,1.8422,1.6498,31266480000.0,5.0103,22.0415,12.0,5.0,15.8612,14.0229,6.4375101190476185,5.812279657512306,0.5889206349206345,4.350865037563177,12.249789776559926,-3.761944402642543
2014-02-14,40.76,40.4644,-0.7252,17.7318,13.5598,1.866,1.6498,31670520000.0,5.0103,22.0415,12.0,5.0,15.8612,14.0229,6.413861111111111,5.817134573949985,0.5733769841269837,4.3520428011894445,12.230995685061096,-3.778665817062461
2014-02-18,39.76,40.4644,1.7716,17.2967,13.5638,1.8202,1.6487,30893520000.0,5.0103,22.0415,12.0,5.0,15.8612,14.0229,6.398032936507937,5.8188945782636585,0.5711777777777773,4.351361275663176,12.216927514771594,-3.7801834978853983
2014-02-19,39.18,40.4644,3.2782,17.0444,13.5658,1.7937,1.6487,30442860000.0,5.0103,22.0415,12.0,5.0,15.8612,14.0229,6.3838875,5.81779376914463,0.5667182539682536,4.348271132234392,12.201681269144627,-3.7815528782661385
2014-02-20,39.11,40.502,3.5592,16.9962,13.5688,1.7905,1.6487,30388470000.0,5.0103,22.0569,12.0,5.0,15.9212,14.0229,6.372662896825396,5.817775355835246,0.5706428571428568,4.350766206918893,12.19043825266064,-3.780123349776036
2014-02-21,39.42,40.502,2.7448,17.1309,13.5703,1.8046,1.6487,30629340000.0,5.0103,22.0569,12.0,5.0,15.9212,14.0229,6.362481349206349,5.819628607124134,0.5741658730158726,4.352357916387951,12.182109956330482,-3.778192043372078
2014-02-24,39.69,40.502,2.0459,17.2483,13.5732,1.817,1.6476,30839130000.0,5.0103,22.0569,12.0,5.0,15.9212,14.0229,6.349252777777778,5.821851970238455,0.5934111111111107,4.353470558002476,12.171104748016234,-3.760059446891365
2014-02-25,40.08,40.502,1.0529,17.4178,13.5756,1.8349,1.6478,31142160000.0,5.0103,22.0569,12.0,5.0,15.9212,14.0229,6.329467658730159,5.822875512135228,0.6039293650793647,4.352962943780894,12.152343170865386,-3.749033578701529
2014-02-26,40.22,40.7401,1.2931,17.4362,13.5772,1.8407,1.6487,31250940000.0,4.9968,22.2391,13.0,5.0,15.9212,14.0229,6.31059742063492,5.8237574770948815,0.6186769841269838,4.352118308339613,12.134354897729802,-3.7334413242126296
2014-02-27,40.45,40.7401,0.7172,17.5359,13.5794,1.8512,1.6487,31429650000.0,4.9968,22.2391,13.0,5.0,15.9212,14.0229,6.289196031746032,5.824455374358544,0.6092166666666663,4.350585893099782,12.113651406104577,-3.741369226433116
2014-02-28,39.66,40.7401,2.7234,17.1934,13.583,1.801,1.6487,30815820000.0,5.6042,22.2391,13.0,5.0,15.9212,14.0229,6.271701388888889,5.8218918101115165,0.6021873015873012,4.346413645201787,12.093593199000406,-3.744226343614486
2014-03-03,38.52,40.7401,5.7635,16.7166,13.6026,1.7495,1.6478,29930040000.0,5.5931,22.1789,13.0,5.0,15.9212,14.0229,6.260631746031746,5.817533294012149,0.621565079365079,4.364043029784378,12.078165040043896,-3.7424779504192993
2014-03-04,39.62,40.7401,2.8271,17.1939,13.6065,1.7995,1.6487,30784740000.0,5.5931,22.1789,13.0,5.0,15.9212,14.0229,6.245651785714286,5.816633010780509,0.6184619047619043,4.36232059626708,12.062284796494795,-3.7438586915051753
2014-03-05,39.28,40.7401,3.7172,17.0464,13.6104,1.784,1.6496,30520560000.0,5.5931,22.1789,13.0,5.0,15.9212,14.0229,6.233565079365079,5.815543057811932,0.6115166666666663,4.356636164634227,12.049108137177011,-3.745119497967561
2014-03-06,39.19,40.7401,3.9553,17.0073,13.618,1.78,1.6496,30450630000.0,5.5931,22.1789,13.0,5.0,15.9212,14.0229,6.226275992063492,5.81609281564823,0.6041476190476186,4.3501323876996105,12.04236880771172,-3.745984768651992
2014-03-07,39.5,40.78,3.2405,17.1419,13.6262,1.794,1.6496,30691500000.0,5.593,22.177,13.0,5.0,15.9212,14.0229,6.215775,5.816697520591134,0.5924952380952377,4.341006675338795,12.032472520591137,-3.748511437243557
2014-03-10,39.01,40.78,4.5373,16.9292,13.6502,1.7718,1.6478,30310770000.0,5.593,22.177,13.0,5.0,15.9212,14.0229,6.201986309523809,5.812412966908076,0.589280952380952,4.3379089439720975,12.014399276431885,-3.7486279915911456
2014-03-11,38.75,40.78,5.2387,16.8164,13.6585,1.76,1.6487,30108750000.0,5.593,22.177,13.0,5.0,15.9212,14.0229,6.196264285714286,5.811937968595914,0.604665079365079,4.351017723141291,12.0082022543102,-3.7463526437762127
2014-03-12,39.3,40.78,3.7659,17.0551,13.6592,1.785,1.6496,30536100000.0,5.593,22.177,13.0,5.0,15.9212,14.0229,6.191422619047619,5.812946082147837,0.6251142857142853,4.359833319927852,12.004368701195457,-3.734719034213567
2014-03-13,38.51,40.78,5.8946,16.7122,13.6602,1.7491,1.6496,29922270000.0,5.593,22.177,13.0,5.0,15.9212,14.0229,6.180875595238096,5.808642531256462,0.667180952380952,4.385030787608351,11.989518126494556,-3.717849835227399
2014-03-14,38.42,40.78,6.1426,16.6732,13.6672,1.7454,1.6496,29852340000.0,5.5929,22.177,13.0,5.0,15.9212,14.0229,6.173110912698412,5.806067214935701,0.7062769841269838,4.411845643177565,11.979178127634114,-3.705568659050581
2014-03-17,38.82,40.8752,5.2942,16.8336,13.6744,1.7635,1.6487,30163140000.0,5.5963,22.0734,13.0,5.0,15.9212,13.8571,6.1714769841269845,5.806198711675874,0.7440047619047615,4.430701936675042,11.97767569580286,-3.686697174770281
2014-03-18,39.61,40.8814,3.2098,17.1762,13.6801,1.7994,1.6487,30776970000.0,5.5963,22.0734,13.0,5.0,15.9212,13.8571,6.164982142857143,5.807679955007605,0.7632666666666663,4.436144135530182,11.972662097864749,-3.672877468863516
2014-03-19,39.37,40.987,4.1072,17.0308,13.6858,1.7878,1.6496,30590490000.0,5.606,22.1286,13.0,5.0,15.9212,13.8571,6.163268253968254,5.8081604453619455,0.7932769841269837,4.445941044524192,11.9714286993302,-3.652664060397208
2014-03-20,39.99,40.9882,2.4961,17.299,13.7257,1.8159,1.6496,31072230000.0,5.606,22.1286,13.0,5.0,15.9212,13.8571,6.157906746031746,5.810299782888083,0.8089658730158725,4.4484536643315575,11.96820652891983,-3.639487791315685
2014-03-21,39.98,40.9882,2.5218,17.2946,13.7303,1.8155,1.6496,31064460000.0,5.606,22.1286,13.0,5.0,15.9212,13.8571,6.155850198412698,5.811405068146672,0.823912698412698,4.451039512958325,11.96725526655937,-3.627126814545628
2014-03-24,40.0,41.0214,2.5535,17.3033,13.7449,1.8164,1.6487,31080000000.0,5.606,22.1286,13.0,5.0,15.9212,13.8571,6.151377182539683,5.813311931429445,0.8257563492063488,4.451712720227822,11.96468911396913,-3.625956371021473
2014-03-25,38.02,40.7142,7.0863,16.5103,13.755,1.7245,1.6496,29503520000.0,5.0949,22.6626,15.0,5.0,17.0212,14.3142,6.153239285714285,5.81346109020074,0.8705230158730155,4.486224099389693,11.966700375915025,-3.6157010835166776
2014-03-26,37.64,40.6809,8.0789,16.3474,13.765,1.7069,1.6497,29208640000.0,5.095,22.6853,15.0,5.0,16.9632,14.3251,6.155607341269841,5.814002976427136,0.8931317460317457,4.515453769970739,11.969610317696976,-3.622322023938993
2014-03-27,37.32,40.5794,8.7337,16.2508,13.791,1.6925,1.6497,28960320000.0,5.0907,22.5487,15.0,5.0,16.9632,14.1099,6.159521626984128,5.815075297036544,0.883746825396825,4.497744319770597,11.974596924020672,-3.613997494373772
2014-03-28,37.24,40.5794,8.9672,16.216,13.8242,1.6889,1.6497,28898240000.0,5.0907,22.5487,15.0,5.0,16.9632,14.1099,6.168382738095239,5.815945912774216,0.8839611111111106,4.498131849947752,11.984328650869454,-3.614170738836641
2014-03-31,37.86,40.5794,8.2195,16.3112,13.844,1.7178,1.6496,29379360000.0,5.0907,22.5487,15.0,5.0,16.9632,14.1099,6.174866071428571,5.816408403374707,0.8759730158730155,4.484070691135997,11.991274474803278,-3.608097675262982
2014-04-01,38.4,40.5794,6.6977,16.5439,13.8504,1.7423,1.6497,29798400000.0,5.0907,22.5487,15.0,5.0,16.9632,14.1099,6.178073015873015,5.816249890280357,0.8544277777777775,4.449111979667522,11.994322906153371,-3.594684201889744
2014-04-02,38.04,40.5794,7.7074,16.3888,13.8504,1.726,1.6497,29519040000.0,5.0907,22.5487,15.0,5.0,16.9632,14.1099,6.180810515873016,5.816645128535691,0.8424976190476187,4.428493519569959,11.997455644408706,-3.5859959005223403
2014-04-03,38.46,40.5794,6.5312,16.5697,13.8504,1.745,1.6497,29844960000.0,5.0907,22.5487,15.0,5.0,16.9632,14.1099,6.180606547619048,5.816631007652029,0.8267896825396821,4.404523016460639,11.997237555271075,-3.577733333920957
2014-04-04,37.9,40.5794,8.1053,16.3285,13.8584,1.7196,1.6497,29410400000.0,5.0907,22.5487,15.0,5.0,16.9632,14.1099,6.182000595238095,5.817008666312376,0.8243730158730155,4.400410713929424,11.99900926155047,-3.5760376980564086
2014-04-07,37.68,40.5794,8.7365,16.2337,13.9066,1.7097,1.6487,29239680000.0,5.0907,22.5487,15.0,5.0,16.9632,14.1099,6.184512499999999,5.817839456370317,0.8298801587301583,4.40994053258794,12.002351956370315,-3.5800603738577816
2014-04-08,38.0,40.9935,7.8776,16.3864,13.9188,1.7242,1.6496,29488000000.0,5.1109,23.4079,15.0,5.0,16.9632,14.1099,6.178732738095238,5.814700538735078,0.8221777777777773,4.39665142397951,11.993433276830316,-3.5744736462017324
2014-04-09,38.08,40.9935,7.651,16.4209,13.9206,1.7278,1.6496,29550080000.0,5.1109,23.4079,15.0,5.0,16.9632,14.1099,6.1722882936507935,5.811257519519351,0.7998769841269836,4.354292734176799,11.983545813170144,-3.554415750049816
2014-04-10,37.42,40.9935,9.5497,16.1516,13.9282,1.6986,1.6496,29037920000.0,5.1106,23.4332,14.0,5.0,16.9632,16.0742,6.172023015873016,5.811099971823598,0.7893158730158726,4.331199886154513,11.983122987696614,-3.5418840131386404
2014-04-11,37.03,40.9935,10.7035,15.9833,13.9505,1.6809,1.6496,28735280000.0,5.1106,23.4332,14.0,5.0,16.9632,16.0742,6.170264087301587,5.809590743906767,0.7950936507936505,4.344018801611958,11.979854831208351,-3.548925150818308
2014-04-14,36.48,40.9935,12.3725,15.7459,13.9758,1.6559,1.6478,28308480000.0,5.1106,23.4332,14.0,5.0,16.9632,16.0742,6.178186706349206,5.815329319373292,0.8281888888888884,4.416189380363391,11.993516025722498,-3.588000491474502
2014-04-15,36.22,40.9435,13.0411,15.6262,13.9774,1.6441,1.6476,28106720000.0,5.1104,23.4582,14.0,5.0,16.9632,16.0941,6.188701388888888,5.822947849710891,0.8625777777777773,4.4942223105116925,12.01164923859978,-3.6316445327339153
2014-04-16,36.54,40.9435,12.0512,15.7643,13.9774,1.6586,1.6478,28355040000.0,5.1104,23.4582,14.0,5.0,16.9632,16.0941,6.195580952380953,5.827829487155871,0.8853309523809519,4.543675382286142,12.023410439536825,-3.6583444299051897
2014-04-17,37.32,40.9435,9.7093,16.1008,13.9838,1.694,1.6478,28960320000.0,5.1104,23.4582,14.0,5.0,16.9632,16.0864,6.199321428571428,5.829481552500943,0.8948865079365075,4.561061494018179,12.02880298107237,-3.6661749860816712
2014-04-21,37.23,40.9435,9.9745,16.062,14.0072,1.6899,1.6472,28890480000.0,5.1104,23.4582,14.0,5.0,16.9632,16.0864,6.206871230158731,5.83190622533119,0.9256603174603172,4.609267460203577,12.03877745548992,-3.6836071427432593
2014-04-22,37.37,40.9435,9.5625,16.1224,14.0112,1.6963,1.6475,28999120000.0,5.1104,23.4582,14.0,5.0,16.9632,16.0864,6.212106150793651,5.8337351873395145,0.9493063492063488,4.646018717064988,12.045841338133163,-3.696712367858639
2014-04-23,37.42,40.9435,9.4161,16.1439,14.0152,1.6985,1.6476,29037920000.0,5.1104,23.4582,14.0,5.0,16.9632,16.0864,6.22075992063492,5.835249458363384,0.9904873015873012,4.698011419772869,12.056009378998304,-3.707524118185568
2014-04-24,38.17,41.4295,8.5394,16.4017,14.0152,1.7323,1.6478,29619920000.0,5.1807,23.9768,15.0,5.0,21.7232,16.0864,6.221497023809524,5.835519365759955,1.0416515873015868,4.744980743340935,12.05701638956948,-3.703329156039348
2014-04-25,38.06,41.4295,8.8531,16.3544,14.0444,1.7273,1.6478,29534560000.0,5.1807,23.9768,15.0,5.0,21.7232,16.0864,6.221424404761904,5.835486323424275,1.0854555555555552,4.791557823130982,12.056910728186178,-3.706102267575427
2014-04-28,38.62,41.4105,7.2255,16.595,14.0578,1.7527,1.6475,29969120000.0,5.1807,23.9768,15.0,5.0,21.7232,16.4708,6.221434722222222,5.835488097598928,1.1361999999999997,4.8226047738705295,12.05692281982115,-3.68640477387053
2014-04-29,39.54,41.4105,4.7307,16.9904,14.0653,1.7945,1.6476,30683040000.0,5.1807,23.9768,15.0,5.0,21.7232,16.4708,6.217505952380953,5.835824521243349,1.165757936507936,4.83320440304932,12.0533304736243,-3.6674464665413833
2014-04-30,39.31,41.4127,5.349,16.8915,14.0739,1.784,1.6476,30504560000.0,5.6924,23.9768,15.0,5.0,21.7232,16.4708,6.217988293650794,5.835742508126304,1.2062857142857135,4.846791313068173,12.0537308017771,-3.6405055987824593
2014-05-01,38.66,41.4127,7.1203,16.6122,14.0755,1.7545,1.6476,30000160000.0,5.6924,23.9768,15.0,5.0,21.7232,16.4708,6.223636111111111,5.835234582486553,1.2626912698412696,4.8740738489114,12.058870693597664,-3.6113825790701295
2014-05-02,38.81,41.4127,6.7063,16.6767,14.0761,1.7613,1.6476,30116560000.0,5.6924,23.9768,15.0,5.0,21.7232,16.4708,6.226266071428571,5.835152661274145,1.3142190476190472,4.897160519806667,12.061418732702716,-3.58294147218762
2014-05-05,38.91,41.4127,6.432,16.7197,14.1002,1.7659,1.6472,30194160000.0,5.6924,23.9768,15.0,5.0,21.7232,16.4708,6.231335515873016,5.834217403344593,1.3578317460317455,4.918196596991924,12.065552919217607,-3.5603648509601777
2014-05-06,39.05,41.4127,6.0504,16.7798,14.1022,1.7722,1.6472,30302800000.0,5.6924,23.9768,15.0,5.0,21.7232,16.4708,6.235959523809523,5.833146405665328,1.40278492063492,4.93510196404589,12.069105929474851,-3.53231704341097
2014-05-07,39.26,41.4127,5.4832,16.8701,14.1022,1.7818,1.6475,30465760000.0,5.6924,23.9768,15.0,5.0,21.7232,16.4708,6.237230357142857,5.832912027214627,1.4513841269841266,4.944962623460853,12.070142384357483,-3.4935784964767267
2014-05-08,39.18,41.4127,5.6986,16.8357,14.1022,1.7781,1.6475,30403680000.0,5.6924,23.9768,15.0,5.0,21.7232,16.4708,6.237123214285714,5.832921442875907,1.5059269841269838,4.953668805294197,12.07004465716162,-3.447741821167213
2014-05-09,39.13,41.4494,5.9274,16.8142,14.1132,1.7759,1.6475,30364880000.0,5.6924,23.9768,15.0,5.0,21.7232,16.4708,6.235699007936508,5.832909237430642,1.5823690476190473,4.946935229371119,12.06860824536715,-3.364566181752072
2014-05-12,39.75,41.4494,4.2752,17.0806,14.1248,1.804,1.6478,30846000000.0,5.6924,23.9768,15.0,5.0,21.7232,16.4708,6.229999801587303,5.833419724665165,1.631553174603174,4.94262031938006,12.063419526252469,-3.311067144776886
2014-05-13,39.35,41.4494,5.3352,16.9087,14.132,1.7858,1.6487,30535600000.0,5.6924,23.9768,15.0,5.0,21.7232,16.4708,6.223011904761905,5.832375806994128,1.7022412698412694,4.931289967142672,12.055387711756032,-3.229048697301403
2014-05-14,38.97,41.4494,6.3623,16.7454,14.1391,1.7686,1.6496,30240720000.0,5.6924,23.9768,15.0,5.0,21.7232,16.4708,6.218268650793651,5.831286244056789,1.7774777777777773,4.929483223963849,12.04955489485044,-3.152005446186071
2014-05-15,38.54,41.4494,7.549,16.5607,14.1432,1.7491,1.6496,29907040000.0,5.6924,23.9768,15.0,5.0,21.7232,16.4708,6.216497222222222,5.830745018974144,1.852862698412698,4.9446372313079,12.047242241196368,-3.091774532895202
2014-05-16,38.24,41.4494,8.3928,16.4318,14.1552,1.7355,1.6496,29674240000.0,5.6924,23.9768,15.0,5.0,21.7232,16.4708,6.217556349206349,5.831092435665639,1.9384198412698408,4.963908377639737,12.048648784871988,-3.025488536369896
2014-05-19,38.84,41.4494,6.7183,16.6896,14.1839,1.7627,1.6478,30139840000.0,5.6924,23.9768,15.0,5.0,21.7232,16.4708,6.217237301587302,5.83106056640303,2.016694444444444,4.960878567307175,12.048297867990332,-2.9441841228627306
2014-05-20,39.18,41.6108,6.2042,16.7636,14.1902,1.7779,1.6487,30403680000.0,5.6972,24.3035,15.0,5.0,21.7232,16.4708,6.213432341269841,5.830440888450947,2.088539682539682,4.955406076407007,12.043873229720788,-2.866866393867325
2014-05-21,39.59,41.6143,5.1132,16.9391,14.1966,1.7965,1.6496,30721840000.0,5.6972,24.3035,15.0,5.0,21.7232,16.4708,6.206240079365079,5.829556058805983,2.144592857142857,4.949305479813037,12.035796138171062,-2.80471262267018
2014-05-22,39.72,41.6143,4.7691,16.9947,14.2009,1.8024,1.6496,30822720000.0,5.6972,24.3035,15.0,5.0,21.7232,16.4708,6.193574404761905,5.825721251897323,2.196385714285714,4.942292802393751,12.019295656659228,-2.7459070881080367
2014-05-23,40.02,41.6143,3.9838,17.1231,14.2046,1.816,1.6496,31055520000.0,5.6972,24.3035,15.0,5.0,21.7232,16.4708,6.184750595238095,5.825693573858652,2.2449992063492057,4.929391113076559,12.010444169096749,-2.684391906727353
2014-05-27,39.65,41.6143,4.9541,16.9647,14.2117,1.7992,1.6478,30768400000.0,5.6972,24.3035,15.0,5.0,21.7232,16.4708,6.1797998015873015,5.825677033422878,2.30378492063492,4.917068750856508,12.005476835010178,-2.613283830221588
2014-05-28,39.52,41.6143,5.2993,16.9091,14.212,1.7933,1.6487,30667520000.0,5.6972,24.3035,15.0,5.0,21.7232,16.4708,6.174329166666666,5.825205766926831,2.3704547619047616,4.900119111884519,11.999534933593498,-2.529664349979757
2014-05-29,39.74,41.6143,4.7164,17.0033,14.2123,1.8033,1.6496,30838240000.0,5.6972,24.3035,15.0,5.0,21.7232,16.4708,6.16976865079365,5.825446116583978,2.436311111111111,4.875183802077039,11.995214767377629,-2.4388726909659284
2014-05-30,40.03,41.6143,3.9578,17.1273,14.2391,1.8165,1.6496,31063280000.0,5.6972,24.3035,15.0,5.0,21.7232,16.4708,6.160927380952381,5.825415014849177,2.4889119047619044,4.855364087070703,11.986342395801556,-2.366452182308799
2014-06-02,40.02,41.6786,4.1444,17.1231,14.2623,1.816,1.6478,31055520000.0,5.6972,24.3035,15.0,5.0,21.7232,16.4708,6.154523412698413,5.825855075806382,2.547903174603174,4.829694589564501,11.980378488504796,-2.281791414961327
2014-06-03,40.16,41.6786,3.7814,17.1565,14.2684,1.8222,1.6478,31164160000.0,5.7009,24.4845,15.0,5.0,21.7232,16.4708,6.145129960317459,5.825857138393517,2.6023126984126983,4.804401472766013,11.970987098710976,-2.202088774353315
2014-06-04,40.09,41.6786,3.9626,17.1266,14.2694,1.8191,1.6487,31109840000.0,5.7009,24.4845,15.0,5.0,21.7232,16.4708,6.137236706349206,5.826114367569112,2.6575206349206346,4.779486410991202,11.963351073918318,-2.121965776070568
2014-06-05,40.19,41.6786,3.7039,17.1693,14.2726,1.8236,1.6487,31187440000.0,5.7009,24.4845,15.0,5.0,21.7232,16.4708,6.122063095238095,5.822465015742662,2.7052158730158724,4.759505029313952,11.944528110980755,-2.05428915629808
2014-06-06,40.25,41.6786,3.5493,17.195,14.2766,1.8263,1.6487,31234000000.0,5.7009,24.4845,15.0,5.0,21.7232,16.4708,6.10643373015873,5.818769190321019,2.747085714285714,4.743386361707536,11.925202920479748,-1.996300647421822
2014-06-09,40.55,41.6786,2.7832,17.3231,14.2921,1.8399,1.6478,31466800000.0,5.7009,24.4845,15.0,5.0,21.7232,16.4708,6.089675595238095,5.816147784804719,2.771472222222222,4.735542031128115,11.905823380042817,-1.9640698089058928
2014-06-10,40.18,41.6786,3.7297,17.1651,14.2946,1.8231,1.6487,31179680000.0,5.7009,24.4845,15.0,5.0,21.7232,16.4708,6.079962500000001,5.815992863126314,2.811207936507936,4.722286665937941,11.895955363126316,-1.911078729430005
2014-06-11,40.15,41.6786,3.8072,17.1846,14.2971,1.8223,1.6496,31156400000.0,5.7009,24.4837,15.0,5.0,21.7232,16.4708,6.072615476190477,5.816521468328536,2.857280952380952,4.703271181255984,11.889136944519011,-1.845990228875032
2014-06-12,39.08,41.6786,6.6494,16.7266,14.3059,1.7737,1.6498,30326080000.0,5.7009,24.4837,15.0,5.0,21.7232,16.4708,6.076730357142857,5.816193810765087,2.927873015873016,4.692813179650858,11.892924167907944,-1.7649401637778426
2014-06-13,38.92,41.6786,7.0879,16.6581,14.3139,1.7664,1.6498,30201920000.0,5.7009,24.4837,15.0,5.0,21.7232,16.4708,6.079690476190476,5.816328304840415,2.994579365079365,4.691726594017341,11.89601878103089,-1.6971472289379763
2014-06-16,38.42,41.6786,8.0302,16.4258,14.3426,1.7425,1.6497,29813920000.0,5.7009,24.4837,15.0,5.0,21.7232,16.4708,6.091322023809524,5.814351322518991,3.067877777777777,4.697725405187173,11.905673346328514,-1.6298476274093954
2014-06-17,38.72,41.5268,7.249,16.5541,14.3496,1.7561,1.6498,30046720000.0,5.7009,24.4837,15.0,5.0,21.7232,16.4708,6.098807738095237,5.813406355549944,3.14972619047619,4.679843576568273,11.91221409364518,-1.530117386092083
2014-06-18,38.62,41.5453,7.5746,16.5085,14.3545,1.7516,1.6498,29969120000.0,5.7009,24.6284,14.0,5.0,21.7232,16.4708,6.110764087301587,5.810225327138745,3.24281746031746,4.649943671092312,11.920989414440331,-1.4071262107748517
2014-06-19,38.81,41.4592,6.8261,16.5897,14.3546,1.7602,1.6498,30116560000.0,5.7009,24.6284,14.0,5.0,21.7232,16.4708,6.121016071428572,5.80691244209999,3.33192619047619,4.609684872008858,11.927928513528562,-1.2777586815326676
2014-06-20,39.11,41.5237,6.1716,16.7265,14.3693,1.7735,1.6498,30349360000.0,5.7868,24.618,14.0,5.0,21.7232,16.4708,6.126684325396825,5.805561922973588,3.427037301587301,4.54264641962328,11.932246248370411,-1.1156091180359784
2014-06-23,39.41,41.5237,5.3634,16.8548,14.3843,1.7871,1.6502,30582160000.0,5.7868,24.618,14.0,5.0,21.7232,16.4708,6.134727579365079,5.801681727171035,3.489905555555555,4.513876725056593,11.936409306536111,-1.023971169501038
2014-06-24,38.23,41.7529,9.215,16.4014,14.387,1.7428,1.6505,29742940000.0,5.7651,24.8335,14.0,5.0,20.8432,15.694,6.151517261904762,5.798319660690644,3.592457936507936,4.495817842810721,11.949836922595406,-0.9033599063027852
2014-06-25,38.03,41.7529,9.7894,16.2147,14.3988,1.7348,1.6508,29587340000.0,5.7559,24.8083,14.0,5.0,21.0127,15.6507,6.165053174603175,5.798834390370662,3.6986682539682536,4.482763208533645,11.963887564973838,-0.7840949545653912
2014-06-26,37.99,41.7529,9.905,16.1749,14.4123,1.733,1.6515,29556220000.0,5.7559,24.8689,14.0,5.0,21.0127,15.6507,6.163285515873016,5.797555608420628,3.811422222222222,4.458521471140511,11.960841124293644,-0.647099248918289
2014-06-27,37.94,41.7529,10.0498,16.3036,14.4182,1.7311,1.6522,29517320000.0,5.7335,23.999,14.0,5.0,21.0127,15.6507,6.161288293650793,5.796039795002075,3.927246031746031,4.429190156995165,11.957328088652869,-0.5019441252491337
2014-06-30,37.65,41.7529,10.8975,16.1789,14.4491,1.7179,1.654,29291700000.0,5.7335,23.999,14.0,5.0,21.0127,15.6507,6.16245376984127,5.796934691239502,4.056444444444444,4.392761452745597,11.959388461080772,-0.3363170083011528
2014-07-01,37.52,41.7529,11.2817,16.1231,14.452,1.7119,1.6543,29190560000.0,5.7335,23.999,14.0,5.0,21.0127,15.6507,6.164511309523809,5.798570310647553,4.193369841269841,4.346344219893529,11.963081620171362,-0.1529743786236883
2014-07-02,37.56,41.7529,11.1632,16.1403,14.455,1.7137,1.6547,29221680000.0,5.7335,23.999,14.0,5.0,21.0127,15.6507,6.166268849206349,5.799953478102242,4.329911904761905,4.292154292298432,11.966222327308593,0.0377576124634728
2014-07-03,37.87,41.7529,10.2532,16.2735,14.455,1.7279,1.6555,29462860000.0,5.7265,23.5922,13.0,5.0,21.0127,15.6253,6.169556746031747,5.801803043518178,4.452488095238095,4.23826415396868,11.971359789549926,0.2142239412694149
2014-07-07,37.65,41.7529,10.8975,16.1734,14.4607,1.7179,1.6569,29291700000.0,5.7265,23.6241,13.0,5.0,21.0127,15.6253,6.174645238095238,5.804828040732954,4.580933333333333,4.185661191066317,11.979473278828191,0.3952721422670162
2014-07-08,37.11,41.7529,12.5112,15.9414,14.4607,1.6932,1.6578,28871580000.0,5.7265,23.6241,13.0,5.0,21.0127,15.6253,6.182124603174604,5.810567745016883,4.698456349206349,4.198873154425847,11.992692348191486,0.4995831947805023
2014-07-09,36.97,41.7529,12.9372,15.8813,14.4615,1.6868,1.6586,28762660000.0,5.7265,23.6241,13.0,5.0,21.0127,15.6253,6.188544841269842,5.816248888855071,4.824415873015873,4.206133584438888,12.004793730124913,0.6182822885769852
2014-07-10,36.43,41.7529,14.6113,15.6493,14.4636,1.6622,1.6599,28342540000.0,5.7265,23.6241,13.0,5.0,21.0127,15.6253,6.196318055555556,5.824893219325949,4.956322222222222,4.250497901618222,12.021211274881503,0.705824320604
2014-07-11,36.8,41.7529,13.459,15.8082,14.465,1.6791,1.6605,28630400000.0,5.7265,23.6241,13.0,5.0,21.0127,15.6253,6.199298611111111,5.828230052783297,5.07399365079365,4.279159189723847,12.027528663894408,0.7948344610698026
2014-07-14,36.89,41.7529,13.1822,15.8469,14.4791,1.6832,1.6607,28700420000.0,5.7265,23.6241,13.0,5.0,21.0127,15.6253,6.199302380952381,5.828234577854995,5.213948412698413,4.253402371819075,12.027536958807376,0.9605460408793371
2014-07-15,36.61,41.7529,14.0478,15.7266,14.4909,1.6704,1.6612,28482580000.0,5.7265,23.6241,13.0,5.0,21.0127,15.6253,6.20013373015873,5.829326221991366,5.363885714285713,4.2289146686251495,12.029459952150097,1.1349710456605635
2014-07-16,36.74,41.7529,13.6443,15.7825,14.5,1.6763,1.6616,28583720000.0,5.7265,23.6241,13.0,5.0,21.0127,15.6253,6.1951777777777775,5.821914070584342,5.512439682539683,4.1878973684095175,12.01709184836212,1.3245423141301655
2014-07-17,36.05,41.7529,15.8194,15.4861,14.5154,1.6448,1.6616,28046900000.0,5.7265,23.6241,13.0,5.0,21.0127,15.6253,6.196952777777778,5.824716570770692,5.679342857142856,4.176175040190153,12.02166934854847,1.5031678169527032
2014-07-18,36.52,41.7655,14.3634,15.688,14.5336,1.6663,1.6617,28412560000.0,5.7265,23.6241,13.0,5.0,21.0127,15.6253,6.195979365079365,5.823307773096565,5.833905555555554,4.133778137816245,12.01928713817593,1.700127417739309
2014-07-21,36.25,41.7655,15.2152,15.572,14.5756,1.654,1.6621,28202500000.0,5.7265,23.6241,13.0,5.0,21.0127,15.6253,6.198989484126984,5.8275839260038245,5.992133333333333,4.107994908331635,12.026573410130808,1.884138425001698
2014-07-22,36.36,41.7655,14.8666,15.6192,14.5848,1.659,1.6621,28288080000.0,5.7265,23.6241,13.0,5.0,21.0127,15.6253,6.202335317460317,5.832082473026843,6.137778571428571,4.09460697014204,12.03441779048716,2.043171601286531
2014-07-23,36.5,41.7655,14.426,15.6794,14.5876,1.6654,1.6622,28397000000.0,5.7265,23.6241,13.0,5.0,21.0127,15.6253,6.207899603174604,5.838597351000879,6.284588888888888,4.057056136722068,12.046496954175485,2.2275327521668205
2014-07-24,37.21,41.7655,12.2427,15.9844,14.6047,1.6978,1.6626,28949380000.0,5.7265,23.6241,13.0,5.0,21.0127,15.6253,6.205834523809524,5.836273375267029,6.406017460317459,4.003831569805519,12.042107899076552,2.40218589051194
2014-07-25,36.68,41.7655,13.8645,15.7567,14.6047,1.6736,1.6638,28537040000.0,5.7265,23.6241,13.0,5.0,21.0127,15.6253,6.202600595238096,5.831565942254601,6.510838888888888,4.024948929801989,12.034166537492696,2.485889959086899
2014-07-28,36.5,41.7692,14.4362,15.6794,14.6072,1.6654,1.6654,28397000000.0,5.7265,23.6241,13.0,5.0,21.0127,15.6253,6.197625793650794,5.823448678528725,6.611659523809523,4.063227942612523,12.02107447217952,2.5484315811970006
2014-07-29,36.33,41.7692,14.9716,15.6063,14.6154,1.6576,1.6654,28264740000.0,5.7265,23.6241,13.0,5.0,21.0127,15.6253,6.197577976190476,5.8233763907170415,6.740997619047619,4.06794093700399,12.020954366907516,2.673056682043629
2014-07-30,36.56,41.7992,14.3304,15.7051,14.6307,1.6681,1.6654,28443680000.0,5.7265,23.6241,13.0,5.0,21.0127,15.6253,6.198107341269841,5.824104941873837,6.844449999999999,4.094009210204419,12.022212283143675,2.7504407897955803
2014-07-31,36.22,41.7992,15.4036,15.5591,14.6627,1.6526,1.6654,28179160000.0,5.7265,23.6241,13.0,5.0,21.0127,15.6253,6.208030952380953,5.8355320898204015,6.966458730158729,4.118317528666505,12.043563042201354,2.8481412014922247
2014-08-01,36.44,41.8752,14.9155,15.6536,14.6924,1.6626,1.6654,28350320000.0,5.7265,23.6241,13.0,5.0,21.0127,15.6253,6.21665634920635,5.845194499499127,7.067374603174603,4.156203367727383,12.061850848705475,2.9111712354472195
2014-08-04,36.31,41.8752,15.3269,15.5977,14.7047,1.6567,1.6658,28249180000.0,5.7265,23.6241,13.0,5.0,21.0127,15.6253,6.223014682539683,5.853368607743011,7.162346031746032,4.207227760502481,12.076383290282694,2.955118271243551
2014-08-05,35.99,41.8752,16.3523,15.4603,14.7047,1.6421,1.6654,28000220000.0,5.7265,23.6241,13.0,5.0,21.0127,15.6253,6.233591865079365,5.8668576391525065,7.272001587301586,4.26533001028479,12.100449504231872,3.006671577016796
2014-08-06,36.24,41.8752,15.5497,15.5677,14.7142,1.6535,1.6654,28194720000.0,5.7265,23.6241,13.0,5.0,21.0127,15.6253,6.238708531746032,5.873865473930177,7.362839682539682,4.31886559746553,12.112574005676208,3.043974085074152
2014-08-07,36.32,42.0052,15.6531,15.5853,14.7322,1.6575,1.6654,28256960000.0,5.7267,23.6226,13.0,5.0,21.0892,15.6266,6.250617063492064,5.886867293394984,7.485587301587302,4.333045924242673,12.137484356887049,3.1525413773446287
2014-08-08,36.45,42.0052,15.2406,15.6411,14.7414,1.6635,1.6654,28358100000.0,5.7267,23.6226,13.0,5.0,21.0892,15.6266,6.262661904761905,5.899050158011379,7.5955595238095235,4.352745448347187,12.161712062773285,3.242814075462337
2014-08-11,36.86,42.0052,13.9588,15.817,14.7608,1.6822,1.6664,28677080000.0,5.7267,23.6226,13.0,5.0,21.0892,15.6266,6.273772023809523,5.908272530604275,7.703303968253968,4.340789066248521,12.1820445544138,3.3625149020054463
2014-08-12,36.95,42.0052,13.6812,15.8556,14.7638,1.6863,1.6665,28747100000.0,5.7267,23.6226,13.0,5.0,21.0892,15.6266,6.282250793650794,5.915840547447149,7.808251587301587,4.324031788573719,12.198091341097944,3.484219798727868
2014-08-13,37.02,42.0052,13.4662,15.8857,14.7747,1.6895,1.6669,28801560000.0,5.7267,23.6226,13.0,5.0,21.0892,15.6266,6.289728571428571,5.922544100895507,7.91386111111111,4.2981470318259385,12.21227267232408,3.615714079285172
2014-08-14,37.49,42.0052,12.0437,16.0874,14.7894,1.7109,1.6674,29167220000.0,5.7267,23.6226,13.0,5.0,21.0892,15.6266,6.294639484126985,5.926293289620273,8.00501984126984,4.262538119177557,12.220932773747258,3.742481722092284
2014-08-15,37.34,42.0052,12.4938,16.023,14.7951,1.7041,1.6678,29050520000.0,5.7267,23.6226,13.0,5.0,21.0892,15.6266,6.300059722222222,5.930718483241075,8.10993253968254,4.208277053670689,12.230778205463295,3.90165548601185
2014-08-18,37.86,42.0052,10.9488,16.2461,14.8032,1.7278,1.6695,29455080000.0,5.7267,23.6226,13.0,5.0,21.0892,15.6266,6.3024144841269845,5.932331149114097,8.182767460317459,4.176999649026949,12.23474563324108,4.00576781129051
2014-08-19,37.8,42.0052,11.1249,16.2204,14.8063,1.7251,1.6698,29408400000.0,5.7267,23.6226,13.0,5.0,21.0892,15.6266,6.303114087301588,5.932880098990985,8.245042857142856,4.161757767144446,12.235994186292572,4.08328508999841
2014-08-20,37.74,42.0052,11.3015,16.1946,14.8067,1.7223,1.6701,29361720000.0,5.7267,23.6226,13.0,5.0,21.0892,15.6266,6.306232738095238,5.935097581710886,8.306489682539683,4.1491565709444185,12.241330319806124,4.157333111595264
2014-08-21,37.77,42.0052,11.2131,16.2075,14.8104,1.7237,1.6704,29385060000.0,5.7267,23.6226,13.0,5.0,21.0892,15.6266,6.31006884920635,5.93764755583684,8.373698412698412,4.1268723062382255,12.247716405043189,4.246826106460186
2014-08-22,37.91,42.0052,10.8024,16.2676,14.8247,1.7301,1.6722,29493980000.0,5.7267,23.6226,13.0,5.0,21.0892,15.6266,6.3137863095238105,5.939876454702207,8.443194444444444,4.093051082648179,12.253662764226018,4.350143361796265
2014-08-25,37.8,42.0052,11.1249,16.2204,14.8392,1.7251,1.6736,29408400000.0,5.7267,23.6226,13.0,5.0,21.0892,15.6266,6.32032996031746,5.943362280862831,8.523130952380951,4.045642957898389,12.26369224118029,4.477487994482562
2014-08-26,38.01,42.0052,10.5109,16.3105,14.8406,1.7346,1.6739,29571780000.0,5.7267,23.6226,13.0,5.0,21.0892,15.6266,6.322454761904762,5.944671089966808,8.596288095238096,3.996905701316417,12.267125851871567,4.599382393921679
2014-08-27,37.88,42.0052,10.8902,16.2547,14.8502,1.7287,1.6742,29470640000.0,5.7267,23.6226,13.0,5.0,21.0892,15.6266,6.320247420634921,5.942763978296647,8.677026190476191,3.938799362367561,12.263011398931567,4.73822682810863
2014-08-28,37.27,42.0052,12.7051,15.993,14.8787,1.7009,1.6743,28996060000.0,5.7267,23.6226,13.0,5.0,21.0892,15.6266,6.321211706349208,5.943762387592413,8.75624603174603,3.918424701058151,12.26497409394162,4.83782133068788
2014-08-29,37.88,41.9292,10.6895,16.2547,14.898,1.7287,1.6754,29470640000.0,5.7267,23.6226,13.0,5.0,21.0892,15.6266,6.322700793650793,5.944764478571259,8.79534126984127,3.9128964986927146,12.267465272222053,4.882444771148555
2014-09-02,37.95,41.9292,10.4854,16.2848,14.9119,1.7319,1.6777,29525100000.0,5.7267,23.6226,13.0,5.0,21.0892,15.6266,6.330145436507937,5.947628387279865,8.856121428571427,3.878778981227942,12.277773823787802,4.977342447343485
2014-09-03,38.21,41.9292,9.7336,16.3963,14.9182,1.7438,1.6785,29727380000.0,5.7267,23.6226,13.0,5.0,21.0892,15.6266,6.337302380952382,5.949552797831658,8.903870634920633,3.8519501295018506,12.28685517878404,5.051920505418782
2014-09-04,39.09,41.9292,7.2632,16.7739,14.9248,1.7839,1.6791,30412020000.0,5.7267,23.6226,13.0,5.0,21.0892,15.6266,6.338656150793651,5.949685960855615,8.93012380952381,3.829158216578038,12.288342111649266,5.100965592945772
2014-09-05,39.33,41.9292,6.6087,16.8769,14.9308,1.7949,1.6809,30598740000.0,5.7267,23.6226,13.0,5.0,21.0892,15.6266,6.336576984126984,5.949407571026401,8.956855555555554,3.800772271516332,12.285984555153384,5.156083284039223
2014-09-08,39.12,41.9292,7.181,16.7387,14.9602,1.7847,1.6828,30435360000.0,5.7266,23.6304,13.0,5.0,21.0892,15.6266,6.33619246031746,5.949346597450887,8.977837301587302,3.7834370138216897,12.285539057768348,5.194400287765612
2014-09-09,38.68,41.9072,8.3433,16.5752,14.9644,1.7634,1.6832,30093040000.0,5.7967,23.4373,14.0,5.0,21.0892,15.6266,6.337051388888889,5.949605567322519,9.002476984126984,3.768972749344914,12.286656956211408,5.23350423478207
2014-09-10,38.87,42.0501,8.1814,16.6567,14.9687,1.7721,1.6832,30240860000.0,5.8475,23.5044,15.0,5.0,21.0892,15.6266,6.344799404761904,5.949459387744274,9.037520634920634,3.7403124381005015,12.294258792506175,5.297208196820133
2014-09-11,39.28,42.0215,6.9794,16.8555,14.9839,1.7891,1.6842,30559840000.0,5.9105,23.4797,16.0,5.0,21.0892,15.63,6.356416865079365,5.9449598984121215,9.046130158730158,3.73426374284968,12.301376763491486,5.311866415880479
2014-09-12,39.18,42.0215,7.2524,16.8126,14.9956,1.7845,1.6852,30482040000.0,5.9105,23.4797,16.0,5.0,21.0892,15.63,6.365664285714285,5.942716666736266,9.054938095238096,3.72866508884556,12.308380952450552,5.326273006392535
2014-09-15,39.41,42.0215,6.6265,16.9113,15.0352,1.795,1.6859,30660980000.0,5.9105,23.4797,16.0,5.0,21.0892,15.63,6.37571130952381,5.938859793355757,9.065511904761903,3.719793533164935,12.314571102879569,5.345718371596971
2014-09-16,39.5,42.0095,6.3532,16.9499,15.0425,1.7991,1.6863,30731000000.0,5.9105,23.4797,16.0,5.0,21.0892,15.63,6.385317857142858,5.934890505584434,9.090459523809525,3.690633381720148,12.320208362727293,5.399826142089375
2014-09-17,39.71,42.0095,5.7907,17.0539,15.0499,1.8093,1.6866,30894380000.0,5.8887,23.4627,16.0,5.0,21.0892,15.63,6.398930952380953,5.925616687990683,9.103820634920634,3.6754644754492345,12.324547640371636,5.4283561594714
2014-09-18,40.11,42.0081,4.7322,17.1836,15.0668,1.8274,1.6878,31205580000.0,5.8823,23.7897,17.0,5.0,21.0892,15.63,6.411167857142857,5.915766291504569,9.12156746031746,3.648604445643734,12.326934148647425,5.472963014673727
2014-09-19,40.72,42.0157,3.182,17.4449,15.0668,1.8552,1.6892,31680160000.0,5.8823,23.7897,17.0,5.0,21.0892,15.63,6.418666269841269,5.909256856414354,9.126807142857142,3.63951356303931,12.327923126255625,5.487293579817832
2014-09-22,40.34,42.0157,4.1539,17.2822,15.084,1.8379,1.6892,31384520000.0,5.8823,23.7897,17.0,5.0,21.0892,15.63,6.427060119047619,5.903013588197092,9.13950873015873,3.619125289878992,12.330073707244711,5.520383440279737
2014-09-23,40.51,43.0934,6.3772,17.8584,15.0955,1.8542,1.6895,31516780000.0,5.6341,23.3504,19.0,5.0,21.1292,15.7317,6.438723015873015,5.897081975215278,9.133880952380952,3.622892960885376,12.335804991088294,5.510987991495576
2014-09-24,41.12,43.3395,5.3976,18.1177,15.107,1.8834,1.6896,31991360000.0,5.6232,23.4191,19.0,5.0,21.3407,15.8254,6.448547619047619,5.891199960657669,9.112600793650794,3.6369865854135193,12.33974757970529,5.475614208237275
2014-09-25,40.46,43.3354,7.1068,17.8269,15.1526,1.8532,1.6898,31477880000.0,5.6232,23.4191,19.0,5.0,21.3407,15.8254,6.458336904761905,5.888179669485608,9.099688888888888,3.6412279164526464,12.346516574247511,5.458460972436242
2014-09-26,40.87,43.3354,6.0323,18.0076,15.1603,1.8714,1.6912,31796860000.0,5.6229,23.4191,19.0,5.0,21.3407,15.8254,6.463857341269842,5.886469745708389,9.076396031746032,3.651455108887778,12.350327086978233,5.424940922858255
2014-09-29,40.4,43.3354,7.2658,17.8005,15.1663,1.8499,1.6928,31431200000.0,5.6229,23.4191,19.0,5.0,21.3407,15.8254,6.467726984126984,5.886354380864328,9.068826984126984,3.654232964777226,12.354081364991313,5.414594019349758
2014-09-30,40.17,43.3354,7.88,17.6992,15.1697,1.8394,1.6932,31252260000.0,5.6229,23.4159,19.0,5.0,21.3407,15.8254,6.4699253968253965,5.886675142508429,9.078210317460316,3.649610710874685,12.356600539333826,5.428599606585632
2014-10-01,39.14,43.3354,10.719,17.3201,15.1731,1.7922,1.6936,30450920000.0,5.6217,23.4803,19.0,5.0,21.5207,15.8254,6.476279761904762,5.889534831076705,9.102111904761903,3.650422858192688,12.365814592981469,5.451689046569218
2014-10-02,38.58,43.3272,12.3048,17.1368,15.1812,1.7665,1.6945,30015240000.0,5.6217,23.2453,18.0,5.0,21.5207,15.4646,6.485453968253968,5.895013899189018,9.147934126984127,3.654128015582453,12.380467867442986,5.493806111401675
2014-10-03,39.58,43.3272,9.4674,17.5802,15.2225,1.8123,1.6952,30793240000.0,5.6216,23.2482,18.0,5.0,21.5207,15.4838,6.485924801587301,5.895243021310948,9.158744444444444,3.65303347049646,12.381167822898249,5.505710973947984
2014-10-06,39.5,43.3272,9.6891,17.5439,15.2491,1.8087,1.6967,30731000000.0,5.6216,23.2481,18.0,5.0,21.5207,15.4838,6.487620833333333,5.896042886774464,9.166304761904762,3.6531383513433577,12.383663720107798,5.513166410561404
2014-10-07,37.34,43.3272,16.0343,16.5845,15.2858,1.7098,1.6971,29050520000.0,5.6216,23.2481,18.0,5.0,21.5207,15.4838,6.504421230158731,5.911168593097889,9.231040476190476,3.702062177309708,12.41558982325662,5.528978298880768
2014-10-08,37.67,43.3272,15.0178,16.7311,15.3224,1.7249,1.6972,29307260000.0,5.6216,23.2481,18.0,5.0,21.5207,15.4838,6.520955357142857,5.923315487601053,9.289507142857142,3.734934956567128,12.444270844743912,5.554572186290013
2014-10-09,35.67,43.4069,21.6902,15.8175,15.3265,1.6333,1.6972,27751260000.0,5.6216,23.4834,19.0,5.0,21.5207,15.8755,6.552173214285713,5.9616711912865545,9.385860317460317,3.8948757089503134,12.513844405572268,5.4909846085100025
2014-10-10,35.51,43.4069,22.2385,15.7465,15.3265,1.626,1.6972,27626780000.0,5.6216,23.4834,19.0,5.0,21.5207,15.8755,6.584678174603176,6.002390170884927,9.477407936507936,4.058231407115053,12.587068345488102,5.419176529392883
2014-10-13,33.88,43.4069,28.1195,15.0237,15.3384,1.5513,1.6976,26358640000.0,5.6216,23.4834,19.0,5.0,21.5207,15.8755,6.627328174603175,6.078554711161012,9.602384126984129,4.377975155332034,12.705882885764186,5.224408971652093
2014-10-14,34.64,43.4069,25.3086,15.3607,15.3492,1.5861,1.6974,26949920000.0,5.6216,23.4834,19.0,5.0,21.5207,15.8755,6.662945634920634,6.135170212115422,9.699745238095238,4.586501394616124,12.798115847036057,5.113243843479114
2014-10-15,34.41,43.4069,26.1462,15.2371,15.3384,1.576,1.6972,26770980000.0,5.6218,23.4783,19.0,5.0,21.6076,15.8724,6.701601388888888,6.196247468860749,9.811610317460318,4.810720675155771,12.897848857749636,5.000889642304546
2014-10-16,34.69,43.4069,25.128,15.3604,15.36,1.5888,1.6972,26988820000.0,5.6218,23.4811,19.0,5.0,21.6076,15.8724,6.737252182539683,6.25034444518793,9.933980952380953,5.000458943892329,12.987596627727612,4.933522008488624
2014-10-17,34.92,43.3632,24.1787,15.5048,15.3604,1.6,1.6972,27167760000.0,5.6126,23.4287,19.0,5.0,21.6076,15.8724,6.774004960317461,6.298246143236054,10.046712698412698,5.158978829868945,13.072251103553516,4.887733868543752
2014-10-20,35.92,43.3632,20.7216,15.9489,15.3636,1.6459,1.6974,27945760000.0,5.6126,23.4287,19.0,5.0,21.6076,15.8724,6.806755555555556,6.3277613903125225,10.135276984126984,5.245655940012128,13.13451694586808,4.8896210441148575
2014-10-21,38.0,43.3632,14.1137,16.8724,15.3664,1.7412,1.6978,29564000000.0,5.6126,23.4287,19.0,5.0,21.6076,15.8724,6.830437103174604,6.332736910396005,10.172559523809522,5.257184627401539,13.16317401357061,4.915374896407982
2014-10-22,37.76,43.3632,14.839,16.7658,15.3698,1.7302,1.6982,29377280000.0,5.6126,23.4287,19.0,5.0,21.6076,15.8724,6.856881150793651,6.338305305265962,10.222556349206348,5.271464519474437,13.195186456059613,4.951091829731912
2014-10-23,37.83,43.3632,14.6265,16.7969,15.3759,1.7334,1.6986,29431740000.0,5.6126,23.4287,19.0,5.0,21.6076,15.8724,6.879690873015873,6.345549544239882,10.268376984126984,5.284541259669047,13.225240417255756,4.983835724457937
2014-10-24,38.52,43.3632,12.5732,17.1033,15.383,1.765,1.6988,29968560000.0,5.6126,23.4287,19.0,5.0,21.6076,15.8724,6.899805158730159,6.3475014570966,10.310819047619049,5.2813810178884815,13.24730661582676,5.029438029730565
2014-10-27,38.33,43.3632,13.1312,17.0189,15.3912,1.7563,1.7013,29820740000.0,5.6126,23.4287,19.0,5.0,21.6076,15.8724,6.917252380952381,6.352528447158649,10.377489682539682,5.263367694148982,13.269780828111031,5.1141219883907
2014-10-28,39.09,43.3632,10.9317,17.3564,15.4003,1.7911,1.7018,30412020000.0,5.6126,23.4287,19.0,5.0,21.6076,15.8724,6.929446626984127,6.354327347046683,10.421796825396823,5.244161723348005,13.28377397403081,5.177635102048819
2014-10-29,39.38,43.3632,10.1148,17.4851,15.416,1.8044,1.703,30637640000.0,5.6126,23.4287,19.0,5.0,21.6076,15.8724,6.94458511904762,6.352806288283581,10.445562698412695,5.235858838001263,13.2973914073312,5.209703860411434
2014-10-30,40.07,43.3632,8.2186,17.7915,15.4266,1.836,1.7042,31174460000.0,5.6126,23.4287,19.0,5.0,21.6076,15.8724,6.951632341269842,6.35224449460563,10.45756507936508,5.228947387431745,13.30387683587547,5.228617691933334
2014-10-31,40.15,43.3632,8.003,17.827,15.4328,1.8397,1.7048,31236700000.0,5.6126,23.4287,19.0,5.0,21.6076,15.8724,6.958355158730159,6.351559260078175,10.470033333333337,5.221138937404221,13.309914418808331,5.248894395929114
2014-11-03,40.07,43.3632,8.2186,17.7915,15.4732,1.836,1.7069,31174460000.0,5.6126,23.4287,19.0,5.0,21.6076,15.8724,6.970726388888888,6.347921393893993,10.48724126984127,5.21001724255512,13.318647782782882,5.277224027286151
2014-11-04,39.97,43.3632,8.4894,17.7471,15.4861,1.8314,1.7069,31096660000.0,5.6126,23.4287,19.0,5.0,21.6076,15.8724,6.983164484126984,6.344736242356764,10.511099999999995,5.193776410327891,13.327900726483747,5.317323589672106
2014-11-05,39.99,43.3632,8.4351,17.756,15.4954,1.8324,1.7072,31112220000.0,5.6126,23.4287,19.0,5.0,21.6076,15.8724,6.995154563492064,6.341752179323365,10.532818253968252,5.179192495212222,13.33690674281543,5.353625758756031
2014-11-06,40.57,43.3632,6.8849,18.0135,15.5126,1.8589,1.7074,31563460000.0,5.6127,23.4287,19.0,5.0,21.6076,15.8724,7.005218055555555,6.3375351847717125,10.54041746031746,5.1730799466943465,13.342753240327268,5.367337513623114
2014-11-07,40.4,43.3632,7.3347,17.938,15.5328,1.8511,1.7079,31431200000.0,5.6127,23.4287,19.0,5.0,21.6076,15.8724,7.014088095238095,6.334855775309385,10.564699206349207,5.150568047483485,13.34894387054748,5.414131158865722
2014-11-10,40.31,43.3632,7.5743,17.8981,15.5544,1.847,1.7096,31361180000.0,5.6127,23.4287,19.0,5.0,21.6076,15.8724,7.021416468253968,6.333360082296899,10.58246984126984,5.1362234660927335,13.354776550550866,5.446246375177106
2014-11-11,40.63,43.3632,6.727,18.0401,15.5591,1.8617,1.7097,31610140000.0,5.6127,23.4287,19.0,5.0,21.6076,15.8724,7.03198869047619,6.328400687852527,10.585364285714286,5.133928472668154,13.360389378328716,5.451435813046132
2014-11-12,40.43,43.3632,7.255,17.9513,15.5634,1.8525,1.7098,31454540000.0,5.6127,23.4287,19.0,5.0,21.6076,15.8724,7.039764087301588,6.326257881595612,10.58303095238095,5.135386121809417,13.3660219688972,5.447644830571533
2014-11-13,40.9,43.3632,6.0225,18.16,15.5686,1.8741,1.7101,31820200000.0,5.6127,23.6241,19.0,5.0,21.6076,15.8724,7.044800396825397,6.324431785218486,10.564219047619048,5.147799971711485,13.369232182043884,5.416419075907563
2014-11-14,41.5,43.3632,4.4896,18.4264,15.5707,1.9015,1.7106,32287000000.0,5.6127,23.6241,19.0,5.0,21.6076,15.8724,7.04367123015873,6.324837880010249,10.546530952380952,5.164920948389507,13.36850911016898,5.381610003991447
2014-11-17,41.51,43.3632,4.4645,18.4202,15.5836,1.9016,1.7116,32294780000.0,5.6467,23.6348,18.0,5.0,21.6076,15.8724,7.040025000000001,6.325795822258094,10.532723809523809,5.178928300340433,13.365820822258094,5.3537955091833735
2014-11-18,42.27,43.3632,2.5862,18.7575,15.5853,1.9364,1.7119,32886060000.0,5.6467,23.6348,18.0,5.0,21.6076,15.8724,7.03186507936508,6.328888613602534,10.512668253968254,5.204911230330697,13.360753692967611,5.307757023637557
2014-11-19,41.59,43.3632,4.2635,18.4557,15.5862,1.9052,1.712,32357020000.0,5.6467,23.6348,18.0,5.0,21.6076,15.8724,7.030967857142857,6.329249663247422,10.508655555555556,5.209567439402946,13.36021752039028,5.29908811615261
2014-11-20,41.6,43.3632,4.2385,18.4602,15.5871,1.9057,1.712,32364800000.0,5.6467,23.6348,18.0,5.0,21.6076,15.8724,7.029693849206349,6.329747973231748,10.510676984126984,5.207064208571325,13.359441822438097,5.30361277555566
2014-11-21,41.57,43.286,4.128,18.4469,15.5871,1.9043,1.7126,32341460000.0,5.6467,23.6348,18.0,5.0,21.6076,15.8724,7.028841865079365,6.330110293827314,10.504120634920634,5.214631193498661,13.358952158906678,5.289489441421972
2014-11-24,41.99,43.5126,3.6261,18.5509,15.5977,1.9251,1.7131,32668220000.0,5.6069,23.8226,18.0,5.0,21.6076,15.8724,7.0310934523809525,6.3286947680427605,10.490841269841267,5.230099120670817,13.359788220423711,5.26074214917045
2014-11-25,42.26,43.5126,2.964,18.6702,15.602,1.9375,1.7134,32878280000.0,5.6069,23.8226,18.0,5.0,21.6076,15.8724,7.028853373015872,6.329936477637066,10.476933333333331,5.247877206459625,13.358789850652938,5.229056126873708
2014-11-26,42.12,43.5126,3.3063,18.6083,15.6063,1.931,1.7137,32769360000.0,5.6069,23.8226,18.0,5.0,21.6076,15.8724,7.025339880952381,6.331513224255368,10.471762698412698,5.25466833288229,13.35685310520775,5.217094365530408
2014-11-28,44.16,43.4623,-1.5799,19.4993,15.6192,2.0251,1.7155,34356480000.0,5.5929,23.846,18.0,5.0,21.6076,15.8724,7.01433492063492,6.341652401822015,10.426331746031748,5.33395868431905,13.355987322456937,5.092373061712697
2014-12-01,42.39,43.4623,2.5296,18.6781,15.6262,1.945,1.7161,32979420000.0,5.5433,23.7405,18.0,5.0,21.6076,15.8724,7.011133730158731,6.343511638968447,10.416396825396824,5.347582798669725,13.354645369127176,5.0688140267271
2014-12-02,42.84,43.3669,1.2299,18.8764,15.6336,1.9657,1.7161,33329520000.0,5.5433,23.7405,18.0,5.0,21.6076,15.8724,7.006055357142857,6.34711945649977,10.39470873015873,5.379413489948664,13.353174813642628,5.015295240210065
2014-12-03,43.03,43.3669,0.7829,18.9601,15.6411,1.9744,1.7161,33477340000.0,5.5433,23.7405,18.0,5.0,21.6076,15.8724,6.998549404761905,6.352245635880714,10.371526190476189,5.41465671405557,13.35079504064262,4.956869476420619
2014-12-04,43.58,43.3669,-0.489,19.1687,15.6456,1.9996,1.7166,33905240000.0,5.5433,23.7348,18.0,5.0,21.6076,15.8724,6.985219047619048,6.3609062869783966,10.339476190476187,5.467059354211098,13.346125334597446,4.872416836265091
2014-12-05,44.62,44.2717,-0.7806,19.3001,15.6493,2.0482,1.7169,34714360000.0,5.5435,24.2705,18.0,5.0,21.8822,15.8663,6.968334126984127,6.370214959615813,10.311192063492063,5.515469324329073,13.33854908659994,4.79572273916299
2014-12-08,44.07,44.2717,0.4577,19.0622,15.6552,2.0229,1.7178,34286460000.0,5.5435,24.2697,18.0,5.0,21.8822,15.8663,6.956017460317461,6.376799757936042,10.28522380952381,5.554270813266766,13.332817218253505,4.730952996257044
2014-12-09,43.97,44.4889,1.1801,18.7465,15.6555,2.0183,1.7178,34208660000.0,5.5642,24.6599,19.0,5.0,21.8822,15.8663,6.947121031746032,6.381731828219329,10.264373809523809,5.583636267138742,13.32885285996536,4.680737542385067
2014-12-10,43.3,44.4327,2.6159,18.4703,15.6608,1.9876,1.7178,33687400000.0,5.5642,24.6623,19.0,5.0,21.8822,15.8663,6.93905119047619,6.3846372232851385,10.232361904761904,5.615995898443627,13.323688413761328,4.616366006318277
2014-12-11,43.53,44.4327,2.0737,18.5684,15.6666,1.9981,1.7179,33866340000.0,5.5642,24.6623,19.0,5.0,21.8822,15.8663,6.929755952380953,6.388309792896827,10.192566666666666,5.656078375369147,13.31806574527778,4.536488291297519
2014-12-12,42.95,44.4327,3.4522,18.321,15.6692,1.9715,1.7181,33415100000.0,5.5642,24.6623,19.0,5.0,21.8822,15.8663,6.923194047619048,6.39018338588885,10.156233333333333,5.684711568929289,13.3133774335079,4.471521764404044
2014-12-15,43.19,44.6341,3.3436,18.3952,15.6794,1.9848,1.7186,33601820000.0,5.5148,24.6655,19.0,5.0,21.8822,15.8663,6.915507341269842,6.3921581810600445,10.125238095238094,5.711274548621844,13.307665522329886,4.413963546616251
2014-12-16,43.12,45.5384,5.6085,18.211,15.6794,1.9845,1.7186,33547360000.0,5.4588,25.1045,22.0,5.0,21.8822,16.8034,6.912370833333333,6.392411398151758,10.109634126984128,5.720976567393413,13.304782231485092,4.3886575595907145
2014-12-17,44.61,45.5384,2.0811,18.8403,15.6837,2.0531,1.7187,34706580000.0,5.4588,25.1045,22.0,5.0,21.8822,16.8034,6.906592261904761,6.39546509237524,10.071975396825398,5.758259239578254,13.30205735428,4.313716157247144
2014-12-18,44.5,45.5384,2.3335,18.7566,15.6918,2.0504,1.719,34621000000.0,5.4011,25.3099,21.0,5.0,21.8822,16.8034,6.904374603174603,6.3968592805606885,10.041514285714284,5.789126251319174,13.301233883735293,4.25238803439511
2014-12-19,44.79,46.6071,4.0569,14.17,15.6918,1.9624,1.7194,34757040000.0,3.6494,22.8523,8.0,6.0,20.4685,17.1597,6.904210119047619,6.396931573526159,10.031145238095238,5.79873444946875,13.30114169257378,4.232410788626488
2014-12-22,44.86,46.7003,4.1023,14.0183,15.6957,1.9839,1.7213,34811360000.0,3.3138,23.1656,8.0,6.0,20.2004,17.1766,6.890653571428572,6.395612530532183,9.990568253968254,5.822331359029872,13.286266101960756,4.168236894938382
2014-12-23,45.3,47.1207,4.0192,14.0426,15.6918,2.0098,1.7214,35152800000.0,3.3099,23.2018,8.0,6.0,20.2004,17.2027,6.878666865079365,6.395321087759191,9.944773015873016,5.846568449453452,13.273987952838556,4.098204566419563
2014-12-24,45.39,47.2217,4.0355,14.0049,15.688,2.0213,1.7215,35222640000.0,3.3051,23.2254,8.0,6.0,20.2004,17.2027,6.867065873015873,6.395164621313603,9.898189682539682,5.870223051350878,13.262230494329476,4.027966631188804
2014-12-26,45.78,47.2217,3.1492,14.1253,15.6918,2.0387,1.7223,35525280000.0,3.3051,23.2254,8.0,6.0,20.2004,17.2027,6.850929365079365,6.394262977029617,9.843423015873014,5.90090690471427,13.245192342108982,3.942516111158745
2014-12-29,45.95,47.2217,2.7676,14.1777,15.6957,2.0463,1.7235,35657200000.0,3.3051,23.2254,8.0,6.0,20.2004,17.2027,6.8346375,6.394185452132449,9.7789,5.933646039095905,13.22882295213245,3.845253960904096
2014-12-30,45.48,47.2217,3.8296,13.9818,15.6957,2.0253,1.7237,35292480000.0,3.3051,23.2447,8.0,6.0,20.2004,17.2027,6.816166865079365,6.389382417200527,9.719756349206348,5.955645679796431,13.205549282279891,3.764110669409917
2014-12-31,45.33,47.4458,4.6675,13.8904,15.6918,2.0282,1.724,35176080000.0,3.2324,23.7028,9.0,6.0,20.2004,17.2027,6.803876587301588,6.387542229154295,9.668203174603171,5.9711448306659225,13.191418816455885,3.6970583439372495
2015-01-02,45.61,48.3801,6.0734,13.8729,15.6918,2.0424,1.7245,35393360000.0,3.2347,23.8713,10.0,6.0,20.2004,17.9379,6.798259325396826,6.386936068112841,9.635030158730158,5.979473592620148,13.185195393509666,3.65555656611001
2015-01-05,45.39,48.3352,6.4887,13.806,15.6957,2.0325,1.7251,35222640000.0,3.2347,23.8713,10.0,6.0,20.2004,17.9379,6.788902182539682,6.3839214665428505,9.600039682539682,5.984923961395936,13.172823649082533,3.615115721143747
2015-01-06,45.83,48.3352,5.4663,13.9398,15.6957,2.0522,1.7251,35564080000.0,3.2347,23.8713,10.0,6.0,20.2004,17.9379,6.777027380952381,6.380797358741437,9.544127777777778,5.990414615735771,13.15782473969382,3.5537131620420066
2015-01-07,46.0,48.7897,6.0646,13.9187,15.6918,2.0598,1.7251,35696000000.0,2.7753,24.4074,11.0,6.0,20.2004,18.794,6.76555376984127,6.3768599955063525,9.489583333333334,5.990561056098045,13.142413765347625,3.499022277235289
2015-01-08,46.68,48.7897,4.5195,14.1245,15.6918,2.0903,1.726,36223680000.0,2.7753,24.4074,11.0,6.0,20.2004,18.794,6.749279761904761,6.372093969252696,9.409489682539682,5.988999367825248,13.121373731157457,3.420490314714434
2015-01-09,46.3,49.2787,6.4335,13.9437,15.6918,2.0735,1.7273,35928800000.0,2.7752,24.4336,11.0,5.0,18.0405,18.8078,6.737406150793651,6.367083914688037,9.353731746031745,5.983698142034126,13.104490065481688,3.3700336039976184
2015-01-12,46.29,49.5059,6.9473,13.9642,15.6957,2.0746,1.7277,35921040000.0,2.774,24.4239,11.0,5.0,17.9855,18.7995,6.7267922619047615,6.36225505966646,9.304248412698412,5.977561812521556,13.089047321571222,3.326686600176856
2015-01-13,45.96,49.5059,7.7152,13.8647,15.6957,2.0599,1.7278,35664960000.0,2.774,24.4239,11.0,5.0,17.9855,18.7995,6.716828373015873,6.356753723857112,9.25398968253968,5.963965913770066,13.073582096872984,3.2900237687696148
2015-01-14,45.48,49.4495,8.728,13.7199,15.6918,2.0383,1.7278,35292480000.0,2.774,24.4239,11.0,5.0,17.9855,18.7995,6.710891666666667,6.3534681169240725,9.214971428571427,5.95108137574808,13.06435978359074,3.2638900528233474
2015-01-15,45.17,49.4495,9.4742,13.6264,15.688,2.0244,1.7278,35051920000.0,2.774,24.4239,11.0,5.0,17.9855,18.7995,6.708084126984128,6.3519305416000496,9.164612698412698,5.9215203311848885,13.060014668584175,3.24309236722781
2015-01-16,45.46,49.4495,8.7758,13.7143,15.688,2.0374,1.7278,35276960000.0,2.774,24.4237,11.0,5.0,17.9855,18.7995,6.7048797619047615,6.350476218449913,9.120266666666666,5.903169573779711,13.055355980354674,3.217097092886955
2015-01-20,45.38,49.4495,8.9676,13.6901,15.6957,2.0339,1.7287,35214880000.0,2.774,24.4237,11.0,5.0,17.9855,18.7995,6.704177976190476,6.350206043047225,9.07068253968254,5.877749018174495,13.054384019237702,3.1929335215080457
2015-01-21,45.63,49.4495,8.3706,13.7655,15.6918,2.0451,1.7287,35408880000.0,2.774,24.4237,11.0,5.0,17.9855,18.7995,6.7044468253968255,6.350273854653248,9.019126984126984,5.854949524324233,13.054720680050076,3.164177459802751
2015-01-22,46.25,49.4495,6.9178,13.953,15.6918,2.0729,1.7292,35890000000.0,2.774,24.4236,11.0,5.0,17.9855,18.7995,6.700011309523809,6.349340641515183,8.959538095238095,5.837662638787521,13.049351951038991,3.1218754564505744
2015-01-23,46.38,49.3586,6.4222,14.0125,15.6918,2.0801,1.7298,35990880000.0,2.7295,24.3053,11.0,5.0,17.9855,18.7995,6.6959367063492055,6.348857704239959,8.913343650793651,5.834503024792935,13.044794410589166,3.0788406260007166
2015-01-26,46.76,49.3586,5.5573,14.1273,15.6957,2.0972,1.7302,36285760000.0,2.7295,24.3053,11.0,5.0,17.9855,18.7995,6.691418650793652,6.348856155271181,8.847413492063492,5.825035332470958,13.040274806064833,3.0223781595925336
2015-01-27,46.12,49.3586,7.0221,13.934,15.6957,2.0685,1.7306,35789120000.0,2.7295,24.3053,11.0,5.0,17.9855,18.7995,6.691240873015873,6.3488456178080765,8.78857142857143,5.8055425598901325,13.040086490823947,2.9830288686812976
2015-01-28,45.16,49.2974,9.1616,13.6439,15.6918,2.0254,1.7311,35044160000.0,2.7295,24.3053,11.0,5.0,17.9855,18.7995,6.694818055555555,6.349730287261259,8.742460317460317,5.779053178008595,13.044548342816814,2.9634071394517223
2015-01-29,44.88,49.3197,9.8924,13.5593,15.6918,2.0129,1.7318,34826880000.0,2.7295,24.3053,11.0,5.0,17.9855,18.7995,6.6981398809523816,6.35096662403578,8.707238095238093,5.758210089558705,13.049106504988162,2.949028005679388
2015-01-30,43.96,49.2132,11.95,13.2814,15.6918,1.9716,1.7318,34112960000.0,2.7295,24.3053,11.0,5.0,17.9855,18.7995,6.706056746031745,6.355028263560091,8.67982857142857,5.734249739881904,13.061085009591835,2.945578831546668
2015-02-02,43.51,49.2132,13.1078,13.1351,15.6957,1.9541,1.7321,33763760000.0,2.7267,24.3094,11.0,5.0,17.9855,18.7995,6.715581944444445,6.361027668324169,8.665481746031746,5.720769114703255,13.076609612768614,2.944712631328492
2015-02-03,43.69,49.2132,12.6418,13.1894,15.6957,1.9622,1.7322,33903440000.0,2.7267,24.3094,11.0,5.0,17.9855,18.7995,6.725960515873015,6.366429518822701,8.644171428571429,5.700722270966695,13.092390034695716,2.943449157604734
2015-02-04,43.46,49.2132,13.2379,13.12,15.6918,1.9519,1.7323,33724960000.0,2.7267,24.3094,11.0,5.0,17.9855,18.7995,6.73303492063492,6.37168895186295,8.619453968253968,5.673721471762838,13.104723872497871,2.9457324964911296
2015-02-05,43.7,49.2132,12.616,13.1925,15.6918,1.9627,1.7324,33911200000.0,2.7267,24.3094,11.0,5.0,17.9855,18.7995,6.739270436507936,6.375912352600848,8.596170634920634,5.651028353283085,13.115182789108784,2.945142281637549
2015-02-06,43.33,49.3932,13.9931,13.1176,15.6918,1.9446,1.733,33624080000.0,2.7286,24.2937,11.0,5.0,17.8855,18.7995,6.7495819444444445,6.383443396287547,8.582996031746031,5.63636046105487,13.133025340731992,2.9466355706911616
2015-02-09,42.65,49.3932,15.8106,12.9117,15.6957,1.9141,1.734,33096400000.0,2.7286,24.2937,11.0,5.0,17.8855,18.7995,6.764496428571428,6.395827647559056,8.587519841269842,5.641972630788075,13.160324076130484,2.9455472104817666
2015-02-10,43.55,49.3932,13.4172,13.1591,15.6957,1.9544,1.734,33794800000.0,2.8851,24.3682,12.0,5.0,17.8855,18.0348,6.774827182539683,6.402369596101279,8.583221428571427,5.638052662181835,13.177196778640962,2.9451687663895925
2015-02-11,44.07,49.3932,12.079,13.3162,15.6918,1.9778,1.734,34198320000.0,2.8851,24.3682,12.0,5.0,17.8855,18.0348,6.780958333333333,6.405972675416145,8.570505555555554,5.628261142929264,13.18693100874948,2.94224441262629
2015-02-12,44.37,49.3932,11.3212,13.4069,15.6918,1.9912,1.7341,34431120000.0,2.8851,24.3682,12.0,5.0,17.8855,18.0348,6.786143055555555,6.408592453313964,8.553481746031744,5.616566507315895,13.19473550886952,2.9369152387158497
2015-02-13,43.48,49.3932,13.5998,13.1379,15.6918,1.9513,1.7343,33740480000.0,2.8851,24.3682,12.0,5.0,17.8855,18.0348,6.787104761904762,6.4095803894701255,8.565831746031746,5.6260052634264985,13.196685151374886,2.939826482605248
2015-02-17,43.29,49.3932,14.0984,13.0805,15.6957,1.9428,1.7345,33593040000.0,2.8851,24.3682,12.0,5.0,17.8855,18.0348,6.790371031746032,6.412891604839346,8.578566666666667,5.636773435531938,13.20326263658538,2.941793231134729
2015-02-18,43.87,49.3932,12.5899,13.2558,15.6957,1.9688,1.7346,34043120000.0,2.8851,24.3682,12.0,5.0,17.8855,18.0348,6.788250396825397,6.4107922225039,8.591591269841269,5.644185156296851,13.199042619329298,2.9474061135444174
2015-02-19,43.7,49.3932,13.0279,13.2044,15.6957,1.9612,1.7347,33911200000.0,2.8851,24.3682,12.0,5.0,17.8855,18.0348,6.784578174603174,6.406677413483106,8.606694444444445,5.653556544693563,13.19125558808628,2.9531378997508817
2015-02-20,43.27,49.3932,14.1511,13.0745,15.6957,1.9419,1.735,33577520000.0,2.8851,24.3682,12.0,5.0,17.8855,18.0348,6.776186507936509,6.394216297497199,8.629310317460318,5.670098207471475,13.170402805433708,2.959212109988843
2015-02-23,43.52,49.4511,13.6284,13.15,15.6957,1.9531,1.7358,33771520000.0,2.8851,24.3682,12.0,5.0,17.8855,18.0348,6.766292857142857,6.37970342804484,8.648479365079362,5.682971293136129,13.145996285187696,2.9655080719432334
2015-02-24,43.59,49.4511,13.446,13.1712,15.6957,1.9562,1.7368,33825840000.0,2.8851,24.3682,12.0,5.0,17.8855,18.0348,6.75384007936508,6.360460391311426,8.669460317460318,5.695852318816845,13.114300470676506,2.973607998643473
2015-02-25,43.89,49.4511,12.6705,13.2618,15.6957,1.9697,1.7378,34058640000.0,2.8851,24.3682,12.0,5.0,17.8855,18.0348,6.73598492063492,6.331068873393358,8.681726984126984,5.702842715606364,13.067053794028276,2.97888426852062
2015-02-26,43.77,49.4511,12.9794,13.2256,15.6957,1.9643,1.7385,33965520000.0,2.8851,24.3682,12.0,5.0,17.8855,18.0348,6.72005376984127,6.305131514716863,8.701318253968253,5.713407136375165,13.025185284558134,2.9879111175930886
2015-02-27,43.99,49.4511,12.4144,13.292,15.6957,1.9742,1.739,34136240000.0,2.8851,24.3682,12.0,6.0,19.0713,18.0348,6.709215079365079,6.290592624290613,8.71341507936508,5.719688783856105,12.999807703655692,2.9937262955089743
2015-03-02,45.19,49.1868,8.8444,13.7168,15.6957,2.028,1.7394,35067440000.0,3.3107,23.8799,11.0,6.0,19.0713,17.2088,6.691975,6.272750035900523,8.682774603174602,5.708464093171505,12.964725035900525,2.9743105100030967
2015-03-03,44.69,49.4619,10.6778,13.6088,15.6957,2.0082,1.7396,34679440000.0,3.8736,23.5476,11.0,5.0,19.3055,17.2088,6.680630753968254,6.260324452118216,8.682681746031745,5.708431284552934,12.94095520608647,2.9742504614788112
2015-03-04,44.59,49.4619,10.926,13.5784,15.6957,2.0037,1.7398,34601840000.0,3.8736,23.5476,11.0,5.0,19.3055,17.2088,6.671226984126983,6.250352964209315,8.686178571428572,5.709679226921218,12.921579948336298,2.9764993445073538
2015-03-05,45.47,49.4619,8.7792,13.8463,15.6957,2.0433,1.7398,35284720000.0,3.8736,23.5476,11.0,5.0,19.3055,17.2088,6.657944047619047,6.238711660299702,8.678603968253967,5.708911589035397,12.89665570791875,2.9696923792185697
2015-03-06,44.4,49.4619,11.4007,13.5205,15.6957,1.9952,1.7402,34454400000.0,3.8736,23.5476,11.0,5.0,19.3055,17.2088,6.649559523809524,6.229467181462344,8.71144126984127,5.712603270317457,12.879026705271867,2.998837999523813
2015-03-09,44.99,49.4502,9.9138,13.7002,15.6957,2.0217,1.7413,34912240000.0,3.8736,23.5497,11.0,5.0,19.3055,17.2088,6.638857936507936,6.219188674951579,8.737672222222223,5.710458451124634,12.858046611459514,3.027213771097589
2015-03-10,44.07,49.4502,12.2083,13.42,15.6957,1.9804,1.7414,34198320000.0,3.8736,23.5497,11.0,5.0,19.3055,17.2088,6.629052976190476,6.206466667822816,8.777571428571427,5.717054072675514,12.835519644013292,3.0605173558959136
2015-03-11,43.84,49.3872,12.6533,13.424,15.6918,1.9708,1.7415,34019840000.0,3.8761,23.5258,11.0,5.0,19.3055,17.2088,6.6199353174603175,6.194198178378047,8.811777777777777,5.727319554316901,12.814133495838364,3.084458223460876
2015-03-12,45.29,49.3838,9.0391,13.8607,15.6918,2.0359,1.7421,35145040000.0,3.8761,23.5282,11.0,5.0,19.3055,17.2088,6.602306746031745,6.174575254202721,8.81858492063492,5.727074031594958,12.776882000234464,3.091510889039963
2015-03-13,45.33,49.3838,8.9429,13.873,15.6918,2.0377,1.7423,35176080000.0,3.8761,23.5282,11.0,5.0,19.3055,17.2088,6.586911706349206,6.158996885373055,8.834168253968254,5.724700429271619,12.745908591722262,3.109467824696636
2015-03-16,46.3,49.3838,6.6605,14.1699,15.6957,2.0814,1.7425,35928800000.0,3.8761,23.5282,11.0,5.0,19.3055,17.2088,6.567117658730159,6.142643492633886,8.829470634920636,5.726251435598102,12.709761151364043,3.1032191993225338
2015-03-17,45.67,49.3838,8.1318,13.9664,15.6957,2.0533,1.7426,35439920000.0,3.8761,23.5332,11.0,5.0,19.3055,17.2088,6.556865873015873,6.135694186745604,8.841417460317459,5.723188006068928,12.692560059761476,3.1182294542485307
2015-03-18,46.72,49.5482,6.0535,14.3507,15.6918,2.1055,1.7428,36254720000.0,3.8497,23.4639,12.0,5.0,19.3055,17.2088,6.537809325396825,6.1222716181147865,8.839038888888888,5.724292559874459,12.660080943511613,3.1147463290144293
2015-03-19,46.68,49.5338,6.1135,14.4039,15.6918,2.1062,1.7435,36223680000.0,3.8502,23.4395,12.0,5.0,19.3055,17.2088,6.513965674603175,6.100394326558948,8.841600793650791,5.7229894489853725,12.614360001162122,3.1186113446654185
2015-03-20,46.88,49.7645,6.1529,14.5247,15.6918,2.1183,1.7438,36378880000.0,3.8512,23.4169,12.0,5.0,19.3055,17.2088,6.4931962301587305,6.083713025668689,8.85287619047619,5.716223891534262,12.57690925582742,3.136652298941928
2015-03-23,46.06,49.7645,8.0693,14.2866,15.6957,2.0856,1.7443,35742560000.0,3.7383,23.3815,12.0,5.0,19.3055,17.2088,6.476160317460318,6.0671989448764405,8.891664285714286,5.693974030913104,12.543359262336756,3.1976902548011825
2015-03-24,45.39,49.6554,9.3972,14.1367,15.6957,2.0576,1.7444,35222640000.0,3.8179,23.293,13.0,5.0,19.3055,17.2088,6.464464285714286,6.055841654269218,8.933277777777777,5.678209927079198,12.520305939983505,3.255067850698578
2015-03-25,44.4,49.5808,11.6685,13.8439,15.6918,2.0126,1.7446,34454400000.0,3.8905,23.1121,14.0,5.0,19.3055,16.1786,6.454554761904762,6.043193290693456,8.975272222222221,5.678721122782906,12.49774805259822,3.2965510994393155
2015-03-26,44.42,49.5808,11.6182,13.8501,15.6918,2.0135,1.745,34469920000.0,3.8905,23.1121,14.0,5.0,19.3055,16.1196,6.445436507936508,6.031895275718111,9.024642063492063,5.674407399873139,12.47733178365462,3.3502346636189246
2015-03-27,47.12,50.5815,7.3461,14.5765,15.6918,2.1618,1.7454,36706480000.0,3.5903,23.9874,14.0,6.0,20.5879,16.3598,6.42770615079365,6.016035964449177,9.02654126984127,5.673800382999185,12.443742115242827,3.352740886842084
2015-03-30,47.72,50.7633,6.3774,14.7471,15.6957,2.1977,1.7472,37173880000.0,3.4529,23.8342,14.0,6.0,20.5866,16.3607,6.412527579365079,6.006466610836034,9.029280158730156,5.67242655078774,12.418994190201111,3.3568536079424165
2015-03-31,47.84,50.8274,6.2446,14.7841,15.6918,2.2032,1.7475,37267360000.0,3.4529,23.8342,14.0,6.0,20.5866,16.3607,6.394820436507937,5.993742240643379,9.021175396825395,5.675694971714774,12.388562677151317,3.3454804251106225
2015-04-01,47.48,50.7633,6.9151,14.6733,15.688,2.1903,1.7479,36986920000.0,3.451,24.257,14.0,6.0,20.5866,16.6119,6.380216269841269,5.9834603664160495,9.01351746031746,5.677897540210744,12.36367663625732,3.3356199201067147
2015-04-02,47.97,50.8542,6.0125,14.8463,15.688,2.2129,1.7486,37368630000.0,3.451,24.165,14.0,6.0,20.5866,16.6119,6.359843452380953,5.96714276435656,8.976164285714285,5.682067716618028,12.326986216737511,3.294096569096257
2015-04-06,47.76,50.8542,6.4786,14.7558,15.6957,2.2034,1.7491,37205040000.0,3.4511,24.1716,14.0,6.0,20.5866,16.5924,6.33670119047619,5.943928632992765,8.929924603174603,5.678468316039843,12.280629823468956,3.2514562871347605
2015-04-07,48.71,51.0576,4.8195,15.0363,15.6957,2.251,1.7493,37945090000.0,3.3882,24.3369,14.0,6.0,20.5866,16.5924,6.313411111111112,5.926772219713415,8.893036507936507,5.690033785820172,12.240183330824529,3.203002722116336
2015-04-08,48.61,51.2067,5.3419,15.0054,15.6918,2.2464,1.7495,37867190000.0,3.3882,24.3369,14.0,6.0,20.5866,16.5924,6.292459920634921,5.911455561356675,8.85853492063492,5.698341813956874,12.203915481991595,3.160193106678045
2015-04-09,48.51,51.2067,5.5591,15.0251,15.6918,2.2417,1.7496,37789290000.0,3.3882,24.323,14.0,6.0,20.5866,16.5924,6.273227380952381,5.898000133680927,8.775398412698411,5.669152475183217,12.171227514633308,3.1062459375151947
2015-04-10,48.33,51.2522,6.0463,15.0005,15.6918,2.2358,1.7498,37649070000.0,3.3909,24.3147,14.0,6.0,20.5866,16.5924,6.255968055555556,5.885874933265949,8.704196031746033,5.646416797770304,12.141842988821503,3.0577792339757286
2015-04-13,47.83,51.2522,7.1549,14.8453,15.6957,2.2127,1.7507,37259570000.0,3.3909,24.3147,14.0,6.0,20.5866,16.5924,6.241008333333333,5.873953900173135,8.58883650793651,5.526184988298441,12.114962233506468,3.0626515196380684
2015-04-14,47.49,51.2522,7.9221,14.7397,15.6957,2.197,1.7512,36994710000.0,3.3909,24.3147,14.0,6.0,20.5866,16.5924,6.228694444444445,5.86388303398598,8.475214285714285,5.3887621053849495,12.092577478430425,3.086452180329336
2015-04-15,47.01,51.2522,9.024,14.5908,15.6918,2.1748,1.7519,36620790000.0,3.3909,24.3147,14.0,6.0,20.5866,16.5924,6.212013095238095,5.843875039563754,8.323662698412697,5.092232421839758,12.05588813480185,3.2314302765729392
2015-04-16,47.27,51.2522,8.4244,14.6715,15.6918,2.1868,1.7524,36823330000.0,3.3909,24.3147,14.0,6.0,20.5866,16.5924,6.195121230158731,5.825083991148916,8.189661111111112,4.858488178863267,12.020205221307648,3.3311729322478456
2015-04-17,47.01,51.2522,9.024,14.5908,15.6918,2.1748,1.7536,36620790000.0,3.3909,24.3147,14.0,6.0,20.5866,16.5924,6.178860515873015,5.805654872043822,8.053770634920635,4.583924529589176,11.984515387916836,3.4698461053314595
2015-04-20,46.49,51.1158,9.9501,14.463,15.6957,2.1518,1.7554,36215710000.0,3.3626,24.1616,14.0,6.0,20.5866,16.3005,6.164583928571428,5.787451887315268,7.93331111111111,4.323687264975822,11.952035815886696,3.609623846135288
2015-04-21,46.59,51.1158,9.7141,14.4942,15.6957,2.1564,1.7557,36293610000.0,3.3626,24.1616,14.0,6.0,20.5866,16.3005,6.151781547619048,5.772399814004382,7.818512698412698,4.073702965567816,11.924181361623427,3.7448097328448826
2015-04-22,46.62,51.1158,9.6435,14.5035,15.6957,2.1578,1.7558,36316980000.0,3.3626,24.1616,14.0,6.0,20.5866,16.3005,6.137240277777778,5.754290216114792,7.73059126984127,3.909218741201588,11.89153049389257,3.8213725286396816
2015-04-23,46.29,51.1158,10.4251,14.4008,15.6957,2.1425,1.7558,36059910000.0,3.3626,24.1616,14.0,6.0,20.5866,16.3005,6.126810912698413,5.741707052803722,7.701316666666666,3.8746945311906273,11.868517965502136,3.826622135476039
2015-04-24,46.38,51.1158,10.2109,14.4288,15.6957,2.1467,1.7558,36130020000.0,3.3626,24.1616,14.0,6.0,20.5866,16.3005,6.114509920634921,5.726251630822831,7.664585714285714,3.828147023690815,11.840761551457753,3.8364386905948993
2015-04-27,45.82,51.1158,11.5578,14.2546,15.6957,2.1207,1.7561,35693780000.0,3.3626,24.1616,14.0,6.0,20.5866,16.3005,6.113240476190477,5.72497117336765,7.640230952380951,3.793101985308706,11.838211649558126,3.847128967072245
2015-04-28,45.42,51.1158,12.5403,14.1302,15.6957,2.1022,1.7562,35382180000.0,3.3626,24.1616,14.0,6.0,20.5866,16.3005,6.11295138888889,5.724642285611055,7.63996984126984,3.7927608079869386,11.837593674499946,3.8472090332829016
2015-04-29,44.4,51.1158,15.1257,13.8128,15.6957,2.055,1.7562,34587600000.0,3.3626,24.1616,14.0,6.0,20.5866,16.3005,6.1201035714285705,5.7336570587141695,7.655799206349206,3.819927008736937,11.85376063014274,3.835872197612269
2015-04-30,43.97,51.199,16.4408,13.6791,15.6957,2.0351,1.7563,34252630000.0,3.3626,24.1616,14.0,7.0,21.36,16.3005,6.127915476190476,5.745042481135852,7.699522222222222,3.888633829485721,11.872957957326328,3.810888392736501
2015-05-01,44.53,51.199,14.9764,13.8533,15.6957,2.061,1.7571,34688870000.0,3.3626,24.1616,14.0,7.0,21.36,16.3005,6.129005952380953,5.746672766982384,7.738106349206348,3.936613707576338,11.875678719363336,3.8014926416300105
2015-05-04,44.33,51.199,15.4952,13.7911,15.6957,2.0518,1.7578,34533070000.0,3.3626,24.1616,14.0,7.0,21.36,16.3005,6.134227777777777,5.753995322814379,7.795857142857143,3.996635919038301,11.888223100592157,3.799221223818842
2015-05-05,43.4,51.199,17.97,13.5017,15.6957,2.0087,1.7579,33808600000.0,3.3626,24.1616,14.0,7.0,21.36,16.3005,6.150316468253968,5.775732541112442,7.874960317460316,4.098115847109651,11.926049009366409,3.7768444703506656
2015-05-06,43.45,51.199,17.8343,13.5173,15.6957,2.011,1.758,33847550000.0,3.3626,24.1616,14.0,7.0,21.36,16.3005,6.1643323412698425,5.795503272890673,7.9512753968253955,4.19299961632581,11.959835614160514,3.758275780499585
2015-05-07,44.48,51.199,15.1057,13.8377,15.6957,2.0587,1.7588,34649920000.0,3.3626,24.1616,14.0,7.0,21.36,16.3005,6.176051587301587,5.807611561670367,8.003785714285714,4.240947547059835,11.983663148971951,3.762838167225879
2015-05-08,46.16,51.199,10.9164,14.3604,15.6957,2.1365,1.7593,35958640000.0,3.3626,24.1616,14.0,7.0,21.36,16.3005,6.179884523809523,5.8101057904840445,8.023478571428571,4.248720219729194,11.989990314293568,3.7747583516993775
2015-05-11,46.23,51.199,10.7484,14.3822,15.6957,2.1397,1.76,36013170000.0,3.3626,24.1616,14.0,7.0,21.36,16.3005,6.180989682539682,5.810923267468569,8.054141269841269,4.25437497969816,11.99191295000825,3.7997662901431086
2015-05-12,45.8,51.199,11.7882,14.2484,15.6957,2.1198,1.76,35678200000.0,3.3626,24.1616,14.0,7.0,21.36,16.3005,6.183535515873015,5.813102139026404,8.089486507936508,4.266831608889089,11.99663765489942,3.8226548990474174
2015-05-13,45.77,51.199,11.8615,14.239,15.6957,2.1184,1.7602,35654830000.0,3.3626,24.1616,14.0,7.0,21.36,16.3005,6.184147023809524,5.813684314526768,8.123511904761903,4.27976475268626,11.997831338336292,3.843747152075643
2015-05-14,47.37,51.199,8.0832,14.7368,15.6957,2.1925,1.7608,36901230000.0,3.3626,24.1616,14.0,7.0,21.36,16.3005,6.179839880952381,5.811466826781466,8.134275396825396,4.277929475242479,11.991306707733846,3.8563459215829177
2015-05-15,47.9,51.199,6.8873,14.9017,15.6957,2.217,1.7616,37314100000.0,3.3626,24.1616,14.0,7.0,21.36,16.3005,6.17222380952381,5.808011586727129,8.131357142857143,4.2786594384394645,11.980235396250938,3.852697704417678
2015-05-18,47.91,51.199,6.865,14.9048,15.6957,2.2175,1.7626,37321890000.0,3.3626,24.1616,14.0,7.0,21.36,16.3005,6.163997817460317,5.804079483096003,8.13804365079365,4.275994922681493,11.96807730055632,3.862048728112157
2015-05-19,48.36,51.199,5.8706,15.0448,15.6957,2.2383,1.7626,37672440000.0,3.3626,24.1616,14.0,7.0,21.36,16.3005,6.154050595238096,5.800268920079957,8.149003968253968,4.268331379626313,11.954319515318051,3.880672588627655
2015-05-20,47.52,51.199,7.742,14.7835,15.6957,2.1994,1.7626,37018080000.0,3.3626,24.1616,14.0,7.0,21.36,16.3005,6.158385515873015,5.800638378010748,8.175015873015873,4.2556657993861045,11.959023893883764,3.9193500736297686
2015-05-21,47.4,51.199,8.0148,14.7461,15.6957,2.1939,1.7627,36924600000.0,3.3626,24.1616,14.0,7.0,21.36,16.3005,6.1553884920634925,5.79928538951221,8.218100000000002,4.226008371293003,11.954673881575705,3.992091628706999
2015-05-22,47.35,51.199,8.1288,14.7306,15.6957,2.1916,1.7631,36885650000.0,3.3626,24.1616,14.0,7.0,21.36,16.3005,6.152066666666667,5.797671152639863,8.248776984126984,4.211074809939212,11.949737819306533,4.037702174187772
2015-05-26,46.95,51.199,9.0501,14.6061,15.6957,2.173,1.7635,36574050000.0,3.3626,24.1616,14.0,7.0,21.36,16.3005,6.150242658730159,5.796612306061388,8.286964285714284,4.196207751700674,11.946854964791548,4.090756534013609
2015-05-27,47.59,51.1158,7.4087,14.8668,15.6957,2.2027,1.7635,37072610000.0,3.3701,23.9811,14.0,7.0,21.36,16.3005,6.144374603174603,5.793832211033517,8.313001587301587,4.180343412285168,11.93820681420812,4.132658175016419
2015-05-28,47.15,51.1158,8.411,14.7298,15.6957,2.1823,1.7637,36729850000.0,3.3701,23.9831,14.0,7.0,21.36,16.3005,6.141355357142857,5.792250411090644,8.350976984126984,4.159105412757,11.933605768233502,4.191871571369984
2015-05-29,46.33,51.1158,10.3298,14.4736,15.6957,2.1444,1.7642,36091070000.0,3.3701,23.9831,14.0,7.0,21.36,16.3005,6.14338115079365,5.793538802137085,8.409435714285713,4.134474915622639,11.936919952930737,4.274960798663074
2015-06-01,46.78,51.1158,9.2685,14.6142,15.698,2.1652,1.7647,36441620000.0,3.3701,23.9831,14.0,7.0,21.36,16.3005,6.145954761904762,5.794640455479941,8.456754761904763,4.109646432667375,11.940595217384704,4.347108329237388
2015-06-02,47.03,51.1919,8.8495,14.6923,15.6957,2.1768,1.7648,36636370000.0,3.3701,23.9831,14.0,7.0,21.0742,16.3005,6.144972817460317,5.794139288425031,8.539527777777776,4.009694015570361,11.939112105885348,4.529833762207415
2015-06-03,47.82,51.1919,7.0512,14.9391,15.6957,2.2133,1.7649,37251780000.0,3.3701,23.9831,14.0,7.0,21.0742,16.3005,6.137597817460317,5.790607463466748,8.575413492063491,3.97556475399094,11.928205280927063,4.599848738072551
2015-06-04,47.39,51.1919,8.0226,14.8047,15.6957,2.1934,1.7651,36916810000.0,3.3701,23.9831,14.0,7.0,21.0742,16.3005,6.130057539682539,5.785661772508384,8.62932380952381,3.9208389171996223,11.915719312190925,4.708484892324186
2015-06-05,47.25,51.1919,8.3426,14.761,15.6957,2.187,1.7652,36807750000.0,3.3701,23.9831,14.0,7.0,21.0742,15.7271,6.122049603174603,5.779786099593553,8.689321428571429,3.857133139285664,11.901835702768157,4.8321882892857655
2015-06-08,47.02,51.1919,8.8726,14.6434,15.6957,2.1758,1.7654,36628580000.0,3.837,23.9957,14.0,7.0,21.0742,15.7271,6.115246031746032,5.774513279004997,8.763619841269842,3.768056222022398,11.889759310751028,4.995563619247443
2015-06-09,47.2,51.1158,8.2962,14.7183,15.6957,2.1842,1.7654,36768800000.0,3.837,23.9908,14.0,7.0,21.0742,15.7271,6.110568650793651,5.771783991317773,8.835657936507937,3.6696086277279,11.882352642111425,5.166049308780037
2015-06-10,47.0,51.1158,8.757,14.6559,15.6957,2.1749,1.7654,36613000000.0,3.837,23.9908,14.0,7.0,21.0742,15.7271,6.104997023809524,5.767862174379051,8.901525396825395,3.591682379229596,11.872859198188577,5.309843017595799
2015-06-11,47.83,51.6359,7.9571,14.9147,15.6957,2.2128,1.7657,37259570000.0,3.8365,23.9908,14.0,7.0,21.0742,15.7271,6.096948412698413,5.762428487089613,8.95531111111111,3.525257224707735,11.859376899788025,5.430053886403375
2015-06-12,47.42,51.6359,8.8906,14.7813,15.6957,2.1938,1.7662,36940180000.0,3.8365,23.9927,14.0,7.0,21.0742,15.7271,6.092511507936508,5.759408059415024,9.005110317460316,3.479003755969692,11.851919567351532,5.526106561490623
2015-06-15,47.23,51.6359,9.3286,14.7221,15.6957,2.185,1.7681,36792170000.0,3.8358,23.8649,15.0,7.0,21.0742,15.7271,6.096294047619048,5.7609089062305365,9.06268888888889,3.4229529492112625,11.857202953849583,5.639735939677626
2015-06-16,47.45,51.6359,8.8217,14.787,15.6957,2.195,1.7683,36963550000.0,3.8356,23.8653,15.0,7.0,21.0742,15.7271,6.098567063492063,5.761759411751796,9.105303968253969,3.3857673044293297,11.86032647524386,5.719536663824639
2015-06-17,47.58,51.6373,8.5273,14.8331,15.6957,2.201,1.7685,37064820000.0,3.8351,23.8434,15.0,7.0,21.0742,15.7271,6.099368452380952,5.762069681036444,9.146444444444445,3.346462163002506,11.861438133417394,5.799982281441938
2015-06-18,48.62,51.92,6.7873,15.1356,15.6957,2.2488,1.7686,37874980000.0,3.8585,23.8743,15.0,7.0,21.0742,15.7271,6.100170634920635,5.7621373885685605,9.1558,3.338129547324148,11.862308023489197,5.817670452675851
2015-06-19,48.92,52.0877,6.4753,15.1982,15.6957,2.2613,1.7689,38108680000.0,3.8944,24.0018,15.0,7.0,21.0742,16.0232,6.097325595238095,5.761596376198497,9.1906746031746,3.286175970356481,11.858921971436592,5.90449863281812
2015-06-22,49.92,52.0877,4.3423,15.5079,15.6957,2.3065,1.7691,38887680000.0,3.8936,24.002,15.0,7.0,21.0576,16.0222,6.087755357142857,5.7604953764132425,9.20661746031746,3.257389052921253,11.8482507335561,5.949228407396207
2015-06-23,49.48,53.0717,7.2589,15.4076,15.6957,2.2805,1.7696,38594400000.0,4.0554,24.0354,15.0,7.0,21.129,15.8124,6.084227777777778,5.759230098129468,9.232030158730158,3.2292606858972683,11.843457875907244,6.00276947283289
2015-06-24,49.84,53.0717,6.4841,15.5207,15.6957,2.2972,1.77,38875200000.0,4.0548,24.0352,15.0,7.0,21.0864,15.8093,6.080465674603174,5.758346545110684,9.250933333333332,3.205879021123305,11.83881221971386,6.045054312210027
2015-06-25,50.04,53.0717,6.0586,15.5825,15.6957,2.3064,1.7701,39031200000.0,4.0548,24.0374,15.0,7.0,21.0864,15.8273,6.08270873015873,5.758116948258484,9.267119047619047,3.184329739903329,11.840825678417216,6.082789307715718
2015-06-26,50.6,53.0724,4.8862,15.7814,15.6957,2.3325,1.7703,39468000000.0,4.0483,23.9067,15.0,7.0,21.0864,15.8273,6.082096626984127,5.758227929738536,9.273870634920634,3.174033845844954,11.840324556722663,6.099836789075679
2015-06-29,48.95,53.0724,8.4217,15.2668,15.6957,2.2564,1.7718,38181000000.0,4.0483,23.9067,15.0,7.0,21.0864,15.8273,6.085667857142858,5.759121393194159,9.315715873015872,3.127050152726136,11.844789250337016,6.188665720289736
2015-06-30,49.39,53.0739,7.4588,15.404,15.6957,2.2767,1.7719,38524200000.0,4.0483,23.9067,15.0,7.0,21.3721,15.8273,6.087328571428572,5.759396974009441,9.35294761904762,3.0759726731089145,11.846725545438012,6.276974945938704
2015-07-01,49.63,53.0724,6.9361,15.4794,15.6957,2.2878,1.772,38711400000.0,4.0768,23.9721,15.0,7.0,21.3721,15.9589,6.089985317460317,5.759479219769984,9.37760238095238,3.043627019447817,11.8494645372303,6.333975361504564
2015-07-02,49.86,53.0724,6.4428,15.5511,15.6957,2.2984,1.7721,38890800000.0,4.0768,23.9721,15.0,7.0,21.3721,15.9589,6.093044841269841,5.759255813082741,9.391692063492064,3.0257047659702394,11.852300654352582,6.365987297521825
2015-07-06,49.36,53.0724,7.5211,15.3904,15.6957,2.2753,1.7735,38500800000.0,4.0768,23.9911,15.0,7.0,21.3721,15.9589,6.098064682539683,5.759396022863076,9.403181746031745,3.0157355125247043,11.857460705402758,6.38744623350704
2015-07-07,50.2,53.0724,5.7219,15.6523,15.6957,2.314,1.7736,39156000000.0,4.0768,23.9911,15.0,7.0,21.3721,15.9589,6.101729166666667,5.758566255781597,9.397096031746033,3.022430214390837,11.860295422448264,6.3746658173551936
2015-07-08,48.93,53.1633,8.6517,15.242,15.6957,2.2555,1.7737,38165400000.0,4.0768,24.0114,15.0,7.0,21.3721,15.9589,6.110667658730159,5.759021941305692,9.422376984126984,3.002544891205549,11.869689600035851,6.419832092921435
2015-07-09,49.2,53.1633,8.0555,15.308,15.6957,2.268,1.7739,38376000000.0,4.0768,24.0845,15.0,7.0,21.3721,15.9589,6.118717063492063,5.758899198433459,9.438177777777778,2.989945426361614,11.877616261925525,6.448232351416164
2015-07-10,50.58,53.1682,5.117,15.7374,15.6957,2.3316,1.7748,39452400000.0,4.0768,24.0845,15.0,7.0,21.3721,15.9589,6.122161309523809,5.757777635497002,9.44291984126984,2.982546642720225,11.879938945020813,6.460373198549616
2015-07-13,51.83,53.5773,3.3712,16.0888,15.7051,2.3892,1.7765,40427400000.0,4.0768,24.2119,15.0,7.0,21.3721,15.9589,6.125899007936508,5.755373907578908,9.418615873015872,3.019513613160991,11.881272915515416,6.399102259854881
2015-07-14,52.2,53.5773,2.6385,16.2036,15.7156,2.4062,1.7769,40716000000.0,4.0768,24.2119,15.0,7.0,21.3721,15.9589,6.128350595238095,5.753620970256965,9.384419047619048,3.071674500117615,11.88197156549506,6.312744547501433
2015-07-15,51.84,53.5773,3.3513,16.0919,15.7261,2.3896,1.7773,40435200000.0,4.0768,24.2119,15.0,7.0,21.3721,15.9589,6.132104761904762,5.751185120666992,9.34978492063492,3.114943495707315,11.883289882571756,6.234841424927604
2015-07-16,52.21,53.5773,2.6188,16.2067,15.7266,2.4067,1.7777,40723800000.0,4.0768,24.2119,15.0,7.0,21.3721,15.9589,6.135478174603176,5.74861907178431,9.301299206349206,3.1717281791095973,11.884097246387483,6.129571027239609
2015-07-17,52.1,53.5773,2.8355,16.1726,15.7374,2.4016,1.7777,40638000000.0,4.0768,24.2119,15.0,7.0,21.3721,15.9589,6.139557341269841,5.745539633744202,9.248611111111112,3.2235500176100995,11.885096975014044,6.025061093501012
2015-07-20,52.15,53.5773,2.7369,16.1881,15.7465,2.4039,1.7781,40677000000.0,4.0768,24.2119,15.0,7.0,21.3721,15.9589,6.145404365079364,5.740562396938064,9.200683333333334,3.2751167792246,11.885966762017429,5.925566554108734
2015-07-21,51.96,53.5773,3.1126,16.1291,15.7496,2.3952,1.7786,40528800000.0,4.0768,24.2119,15.0,7.0,21.3721,15.9589,6.151834722222223,5.735333647840356,9.15421507936508,3.3196832365768443,11.88716837006258,5.834531842788234
2015-07-22,52.37,53.5773,2.3053,16.2564,15.7526,2.4141,1.7792,40848600000.0,4.0768,24.2119,15.0,7.0,21.3721,15.9589,6.156012103174604,5.731755512196947,9.106077777777775,3.374656980373078,11.887767615371551,5.731420797404699
2015-07-23,51.81,53.5773,3.4111,16.0826,15.7526,2.3883,1.7798,40411800000.0,4.0768,24.2119,15.0,7.0,21.3721,15.9589,6.163520436507937,5.725660998089746,9.078246825396825,3.4071516953062657,11.889181434597685,5.671095130090559
2015-07-24,51.12,53.6357,4.9212,15.8684,15.7567,2.3564,1.7799,39873600000.0,4.0775,24.213,15.0,7.0,21.3721,16.6069,6.175095833333334,5.717217557970733,9.066334126984126,3.4191155662984767,11.892313391304068,5.6472185606856495
2015-07-27,50.85,53.5773,5.3634,15.7841,15.7643,2.344,1.78,39663000000.0,4.0775,24.2131,15.0,7.0,21.3721,16.6069,6.187495238095237,5.708643603761395,9.064795238095238,3.4207508055594555,11.896138841856631,5.644044432535782
2015-07-28,51.34,53.5773,4.3578,15.9362,15.7685,2.3666,1.7803,40045200000.0,4.0775,24.2131,15.0,7.0,21.3721,16.6069,6.200268253968255,5.697299614836329,9.04365,3.441649456054251,11.897567868804584,5.602000543945748
2015-07-29,52.1,53.5773,2.8355,16.1721,15.7742,2.4016,1.7806,40638000000.0,4.0775,24.2131,15.0,7.0,21.3721,16.6069,6.208293849206349,5.689684981225735,8.993442857142856,3.4857750599926978,11.897978830432084,5.507667797150159
2015-07-30,51.88,53.5773,3.2716,16.1038,15.7807,2.3915,1.7809,40466400000.0,4.0775,24.2131,15.0,7.0,21.3721,16.6069,6.216866865079364,5.681977900567321,8.940896825396825,3.521831269187717,11.898844765646686,5.419065556209108
2015-07-31,53.29,53.5773,0.5391,16.5415,15.782,2.4565,1.7812,41566200000.0,4.0775,24.2131,15.0,7.0,21.3721,16.6069,6.2201402777777774,5.678222051451364,8.850334126984125,3.5898902737137464,11.89836232922914,5.260443853270378
2015-08-03,52.22,53.5773,2.5992,16.2093,15.7867,2.4071,1.7818,40731600000.0,4.0775,24.2131,15.0,7.0,21.3721,16.6069,6.231039285714286,5.665951998142071,8.76693253968254,3.612188533791008,11.896991283856355,5.154744005891532
2015-08-04,51.87,53.5773,3.2915,16.1007,15.7957,2.391,1.782,40458600000.0,4.0775,24.2131,15.0,7.0,21.3721,16.6069,6.243260912698413,5.652913974865874,8.69272380952381,3.627958258005059,11.896174887564287,5.064765551518752
2015-08-05,52.63,53.7857,2.1959,16.331,15.8052,2.4259,1.7839,41051400000.0,4.0815,24.234,15.0,7.0,21.3721,16.6673,6.253206349206349,5.641340363538877,8.605088888888888,3.6505808507077457,11.894546712745225,4.954508038181142
2015-08-06,52.09,53.9111,3.4961,16.1429,15.809,2.4017,1.784,40630200000.0,4.0647,24.3084,15.0,7.0,21.3721,16.6673,6.264027976190477,5.63077905747189,8.53270873015873,3.66081611465008,11.894807033662367,4.871892615508649
2015-08-07,52.13,53.8821,3.361,16.1553,15.8134,2.4035,1.784,40661400000.0,4.0647,24.3084,15.0,7.0,21.3721,16.6673,6.27274126984127,5.622860995383055,8.448326984126984,3.656479587108968,11.895602265224326,4.791847397018016
2015-08-10,52.42,53.8821,2.7892,16.2452,15.8176,2.4169,1.784,40887600000.0,4.0647,24.3084,15.0,7.0,21.3721,16.6673,6.279947817460317,5.616046506772815,8.344982539682539,3.630655407808794,11.895994324233133,4.714327131873745
2015-08-11,52.19,53.8821,3.2422,16.1739,15.8238,2.4063,1.784,40708200000.0,4.0647,24.3084,15.0,7.0,21.3721,16.6673,6.285790079365079,5.6113405014947935,8.264228571428571,3.6300927418863127,11.897130580859873,4.6341358295422586
2015-08-12,51.16,53.8821,5.3208,15.8547,15.83,2.3588,1.7842,39904800000.0,4.0647,24.3084,15.0,7.0,21.3721,16.6673,6.29455,5.606368995373354,8.210592063492063,3.623198000432084,11.900918995373354,4.587394063059979
2015-08-13,52.11,53.8821,3.4007,16.1491,15.8469,2.4026,1.7842,40645800000.0,4.0647,24.3084,15.0,7.0,21.3721,16.6673,6.301141865079366,5.60099620557641,8.147730952380952,3.637479080120301,11.902138070655775,4.510251872260651
2015-08-14,52.44,53.8821,2.75,16.2514,15.8503,2.4178,1.7842,40903200000.0,4.0647,24.3084,15.0,7.0,21.3721,16.6673,6.305348412698413,5.597523491893624,8.061621428571428,3.635802996546388,11.902871904592036,4.42581843202504
2015-08-17,52.89,53.8821,1.8758,16.3909,15.8547,2.4385,1.7842,41254200000.0,4.0647,24.3084,15.0,7.0,21.3721,16.6673,6.306623214285714,5.596439125231293,7.964616666666666,3.636502682011737,11.903062339517009,4.32811398465493
2015-08-18,52.8,53.8821,2.0494,16.363,15.8552,2.4344,1.7845,41184000000.0,4.0647,24.3084,15.0,7.0,21.3721,16.6673,6.306624603174604,5.596438066512779,7.880961904761905,3.650461613349152,11.903062669687383,4.230500291412753
2015-08-19,52.3,53.8821,3.025,16.208,15.8556,2.4113,1.7846,40794000000.0,4.0647,24.3084,15.0,7.0,21.3721,16.6673,6.3050073412698415,5.597269973473437,7.801573809523809,3.6463999033604537,11.902277314743278,4.155173906163356
2015-08-20,49.93,53.8821,7.9153,15.4735,15.8556,2.3021,1.7848,38945400000.0,4.0647,24.3084,15.0,7.0,21.3721,16.6673,6.314631547619047,5.595857357074942,7.752083333333333,3.601573955919628,11.910488904693988,4.150509377413705
2015-08-21,48.38,53.8821,11.3727,14.964,15.8556,2.2303,1.7851,37736400000.0,4.0647,24.3163,15.0,7.0,21.3721,16.6673,6.332631150793651,5.5975110497298814,7.734180952380952,3.577657619252133,11.930142200523532,4.156523333128819
2015-08-24,46.48,53.8833,15.9279,14.3763,15.8639,2.1428,1.7863,36254400000.0,4.0646,24.3174,15.0,7.0,21.3721,15.673,6.364986111111112,5.605761901609599,7.753878571428571,3.6159839850883886,11.97074801272071,4.137894586340183
2015-08-25,47.34,53.8833,13.8219,14.6423,15.8598,2.1824,1.787,36925200000.0,4.0646,24.3174,15.0,7.0,21.3721,15.673,6.392950992063492,5.607739871605209,7.763016666666665,3.6299363286259663,12.000690863668702,4.133080338040699
2015-08-26,48.85,53.9072,10.3525,15.1093,15.8556,2.252,1.7871,38103000000.0,4.0646,24.3174,15.0,7.0,21.3721,15.673,6.414612896825397,5.601891992929442,7.742168253968254,3.6072091382594778,12.016504889754838,4.134959115708776
2015-08-27,49.74,53.9005,8.3645,15.3846,15.8556,2.293,1.7874,38797200000.0,4.0646,24.3174,15.0,7.0,21.3721,15.673,6.427421031746031,5.598949270553012,7.710026190476189,3.5832076089039457,12.026370302299044,4.126818581572244
2015-08-28,49.5,53.9005,8.8899,15.3104,15.8556,2.282,1.7878,38610000000.0,4.0646,24.3174,15.0,7.0,21.3721,15.673,6.437898809523809,5.59860581624406,7.710387301587301,3.583325135010221,12.036504625767869,4.12706216657708
2015-08-31,49.23,53.9005,9.4871,15.2269,15.8639,2.2695,1.7886,38399400000.0,4.0646,24.3174,15.0,7.0,21.3721,15.673,6.450131349206349,5.5985193064042935,7.700937301587301,3.5770013091129864,12.048650655610643,4.123935992474316
2015-09-01,47.78,53.9005,12.8098,14.7784,15.8598,2.2027,1.7888,37268400000.0,4.0646,24.3174,15.0,7.0,21.3721,15.673,6.4691625,5.60381088114242,7.715888095238094,3.594483083873911,12.072973381142418,4.121405011364184
2015-09-02,49.44,53.9005,9.022,15.2918,15.8556,2.2792,1.7891,38563200000.0,4.0646,24.3174,15.0,7.0,21.3721,15.673,6.477951587301587,5.604335108182411,7.717815079365079,3.595122705289675,12.082286695483996,4.122692374075404
2015-09-03,49.4,53.9005,9.1103,15.2795,15.8556,2.2774,1.7903,38532000000.0,4.0646,24.3174,15.0,7.0,21.3721,15.673,6.4863375,5.605107053216002,7.699637301587301,3.582119089918148,12.091444553216002,4.117518211669153
2015-09-04,48.93,53.9005,10.1584,15.1341,15.8556,2.2557,1.7905,38165400000.0,4.0646,24.3174,15.0,7.0,21.3721,15.673,6.497150396825397,5.606927222017349,7.701578571428571,3.5833946693178667,12.104077618842746,4.1181839021107045
2015-09-08,50.68,53.9005,6.3546,15.6754,15.8598,2.3364,1.791,39530400000.0,4.0646,24.3174,15.0,7.0,21.3721,15.673,6.499952579365079,5.606501504697699,7.655120634920635,3.562382946204598,12.10645408406278,4.092737688716037
2015-09-09,50.53,53.9005,6.6703,15.629,15.8556,2.3295,1.7911,39413400000.0,4.0646,24.3174,15.0,7.0,21.3721,15.673,6.506639087301587,5.604687197479247,7.607636507936507,3.5349970400122075,12.111326284780834,4.0726394679243
2015-09-10,50.72,53.9005,6.2707,15.6877,15.8556,2.3382,1.7914,39561600000.0,4.0646,24.3174,15.0,7.0,21.3721,15.673,6.51672123015873,5.599671104269169,7.585665079365079,3.534632082586441,12.1163923344279,4.051032996778638
2015-09-11,51.38,53.9005,4.9056,15.8919,15.8639,2.3686,1.7914,40076400000.0,4.0646,24.3174,15.0,7.0,21.3721,15.673,6.525275595238095,5.593895735803336,7.553623015873016,3.540524586761769,12.119171331041432,4.013098429111247
2015-09-14,51.38,53.9005,4.9056,15.8919,15.8813,2.3686,1.7911,40076400000.0,4.0646,24.3174,15.0,7.0,21.3721,15.673,6.5325952380952375,5.589347118263798,7.539695238095238,3.5475109121714774,12.121942356359035,3.99218432592376
2015-09-15,51.94,53.935,3.841,16.0656,15.8835,2.3942,1.7912,40513200000.0,4.0641,24.3172,15.0,7.0,21.3721,15.673,6.539143849206349,5.584243822850231,7.505641269841268,3.562345124936906,12.12338767205658,3.9432961449043615
2015-09-16,52.87,54.1277,2.3789,16.2742,15.8857,2.4369,1.7914,41238600000.0,4.0694,24.5895,15.0,8.0,22.3631,15.673,6.542310714285714,5.581424736964143,7.476477777777777,3.5892678320321525,12.123735451249855,3.887209945745625
2015-09-17,52.74,54.356,3.0641,16.1908,15.8862,2.428,1.7914,41137200000.0,4.0685,24.6008,15.0,8.0,22.3631,16.4657,6.547743650793652,5.576692347975893,7.452276190476191,3.608759360410048,12.124435998769544,3.843516830066143
2015-09-18,52.07,55.1287,5.8742,15.9479,15.8919,2.3997,1.7914,40614600000.0,4.0538,24.6874,15.0,8.0,22.6131,16.4657,6.558368452380952,5.570281463502387,7.450064285714285,3.609647456125439,12.12864991588334,3.8404168295888463
2015-09-21,52.68,55.5832,5.511,16.116,15.9088,2.4286,1.7911,41090400000.0,4.054,24.6925,15.0,8.0,22.7719,16.471,6.568036111111112,5.564211638160205,7.429760317460317,3.6133296760538287,12.132247749271317,3.816430641406488
2015-09-22,49.79,55.8543,12.1798,15.2221,15.9004,2.3086,1.7912,38885990000.0,3.9631,24.6889,16.0,8.0,22.7494,16.7234,6.587596825396825,5.566580621328026,7.451844444444443,3.6338954583432166,12.154177446724852,3.817948986101227
2015-09-23,51.5,55.8606,8.4672,15.7642,15.8919,2.3881,1.7914,40221500000.0,3.9649,24.7795,15.0,8.0,22.7494,16.7805,6.601528373015873,5.562471230042951,7.426437301587302,3.615321786192209,12.163999603058825,3.811115515395093
2015-09-24,50.88,55.8811,9.8292,15.5744,15.8919,2.3597,1.7918,39737280000.0,3.9645,24.783,15.0,8.0,22.7494,16.7805,6.6106533730158725,5.563989177046637,7.412238888888889,3.6022170343490028,12.17464255006251,3.8100218545398863
2015-09-25,50.7,55.8811,10.2191,15.5193,15.8919,2.3514,1.7922,39596700000.0,3.9645,24.783,15.0,7.0,22.4279,16.7805,6.611254365079366,5.56436328041221,7.435040476190475,3.610877490365346,12.175617645491576,3.82416298582513
2015-09-28,48.64,55.8811,16.596,14.7819,15.8919,2.2589,1.7918,37987840000.0,3.9645,24.783,15.0,7.0,22.4279,16.7805,6.626444444444444,5.581158063301994,7.5161404761904755,3.700573338133855,12.207602507746438,3.815567138056621
2015-09-29,48.23,55.8811,17.5872,14.6573,15.8919,2.2399,1.7922,37667630000.0,3.9645,24.783,15.0,7.0,22.4279,16.7805,6.643034126984126,5.601290749317787,7.606161111111111,3.80585731267925,12.244324876301912,3.8003037984318606
2015-09-30,49.7,55.8811,14.1093,15.1041,15.889,2.3082,1.7924,38815700000.0,3.9645,24.783,15.0,7.0,22.4279,16.7805,6.652353373015874,5.609808289667742,7.663257936507936,3.849125843125303,12.262161662683615,3.814132093382633
2015-10-01,49.51,55.8811,14.5472,15.0463,15.889,2.2993,1.7924,38667310000.0,3.9645,24.783,15.0,6.0,21.6658,16.7805,6.662941865079365,5.619674300833275,7.73099365079365,3.8946699701974654,12.28261616591264,3.836323680596184
2015-10-02,49.76,56.6646,13.8758,15.1035,15.889,2.3109,1.7924,38862560000.0,3.9645,24.8673,15.0,6.0,21.6658,16.7805,6.6735875,5.628256414466026,7.789701587301587,3.931221339949713,12.301843914466026,3.858480247351874
2015-10-05,50.38,56.8551,12.8525,15.2857,15.889,2.3407,1.7918,39346780000.0,3.964,24.8982,15.0,6.0,21.6658,16.7805,6.6824023809523805,5.634456673405584,7.853455555555556,3.947769342432186,12.316859054357964,3.9056862131233694
2015-10-06,49.16,56.8551,15.6532,14.916,15.8862,2.2839,1.7922,38393960000.0,3.962,24.896,15.0,6.0,21.6658,16.7425,6.697502777777778,5.648290520172273,7.93529126984127,4.001794214719409,12.34579329795005,3.933497055121861
2015-10-07,49.25,56.8551,15.4418,14.9433,15.886,2.2881,1.7924,38464250000.0,3.962,24.896,15.0,6.0,21.6658,16.7425,6.710585515873015,5.660903878571981,8.013725396825397,4.051390738537619,12.371489394444996,3.9623346582877774
2015-10-08,49.62,56.8551,14.581,15.0555,15.886,2.3053,1.7924,38753220000.0,3.962,24.896,15.0,6.0,21.6658,16.7425,6.718760317460316,5.669299055169727,8.08146111111111,4.089402003774404,12.388059372630044,3.992059107336707
2015-10-09,49.36,56.8551,15.1846,14.9766,15.886,2.2932,1.7924,38550160000.0,3.962,24.896,15.0,6.0,21.6658,16.7425,6.727300396825396,5.678814380480268,8.145188888888889,4.1371347043133735,12.406114777305664,4.008054184575515
2015-10-12,50.36,56.8551,12.8973,15.2801,15.889,2.3397,1.7929,39331160000.0,3.962,24.896,15.0,6.0,21.6658,16.7425,6.733097619047618,5.683626222279587,8.184674603174601,4.158674584276628,12.416723841327205,4.026000018897973
2015-10-13,49.87,56.8551,14.0066,15.1314,15.8862,2.3169,1.7933,38948470000.0,3.962,24.896,15.0,6.0,21.6658,16.7425,6.74461369047619,5.692482607227439,8.224219047619046,4.190288869559333,12.43709629770363,4.033930178059713
2015-10-14,48.36,56.8551,17.5664,14.6732,15.886,2.2467,1.7934,37769160000.0,3.962,24.896,15.0,6.0,21.6658,16.7425,6.762189682539683,5.712198289734224,8.296774603174605,4.27213115055102,12.474387972273906,4.024643452623585
2015-10-15,50.61,56.8551,12.3397,15.3559,15.886,2.3513,1.7934,39526410000.0,3.962,24.896,15.0,6.0,21.6658,16.7425,6.768450396825398,5.716585776075247,8.323089682539683,4.286833056713457,12.485036172900646,4.036256625826226
2015-10-16,51.1,56.8551,11.2624,15.5046,15.886,2.374,1.7934,39909100000.0,3.962,24.896,15.0,6.0,21.6658,16.7425,6.7739208333333325,5.719569555946322,8.333504761904761,4.292408109093971,12.493490389279652,4.04109665281079
2015-10-19,51.86,56.8791,9.6782,15.7476,15.8857,2.4093,1.7933,40502660000.0,3.9619,24.8914,15.0,6.0,21.6658,16.7425,6.78102638888889,5.720951266952232,8.333219841269841,4.292316925596444,12.501977655841122,4.040902915673397
2015-10-20,51.67,56.8791,10.0815,15.6899,15.8835,2.4005,1.7934,40354270000.0,3.9619,24.8914,15.0,6.0,21.6658,16.7425,6.787967658730159,5.722832651200032,8.336696031746031,4.293563741758431,12.51080030993019,4.0431322899876
2015-10-21,51.46,56.8791,10.5307,15.6261,15.8813,2.3908,1.7935,40190260000.0,3.9619,24.8914,15.0,6.0,21.6658,16.7425,6.800474404761905,5.724113031550756,8.337534126984126,4.293984941140871,12.52458743631266,4.043549185843255
2015-10-22,52.38,56.8791,8.5893,15.9055,15.8857,2.4335,1.7935,40908780000.0,3.9619,24.8914,15.0,6.0,21.6658,16.7425,6.813364484126984,5.720804421541495,8.324664285714285,4.290754107118331,12.53416890566848,4.033910178595954
2015-10-23,53.58,56.8791,6.1573,16.2699,15.8862,2.4893,1.7935,41845980000.0,3.9619,24.8914,15.0,6.0,21.6658,16.7425,6.818966666666666,5.718772348463962,8.281803174603175,4.285169010378515,12.53773901513063,3.99663416422466
2015-10-26,53.51,56.8791,6.2962,16.2486,15.8919,2.486,1.7933,41791310000.0,3.9619,24.8914,15.0,6.0,21.6658,16.7425,6.8298089285714285,5.712575213839583,8.232246825396825,4.271611003725455,12.542384142411011,3.96063582167137
2015-10-27,53.84,56.8791,5.6447,16.3379,15.8987,2.4993,1.7934,42049040000.0,4.035,24.9812,16.0,7.0,22.3279,16.7425,6.839011904761905,5.706908380076116,8.157000793650793,4.2325357554730605,12.54592028483802,3.9244650381777326
2015-10-28,53.29,56.8791,6.735,16.171,15.9072,2.4738,1.7935,41619490000.0,4.035,24.9812,16.0,7.0,22.3279,16.7425,6.851893849206349,5.699311327413037,8.079970634920635,4.168403035044637,12.551205176619389,3.9115675998759976
2015-10-29,54.08,56.8791,5.1759,16.4108,15.913,2.5104,1.7935,42236480000.0,4.035,24.9812,16.0,7.0,22.3279,16.7425,6.862137301587302,5.691629931107498,8.002188888888888,4.129947768274329,12.5537672326948,3.872241120614559
2015-10-30,54.08,56.8791,5.1759,16.4108,15.9198,2.5104,1.7935,42236480000.0,4.035,24.9812,16.0,7.0,22.3279,16.7425,6.871982738095238,5.684393853881058,7.920289682539682,4.082211285052656,12.556376591976296,3.838078397487026
2015-11-02,53.55,56.8924,6.2416,16.2499,15.9388,2.4858,1.7936,41822550000.0,4.035,24.9812,16.0,7.0,22.3279,16.7425,6.882508134920634,5.678290228030631,7.827207142857143,3.9837527376115016,12.560798362951266,3.843454405245641
2015-11-03,52.98,57.1305,7.8341,16.077,15.9414,2.4581,1.7936,41377380000.0,4.035,24.9812,16.0,7.0,22.3279,16.7425,6.897285515873016,5.6710372339908,7.7478404761904764,3.881082520971068,12.568322749863816,3.8667579552194087
2015-11-04,52.8,57.1305,8.2017,16.0223,15.9479,2.4498,1.7936,41236800000.0,4.035,24.9812,16.0,7.0,22.3279,16.7425,6.914829166666667,5.661341266967875,7.693046825396825,3.824698459385839,12.57617043363454,3.8683483660109865
2015-11-05,52.9,57.1305,7.9972,16.0527,15.9489,2.4544,1.7936,41314900000.0,4.035,24.9812,16.0,7.0,22.3279,16.7425,6.933025595238096,5.650018658062843,7.669878571428571,3.81384284820648,12.58304425330094,3.856035723222091
2015-11-06,53.36,57.1305,7.0662,16.1923,15.9833,2.4758,1.7936,41674160000.0,4.035,24.9812,16.0,7.0,22.3279,16.7425,6.954395634920635,5.630038441391752,7.640654761904762,3.804160022472203,12.584434076312387,3.836494739432559
2015-11-09,52.57,57.1305,8.6751,15.9525,15.9844,2.4391,1.7936,41057170000.0,4.035,24.9812,16.0,7.0,22.3279,16.7425,6.975421626984128,5.616594631636604,7.615947619047619,3.7870782555570273,12.592016258620731,3.828869363490592
2015-11-10,53.13,57.1305,7.5296,16.1225,15.993,2.4651,1.7936,41494530000.0,4.035,24.9812,16.0,7.0,22.3279,16.7425,6.997447619047619,5.596884087505992,7.581567460317459,3.7678418477387385,12.59433170655361,3.813725612578721
2015-11-11,52.83,57.1305,8.1403,16.0314,15.9984,2.4512,1.7936,41260230000.0,4.035,24.9812,16.0,7.0,22.3279,16.7425,7.019784523809523,5.578871238501677,7.582020634920635,3.76790609720165,12.5986557623112,3.814114537718985
2015-11-12,52.17,57.1305,9.5083,15.8312,15.9984,2.4208,1.7936,40744770000.0,4.035,24.9812,16.0,7.0,22.3279,16.7425,7.042518253968254,5.565578270440109,7.602822222222222,3.7712734603978,12.608096524408364,3.831548761824422
2015-11-13,51.56,57.1305,10.8039,15.6736,15.9984,2.3944,1.7936,40268360000.0,3.969,24.8228,17.0,7.0,22.3279,16.4235,7.068691468253968,5.552145198636606,7.634083333333332,3.7814201798317217,12.620836666890575,3.85266315350161
2015-11-16,50.77,57.1305,12.5281,15.4335,16.013,2.3577,1.7937,39651370000.0,3.969,24.8228,17.0,7.0,22.3279,16.4235,7.0997875,5.5387034568895,7.686920634920634,3.80303256192862,12.638490956889498,3.8838880729920144
2015-11-17,50.23,57.1305,13.7378,15.2693,16.0038,2.3326,1.7938,39229630000.0,3.969,24.8228,17.0,7.0,22.3279,16.4235,7.132696428571428,5.5287433697265,7.734506349206349,3.841048686298825,12.661439798297929,3.893457662907524
2015-11-18,50.29,57.1305,13.6021,15.2876,15.9984,2.3354,1.794,39276490000.0,3.969,24.8228,17.0,7.0,22.3279,16.4235,7.163552777777778,5.521346548761493,7.778849999999999,3.876399572546484,12.684899326539272,3.9024504274535152
2015-11-19,51.54,57.1305,10.8469,15.6676,15.9984,2.3935,1.7943,40252740000.0,3.969,24.8228,17.0,7.0,22.3279,16.4235,7.18856011904762,5.509393537494686,7.800422222222222,3.8859140866443234,12.697953656542309,3.914508135577899
2015-11-20,51.58,57.1305,10.761,15.6797,15.993,2.3953,1.7944,40283980000.0,3.969,24.8228,17.0,7.0,22.3279,16.4235,7.214160317460317,5.495914048017028,7.814000793650793,3.893297965221507,12.710074365477343,3.920702828429286
2015-11-23,51.39,57.1305,11.1705,15.622,16.0038,2.3865,1.7949,40135590000.0,3.969,24.8228,17.0,7.0,22.3279,16.4235,7.241190873015872,5.481757772986979,7.843856349206349,3.9045723333648112,12.722948646002852,3.9392840158415376
2015-11-24,50.39,57.2609,13.6354,15.2957,15.9984,2.3401,1.7949,39354590000.0,3.969,24.944,18.0,7.0,22.3279,16.8705,7.274398214285714,5.469661545038278,7.88531984126984,3.938237516839447,12.744059759323992,3.9470823244303936
2015-11-25,50.99,57.2609,12.2983,15.4778,15.993,2.3679,1.795,39823190000.0,3.969,24.944,18.0,7.0,22.3279,16.8705,7.305905753968254,5.452713594886205,7.900942857142857,3.9518932162783855,12.75861934885446,3.9490496408644704
2015-11-27,50.84,57.2609,12.6296,15.4322,15.993,2.3609,1.795,39706040000.0,3.969,24.944,18.0,7.0,22.3279,16.8705,7.336261904761905,5.439637971929799,7.927618253968253,3.972488213971526,12.775899876691703,3.9551300399967273
2015-11-30,50.53,57.2609,13.3206,15.3381,16.0038,2.3466,1.7952,39463930000.0,3.969,24.944,18.0,7.0,22.3279,16.8705,7.369216468253969,5.425435092243122,7.963103174603175,4.000658501595506,12.79465156049709,3.962444673007669
2015-12-01,51.46,57.2609,11.2726,15.6204,15.9984,2.3897,1.7953,40190260000.0,3.969,24.944,18.0,7.0,21.4707,16.8705,7.397682341269841,5.408141655076611,7.996606349206348,4.010624218083504,12.805823996346453,3.985982131122844
2015-12-02,51.18,57.1685,11.7009,15.5576,15.993,2.3786,1.7954,39971580000.0,3.9003,24.9852,19.0,7.0,21.4707,16.8705,7.426838095238096,5.391594329182387,8.025799206349205,4.0241789851145935,12.818432424420482,4.001620221234612
2015-12-03,49.31,57.1685,15.9369,14.9892,15.993,2.2917,1.796,38511110000.0,3.9003,24.9852,19.0,7.0,21.4707,16.8705,7.463033730158729,5.38735931706652,8.086071428571428,4.085368517739336,12.85039304722525,4.000702910832092
2015-12-04,50.69,57.1685,12.7806,15.4087,15.993,2.3558,1.7965,39588890000.0,3.9003,24.9852,19.0,7.0,21.4707,16.8705,7.491817261904762,5.37690855174551,8.1170873015873,4.106169262950081,12.868725813650272,4.01091803863722
2015-12-07,50.67,57.1234,12.7361,15.4026,15.9984,2.3549,1.7968,39573270000.0,3.9003,24.9852,19.0,7.0,21.4707,16.8705,7.517661706349206,5.370733442319451,8.152324603174604,4.126717823019693,12.888395148668655,4.025606780154911
2015-12-08,50.16,57.1234,13.8824,15.2476,15.993,2.3312,1.797,39174960000.0,3.9003,24.9852,19.0,7.0,21.4707,16.8705,7.547739880952381,5.363826828774366,8.19300238095238,4.157869301158087,12.911566709726747,4.035133079794294
2015-12-09,50.31,57.1234,13.5428,15.2927,15.9887,2.3382,1.7974,39292110000.0,3.9003,24.9855,19.0,7.0,21.4707,16.8822,7.578574801587302,5.353501935553352,8.237333333333332,4.185022538452875,12.932076737140656,4.052310794880457
2015-12-10,50.96,57.1234,12.0946,15.4903,15.9887,2.3684,1.7985,39799760000.0,3.9003,24.9855,19.0,7.0,21.4707,16.8822,7.607026785714286,5.339274820713719,8.262761904761904,4.198735030055563,12.946301606428005,4.064026874706341
2015-12-11,50.69,57.1234,12.6917,15.3867,15.9887,2.3549,1.7992,39588890000.0,3.8483,24.9433,20.0,7.0,21.4707,16.8822,7.634822023809524,5.3291791872361,8.289453174603173,4.216217924133948,12.964001211045623,4.073235250469224
2015-12-14,50.79,57.0978,12.4194,15.4152,15.9984,2.3595,1.7995,39666990000.0,3.8484,24.9437,20.0,7.0,21.4707,16.8822,7.661855357142858,5.318793379226442,8.31800634920635,4.232003919010225,12.9806487363693,4.086002430196125
2015-12-15,52.16,57.1029,9.4764,15.8507,15.993,2.4259,1.7995,40736960000.0,3.8308,24.9469,20.0,7.0,21.4707,16.8923,7.686736904761905,5.297808714021519,8.325538888888888,4.233223895991575,12.984545618783423,4.092314992897313
2015-12-16,52.2,57.1029,9.3925,15.859,15.9887,2.4282,1.7995,40768200000.0,3.822,24.9583,20.0,7.0,21.4707,16.8923,7.713616666666667,5.271912526568572,8.346215079365079,4.232012694424407,12.98552919323524,4.114202384940672
2015-12-17,50.46,57.1029,13.1647,15.3304,15.9844,2.3473,1.7995,39409260000.0,3.822,24.9583,20.0,7.0,21.4707,16.8923,7.748470436507937,5.2496773756419,8.399305555555555,4.250274119146602,12.998147812149837,4.149031436408953
2015-12-18,52.41,58.2009,11.0492,13.5238,15.9844,2.3276,1.801,40722570000.0,5.2498,17.1051,6.0,7.0,20.7641,7.2713,7.781925992063491,5.216708724191723,8.45253492063492,4.241046477883651,12.998634716255214,4.211488442751269
2015-12-21,53.94,58.6554,8.7419,13.8785,15.9887,2.3968,1.801,41911380000.0,5.2497,16.9992,7.0,7.0,20.7641,7.2713,7.804346428571428,5.196424301687221,8.46430476190476,4.239765009145633,13.00077073025865,4.224539752759127
2015-12-22,54.27,58.8691,8.4745,13.9652,15.9844,2.4153,1.801,42167790000.0,5.2494,17.0077,7.0,7.0,20.7641,7.2713,7.828515277777778,5.171045334082778,8.480101587301586,4.236034341352297,12.999560611860556,4.24406724594929
2015-12-23,54.08,58.8691,8.8556,13.9155,15.9838,2.4068,1.801,42020160000.0,5.2494,17.0078,7.0,7.0,20.7641,7.2634,7.853215079365079,5.146051426928864,8.502299999999998,4.230568385264387,12.999266506293942,4.271731614735611
2015-12-24,54.12,58.8691,8.7751,13.9258,15.9838,2.4086,1.801,42051240000.0,5.2494,17.0078,7.0,7.0,20.7641,7.2634,7.8791617063492065,5.117531068590723,8.533164285714285,4.218143497140989,12.99669277493993,4.315020788573296
2015-12-28,54.19,58.8691,8.6346,13.9439,15.993,2.4117,1.8002,42105630000.0,5.2494,17.0078,7.0,7.0,20.7641,7.2634,7.905309722222222,5.087508703340244,8.534853968253968,4.218141131344784,12.992818425562469,4.316712836909184
2015-12-29,55.14,58.8691,6.763,14.1883,15.9887,2.454,1.801,42843780000.0,5.2494,17.0078,7.0,7.0,20.7641,7.2634,7.929405952380952,5.0530965173249225,8.529331746031746,4.220016168189721,12.982502469705874,4.309315577842025
2015-12-30,55.04,58.8691,6.9569,14.1484,15.9844,2.454,1.801,42766080000.0,5.0694,16.268,7.0,7.0,20.7641,7.2634,7.95505634920635,5.015064625585988,8.529496825396825,4.2199537516314525,12.970120974792335,4.309543073765372
2015-12-31,54.48,58.8691,8.0564,14.0044,15.9844,2.429,1.801,42330960000.0,5.0694,16.268,7.0,7.0,20.7641,7.2634,7.983027579365079,4.9760085988346745,8.542303174603175,4.21601713552357,12.959036178199751,4.326286039079605
2016-01-04,54.2,58.9827,8.8242,13.8967,15.993,2.4207,1.801,42113400000.0,4.9321,16.8345,7.0,7.0,20.7641,7.2634,8.010836309523809,4.941278447414109,8.552645238095238,4.215090218756376,12.952114756937917,4.337555019338862
2016-01-05,53.68,59.5217,10.8825,13.7486,15.9887,2.3975,1.801,41709360000.0,4.9321,17.2496,8.0,7.0,20.7641,7.2595,8.042917857142857,4.9071439292304095,8.59360238095238,4.212435813359393,12.950061786373269,4.381166567592986
2016-01-06,53.52,59.5282,11.2261,13.7048,15.9844,2.3903,1.8016,41585040000.0,4.9321,17.2499,8.0,7.0,20.7641,7.2595,8.06974880952381,4.887427184884769,8.614034126984128,4.218958169124761,12.95717599440858,4.395075957859367
2016-01-07,52.39,59.5282,13.6251,13.4154,15.9844,2.3398,1.8023,40707030000.0,4.9321,17.2499,8.0,7.0,20.7641,7.2595,8.10260357142857,4.868933260921604,8.658237301587302,4.242172680044505,12.971536832350177,4.416064621542797
2016-01-08,52.05,59.5282,14.3673,13.3284,15.9844,2.3247,1.8023,40442850000.0,4.9321,17.2499,8.0,7.0,20.7641,7.2595,8.13509603174603,4.8559460992139005,8.73165238095238,4.260401440873008,12.991042130959933,4.471250940079371
2016-01-11,53.94,60.22,11.6426,13.7908,15.9887,2.4093,1.8036,41911380000.0,4.9321,17.6499,8.0,5.0,19.1944,7.2603,8.160909920634921,4.839884083595632,8.797298412698414,4.240824199515464,13.000794004230553,4.55647421318295
2016-01-12,54.68,60.22,10.1317,13.98,15.9844,2.4423,1.8038,42486360000.0,4.9321,17.6499,8.0,5.0,19.1944,7.2603,8.18984603174603,4.807814712329601,8.856768253968253,4.206164948446819,12.997660744075633,4.650603305521434
2016-01-13,52.38,60.22,14.9675,13.392,15.9838,2.3396,1.8039,40699260000.0,4.9321,17.6499,8.0,5.0,19.1944,7.2603,8.229155158730158,4.781956487339644,8.948960317460317,4.211828949063721,13.011111646069804,4.7371313683965965
2016-01-14,51.94,60.2218,15.9449,13.2795,15.9838,2.3199,1.8042,40357380000.0,4.9321,17.6499,8.0,5.0,19.1944,7.2603,8.270858333333333,4.7573007192573735,9.054723015873016,4.218910499285867,13.028159052590706,4.835812516587149
2016-01-15,49.83,60.2218,20.8545,12.74,15.9838,2.2257,1.8045,38717910000.0,4.9321,17.6499,8.0,5.0,19.1944,7.2603,8.322574404761905,4.752127604333645,9.197730952380953,4.310804905879269,13.07470200909555,4.886926046501684
2016-01-19,49.07,60.2218,22.7263,12.5547,15.993,2.1925,1.8083,38127390000.0,4.9321,17.6486,8.0,5.0,19.1944,7.2603,8.377808134920635,4.757449302518577,9.356376984126983,4.437105788202993,13.135257437439211,4.919271195923992
2016-01-20,48.31,60.2218,24.657,12.3602,15.9887,2.1585,1.8085,37536870000.0,4.9321,17.6486,8.0,5.0,19.1944,7.2603,8.43609880952381,4.776572555726049,9.527364285714285,4.606455441476966,13.212671365249856,4.920908844237319
2016-01-21,49.57,60.1208,21.2846,12.682,15.9887,2.2148,1.809,38515890000.0,4.9321,17.63,9.0,5.0,19.1944,7.2603,8.485244246031744,4.78109906650569,9.677993650793647,4.678157334656223,13.266343312537431,4.999836316137426
2016-01-22,49.57,60.1208,21.2846,12.682,15.9887,2.2148,1.8096,38515890000.0,4.9321,17.63,9.0,6.0,19.4953,7.2603,8.535555158730158,4.78210958572379,9.819846825396825,4.756930479352024,13.317664744453948,5.0629163460448
2016-01-25,48.8,60.1208,23.1984,12.485,15.9984,2.1804,1.8113,37917600000.0,4.9321,17.63,9.0,6.0,19.4953,7.2603,8.587649801587302,4.798551949404172,9.964903968253967,4.8833481580471565,13.386201750991477,5.081555810206813
2016-01-26,49.82,60.1208,20.676,12.7459,15.993,2.226,1.8123,38710140000.0,4.9321,17.63,9.0,6.0,19.4953,7.2603,8.62737003968254,4.815598939562173,10.08643253968254,4.957885819674664,13.442968979244714,5.128546720007875
2016-01-27,48.05,60.1208,25.1213,12.2931,15.9887,2.1469,1.8139,37334850000.0,4.9321,17.63,9.0,6.0,19.4953,7.2603,8.673775793650794,4.861500439525408,10.25122222222222,5.108727726796627,13.535276233176202,5.142494495425594
2016-01-28,46.86,59.7572,27.5228,11.9982,15.9887,2.0941,1.8155,36410220000.0,4.9849,17.3612,10.0,6.0,19.4953,7.2603,8.731013492063493,4.913092590092415,10.447153174603176,5.292156331760074,13.644106082155908,5.154996842843101
2016-01-29,48.13,59.7453,24.1332,12.3319,15.9887,2.1509,1.8157,37397010000.0,4.9849,17.3064,10.0,6.0,19.4953,7.2603,8.776326587301588,4.949558484962922,10.612721428571428,5.391274525105871,13.72588507226451,5.221446903465557
2016-02-01,48.97,59.7453,22.0039,12.5471,15.9984,2.1884,1.816,38049690000.0,4.9849,17.3064,10.0,6.0,19.4953,7.2603,8.819924603174604,4.969105388215478,10.783076984126984,5.409513529524111,13.789029991390082,5.3735634546028725
2016-02-02,45.08,59.6604,32.3434,11.5504,15.993,2.0146,1.816,35027160000.0,4.9849,17.3064,10.0,6.0,19.4953,7.2603,8.879732738095239,5.0696558023647285,11.019142063492062,5.691189469618357,13.949388540459967,5.327952593873705
2016-02-03,45.39,59.6604,31.4395,11.64,15.9887,2.0284,1.8162,35268030000.0,4.9849,17.2179,10.0,6.0,19.4953,7.2603,8.93544503968254,5.162320673121709,11.24253888888889,5.932750518900479,14.097765712804248,5.30978836998841
2016-02-04,45.51,59.2513,30.194,11.6824,15.9887,2.035,1.8164,35361270000.0,4.9849,17.2116,10.0,5.0,18.1344,7.2603,8.990322619047621,5.240569990120692,11.464746031746031,6.112797012950983,14.230892609168311,5.3519490187950485
2016-02-05,43.04,59.2513,37.6657,11.0484,15.9887,1.9246,1.8168,33442080000.0,4.9849,17.2116,10.0,5.0,18.1344,7.2603,9.056913095238096,5.389472258394189,11.735933333333334,6.502005981442829,14.446385353632284,5.233927351890505
2016-02-08,41.92,59.3422,41.5606,10.7603,15.9984,1.8725,1.819,32571840000.0,4.9854,17.2128,10.0,6.0,17.812,7.2603,9.139003769841269,5.566293222621487,12.039104761904762,6.981289524995754,14.705296992462756,5.057815236909008
2016-02-09,42.97,59.3422,38.1015,11.0298,15.993,1.9195,1.8191,33387690000.0,4.9854,17.2128,10.0,6.0,17.812,7.2603,9.211855753968257,5.703191130162225,12.31936111111111,7.308127880730731,14.91504688413048,5.01123323038038
2016-02-10,43.41,59.3422,36.7017,11.1428,15.993,1.9391,1.8202,33729570000.0,4.9854,17.2128,10.0,6.0,17.812,7.2603,9.283916666666666,5.819672434616916,12.584912698412698,7.578553958459076,15.103589101283582,5.006358739953622
2016-02-11,43.19,59.3422,37.398,11.0863,15.993,1.9296,1.8207,33558630000.0,4.9854,17.2119,10.0,6.0,17.812,7.2603,9.357210714285715,5.939672400003684,12.839493650793653,7.865909095164882,15.2968831142894,4.9735845556287686
2016-02-12,44.06,59.3422,34.685,11.3096,15.993,1.9685,1.8222,34234620000.0,4.9854,17.2119,10.0,6.0,17.812,7.2603,9.42571388888889,6.031762401866272,13.087781746031746,8.057013610259222,15.457476290755162,5.030768135772524
2016-02-16,45.02,59.3422,31.813,11.556,16.0038,2.0114,1.8223,34980540000.0,4.9854,17.2119,10.0,6.0,17.812,7.2603,9.487728373015871,6.1006853470689935,13.318440476190476,8.173857827020653,15.588413720084866,5.144582649169823
2016-02-17,45.92,59.3422,29.2295,11.7792,15.9984,2.0512,1.8227,35679840000.0,4.9854,17.213,10.0,6.0,17.812,7.2603,9.5471623015873,6.14672960170092,13.535533333333332,8.230569104629291,15.693891903288222,5.304964228704042
2016-02-18,45.34,59.2316,30.6387,11.6304,15.9984,2.0253,1.8234,35229180000.0,4.9854,17.213,10.0,6.0,17.812,7.2603,9.604438293650793,6.208316978869442,13.76243253968254,8.30512306223399,15.812755272520237,5.457309477448549
2016-02-19,46.39,59.2316,27.6818,11.8998,15.9984,2.0722,1.8237,36045030000.0,4.9854,17.213,10.0,6.0,17.812,7.2603,9.652858134920637,6.253876340831522,13.95812142857143,8.340510730650452,15.906734475752156,5.617610697920977
2016-02-22,47.73,59.195,24.0205,12.2262,16.0038,2.129,1.8253,37086210000.0,5.0754,17.2172,10.0,6.0,17.812,8.3567,9.693455952380951,6.280596413765663,14.085940476190476,8.370515934580542,15.974052366146616,5.7154245416099325
2016-02-23,48.1,59.195,23.0665,12.321,15.9984,2.1455,1.8263,37373700000.0,5.0754,17.2172,10.0,6.0,17.812,8.3567,9.733776785714287,6.301096251921436,14.178748412698411,8.404948839541836,16.034873037635723,5.773799573156577
2016-02-24,48.03,59.195,23.2459,12.3031,15.993,2.1424,1.8263,37319310000.0,5.0754,17.2172,10.0,6.0,17.812,8.3567,9.775840277777778,6.320404759066589,14.236827777777776,8.442333471856013,16.096245036844365,5.794494305921763
2016-02-25,48.51,59.195,22.0264,12.4359,15.993,2.1638,1.8267,37692270000.0,5.0754,17.2148,10.0,6.0,17.812,8.3567,9.817454365079366,6.33189321239228,14.301942857142857,8.470700249650365,16.149347577471644,5.831242607492492
2016-02-26,48.34,59.195,22.4555,12.3923,15.993,2.1562,1.8272,37560180000.0,5.0754,17.2149,10.0,6.0,17.812,8.3567,9.859443253968257,6.345406039424162,14.397998412698412,8.494146301890241,16.204849293392417,5.90385211080817
2016-02-29,47.96,59.195,23.4258,12.2949,16.0038,2.1392,1.831,37264920000.0,5.0754,17.2149,10.0,6.0,17.812,8.3567,9.9045,6.3609650298810205,14.51753253968254,8.514511346540733,16.26546502988102,6.003021193141807
2016-03-01,48.96,59.195,20.9048,12.5513,15.9984,2.1838,1.8314,38041920000.0,5.0754,17.2149,10.0,6.0,17.812,8.3567,9.940574206349206,6.371704692663009,14.612888888888888,8.518259998100184,16.312278899012213,6.094628890788703
2016-03-02,48.16,59.195,22.9132,12.3462,15.993,2.1482,1.8319,37420320000.0,5.0754,17.2149,10.0,6.0,17.812,8.3567,9.974601388888887,6.395103078489703,14.719445238095236,8.537580449289795,16.36970446737859,6.181864788805441
2016-03-03,48.05,59.195,23.1946,12.318,15.993,2.1433,1.8326,37334850000.0,5.0754,17.2149,10.0,6.0,17.812,8.3567,10.015013095238096,6.414171410169081,14.801864285714284,8.569065568188428,16.42918450540718,6.232798717525856
2016-03-04,47.97,59.195,23.4,12.2975,15.993,2.1397,1.8339,37272690000.0,5.0754,17.2149,10.0,6.0,17.812,8.3567,10.05406626984127,6.435634668349646,14.915975396825395,8.587195586934538,16.489700938190914,6.328779809890859
2016-03-07,47.05,59.195,25.813,12.0616,15.9984,2.0986,1.836,36557850000.0,5.0754,17.2149,10.0,6.0,17.812,8.3567,10.097434722222223,6.468020441428565,15.048536507936507,8.6256900737051,16.56545516365079,6.422846434231408
2016-03-08,46.36,59.1608,27.6117,11.8847,15.993,2.0679,1.836,36021720000.0,5.0754,17.2149,10.0,6.0,17.812,8.3567,10.145790277777778,6.507634838954865,15.18705476190476,8.686457596591104,16.65342511673264,6.500597165313657
2016-03-09,46.47,59.1608,27.3097,11.9129,15.9887,2.0728,1.836,36107190000.0,5.0754,17.2149,10.0,6.0,17.812,8.3567,10.19097361111111,6.547550379353677,15.353365079365078,8.716549509197371,16.738523990464785,6.636815570167707
2016-03-10,46.3,59.1608,27.7771,11.8694,15.9887,2.0652,1.8371,35975100000.0,5.0754,17.2149,10.0,5.0,17.3744,8.3567,10.23569265873016,6.5904862698954965,15.520879365079365,8.751090125448883,16.826178928625655,6.769789239630482
2016-03-11,47.91,59.1608,23.4832,12.2821,15.9887,2.1367,1.8379,37226070000.0,5.0754,17.2142,10.0,5.0,17.3744,8.3567,10.274814285714289,6.610496055699394,15.657486507936508,8.739875824805216,16.885310341413682,6.917610683131292
2016-03-14,48.12,59.195,23.0154,12.3359,15.9984,2.1461,1.8394,37389240000.0,5.0754,17.2142,10.0,5.0,17.3744,8.3567,10.308784126984127,6.6318976893384285,15.80121507936508,8.710504743547812,16.940681816322556,7.090710335817267
2016-03-15,47.91,59.195,23.5546,12.2821,15.993,2.1367,1.8396,37226070000.0,5.0754,17.2142,10.0,5.0,17.3744,8.3567,10.343331746031746,6.655461992025633,15.949223015873017,8.682281709635097,16.99879373805738,7.266941306237918
2016-03-16,48.83,59.195,21.2267,12.5006,15.9887,2.1808,1.8397,37940910000.0,5.0125,17.5356,11.0,5.0,17.3744,8.3567,10.37494384920635,6.6692557431034105,16.08720476190476,8.62628344081362,17.04419959230976,7.460921321091142
2016-03-17,48.97,59.195,20.8801,12.5365,15.9887,2.187,1.8399,38049690000.0,5.0125,17.5356,11.0,5.0,17.3744,8.3567,10.410003968253967,6.677954368348672,16.234039682539684,8.548185001854536,17.08795833660264,7.685854680685148
2016-03-18,49.63,59.195,19.2726,12.7058,15.9887,2.2165,1.8407,38562510000.0,5.0125,17.5357,11.0,5.0,17.3744,8.6552,10.440094047619048,6.683662529564693,16.36267857142857,8.470010081397499,17.12375657718374,7.892668490031072
2016-03-21,49.78,59.195,18.9132,12.7442,15.993,2.2232,1.8447,38679060000.0,5.0125,17.5357,11.0,5.0,17.3744,8.6552,10.47266765873016,6.68487479385709,16.4661626984127,8.420347496228144,17.15754245258725,8.045815202184555
2016-03-22,48.75,59.1682,21.3707,12.5132,15.9887,2.1863,1.8454,37878750000.0,5.0129,17.5287,11.0,5.0,17.3744,8.6552,10.510066269841268,6.693025367024158,16.592033333333333,8.373684551278375,17.203091636865427,8.218348782054958
2016-03-23,48.06,59.1682,23.1132,12.336,15.9844,2.1554,1.8462,37342620000.0,5.0129,17.5287,11.0,5.0,17.3744,8.6552,10.550859325396823,6.7070743026199295,16.678806349206347,8.384239122617954,17.257933628016755,8.294567226588393
2016-03-24,48.92,59.1205,20.8514,12.5629,15.9844,2.1947,1.8482,38010840000.0,5.013,17.5264,11.0,5.0,17.3744,8.6552,10.578171031746033,6.720950214172346,16.77709365079365,8.359758875706731,17.29912124591838,8.417334775086918
2016-03-28,49.02,59.1571,20.6795,12.5147,15.9887,2.2013,1.8512,38088540000.0,4.9119,17.6712,10.0,5.0,17.3744,8.6552,10.603172222222224,6.735056334697609,16.863207142857142,8.343484763288458,17.338228556919834,8.519722379568684
2016-03-29,49.64,59.1571,19.1722,12.673,15.9844,2.2292,1.8512,38570280000.0,4.9119,17.6712,10.0,5.0,17.3744,8.6552,10.623883531746031,6.745338126971917,16.934263492063494,8.324550853033129,17.36922165871795,8.609712639030365
2016-03-30,52.37,59.8983,14.3752,13.2475,15.9838,2.3321,1.8518,40272530000.0,4.7132,18.1282,11.0,5.0,17.4481,7.4035,10.63461369047619,6.746998703812905,16.916638095238095,8.327623240457942,17.381612394289096,8.589014854780153
2016-03-31,52.77,59.9124,13.535,13.3585,15.9838,2.3494,1.8528,40580130000.0,4.6698,18.2017,12.0,5.0,17.4481,7.4035,10.645160317460318,6.7473704671526775,16.88447777777778,8.332835823308912,17.392530784612994,8.551641954468867
2016-04-01,52.75,59.9124,13.578,13.3588,15.9838,2.3485,1.8537,40564750000.0,4.6698,18.2011,12.0,5.0,17.4481,7.4035,10.658811706349203,6.74632811034895,16.88026111111111,8.334385664491034,17.405139816698153,8.545875446620077
2016-04-04,53.03,59.9124,12.9783,13.4297,15.9887,2.361,1.8566,40780070000.0,4.6698,18.2011,12.0,5.0,17.4481,7.4035,10.66926984126984,6.745829193175561,16.867809523809523,8.339069800225124,17.415099034445404,8.5287397235844
2016-04-05,51.5,59.9124,16.3348,13.0271,15.9844,2.2927,1.858,39603500000.0,4.7189,18.3285,12.0,5.0,17.4481,7.7425,10.688721428571428,6.748007334272411,16.8873253968254,8.33488794418185,17.43672876284384,8.55243745264355
2016-04-06,51.99,59.9124,15.2383,13.151,15.9838,2.3145,1.8584,39980310000.0,4.7189,18.3285,12.0,5.0,17.4481,7.7425,10.702874206349206,6.750058087929636,16.906260317460315,8.32835586372309,17.452932294278842,8.577904453737226
2016-04-07,51.18,60.0077,17.2483,12.9357,15.9838,2.2784,1.8603,39357420000.0,4.7189,18.3783,12.0,5.0,17.4481,7.7425,10.7197626984127,6.755774228221274,16.91891984126984,8.32764819712272,17.47553692663397,8.59127164414712
2016-04-08,51.14,60.0077,17.34,12.9256,15.9838,2.2766,1.862,39326660000.0,4.7189,18.3783,12.0,5.0,17.4481,7.7425,10.7385373015873,6.761006219879071,16.93398492063492,8.326671551500569,17.49954352146637,8.607313369134351
2016-04-11,50.8,60.0077,18.1254,12.8396,15.9887,2.2615,1.8683,39065200000.0,4.7189,18.3783,12.0,5.0,17.4481,7.7425,10.759319841269845,6.767591954991454,16.962115079365077,8.32464563480806,17.526911796261295,8.637469444557016
2016-04-12,51.23,60.0077,17.1339,12.9483,15.9844,2.2806,1.8705,39395870000.0,4.7189,18.3783,12.0,5.0,17.4481,7.7425,10.774367857142856,6.773326427896635,16.977585714285713,8.323127014017771,17.54769428503949,8.654458700267941
2016-04-13,51.68,60.0077,16.114,13.062,15.9838,2.3007,1.871,39741920000.0,4.7189,18.3783,12.0,5.0,17.4481,7.7425,10.785102976190476,6.777500179692668,17.003115079365077,8.315441222160667,17.562603155883146,8.68767385720441
2016-04-14,51.57,59.5874,15.5466,13.0531,15.9838,2.2973,1.872,39657330000.0,4.7135,18.2185,11.0,4.0,16.5602,7.4242,10.791400793650794,6.780452242407392,17.0153373015873,8.312132747368485,17.571853036058187,8.703204554218816
2016-04-15,51.02,59.5874,16.7922,12.8864,15.9838,2.2728,1.8733,39234380000.0,4.7135,18.2241,11.0,4.0,16.5602,7.4242,10.798843452380954,6.784983775303187,17.009192857142853,8.312008284097573,17.58382722768414,8.69718457304528
2016-04-18,50.84,59.5874,17.2057,12.841,15.9887,2.2648,1.8826,39095960000.0,4.7135,18.2241,11.0,4.0,16.5602,7.4242,10.809070634920635,6.790757537146968,17.047811904761904,8.301436861455686,17.599828172067603,8.746375043306218
2016-04-19,50.6,59.5874,17.7617,12.7804,15.9844,2.2541,1.8834,38911400000.0,4.7135,18.2241,11.0,4.0,16.5602,7.4242,10.825047619047618,6.797634080653721,17.099393650793647,8.285377551158273,17.62268169970134,8.814016099635374
2016-04-20,50.04,59.5874,19.0795,12.6485,15.9838,2.2291,1.8866,38480760000.0,4.7135,18.1604,11.0,4.0,16.5602,7.4242,10.843113095238095,6.807460838230388,17.174007142857143,8.260305266893388,17.650573933468483,8.913701875963755
2016-04-21,49.18,59.5874,21.1619,12.4311,15.9833,2.1908,1.8897,37819420000.0,4.7135,18.1604,11.0,4.0,16.5602,7.4242,10.86612777777778,6.822713285528022,17.261946825396826,8.243157459514402,17.6888410633058,9.018789365882425
2016-04-22,48.51,59.882,23.4426,12.2247,15.9833,2.1605,1.8947,37304190000.0,4.7135,18.3335,12.0,4.0,16.5602,7.7324,10.893958134920634,6.845356750580242,17.36442222222222,8.23906463164723,17.739314885500875,9.12535759057499
2016-04-25,49.24,59.882,21.6125,12.4086,15.9844,2.193,1.9015,37865560000.0,4.7135,18.3335,12.0,4.0,16.5602,7.7324,10.919896825396826,6.861167319651793,17.467780952380952,8.209735968438471,17.781064145048617,9.25804498394248
2016-04-26,49.13,59.882,21.8848,12.3809,15.9844,2.1881,1.9016,37780970000.0,4.7135,18.3335,12.0,4.0,16.5602,7.7324,10.945753373015874,6.877897848382839,17.592602380952382,8.155778581010665,17.823651221398713,9.436823799941717
2016-04-27,49.49,59.882,20.9982,12.4716,15.9838,2.2041,1.9016,38057810000.0,4.7135,18.3335,12.0,4.0,16.5602,7.7324,10.973080158730156,6.890436348739064,17.70928492063492,8.097834008919229,17.86351650746922,9.611450911715693
2016-04-28,48.71,59.882,22.9357,12.2751,15.9838,2.1694,1.9021,37457990000.0,4.7135,18.3335,12.0,4.0,16.5602,7.7324,11.00920119047619,6.9053484698180405,17.84651507936508,8.038035985538311,17.91454966029423,9.808479093826769
2016-04-29,49.05,59.9528,22.2279,12.3608,15.9838,2.1846,1.9025,37719450000.0,4.7135,18.3335,12.0,4.0,16.5602,7.7324,11.042691071428573,6.9187598019870284,17.9694746031746,7.985025274829621,17.9614508734156,9.98444932834498
2016-05-02,49.53,59.9528,21.0434,12.4817,15.9887,2.2059,1.9048,38088570000.0,4.7135,18.3335,12.0,4.0,16.5602,7.7324,11.07031626984127,6.930852840173267,18.09540714285714,7.906379101259096,18.001169110014537,10.189028041598045
2016-05-03,49.49,59.9528,21.1412,12.4716,15.9887,2.2041,1.905,38057810000.0,4.7135,18.3335,12.0,4.0,16.5602,7.7324,11.098956944444446,6.942598407975384,18.22211587301587,7.825187056181089,18.04155535241983,10.39692881683478
2016-05-04,49.16,59.9528,21.9544,12.3885,15.9844,2.1895,1.9052,37804040000.0,4.7135,18.3335,12.0,4.0,16.5602,7.7324,11.129755357142855,6.956270314848976,18.34682063492064,7.7576448906951665,18.08602567199184,10.58917574422547
2016-05-05,48.39,59.9528,23.895,12.1944,15.9844,2.1552,1.9057,37211910000.0,4.7135,18.3335,12.0,4.0,16.5602,7.7324,11.16516130952381,6.975751418739938,18.47428809523809,7.715361061286448,18.14091272826375,10.758927033951649
2016-05-06,49.22,59.9528,21.8058,12.4036,15.9844,2.1921,1.9141,37850180000.0,4.7135,18.3335,12.0,4.0,16.5602,7.7324,11.19754742063492,6.987200330333567,18.58225714285714,7.665482957741578,18.184747750968487,10.916774185115564
2016-05-09,49.74,59.9023,20.4308,12.5347,15.993,2.2153,1.9246,38250060000.0,4.7135,18.3335,12.0,4.0,16.5602,7.7324,11.226777976190474,6.994961412055942,18.68093650793651,7.607943405757861,18.221739388246416,11.07299310217865
2016-05-10,50.39,59.882,18.8371,12.6985,15.9887,2.2442,1.9248,38749910000.0,4.7135,18.3335,12.0,4.0,16.5602,7.7324,11.25239246031746,6.999152739496076,18.774356349206347,7.536111997803467,18.25154519981354,11.23824435140288
2016-05-11,50.28,59.882,19.0971,12.6707,15.9844,2.2393,1.9251,38665320000.0,4.7135,18.3335,12.0,4.0,16.5602,7.7324,11.281800992063491,7.000916765307806,18.857070634920632,7.481374281133701,18.28271775737129,11.375696353786932
2016-05-12,51.05,59.882,17.3007,12.8648,15.9844,2.2736,1.9296,39257450000.0,4.7135,18.3335,12.0,4.0,16.5602,7.7324,11.305542063492064,7.0009992601407305,18.934619047619048,7.413351796359882,18.3065413236328,11.521267251259166
2016-05-13,49.6,59.882,20.7298,12.4994,15.9844,2.209,1.931,38142400000.0,4.7135,18.3335,12.0,4.0,16.5602,7.7324,11.334049007936509,7.010076348083574,19.03453571428572,7.351283184396604,18.344125356020083,11.683252529889112
2016-05-16,49.99,59.882,19.788,12.5977,15.993,2.2264,1.9375,38442310000.0,4.7135,18.3335,12.0,4.0,16.5602,7.7324,11.358332738095235,7.018132464854994,19.11612063492064,7.301589103851899,18.376465202950232,11.814531531068738
2016-05-17,49.93,59.882,19.9319,12.5825,15.9887,2.2237,1.9383,38396170000.0,4.7135,18.3335,12.0,4.0,16.5602,7.7324,11.38122777777778,7.027254762924245,19.18856507936508,7.263641864181409,18.408482540702025,11.924923215183671
2016-05-18,50.33,59.882,18.9787,12.6833,15.9887,2.2416,1.9405,38703770000.0,4.7135,18.3335,12.0,4.0,16.5602,7.7324,11.405553968253969,7.032300105313657,19.23976031746032,7.239012998834211,18.437854073567625,12.000747318626106
2016-05-19,49.55,59.882,20.8517,12.4868,15.9887,2.2068,1.9424,38103950000.0,4.7135,18.3335,12.0,4.0,16.5602,7.7324,11.434616468253967,7.041023220345708,19.29621984126984,7.223483250875657,18.475639688599674,12.072736590394186
2016-05-20,50.03,59.882,19.6922,12.6077,15.9887,2.2282,1.9437,38473070000.0,4.7135,18.3335,12.0,4.0,16.5602,7.7324,11.463543055555556,7.044947666903738,19.344553968253965,7.205430299052382,18.50849072245929,12.139123669201584
2016-05-23,49.91,59.882,19.98,12.5775,15.9984,2.2229,1.9482,38380790000.0,4.7135,18.3335,12.0,4.0,16.5602,7.7324,11.493723412698412,7.048792330365906,19.41703888888889,7.165087511526536,18.54251574306432,12.25195137736235
2016-05-24,50.83,59.882,17.8084,12.8093,15.993,2.2638,1.9513,39088270000.0,4.7135,18.3335,12.0,4.0,16.5602,7.7324,11.521153174603176,7.046408227852405,19.47297063492063,7.12436743433189,18.56756140245558,12.34860320058874
2016-05-25,49.63,59.582,20.0524,12.5322,15.9887,2.2122,1.9516,38165470000.0,4.6347,18.1521,12.0,4.0,16.5602,7.7324,11.55111011904762,7.050526783976138,19.543461904761905,7.085396271631891,18.60163690302376,12.458065633130015
2016-05-26,47.59,59.582,25.1986,12.0171,15.9887,2.1212,1.9525,36596710000.0,4.6347,18.1521,12.0,4.0,16.5602,7.7324,11.590592857142855,7.071134856096823,19.635233333333336,7.083145776153272,18.66172771323968,12.552087557180062
2016-05-27,48.6,59.582,22.5967,12.2721,15.9887,2.1663,1.9536,37373400000.0,4.6347,18.1521,12.0,4.0,16.5602,7.7324,11.626069642857145,7.0814239748667545,19.716966666666668,7.057176337487816,18.70749361772389,12.659790329178852
2016-05-31,47.74,59.582,24.8052,12.0549,15.993,2.1279,1.9562,36712060000.0,4.6347,18.1521,12.0,4.0,16.5602,7.7324,11.667433531746031,7.097411848794999,19.81359841269841,7.042698366393054,18.76484538054103,12.770900046305355
2016-06-01,48.05,59.582,24.0,12.1658,15.9887,2.1417,1.9587,36950450000.0,4.6349,17.9778,12.0,4.0,16.5602,7.7324,11.706829563492064,7.110664738520211,19.89835555555556,7.028178602984334,18.817494302012275,12.87017695257122
2016-06-02,48.33,59.3133,22.7256,12.2444,15.9887,2.1533,1.9617,37165770000.0,4.5553,17.7798,11.0,4.0,16.5602,7.4242,11.74441726190476,7.118752706742846,19.989252380952383,6.989684067443408,18.863169968647608,12.999568313508975
2016-06-03,47.75,59.376,24.3476,12.092,15.9887,2.1286,1.9623,36719750000.0,4.5551,17.7813,11.0,4.0,16.5602,7.3503,11.78486369047619,7.132348535798844,20.089623015873016,6.960453704639084,18.91721222627504,13.129169311233932
2016-06-06,47.07,59.376,26.144,11.9198,15.9525,2.0983,1.9643,36196830000.0,4.5551,17.7813,11.0,4.0,16.5602,7.3503,11.8293876984127,7.151817561968905,20.17063174603175,6.971125005227065,18.981205260381603,13.199506740804685
2016-06-07,47.5,59.376,25.0021,12.0287,15.9507,2.1174,1.965,36527500000.0,4.5551,17.7813,11.0,4.0,16.5602,7.3503,11.871952777777777,7.166264580102908,20.26762777777778,6.952477578010599,19.038217357880683,13.31515019976718
2016-06-08,47.68,59.376,24.5302,12.0742,15.9489,2.1255,1.9657,36665920000.0,4.5551,17.7813,11.0,4.0,16.5602,7.3503,11.915101587301589,7.176894046060919,20.361231746031745,6.929623190802083,19.091995633362504,13.431608555229662
2016-06-09,48.03,59.376,23.6227,12.1629,15.9479,2.1411,1.9685,36935070000.0,4.5551,17.7813,11.0,4.0,16.5602,7.3503,11.954571825396824,7.186483527036789,20.43853571428572,6.911074386142302,19.14105535243361,13.527461328143414
2016-06-10,47.15,59.376,25.93,11.9249,15.9414,2.0987,1.9688,36258350000.0,4.5556,17.785,11.0,4.0,16.5602,7.3503,11.99846626984127,7.204161492801539,20.536846825396825,6.90029324357362,19.20262776264281,13.636553581823206
2016-06-13,46.64,59.376,27.307,11.7959,15.9055,2.076,1.9697,35866160000.0,4.5556,17.785,11.0,4.0,16.5602,7.3503,12.03945357142857,7.23237739378332,20.65758015873016,6.884465210719064,19.27183096521189,13.773114948011091
2016-06-14,46.52,59.376,27.6354,11.7594,15.8987,2.0699,1.9702,35773880000.0,4.5557,17.7874,11.0,4.0,16.5602,7.3503,12.08022242063492,7.262261338783812,20.77618095238095,6.874849841591611,19.342483759418734,13.90133111078934
2016-06-15,47.26,59.376,25.6369,11.9464,15.8919,2.1028,1.9708,36342940000.0,4.5557,17.7874,11.0,4.0,16.5602,7.3503,12.11515634920635,7.285051956412603,20.881081746031743,6.847101178506276,19.40020830561896,14.033980567525468
2016-06-16,47.47,59.376,25.0811,11.9995,15.8919,2.1122,1.9715,36504430000.0,4.5557,17.7874,11.0,4.0,16.5602,7.3503,12.1505375,7.304647645858025,21.00492857142857,6.779964668720262,19.455185145858024,14.22496390270831
2016-06-17,47.81,59.376,24.1916,12.0854,15.8857,2.1273,1.9716,36765890000.0,4.5557,17.7885,11.0,4.0,16.5602,7.3503,12.18350773809524,7.32143457930771,21.122381746031746,6.704958338321128,19.50494231740295,14.417423407710618
2016-06-20,48.5,59.376,22.4247,12.2819,15.8637,2.1583,1.9744,37296500000.0,4.5557,17.6739,11.0,4.0,16.5602,7.3503,12.214457341269842,7.331704863754947,21.19587380952381,6.667682708337767,19.54616220502479,14.528191101186042
2016-06-21,48.65,59.376,22.0473,12.3199,15.859,2.165,1.9761,37411850000.0,4.5557,17.6739,11.0,4.0,16.5602,7.3503,12.245956746031746,7.339790299878769,21.283160317460315,6.605488044831403,19.58574704591052,14.67767227262891
2016-06-22,48.86,59.376,21.5227,12.3731,15.8573,2.1744,1.9778,37573340000.0,4.5557,17.6739,11.0,4.0,16.5602,7.3503,12.27801884920635,7.34495792285621,21.38459523809524,6.508785931816703,19.62297677206256,14.875809306278532
2016-06-23,49.36,59.4843,20.5111,12.4997,15.8552,2.1966,1.9804,37957840000.0,4.5557,17.6739,11.0,4.0,16.5602,7.3503,12.300431746031746,7.352823266934477,21.48012380952381,6.405297422570357,19.653255012966223,15.074826386953454
2016-06-24,45.65,59.0076,29.2609,11.6573,15.8527,2.0334,1.9839,35104850000.0,4.4551,17.2074,11.0,4.0,16.5602,7.3503,12.339065674603177,7.390660509251646,21.64207063492064,6.341190227142589,19.729726183854822,15.300880407778044
2016-06-27,43.64,58.7617,34.651,11.144,15.839,1.9439,1.9845,33559160000.0,4.4551,17.2074,11.0,4.0,16.5602,7.3503,12.38816488095238,7.456364740680136,21.84743492063492,6.3401552102680165,19.84452962163252,15.507279710366902
2016-06-28,43.73,58.1364,32.944,11.2642,15.8244,1.9112,1.9845,32928690000.0,4.4466,17.2559,11.0,4.0,16.4102,7.4358,12.43358988095238,7.511623085911957,22.040366666666664,6.304640009529321,19.94521296686434,15.735726657137342
2016-06-29,44.47,58.0838,30.6134,11.4782,15.8172,1.9437,1.9845,33485910000.0,4.4466,17.2506,11.0,4.0,16.4102,7.4017,12.47270873015873,7.5548213506554065,22.22965555555556,6.199448400476188,20.02753008081413,16.030207155079367
2016-06-30,44.2,56.3996,27.6009,11.4835,15.8126,1.935,1.9845,33282600000.0,4.3983,17.2226,11.0,4.0,15.9116,7.474,12.505088095238095,7.584619267012775,22.393496825396824,6.06389704676355,20.08970736225087,16.329599778633273
2016-07-01,44.86,56.3996,25.7236,11.6383,15.7962,1.9647,1.9845,33779580000.0,4.4244,17.5556,12.0,4.0,15.9116,7.474,12.533977777777778,7.607194435204722,22.5337126984127,5.932565006214034,20.1411722129825,16.601147692198666
2016-07-05,43.75,56.3996,28.9134,11.3524,15.7814,1.9161,1.9848,32943750000.0,4.4244,17.5556,12.0,4.0,15.9116,7.474,12.571001984126983,7.641404487055036,22.6931507936508,5.830240222820773,20.21240647118202,16.86291057083002
2016-07-06,43.18,56.2599,30.2916,11.2045,15.7728,1.8911,1.9846,32514540000.0,4.4244,17.5556,12.0,4.0,15.9116,7.474,12.609482341269842,7.681686303780251,22.847191269841268,5.771805820115662,20.29116864505009,17.075385449725605
2016-07-07,43.82,56.2599,28.3886,11.3706,15.7642,1.9192,1.9846,32996460000.0,4.4244,17.5556,12.0,4.0,15.9116,7.474,12.64098511904762,7.713772230838733,22.983401587301582,5.697394170656907,20.354757349886352,17.28600741664468
2016-07-08,44.52,56.2599,26.3699,11.5522,15.7604,1.9498,1.9846,33523560000.0,4.4244,17.5556,12.0,4.0,15.9116,7.474,12.667637301587302,7.737965736455777,23.084550793650795,5.642792910234896,20.40560303804308,17.4417578834159
2016-07-11,45.63,56.2599,23.2959,11.8403,15.747,1.9984,1.9894,34359390000.0,4.4244,17.5556,12.0,4.0,15.9116,7.474,12.684868650793652,7.751959632504738,23.155412698412697,5.588245154221073,20.43682828329839,17.567167544191623
2016-07-12,46.71,56.4966,20.9518,12.0995,15.7465,2.046,1.9912,35172630000.0,4.3377,17.7511,11.0,4.0,15.9116,7.474,12.699735317460316,7.760627189208417,23.22929523809524,5.495586413344348,20.460362506668734,17.73370882475089
2016-07-13,46.65,56.4966,21.1074,12.0839,15.7462,2.0434,1.9932,35127450000.0,4.3377,17.7511,11.0,4.0,15.9116,7.474,12.71545992063492,7.769630511909096,23.31640396825397,5.37191445382947,20.485090432544016,17.944489514424497
2016-07-14,46.32,56.4966,21.9702,11.9984,15.7416,2.0289,1.9952,34878960000.0,4.3377,17.7511,11.0,4.0,15.9116,7.474,12.73117896825397,7.780338063450853,23.37198095238095,5.3208285002349145,20.511517031704823,18.05115245214604
2016-07-15,45.32,56.4966,24.6615,11.7394,15.732,1.9851,1.9952,34125960000.0,4.3377,17.7511,11.0,4.0,15.9116,7.474,12.753038492063492,7.79836465385768,23.44116031746032,5.28000023497069,20.55140314592117,18.16116008248963
2016-07-18,45.62,56.4966,23.39,11.8358,15.6899,1.9983,1.9966,34351860000.0,4.3377,17.7511,11.0,4.0,15.9116,7.474,12.768059523809525,7.811562741564184,23.46128333333333,5.274892297694603,20.579622265373708,18.18639103563873
2016-07-19,45.13,56.4966,24.7297,11.7087,15.689,1.9768,1.9952,33982890000.0,4.3377,17.7511,11.0,4.0,15.9116,7.474,12.78862757936508,7.829398678837204,23.477183333333333,5.275678474141297,20.618026258202285,18.201504859192035
2016-07-20,46.02,56.3299,22.4031,11.9337,15.688,2.0158,1.9966,34653060000.0,4.3377,17.6685,11.0,4.0,15.9116,7.474,12.802889285714286,7.840366516973486,23.45929523809524,5.275467213414845,20.64325580268777,18.183828024680388
2016-07-21,45.32,56.3299,24.2937,11.7342,15.6877,1.9819,1.9966,34125960000.0,4.5463,17.8914,12.0,4.0,15.9116,7.474,12.821593849206348,7.856527986934338,23.48317698412698,5.272353826778309,20.678121836140686,18.21082315734867
2016-07-22,45.94,56.3299,22.6162,11.9009,15.6797,2.0093,1.9982,34592820000.0,4.5463,17.8909,12.0,4.0,15.9116,7.474,12.837844246031748,7.868314568555689,23.49374523809524,5.269245255246237,20.70615881458744,18.224499982849
2016-07-25,46.31,56.3299,21.6366,11.9968,15.6794,2.0255,1.999,34871430000.0,4.5463,17.8909,12.0,4.0,15.9116,7.474,12.856482936507936,7.878022253029544,23.481350000000003,5.271781934590793,20.73450518953748,18.209568065409208
2016-07-26,46.17,56.3299,22.0054,11.9605,15.6774,2.0193,1.9996,34766010000.0,4.5463,17.8909,12.0,4.0,15.9116,7.474,12.872635515873016,7.888432039618771,23.4919007936508,5.267451003504181,20.76106755549179,18.22444979014661
2016-07-27,46.32,56.3299,21.6103,11.9994,15.6754,2.0259,2.0016,34878960000.0,4.5463,17.8909,12.0,4.0,15.9116,7.474,12.88686984126984,7.897726228667516,23.46403571428572,5.268049092230646,20.78459606993736,18.195986622055067
2016-07-28,46.5,56.3299,21.1396,12.046,15.6745,2.0338,2.006,35014500000.0,4.5463,17.8909,12.0,4.0,15.9116,7.474,12.899107936507937,7.9057379067807325,23.4133753968254,5.259390621502426,20.804845843288668,18.15398477532297
2016-07-29,46.72,56.1077,20.0935,12.1423,15.6706,2.0452,2.0084,35180160000.0,4.546,17.8901,12.0,4.0,15.9116,7.474,12.91054265873016,7.911977580095611,23.38131428571429,5.267274529860023,20.82252023882577,18.114039755854265
2016-08-01,46.71,56.1077,20.1192,12.1397,15.653,2.0447,2.0096,35172630000.0,4.546,17.8901,12.0,4.0,15.9116,7.474,12.919899007936506,7.917717764961256,23.36635634920635,5.273889304784203,20.83761677289776,18.092467044422147
2016-08-02,45.26,56.1077,23.9675,11.7629,15.6523,1.9812,2.0093,34080780000.0,4.546,17.8901,12.0,4.0,15.9116,7.474,12.937859325396827,7.932506360877232,23.29988095238096,5.212259256479106,20.87036568627406,18.087621695901845
2016-08-03,45.63,56.1077,22.9623,11.859,15.6493,1.9974,2.0093,34359390000.0,4.546,17.8901,12.0,4.0,15.9116,7.474,12.95300892857143,7.944360288307334,23.232601587301588,5.160810821271721,20.897369216878765,18.071790766029867
2016-08-04,46.16,56.467,22.3289,11.993,15.6411,2.0206,2.0098,34758480000.0,4.546,17.9662,11.0,4.0,15.9116,7.474,12.96486726190476,7.953899234760074,23.17018015873016,5.12336662716236,20.91876649666484,18.0468135315678
2016-08-05,47.05,56.467,20.0149,12.2243,15.629,2.0596,2.011,35428650000.0,4.546,17.9662,11.0,4.0,15.9116,7.474,12.973726785714286,7.959269087800852,23.030094444444448,4.962639436449794,20.93299587351514,18.067455007994653
2016-08-08,46.48,56.467,21.4867,12.0762,15.6261,2.0346,2.0126,34999440000.0,4.546,17.9662,11.0,4.0,15.9116,7.474,12.985301388888889,7.967410789672344,22.87077777777777,4.676988856482349,20.95271217856123,18.193788921295425
2016-08-09,45.05,56.467,25.343,11.7046,15.624,1.972,2.012,33922650000.0,4.546,17.9662,11.0,4.0,15.9116,7.474,13.005345833333331,7.985782607154272,22.76951984126984,4.478502588482116,20.991128440487607,18.291017252787725
2016-08-10,45.44,56.467,24.2672,11.806,15.622,1.9891,2.0114,34216320000.0,4.546,17.9662,11.0,4.0,15.9116,7.474,13.025799007936508,8.001415076242615,22.67083333333333,4.302588489623176,21.02721408417912,18.36824484371016
2016-08-11,45.92,56.467,22.9682,11.9307,15.6204,2.0101,2.0114,34577760000.0,4.546,17.9662,11.0,4.0,15.9116,7.474,13.044225595238096,8.013611705397752,22.55631111111111,4.094464477827766,21.05783730063585,18.461846633283344
2016-08-12,46.04,56.467,22.6477,11.9619,15.6192,2.0154,2.0126,34668120000.0,4.546,17.9662,11.0,4.0,15.9116,7.474,13.062442857142855,8.025000894519817,22.460776984126984,3.9469818391707694,21.08744375166268,18.51379514495621
2016-08-15,46.15,56.467,22.3554,11.9904,15.5977,2.0202,2.0135,34750950000.0,4.546,17.9662,11.0,4.0,15.9116,7.474,13.08290257936508,8.035536360903757,22.385716666666667,3.856599894575252,21.11843894026884,18.529116772091413
2016-08-16,46.58,56.467,21.2258,12.1022,15.5915,2.039,2.014,35074740000.0,4.546,17.9662,11.0,4.0,15.9116,7.474,13.100227976190476,8.043673073808925,22.32219523809524,3.80859026229588,21.1439010499994,18.51360497579936
2016-08-17,46.99,56.467,20.1681,12.2087,15.5853,2.057,2.0146,35383470000.0,4.546,17.9662,11.0,4.0,15.9116,7.474,13.118520238095238,8.049251699469721,22.239095238095235,3.739278798096632,21.16777193756496,18.499816439998604
2016-08-18,46.77,56.467,20.7334,12.1515,15.5825,2.0473,2.0154,35217810000.0,4.546,17.9662,11.0,4.0,15.9116,7.474,13.137584722222222,8.05589648715472,22.183949206349205,3.7094869160838417,21.19348120937694,18.474462290265365
2016-08-19,46.63,56.467,21.0959,12.1151,15.5744,2.0412,2.0158,35112390000.0,4.546,17.9662,11.0,4.0,15.9116,7.474,13.157018055555556,8.06326867251353,22.16073809523809,3.707052410330206,21.220286728069084,18.45368568490789
2016-08-22,46.91,56.467,20.3731,12.2069,15.5634,2.0535,2.0193,35323230000.0,4.546,17.9662,11.0,4.0,15.9116,7.474,13.175192658730158,8.06919950768318,22.139361904761905,3.709552390590405,21.244392166413338,18.429809514171502
2016-08-23,47.79,56.467,18.1565,12.4359,15.5591,2.092,2.0198,35985870000.0,4.546,17.9662,11.0,4.0,15.9116,7.474,13.189784126984128,8.071549113388613,22.09896984126984,3.725083148972788,21.261333240372743,18.37388669229705
2016-08-24,47.29,56.467,19.4058,12.3058,15.5584,2.0701,2.0202,35609370000.0,4.546,17.9662,11.0,4.0,15.9116,7.474,13.206214484126985,8.07576465538903,22.07817142857143,3.732799433601407,21.28197913951601,18.345371994970023
2016-08-25,47.19,56.467,19.6588,12.2798,15.5544,2.0657,2.0206,35534070000.0,4.546,17.9662,11.0,4.0,15.9116,7.474,13.22436507936508,8.079973821479472,22.0559753968254,3.738847797975693,21.30433890084455,18.31712759884971
2016-08-26,47.1,56.467,19.8875,12.2564,15.5508,2.0618,2.0213,35466300000.0,4.546,17.9662,11.0,4.0,15.9116,7.474,13.242216865079367,8.084744344492043,22.02789365079365,3.7417636071934326,21.326961209571408,18.286130043600217
2016-08-29,47.18,56.467,19.6842,12.2772,15.52,2.0653,2.0229,35526540000.0,4.546,17.9662,11.0,4.0,15.9116,7.474,13.256064285714286,8.08979781635701,22.01820634920635,3.746271851080379,21.34586210207129,18.27193449812597
2016-08-30,47.41,56.467,19.1036,12.337,15.5193,2.0754,2.0236,35699730000.0,4.546,17.9662,11.0,4.0,15.9116,7.474,13.272758928571427,8.093171997831156,21.987971428571427,3.754355157794077,21.365930926402584,18.23361627077735
2016-08-31,47.8,56.467,18.1318,12.4385,15.5136,2.0924,2.0244,35993400000.0,4.546,17.9662,11.0,4.0,15.9116,7.474,13.287930357142857,8.095103163031826,21.94779047619048,3.768403915514686,21.383033520174685,18.17938656067579
2016-09-01,48.7,56.467,15.9487,12.6727,15.5075,2.1318,2.0251,36671100000.0,4.546,17.9662,11.0,4.0,15.9116,7.474,13.300261904761904,8.094411773421738,21.88865317460317,3.8037329381263993,21.394673678183644,18.084920236476776
2016-09-02,46.39,56.114,20.9614,12.0716,15.506,2.0306,2.0253,34931670000.0,4.5509,17.9662,11.0,4.0,15.9116,7.474,13.327440873015874,8.097097644399256,21.850148412698413,3.78821385226802,21.42453851741513,18.061934560430394
2016-09-06,45.87,56.114,22.3327,11.9419,15.4903,2.0075,2.0253,34540110000.0,4.5509,17.9678,11.0,4.0,15.9116,7.474,13.358639285714284,8.10145002747016,21.808251587301587,3.753011302742813,21.460089313184444,18.05524028455877
2016-09-07,45.3,55.8299,23.2448,11.807,15.4882,1.9834,2.0253,34110900000.0,4.5489,17.9559,12.0,4.0,15.9116,7.474,13.390511904761905,8.10869347956264,21.77599047619048,3.722690777734087,21.499205384324547,18.05329969845639
2016-09-08,44.86,55.8299,24.4536,11.7119,15.4828,1.9641,2.0253,33779580000.0,4.5534,17.9146,12.0,4.0,15.9116,7.3418,13.422476785714284,8.120502769321305,21.74961349206349,3.6914733553602086,21.54297955503559,18.05814013670328
2016-09-09,44.37,55.5846,25.2752,11.5891,15.4786,1.9425,2.0253,33410610000.0,4.533,17.8424,11.0,4.0,15.9116,7.3418,13.456393055555557,8.13425477966885,21.76383571428571,3.7016438440120254,21.59064783522441,18.062191870273686
2016-09-12,45.22,55.5846,22.5865,11.7972,15.4469,1.9797,2.0253,34050660000.0,4.533,17.9924,11.0,4.0,15.9116,6.5241,13.487359523809523,8.139254320522321,21.760431746031745,3.70068079887228,21.62661384433185,18.059750947159465
2016-09-13,45.63,55.4336,21.485,11.9042,15.4335,1.9976,2.0253,34359390000.0,4.6009,17.9942,11.0,4.0,15.9116,6.5241,13.515598809523809,8.142268582063684,21.744006349206348,3.6972450563246704,21.65786739158749,18.04676129288168
2016-09-14,46.23,55.4336,19.9083,12.0607,15.4328,2.0239,2.0253,34811190000.0,4.6009,17.9942,11.0,4.0,15.9116,6.5241,13.541951587301588,8.141420904847976,21.73354285714285,3.700584864789136,21.68337249214957,18.03295799235372
2016-09-15,46.47,55.4336,19.289,12.1233,15.4237,2.0344,2.0253,34991910000.0,4.6009,17.9942,11.0,4.0,15.9116,6.5241,13.567617857142857,8.1391029957376,21.72091507936508,3.7062308354457154,21.70672085288046,18.01468424391937
2016-09-16,46.25,55.4336,19.8564,12.066,15.412,2.0248,2.0253,34826250000.0,4.6009,17.9942,11.0,4.0,15.9116,6.5241,13.595525992063491,8.136498233497889,21.72554841269841,3.703509514516644,21.732024225561386,18.02203889818177
2016-09-19,45.9,55.4336,20.7704,11.9859,15.4084,2.0095,2.0254,34562700000.0,4.6009,17.9614,11.0,4.0,15.9116,6.5241,13.627347817460317,8.133126853762727,21.740288095238096,3.695915010788938,21.760474671223044,18.04437308444916
2016-09-20,46.19,55.4336,20.0121,12.0774,15.408,2.0229,2.0254,34781070000.0,4.5733,17.8734,11.0,4.0,15.9116,6.5241,13.660740873015872,8.124701215230807,21.729505555555555,3.6989824119028656,21.785442088246683,18.03052314365269
2016-09-21,45.82,55.3961,20.8994,12.0247,15.4078,2.0063,2.0253,34502460000.0,4.5733,17.8767,11.0,4.0,15.8885,6.5284,13.693966071428571,8.119984797837649,21.711935714285715,3.6976148303997456,21.813950869266225,18.01432088388597
2016-09-22,46.84,55.3961,18.2667,12.2853,15.4058,2.0508,2.0254,35270520000.0,4.5732,17.8797,11.0,4.0,15.8885,6.5284,13.71755634920635,8.115955540554628,21.691422222222226,3.70957737262617,21.833511889760977,17.98184484959605
2016-09-23,47.26,55.3961,17.2156,12.3954,15.4033,2.0692,2.0255,35586780000.0,4.5732,17.8797,11.0,4.0,15.8885,6.5284,13.74100476190476,8.108939044810977,21.66393095238095,3.729916145340554,21.849943806715736,17.9340148070404
2016-09-26,46.47,55.2725,18.9423,12.2331,15.3886,1.9978,2.0259,34341330000.0,4.7169,17.7152,14.0,4.0,15.7134,7.6167,13.764487896825395,8.106825752030641,21.66210634920635,3.731200813501897,21.87131364885604,17.930905535704454
2016-09-27,48.35,55.2725,14.3175,12.728,15.3867,2.0785,2.027,35730650000.0,4.7421,17.6908,14.0,4.0,15.8219,7.9213,13.780926785714287,8.099512374131058,21.66164841269841,3.732105733437266,21.880439159845345,17.929542679261147
2016-09-28,48.78,54.8685,12.4815,12.8426,15.3856,2.098,2.028,36048420000.0,4.7423,17.6906,14.0,4.0,15.8219,7.9213,13.791275396825398,8.094502013170427,21.653287301587305,3.7515869204585033,21.885777409995825,17.9017003811288
2016-09-29,48.26,54.8685,13.6935,12.7372,15.3726,2.0755,2.0282,35664140000.0,4.7519,17.5216,14.0,4.0,15.8219,7.7284,13.80281011904762,8.09020265484712,21.65420396825397,3.749611601995863,21.89301277389474,17.904592366258107
2016-09-30,48.82,55.1386,12.9426,12.8785,15.3606,2.0996,2.0284,36077980000.0,4.7519,17.5135,15.0,4.0,15.8219,7.9366,13.807222023809524,8.089123825081652,21.653920634920635,3.750273717632974,21.896345848891176,17.90364691728766
2016-10-03,49.13,55.1316,12.2158,12.9603,15.347,2.113,2.0306,36307070000.0,4.7141,17.5135,15.0,4.0,15.8219,7.4025,13.807045436507936,8.089157659854374,21.62123015873016,3.814414287268889,21.89620309636231,17.806815871461268
2016-10-04,49.19,55.1316,12.0789,12.9881,15.3342,2.1165,2.0325,36351410000.0,4.6909,17.4483,15.0,4.0,15.8219,7.4025,13.812226984126983,8.08720852276971,21.59615555555555,3.8667346338851263,21.89943550689669,17.729420921670425
2016-10-05,48.77,55.1316,13.0441,12.8772,15.3304,2.0984,2.033,36041030000.0,4.6909,17.4483,15.0,4.0,15.8219,7.4025,13.818883730158731,8.085188477931032,21.56278888888889,3.922293326373413,21.904072208089765,17.640495562515476
2016-10-06,48.83,55.1316,12.9052,12.8931,15.3104,2.101,2.0336,36085370000.0,4.6861,17.4369,15.0,4.0,15.8219,7.3873,13.812675198412697,8.084685286767881,21.52759206349206,3.979963744309031,21.897360485180577,17.54762831918303
2016-10-07,47.75,55.1316,15.4588,12.6079,15.308,2.0545,2.0338,35287250000.0,4.6861,17.4369,15.0,4.0,15.8219,7.3873,13.8135501984127,8.084839838998912,21.50642857142857,4.005209425193018,21.89839003741161,17.501219146235552
2016-10-10,47.51,55.1316,16.0421,12.5416,15.2927,2.0442,2.0345,35109890000.0,4.6861,17.2133,16.0,4.0,15.8219,7.3873,13.80234365079365,8.077811575380599,21.49776349206349,4.015911590213903,21.88015522617425,17.481851901849588
2016-10-11,46.85,55.1316,17.6768,12.3939,15.2922,2.0158,2.0344,34622150000.0,4.6861,17.0436,16.0,4.0,15.8219,7.3873,13.793292658730158,8.070892948663765,21.510166666666667,4.001538410701295,21.86418560739392,17.50862825596537
2016-10-12,46.7,55.1316,18.0548,12.3542,15.2918,2.0093,2.0342,34511300000.0,4.6861,17.0436,16.0,4.0,15.8219,7.3873,13.773323015873014,8.047793823978346,21.53007301587302,3.977802618379133,21.82111683985136,17.552270397493885
2016-10-13,46.79,55.1316,17.8277,12.3793,15.2876,2.0132,2.0342,34577810000.0,4.6861,17.0437,16.0,4.0,15.8219,7.3873,13.75847996031746,8.033362094604882,21.538291269841267,3.968995665485291,21.79184205492234,17.569295604355975
2016-10-14,46.15,55.1316,19.4618,12.21,15.2857,1.9856,2.0342,34104850000.0,4.6861,17.0437,16.0,4.0,15.8219,7.3873,13.74521726190476,8.018373730106575,21.556196825396825,3.954355468329535,21.763590992011338,17.60184135706729
2016-10-17,46.11,55.1316,19.5654,12.1994,15.2744,1.9839,2.0345,34075290000.0,4.6861,17.0437,16.0,4.0,15.8219,7.3873,13.734180357142856,8.00649425519545,21.5705119047619,3.943759771560001,21.740674612338307,17.6267521332019
2016-10-18,46.52,54.9816,18.1892,12.3291,15.2693,2.0025,2.0344,34378280000.0,4.6861,17.0447,16.0,4.0,15.8219,7.3873,13.722296428571427,7.995398155896727,21.563446031746032,3.949052525467594,21.717694584468155,17.61439350627844
2016-10-19,46.62,54.9816,17.9356,12.3556,15.268,2.0068,2.0342,34452180000.0,4.6861,17.0447,16.0,4.0,15.8219,7.3873,13.71676865079365,7.991511561111492,21.537840476190475,3.962114988258976,21.70828021190514,17.5757254879315
2016-10-20,47.2,54.9816,16.4864,12.5093,15.2572,2.0318,2.0342,34880800000.0,4.6861,17.0447,16.0,4.0,15.8219,7.3873,13.721476388888888,7.992444670389665,21.48263253968254,3.983766360735849,21.713921059278555,17.49886617894669
2016-10-21,46.71,54.9816,17.7084,12.3794,15.2448,2.0107,2.0342,34518690000.0,4.6861,17.0447,16.0,4.0,15.8219,7.3873,13.727169642857142,7.994264070021779,21.45164761904762,3.997905751359346,21.72143371287892,17.453741867688272
2016-10-24,47.0,54.9816,16.9821,12.4692,15.2371,2.0243,2.0344,34733000000.0,4.6564,16.9397,16.0,5.0,16.3975,7.3873,13.731843452380954,7.995479407605878,21.412737301587303,4.01746663350367,21.72732285998683,17.395270668083633
2016-10-25,46.92,54.9816,17.1816,12.4618,15.232,2.0208,2.0342,34673880000.0,4.6564,16.9416,16.0,5.0,16.3975,7.3873,13.740987103174602,7.9967867278890115,21.382446825396823,4.034967007521585,21.737773831063613,17.34747981787524
2016-10-26,47.15,54.5539,15.7029,12.5272,15.2269,2.0307,2.0339,34843850000.0,4.6564,16.8982,17.0,5.0,16.3975,7.3873,13.746089682539685,7.997217324094517,21.325043650793653,4.06403672720575,21.7433070066342,17.261006923587903
2016-10-27,46.53,54.5539,17.2446,12.3625,15.2221,2.004,2.0339,34385670000.0,4.6564,16.8982,17.0,5.0,16.3975,7.3873,13.758615277777777,7.997744293257958,21.28549365079365,4.079399069759812,21.75635957103573,17.206094581033838
2016-10-28,48.45,54.4316,12.3459,12.8904,15.1982,2.0867,2.0344,35804550000.0,4.6564,16.8841,16.0,5.0,16.3975,7.3873,13.763042063492064,7.996340754768759,21.21646587301588,4.156387327959689,21.759382818260825,17.060078545056186
2016-10-31,49.1,54.4316,10.8587,13.0818,15.1341,2.1152,2.035,36284900000.0,4.6499,16.8849,16.0,5.0,16.3975,7.3873,13.768280357142858,7.993565710829462,21.134858730158733,4.257588966525659,21.76184606797232,16.877269763633073
2016-11-01,48.42,54.4316,12.4155,12.9006,15.1341,2.0859,2.035,35782380000.0,4.6499,16.8849,16.0,5.0,16.3975,7.3873,13.777035317460316,7.989654168937784,21.05915317460317,4.327138913447048,21.7666894863981,16.732014261156127
2016-11-02,48.27,54.4316,12.7649,12.8607,15.1328,2.0795,2.0355,35671530000.0,4.6499,16.8849,16.0,5.0,16.3975,7.3873,13.786055753968256,7.9859316902983535,20.97081904761905,4.382041385358215,21.77198744426661,16.588777662260835
2016-11-03,48.32,54.4316,12.6482,12.874,15.1203,2.0816,2.0366,35708480000.0,4.6499,16.8974,17.0,5.0,15.9975,7.3873,13.79430734126984,7.982595833942414,20.89813968253968,4.4435922980771485,21.77690317521225,16.454547384462533
2016-11-04,48.04,54.4316,13.3047,12.7994,15.1067,2.0695,2.0376,35501560000.0,4.6499,16.8974,17.0,5.0,15.9975,7.3873,13.803969246031748,7.979042528546272,20.84158333333333,4.494643885848784,21.78301177457802,16.346939447484548
2016-11-07,48.99,54.4316,11.1076,13.0525,15.0795,2.1105,2.0385,36203610000.0,4.6499,16.8974,17.0,5.0,15.9975,7.3873,13.81234761904762,7.973978144111959,20.780238095238094,4.574263890644592,21.78632576315957,16.205974204593502
2016-11-08,49.82,54.4316,9.2565,13.2737,15.0509,2.1462,2.0387,36816980000.0,4.6499,16.8974,17.0,5.0,15.9975,7.3873,13.816160714285717,7.971333480938797,20.70213809523809,4.685877764207577,21.78749419522451,16.016260331030516
2016-11-09,49.36,54.4316,10.2747,13.1511,15.0456,2.1264,2.0388,36477040000.0,4.6499,16.8974,17.0,5.0,15.9975,7.3873,13.821518650793651,7.96803652559198,20.6463761904762,4.767767782607121,21.78955517638564,15.878608407869072
2016-11-10,49.92,54.1912,8.5561,13.3212,15.0406,2.151,2.0401,36890880000.0,4.6144,16.8214,16.0,5.0,15.9975,7.3873,13.825147817460318,7.965214838671685,20.549759523809524,4.887897576769222,21.790362656132004,15.6618619470403
2016-11-11,49.82,54.1912,8.774,13.2946,15.0307,2.1467,2.0418,36816980000.0,4.6144,16.8214,16.0,5.0,15.9975,7.3873,13.828161706349206,7.963010950515592,20.462346825396825,4.998854517949858,21.7911726568648,15.463492307446966
2016-11-14,50.78,54.4316,7.191,13.5294,15.0146,2.1876,2.0434,37526420000.0,4.6143,16.8236,16.0,5.0,15.9975,7.3873,13.83048015873016,7.960903619767131,20.361228571428573,5.136634888030782,21.79138377849729,15.22459368339779
2016-11-15,50.97,54.4316,6.7914,13.58,15.0054,2.1958,2.0434,37666830000.0,4.6143,16.8236,16.0,5.0,15.9975,7.3873,13.835047222222222,7.956193090959145,20.26450396825397,5.27573865695999,21.79124031318137,14.988765311293978
2016-11-16,50.94,54.4316,6.8543,13.5721,15.003,2.1945,2.0438,37644660000.0,4.6143,16.8236,16.0,5.0,15.9975,7.3873,13.839788888888888,7.9513080335731265,20.153413492063493,5.408963738482112,21.79109692246201,14.744449753581382
2016-11-17,51.5,54.4316,5.6924,13.7213,14.9948,2.2186,2.0445,38058500000.0,4.6143,16.8236,16.0,5.0,15.9975,7.3873,13.845951984126984,7.94376822407894,20.042303968253968,5.560189761328475,21.789720208205924,14.482114206925491
2016-11-18,51.5,54.6492,6.115,13.7143,14.9829,2.2186,2.0449,38058500000.0,4.6143,16.8348,17.0,5.0,15.9975,7.3873,13.849625595238097,7.939755091670208,19.93226428571429,5.69694934967059,21.789380686908306,14.235314936043697
2016-11-21,51.26,55.173,7.6336,13.6236,14.964,2.2075,2.0452,37881140000.0,4.6564,17.1096,17.0,5.0,15.9975,7.3873,13.856361904761904,7.933021927167051,19.851511904761907,5.798502352140164,21.789383831928955,14.053009552621742
2016-11-22,51.77,55.173,6.5733,13.7591,14.9536,2.2295,2.0456,38258030000.0,4.6564,17.1096,17.0,5.0,15.9975,7.3873,13.861213690476191,7.927806344773267,19.744534920634923,5.917876168265831,21.789020035249457,13.826658752369092
2016-11-23,52.3,55.173,5.4933,13.9,14.9433,2.2523,2.046,38649700000.0,4.6564,17.1096,17.0,5.0,15.9975,7.3873,13.864918452380952,7.923448926007917,19.58814365079365,6.031866329321071,21.78836737838887,13.55627732147258
2016-11-25,52.55,55.173,4.9914,13.9664,14.9276,2.2631,2.0468,38834450000.0,4.6564,17.1096,17.0,5.0,15.9975,7.3873,13.868941071428573,7.918416729477378,19.448419047619048,6.164076603803053,21.787357800905948,13.284342443815994
2016-11-28,52.06,55.173,5.9796,13.8362,14.9147,2.242,2.0482,38472340000.0,4.6564,17.1096,17.0,5.0,15.9975,7.3873,13.874245238095238,7.912220190668418,19.299009523809524,6.260595056464398,21.78646542876365,13.038414467345126
2016-11-29,53.22,55.0555,3.4489,14.1445,14.9048,2.2919,2.0482,39329580000.0,4.6564,17.1096,17.0,5.0,15.9975,7.3873,13.884223015873015,7.895846720094069,19.13590555555556,6.403221690446675,21.78006973596709,12.732683865108882
2016-11-30,51.41,55.0555,7.091,13.6634,14.9032,2.214,2.0493,37991990000.0,4.6564,17.1096,17.0,5.0,15.9975,7.3873,13.893273412698411,7.88541321779353,19.011821428571427,6.484078864462942,21.778686630491944,12.527742564108484
2016-12-01,49.88,55.0555,10.3759,13.2568,14.8842,2.1481,2.0506,36861320000.0,4.6564,17.1096,17.0,5.0,15.9975,7.3873,13.91142023809524,7.866714607135813,18.90093492063492,6.511509301540518,21.77813484523105,12.3894256190944
2016-12-02,50.4,55.0555,9.2371,13.395,14.8566,2.1705,2.051,37245600000.0,4.6564,17.1096,17.0,5.0,15.9975,7.3873,13.928194444444443,7.847655354442738,18.76675317460317,6.535214328098792,21.77584979888718,12.231538846504382
2016-12-05,51.63,55.0555,6.6347,13.7219,14.8392,2.2234,2.052,38154570000.0,4.6564,17.1096,17.0,5.0,15.9975,7.3873,13.942328769841271,7.828027744776159,18.62098015873016,6.599550276908349,21.77035651461744,12.02142988182181
2016-12-06,52.58,55.0555,4.7081,13.9744,14.8331,2.2643,2.0522,38856620000.0,4.6564,17.1096,17.0,5.0,15.9975,7.3873,13.953219047619047,7.81130467659585,18.463661904761903,6.693154090081524,21.7645237242149,11.77050781468038
2016-12-07,53.16,55.0555,3.5657,14.1285,14.8189,2.2893,2.0526,39285240000.0,4.6564,17.1096,17.0,5.0,15.9975,7.3873,13.959385714285716,7.8018504927768255,18.304479365079363,6.807013929673473,21.76123620706254,11.49746543540589
2016-12-08,52.92,55.4364,4.7551,14.0647,14.7959,2.2785,2.0532,39107880000.0,4.6695,17.1115,17.0,5.0,15.9975,7.3873,13.96647896825397,7.791827489879346,18.136424603174603,6.878260479681454,21.758306458133315,11.258164123493149
2016-12-09,53.34,55.4364,3.9303,14.1877,14.7856,2.2965,2.0534,39418260000.0,4.6695,17.1129,17.0,5.0,15.9975,7.3873,13.969086904761904,7.788240021023637,17.950895238095235,6.943881255964495,21.75732692578554,11.00701398213074
2016-12-12,52.13,55.4364,6.3426,13.8577,14.7819,2.2445,2.055,38524070000.0,4.6508,17.1117,17.0,5.0,15.9975,7.3873,13.977556944444446,7.777591591573644,17.781904761904762,6.965371758955516,21.75514853601809,10.816533002949246
2016-12-13,52.15,55.4364,6.3018,13.8778,14.7816,2.2454,2.056,38538850000.0,4.6508,17.1266,17.0,5.0,15.9975,7.3873,13.98321091269841,7.77095784474403,17.62845158730159,7.0038134128398495,21.754168757442443,10.62463817446174
2016-12-14,52.41,55.2529,5.4243,14.0502,14.7813,2.2605,2.057,38730990000.0,4.6017,16.6938,18.0,5.0,15.8074,7.3917,13.987339285714286,7.765845254452681,17.472445238095236,7.055215405489408,21.753184540166966,10.417229832605829
2016-12-15,52.96,55.162,4.1579,14.2427,14.7813,2.2858,2.0573,39137440000.0,4.5612,16.3494,18.0,5.0,15.8074,7.3917,13.984461111111113,7.769224865376239,17.31344761904762,7.12794658555409,21.75368597648736,10.185501033493528
2016-12-16,51.5,55.3893,7.552,13.9122,14.7798,2.2241,2.0582,38058500000.0,4.5433,16.2167,20.0,5.0,15.8074,7.0699,13.99531607142857,7.756372001566013,17.19541031746032,7.165672747847939,21.751688072994583,10.02973756961238
2016-12-19,51.32,55.1911,7.5431,13.8635,14.761,2.2164,2.0597,37925480000.0,4.5433,16.2167,20.0,5.0,15.8074,7.0699,14.00565257936508,7.744261843172477,17.080297619047617,7.203507414880074,21.74991442253756,9.87679020416754
2016-12-20,52.49,56.4544,7.5527,12.703,14.761,2.1521,2.0598,38265210000.0,5.048,11.8423,8.0,5.0,14.8391,8.3947,14.012588690476193,7.736895570567657,16.969424603174602,7.241992082831062,21.749484261043847,9.72743252034354
2016-12-21,53.09,56.4287,6.2888,12.8569,14.761,2.1808,2.0598,38702610000.0,4.9819,11.7642,9.0,5.0,14.8391,8.4166,14.016926984126984,7.731938975099045,16.856549206349204,7.296976412468201,21.74886595922603,9.559572793881005
2016-12-22,52.41,56.6269,8.046,12.6799,14.7558,2.1544,2.0604,38206890000.0,4.8708,12.0117,9.0,5.0,14.8391,8.8514,14.024916666666666,7.7236635238634275,16.688176984126986,7.253092556620518,21.74858019053009,9.435084427506467
2016-12-23,53.03,56.6269,6.7828,12.8299,14.7471,2.1799,2.0614,38658870000.0,4.8708,12.0117,9.0,5.0,14.8391,8.8514,14.030367658730158,7.717566505612499,16.467000793650794,7.124722397146243,21.74793416434266,9.34227839650455
2016-12-27,52.64,56.6269,7.5739,12.7356,14.7397,2.1638,2.0652,38374560000.0,4.8708,12.0117,9.0,5.0,14.8391,8.8514,14.039146825396823,7.7076742891189,16.265650793650796,7.012957221483481,21.74682111451573,9.252693572167312
2016-12-28,52.19,56.6269,8.5014,12.5965,14.7382,2.1453,2.0655,38046510000.0,4.8708,11.999,9.0,5.0,14.8391,8.8514,14.050523412698414,7.69522583701796,16.09015873015873,6.927187785175246,21.745749249716376,9.162970944983485
2016-12-29,51.99,56.6269,8.9188,12.5483,14.7337,2.1371,2.0668,37900710000.0,4.8708,11.999,9.0,5.0,14.8391,8.8514,14.060621031746033,7.685119721769086,15.941888095238095,6.878605987269158,21.745740753515115,9.063282107968938
2016-12-30,52.06,56.6269,8.7724,12.5652,14.7302,2.14,2.0682,37951740000.0,4.8708,11.999,9.0,5.0,14.8391,8.8514,14.068765674603174,7.677316371026073,15.807354761904762,6.8514767525443085,21.746082045629247,8.955878009360454
2017-01-03,52.14,56.6269,8.6055,12.5845,14.7202,2.1433,2.0694,38010060000.0,4.8708,11.999,9.0,5.0,14.8391,8.8514,14.07378968253968,7.672901059787655,15.646180952380952,6.779183962663372,21.74669074232734,8.866996989717581
2017-01-04,52.82,56.6269,7.2073,12.7486,14.7183,2.1712,2.0695,38505780000.0,4.8708,11.999,9.0,5.0,14.8391,8.8514,14.075215476190476,7.6715554291228,15.462972222222222,6.691585203709222,21.74677090531328,8.771387018513
2017-01-05,53.71,56.6269,5.4308,12.9634,14.6923,2.2078,2.0699,39154590000.0,4.8708,11.999,9.0,5.0,14.8391,8.8514,14.07514503968254,7.671634791721219,15.28076746031746,6.649242767639837,21.74677983140376,8.631524692677623
2017-01-06,53.65,56.6269,5.5487,12.9489,14.6733,2.2053,2.0701,39110850000.0,4.8708,11.999,9.0,5.0,14.8391,8.8514,14.074121428571427,7.672740086009039,15.11551984126984,6.630147688080648,21.746861514580463,8.485372153189193
2017-01-09,53.69,56.6269,5.4701,12.9586,14.6715,2.207,2.0722,39140010000.0,4.8708,11.999,9.0,5.0,14.8391,8.8514,14.07600753968254,7.670503213936501,14.974045238095236,6.644366577552381,21.74651075361904,8.329678660542855
2017-01-10,54.25,56.7178,4.5489,13.0937,14.6644,2.23,2.0725,39548250000.0,4.8708,11.999,9.0,5.0,14.8391,8.8514,14.072268253968252,7.674694474681287,14.843863492063493,6.686862131189376,21.74696272864954,8.157001360874116
2017-01-11,54.56,56.7178,3.9549,13.1995,14.6573,2.2432,2.0728,39774240000.0,4.8941,11.7428,10.0,5.0,14.8391,8.8514,14.066330952380952,7.681372041161877,14.70773253968254,6.732766620269167,21.74770299354283,7.974965919413373
2017-01-12,53.64,56.7178,5.7379,13.0444,14.6566,2.2062,2.0728,39103560000.0,4.8193,11.0644,9.0,5.0,14.8391,8.8514,14.06240773809524,7.685126321321543,14.57890476190476,6.747972487446519,21.747534059416783,7.830932274458243
2017-01-13,53.46,56.7178,6.0939,12.934,14.6496,2.198,2.0732,38972340000.0,4.8938,11.7399,10.0,5.0,14.8391,8.8514,14.057181349206347,7.689655625445088,14.431542857142857,6.728739560178161,21.74683697465144,7.702803296964696
2017-01-17,53.09,56.7178,6.8333,12.8445,14.6282,2.1827,2.075,38702610000.0,4.8938,11.7399,10.0,5.0,14.8391,8.8514,14.051941468253968,7.693683492131813,14.300140476190476,6.714042453796862,21.745624960385783,7.586098022393614
2017-01-18,53.6,56.8542,6.0713,12.9578,14.6142,2.2039,2.0754,39074400000.0,4.8593,11.8246,11.0,5.0,14.8391,8.8514,14.046575396825396,7.698312483552539,14.152057936507935,6.687882103857285,21.74488788037793,7.464175832650652
2017-01-19,53.45,57.0573,6.7489,12.9422,14.6061,2.1977,2.0755,38965050000.0,4.8593,11.7344,12.0,5.0,14.8391,9.6577,14.042173214285716,7.701856157534121,14.027818253968253,6.678774174261483,21.744029371819835,7.349044079706769
2017-01-20,53.3,57.0573,7.0493,12.9059,14.5908,2.1915,2.076,38855700000.0,4.8593,11.7344,12.0,5.0,14.8391,9.6577,14.039551587301588,7.704015112012586,13.890957936507936,6.6433150602914015,21.74356669931417,7.247642876216535
2017-01-23,53.77,57.0573,6.1136,13.0197,14.5765,2.2109,2.0795,39198330000.0,4.8593,11.7344,12.0,5.0,14.8391,9.6577,14.037955952380951,7.705576206263786,13.75998492063492,6.632586479436875,21.743532158644737,7.1273984411980456
2017-01-24,54.53,57.0573,4.6347,13.2037,14.5765,2.2421,2.0801,39752370000.0,4.8593,11.7292,12.0,5.0,14.8391,9.9487,14.034409325396824,7.709498826383324,13.625049206349209,6.643996401055423,21.743908151780147,6.981052805293784
2017-01-25,55.83,57.0573,2.1983,13.5185,14.5765,2.2956,2.0808,40700070000.0,4.8593,11.7292,12.0,5.0,14.8391,9.9487,14.027744642857142,7.718288537544826,13.46785,6.678360684931449,21.74603318040197,6.789489315068551
2017-01-26,56.93,57.0573,0.2236,13.7848,14.5247,2.3408,2.0815,41501970000.0,4.8593,11.7292,12.0,5.0,14.8391,9.9487,14.014255555555556,7.736475861640104,13.298114285714286,6.74124217575013,21.75073141719566,6.556872109964156
2017-01-27,56.29,57.0573,1.3631,13.6299,14.5035,2.3145,2.0836,41035410000.0,4.8593,11.7292,12.0,5.0,14.8391,9.9487,13.99878234126984,7.753979464202595,13.141157936507938,6.787279207203324,21.752761805472435,6.353878729304614
2017-01-30,55.64,57.0573,2.5473,13.4725,14.4736,2.2877,2.0863,40561560000.0,4.8593,11.7292,12.0,5.0,14.8391,9.9487,13.984208730158729,7.768601531321196,13.001902380952382,6.823398707124797,21.75281026147993,6.178503673827585
2017-01-31,55.38,57.0573,3.0287,13.4281,14.4683,2.2767,2.0867,40372020000.0,4.8912,11.7206,12.0,5.0,14.8391,9.9487,13.96650773809524,7.783395390775309,12.86626349206349,6.850598189035362,21.74990312887055,6.015665303028128
2017-02-01,55.47,57.0573,2.8615,13.4499,14.463,2.2804,2.0885,40437630000.0,4.8912,11.7206,12.0,4.0,13.8738,9.9487,13.94617777777778,7.799008596194689,12.698755555555556,6.835003649725944,21.745186373972462,5.863751905829612
2017-02-02,55.31,57.0573,3.1591,13.4111,14.4288,2.2738,2.0912,40320990000.0,4.8912,11.7206,12.0,4.0,13.8738,9.9487,13.927362896825397,7.813586370015991,12.541587301587304,6.824785189680005,21.740949266841387,5.716802111907297
2017-02-03,55.28,57.0573,3.2151,13.4038,14.4039,2.2726,2.0922,40299120000.0,4.8912,11.7206,12.0,4.0,13.8738,9.9487,13.907476388888888,7.828085780644005,12.389890476190477,6.817919907660008,21.73556216953289,5.571970568530467
2017-02-06,55.5,57.0573,2.8059,13.4572,14.3822,2.2816,2.0956,40459500000.0,4.8912,11.7206,12.0,4.0,13.8738,9.9487,13.888011904761903,7.843484641418866,12.25331111111111,6.836294722917792,21.73149654618077,5.417016388193318
2017-02-07,55.45,57.0573,2.8986,13.445,14.3792,2.2795,2.0972,40423050000.0,4.8912,11.7206,12.0,4.0,13.8738,9.9487,13.865999007936509,7.858742750543576,12.105786507936507,6.83600973659156,21.72474175848009,5.269776771344947
2017-02-08,55.59,57.2647,3.0126,13.4862,14.3763,2.283,2.0976,40525110000.0,4.8907,11.7208,12.0,4.0,13.2738,9.9487,13.84060615079365,7.873110002831113,11.92856111111111,6.779311673424792,21.71371615362476,5.149249437686318
2017-02-09,56.31,57.2647,1.6954,13.6608,14.3604,2.3126,2.0982,41049990000.0,4.8907,11.7208,12.0,4.0,13.2738,9.9487,13.817348611111113,7.891654786586376,11.74941984126984,6.748816418578986,21.709003397697487,5.000603422690855
2017-02-10,56.25,57.2647,1.8039,13.6595,14.3507,2.3098,2.0984,41006250000.0,4.9419,11.5682,12.0,4.0,13.2738,9.6749,13.796961507936508,7.909406772542602,11.581449206349207,6.73071332755433,21.70636828047911,4.850735878794877
2017-02-13,56.46,57.2647,1.4253,13.7105,14.2546,2.3184,2.0986,41159340000.0,4.9419,11.5682,12.0,4.0,13.2738,9.6749,13.777326785714283,7.927826549819952,11.41301746031746,6.717096796325836,21.70515333553424,4.695920663991623
2017-02-14,56.37,57.6284,2.2324,13.7137,14.2484,2.3147,2.0992,41093730000.0,4.9419,11.4711,13.0,4.0,13.2738,9.6749,13.75477242063492,7.944485019307344,11.253311111111111,6.694031910198343,21.699257439942265,4.559279200912768
2017-02-15,56.48,57.6284,2.0333,13.7404,14.2427,2.3192,2.0996,41173920000.0,4.9419,11.4711,13.0,4.0,13.2738,9.6749,13.730833730158729,7.961606635611272,11.10098968253968,6.683647233704875,21.69244036577,4.417342448834805
2017-02-16,56.03,57.6284,2.8528,13.6309,14.239,2.3007,2.101,40845870000.0,4.9419,11.4711,13.0,4.0,13.2738,9.6749,13.711514087301587,7.976181418631346,10.963566666666669,6.673729491587004,21.687695505932933,4.289837175079663
2017-02-17,55.4,57.9466,4.5968,13.4754,14.1883,2.2737,2.1022,40386600000.0,4.9943,11.5122,14.0,4.0,13.2738,9.6749,13.694785714285713,7.986452628153588,10.835498412698412,6.639489531040439,21.6812383424393,4.196008881657972
2017-02-21,55.89,57.9466,3.6797,13.5946,14.1827,2.2938,2.1059,40743810000.0,4.9943,11.5122,14.0,4.0,13.2738,9.6749,13.674009126984128,7.998874079168094,10.697274603174602,6.6053765559752895,21.67288320615222,4.0918980471993125
2017-02-22,55.5,57.9466,4.4083,13.4997,14.1777,2.2778,2.1062,40459500000.0,4.9943,11.5155,14.0,4.0,13.2738,9.6749,13.655715277777778,8.009514948110045,10.57056984126984,6.571320548593053,21.665230225887825,3.999249292676788
2017-02-23,55.92,57.9466,3.6241,13.6019,14.17,2.2951,2.1105,40765680000.0,4.9943,11.5155,14.0,4.0,13.2738,9.6749,13.636227380952382,8.021965341944432,10.455233333333334,6.564640254978039,21.65819272289681,3.890593078355295
2017-02-24,56.03,57.9466,3.4207,13.6286,14.1699,2.2996,2.1122,40845870000.0,4.9943,11.5155,14.0,4.0,13.2738,9.6749,13.617874603174604,8.034749871873172,10.32836746031746,6.544711918216939,21.652624475047777,3.783655542100522
2017-02-27,56.05,57.9466,3.3838,13.6335,14.1445,2.3004,2.1152,40860450000.0,4.9943,11.5155,14.0,4.0,13.2738,9.6749,13.598835714285716,8.04762418936374,10.199200793650792,6.5196469965112,21.646459903649458,3.679553797139593
2017-02-28,55.95,57.9466,3.5685,13.6092,14.1406,2.2963,2.1158,40787550000.0,4.9943,11.5155,14.0,4.0,13.2738,9.6749,13.581284325396826,8.059849413351001,10.069684920634922,6.487658500174693,21.641133738747826,3.5820264204602283
2017-03-01,56.5,57.9466,2.5604,13.7429,14.1367,2.3189,2.1165,41188500000.0,4.9943,11.5155,14.0,4.0,13.2738,9.6749,13.568816071428571,8.072043066108511,9.933781746031745,6.463953825879504,21.640859137537085,3.46982792015224
2017-03-02,56.57,58.0829,2.6744,13.7399,14.1302,2.3211,2.1174,41239530000.0,5.0162,11.6077,14.0,4.0,13.2738,9.6749,13.55293630952381,8.085602709795028,9.80339126984127,6.443172031352363,21.63853901931884,3.360219238488908
2017-03-03,55.72,58.0829,4.2407,13.5335,14.1285,2.2862,2.1183,40619880000.0,5.0162,11.6077,14.0,4.0,13.2738,9.6749,13.539671825396823,8.095398488948407,9.693144444444444,6.418322472865246,21.63507031434523,3.2748219715791977
2017-03-06,55.74,58.0792,4.1966,13.5383,14.1249,2.287,2.1202,40634460000.0,5.0188,11.6077,14.0,4.0,13.2738,9.6749,13.530579365079364,8.10332553405226,9.59987380952381,6.412077242456358,21.633904899131625,3.187796567067452
2017-03-07,55.53,58.0792,4.5907,13.4873,14.1245,2.2784,2.1207,40481370000.0,5.0188,11.6077,14.0,4.0,13.2738,9.6749,13.51706746031746,8.112556481458913,9.469947619047618,6.345532212569128,21.629623941776373,3.12441540647849
2017-03-08,55.53,58.0792,4.5907,13.4873,14.1207,2.2784,2.1209,40481370000.0,5.0188,11.6077,14.0,4.0,13.2738,9.6749,13.506505753968254,8.12071784439372,9.329138095238095,6.254010424383326,21.62722359836197,3.075127670854769
2017-03-09,56.2,58.0792,3.3438,13.6501,14.0908,2.3059,2.1234,40969800000.0,5.0188,11.6077,14.0,4.0,13.2738,9.6749,13.48891746031746,8.133125289427737,9.17119365079365,6.150197507081992,21.6220427497452,3.020996143711659
2017-03-10,57.21,58.0792,1.5193,13.8954,14.0574,2.3473,2.126,41706090000.0,5.0188,11.6077,14.0,4.0,13.2738,9.6749,13.46682619047619,8.150502087144739,8.989175396825397,6.0325392619649,21.617328277620928,2.9566361348604966
2017-03-13,57.11,58.0792,1.6971,13.8711,14.0426,2.3432,2.1273,41633190000.0,5.0188,11.6077,14.0,4.0,13.2738,9.6749,13.45225873015873,8.164979882490332,8.802047619047617,5.887253276123975,21.61723861264906,2.914794342923642
2017-03-14,56.99,58.0792,1.9112,13.8419,14.0304,2.3383,2.1276,41545710000.0,5.0187,11.6051,14.0,4.0,13.2738,9.6749,13.438306944444443,8.178696633327881,8.637957936507936,5.787261143032575,21.617003577772326,2.850696793475361
2017-03-15,57.37,57.9972,1.0933,13.9167,14.0183,2.3536,2.1279,41822730000.0,5.0185,11.6017,14.0,3.0,13.7333,9.9228,13.427260912698411,8.191618125539632,8.476119047619045,5.709727941493577,21.618879038238045,2.766391106125468
2017-03-16,57.54,57.9972,0.7946,13.939,14.0125,2.3605,2.1286,41946660000.0,5.0185,11.7514,14.0,3.0,13.7333,10.1833,13.412702976190475,8.207552040571924,8.324423015873016,5.6572329963281724,21.6202550167624,2.667190019544844
2017-03-17,57.64,57.9972,0.6197,13.9406,14.0049,2.3641,2.1286,42019560000.0,5.0182,11.745,14.0,3.0,13.7333,10.1833,13.401921626984128,8.220796430032905,8.176253968253969,5.612065746409456,21.622718057017032,2.564188221844512
2017-03-20,57.76,57.9972,0.4107,13.9696,13.9818,2.3691,2.1318,42107040000.0,5.0182,11.745,14.0,3.0,13.7333,10.1833,13.390606547619049,8.234760933128513,8.021923015873014,5.55538454939928,21.62536748074756,2.466538466473734
2017-03-21,57.79,58.1401,0.6058,13.9633,13.9809,2.3699,2.1342,42128910000.0,5.0379,11.8524,14.0,3.0,13.7333,10.1833,13.379600396825396,8.248149802283653,7.861886507936507,5.475060057728565,21.627750199109048,2.386826450207942
2017-03-22,58.29,58.1401,-0.2572,14.0841,13.9818,2.3904,2.1365,42493410000.0,5.0379,11.8524,14.0,3.0,13.7333,10.1833,13.363079563492064,8.267124402393412,7.701019047619047,5.412627115532022,21.63020396588548,2.288391932087025
2017-03-23,58.52,58.1401,-0.6492,14.1319,13.9818,2.3998,2.1367,42661080000.0,5.0378,11.849,14.0,3.0,13.7333,10.1773,13.34314623015873,8.288789106382348,7.529998412698413,5.332099158567447,21.63193533654108,2.1978992541309665
2017-03-24,58.6,58.6163,0.0278,14.1249,13.9818,2.4014,2.1367,42719400000.0,5.0721,11.968,14.0,3.0,13.7333,10.1773,13.320049603174605,8.309656846488846,7.385245238095238,5.285660799538253,21.62970644966345,2.0995844385569846
2017-03-27,58.87,58.6163,-0.4309,14.19,13.98,2.4124,2.1392,42916230000.0,5.0721,11.968,14.0,3.0,13.7333,10.1773,13.296142658730158,8.331865810968827,7.24519365079365,5.25681355368417,21.628008469698983,1.9883800971094807
2017-03-28,59.26,62.7452,5.8812,13.9946,13.9809,2.4166,2.1394,43141280000.0,5.0999,12.4688,17.0,3.0,13.7333,9.4016,13.293236111111112,8.334200778838431,7.141534126984126,5.152044539095548,21.627436889949543,1.9894895878885783
2017-03-29,58.96,62.7252,6.386,13.8932,13.98,2.4029,2.1397,42922880000.0,5.1091,12.4877,17.0,3.0,14.4333,9.4016,13.293253174603176,8.334186599956231,7.0785857142857145,5.11196434797745,21.62743977455941,1.9666213663082648
2017-03-30,59.29,63.1538,6.5168,13.9509,13.9768,2.4149,2.1397,43163120000.0,5.1456,12.528,17.0,2.0,14.15,9.4612,13.293793253968255,8.33373772635792,7.031246825396825,5.089097519217732,21.627530980326178,1.942149306179093
2017-03-31,58.91,63.2195,7.3154,13.8429,13.9744,2.3989,2.1397,42886480000.0,5.1953,12.6237,16.0,2.0,14.15,9.4612,13.2945875,8.333147651437365,6.980626984126984,5.053898663224685,21.627735151437363,1.9267283209022985
2017-04-03,58.72,63.2195,7.6626,13.7983,13.9664,2.3912,2.1411,42748160000.0,5.1953,12.6237,16.0,2.0,14.15,9.4612,13.29786150793651,8.33060467186808,6.938722222222221,5.025881152655766,21.62846617980459,1.912841069566455
2017-04-04,58.64,63.2195,7.8095,13.7795,13.9664,2.3879,2.1414,42689920000.0,5.1953,12.6237,16.0,2.0,14.15,9.4612,13.300502182539685,8.328649480631618,6.903751587301588,5.004151702763985,21.6291516631713,1.8995998845376023
2017-04-05,58.8,63.2195,7.5162,13.8171,13.9664,2.3945,2.1417,42806400000.0,5.1953,12.6237,16.0,2.0,14.15,9.4612,13.305852777777778,8.324055133801451,6.867539682539682,4.982866236166784,21.62990791157923,1.884673446372898
2017-04-06,59.06,63.2195,7.0428,13.8945,13.9652,2.405,2.1424,42995680000.0,5.1953,12.5328,16.0,2.0,14.15,9.4612,13.309227579365078,8.32116420242913,6.819910317460317,4.951940606797595,21.63039178179421,1.867969710662722
2017-04-07,58.61,63.2195,7.8647,13.7886,13.9642,2.3867,2.1425,42668080000.0,5.1953,12.5328,16.0,2.0,14.15,9.4612,13.313802182539682,8.31752802238703,6.779906349206349,4.922660798076341,21.631330204926712,1.857245551130008
2017-04-10,58.44,63.2195,8.1785,13.7486,13.953,2.3798,2.1433,42544320000.0,5.1953,12.5328,16.0,2.0,14.15,9.4612,13.318032738095235,8.314365844818724,6.722126190476191,4.862333496520658,21.63239858291396,1.8597926939555327
2017-04-11,57.78,63.1538,9.3004,13.5934,13.952,2.3529,2.1433,42063840000.0,5.1953,12.5328,16.0,2.0,14.15,9.4612,13.322289682539685,8.311752891533212,6.668620634920634,4.795590261518287,21.634042574072893,1.8730303734023472
2017-04-12,57.73,63.1538,9.3951,13.5816,13.9509,2.3509,2.1433,42027440000.0,5.1953,12.5328,16.0,2.0,14.15,9.4612,13.3252123015873,8.310109084666134,6.602892857142857,4.699293635093131,21.63532138625344,1.903599222049726
2017-04-13,57.47,63.1538,9.89,13.5204,13.9439,2.3403,2.1444,41838160000.0,5.1953,12.5328,16.0,2.0,14.15,9.4612,13.326930555555556,8.309307460359834,6.538092857142856,4.595258339395818,21.63623801591539,1.9428345177470376
2017-04-17,58.46,63.1538,8.0291,13.7534,13.9398,2.3806,2.1458,42558880000.0,5.1953,12.5328,16.0,2.0,14.15,9.4612,13.32614623015873,8.309789778451128,6.46032619047619,4.484244212014642,21.63593600860986,1.976081978461548
2017-04-18,58.37,63.1538,8.1956,13.7322,13.9394,2.3769,2.1461,42493360000.0,5.1953,12.5328,16.0,2.0,14.15,9.4612,13.32450257936508,8.310724296395984,6.370911904761904,4.332686246542136,21.635226875761063,2.038225658219768
2017-04-19,58.68,63.1538,7.6241,13.8051,13.939,2.3896,2.1462,42719040000.0,5.1953,12.5328,16.0,2.0,14.15,9.4612,13.3198875,8.313247331684138,6.276139682539682,4.169283415304235,21.63313483168414,2.106856267235448
2017-04-20,59.21,63.1538,6.6607,13.9298,13.9365,2.4112,2.1462,43104880000.0,5.1953,12.5328,16.0,2.0,14.15,9.4612,13.313829166666666,8.316992046230272,6.18464365079365,4.029925650083089,21.63082121289694,2.1547180007105613
2017-04-21,58.96,63.1538,7.113,13.872,13.9319,2.401,2.1467,42922880000.0,5.1953,12.5331,16.0,2.0,14.15,9.4612,13.308808333333332,8.319975445316137,6.098749999999999,3.890382881840584,21.62878377864947,2.2083671181594147
2017-04-24,59.62,63.1538,5.9272,14.0272,13.9278,2.4279,2.1469,43403360000.0,5.1953,12.5315,16.0,2.0,14.15,9.4612,13.299883928571427,8.32548530592434,6.014946825396825,3.776904693860847,21.625369234495768,2.238042131535978
2017-04-25,60.03,63.1538,5.2037,14.1237,13.9298,2.4445,2.1475,43701840000.0,5.1953,12.5315,16.0,2.0,14.15,9.4612,13.289949007936508,8.332163666012159,5.915703174603174,3.628560480960473,21.622112673948664,2.2871426936427017
2017-04-26,60.55,63.249,4.4575,14.2283,13.9319,2.4657,2.1481,44080400000.0,5.1953,12.6354,16.0,2.0,14.15,9.4612,13.275861111111112,8.341095932264869,5.816301587301587,3.4919595051254126,21.616957043375983,2.3243420821761744
2017-04-27,60.98,63.249,3.7209,14.3294,13.9319,2.4832,2.1482,44393440000.0,5.1953,12.6354,16.0,2.0,14.15,9.4612,13.258362301587304,8.351886279051913,5.709470634920634,3.344255167993174,21.61024858063921,2.36521546692746
2017-04-28,61.77,63.249,2.3944,14.515,13.9319,2.5154,2.1509,44968560000.0,5.1953,12.6354,16.0,2.0,14.15,9.4612,13.233101785714286,8.365469278078747,5.603847619047618,3.234465281945773,21.59857106379303,2.3693823371018445
2017-05-01,62.55,63.249,1.1175,14.6983,13.9278,2.5472,2.1518,45536400000.0,5.1953,12.6354,16.0,2.0,14.15,9.4612,13.202698412698412,8.38161790973593,5.4758547619047615,3.085808487734683,21.58431632243434,2.3900462741700785
2017-05-02,62.7,63.7344,1.6498,14.7259,13.9298,2.5564,2.152,45645600000.0,5.1963,12.6283,16.0,2.0,14.15,9.4612,13.176256746031749,8.397017956864458,5.390965079365079,3.042117601679637,21.573274702896207,2.3488474776854416
2017-05-03,62.64,63.7344,1.7471,14.7118,13.9298,2.554,2.1527,45601920000.0,5.1963,12.6283,16.0,2.0,14.15,9.4612,13.14897876984127,8.411787398609565,5.318650793650794,3.019314712334181,21.56076616845084,2.2993360813166124
2017-05-04,62.97,63.7344,1.2139,14.7893,13.9298,2.5674,2.1539,45842160000.0,5.1963,12.6283,16.0,2.0,14.15,9.4612,13.11573253968254,8.425796433240226,5.229749206349205,2.973241378582917,21.54152897292277,2.2565078277662884
2017-05-05,63.02,63.7344,1.1336,14.8087,13.9298,2.5679,2.1548,45878560000.0,5.1859,12.5728,17.0,2.0,14.15,9.4612,13.082596230158732,8.440030306914384,5.1374373015873,2.917460224639873,21.52262653707312,2.2199770769474267
2017-05-08,62.73,63.7344,1.6011,14.7406,13.9258,2.5561,2.1558,45667440000.0,5.1859,12.5728,17.0,2.0,14.15,9.4612,13.05580138888889,8.455018164649218,5.049761904761905,2.8552720873737107,21.510819553538106,2.194489817388194
2017-05-09,63.22,63.7344,0.8137,14.8557,13.9278,2.576,2.1562,46024160000.0,5.1859,12.5728,17.0,2.0,14.15,9.4612,13.03575634920635,8.472058809573948,4.950626984126983,2.7822785767468217,21.507815158780296,2.168348407380161
2017-05-10,62.14,63.7344,2.5658,14.6019,13.9278,2.532,2.1564,45237920000.0,5.1859,12.5728,17.0,2.0,14.15,9.4612,13.019521031746033,8.484282359301664,4.88283492063492,2.7347164775985613,21.503803391047697,2.148118443036359
2017-05-11,61.99,63.7344,2.814,14.6044,13.9278,2.5263,2.1578,45128720000.0,5.1389,12.2683,16.0,2.0,14.15,9.4612,13.00171507936508,8.496280256314828,4.831703968253968,2.712424741293741,21.497995335679907,2.1192792269602267
2017-05-12,61.19,63.7344,4.1582,14.416,13.9278,2.4937,2.1583,44546320000.0,5.1389,12.2683,16.0,2.0,14.15,9.4612,12.986430753968254,8.505259670825755,4.783160317460317,2.6686123460725786,21.491690424794008,2.114547971387738
2017-05-15,60.91,63.7344,4.637,14.35,13.9222,2.4823,2.1605,44342480000.0,5.1389,12.2683,16.0,2.0,14.15,9.4612,12.979593055555556,8.510592992156305,4.752056349206349,2.6470373947184163,21.49018604771186,2.1050189544879325
2017-05-16,61.2,63.7344,4.1412,14.4183,13.9258,2.4942,2.1612,44553600000.0,5.1389,12.2683,16.0,2.0,14.15,9.4612,12.974144444444445,8.515378826958123,4.715288095238095,2.622788814848698,21.489523271402568,2.0924992803893967
2017-05-17,59.75,63.7344,6.6685,14.0767,13.9258,2.4351,2.1618,43498000000.0,5.1389,12.2683,16.0,2.0,14.15,9.4612,12.973754563492063,8.51566358699399,4.711141269841269,2.6192538884272887,21.489418150486053,2.09188738141398
2017-05-18,61.04,63.7344,4.4142,14.3806,13.9258,2.4876,2.1618,44437120000.0,5.1389,12.2683,16.0,2.0,14.15,9.4612,12.970864880952382,8.518325433892977,4.692274603174603,2.612703143334148,21.48919031484536,2.079571459840455
2017-05-19,61.5,63.7344,3.6332,14.489,13.9258,2.5064,2.1638,44772000000.0,5.1389,12.2683,16.0,2.0,14.15,9.4612,12.9627125,8.525302903200101,4.666710317460318,2.60713199432077,21.4880154032001,2.059578323139548
2017-05-22,62.05,63.7344,2.7146,14.6186,13.9187,2.5288,2.165,45172400000.0,5.1389,12.2683,16.0,2.0,14.15,9.4612,12.95219623015873,8.534682301275245,4.643076984126984,2.6112532998589644,21.486878531433973,2.03182368426802
2017-05-23,61.92,64.0327,3.412,14.5335,13.9222,2.523,2.1651,45077760000.0,5.186,12.6216,17.0,2.0,14.15,9.4612,12.9428375,8.542564395787885,4.621624603174603,2.610167016715241,21.485401895787884,2.0114575864593625
2017-05-24,62.02,64.0327,3.2452,14.557,13.9222,2.5271,2.1652,45150560000.0,5.186,12.6216,17.0,2.0,14.15,9.4612,12.931319841269843,8.551731639189127,4.586796031746031,2.5989092928962387,21.48305148045897,1.9878867388497925
2017-05-25,62.77,64.0327,2.0116,14.733,13.9222,2.5577,2.1663,45696560000.0,5.186,12.6216,17.0,2.0,14.15,9.4612,12.92061130952381,8.562033782396744,4.550592063492063,2.602785391125209,21.48264509192056,1.9478066723668537
2017-05-26,63.36,64.0327,1.0617,14.8715,13.9222,2.5817,2.1663,46126080000.0,5.186,12.6216,17.0,2.0,14.15,9.4612,12.906029365079366,8.575976261929435,4.515420634920635,2.6198309531817308,21.482005627008803,1.895589681738904
2017-05-30,63.74,64.0327,0.4592,14.9607,13.9187,2.5972,2.17,46402720000.0,5.186,12.6216,17.0,2.0,14.15,9.4612,12.88644484126984,8.593124513807062,4.479450793650794,2.6442429916703323,21.479569355076904,1.8352078019804616
2017-05-31,64.07,64.2708,0.3134,15.0054,13.9222,2.6079,2.1705,46642960000.0,5.2452,12.7378,17.0,2.0,14.15,9.6678,12.868676785714284,8.609862189125899,4.4344809523809525,2.6666133553015503,21.478538974840184,1.7678675970794022
2017-06-01,65.4,64.2708,-1.7266,15.3169,13.9222,2.662,2.1712,47611200000.0,5.2452,12.7392,17.0,2.0,14.15,9.6678,12.84769246031746,8.632535781179255,4.393405555555555,2.7212178322301206,21.48022824149672,1.6721877233254343
2017-06-02,65.47,64.2708,-1.8317,15.3333,13.9222,2.6649,2.173,47662160000.0,5.2452,12.7392,17.0,2.0,14.15,9.6678,12.830067658730158,8.653436521593237,4.322590476190476,2.766183468952644,21.4835041803234,1.5564070072378329
2017-06-05,65.06,64.3366,-1.1119,15.2372,13.9177,2.6482,2.1748,47363680000.0,5.2452,12.7392,17.0,2.0,14.15,9.6678,12.811943650793651,8.673068948844369,4.23141746031746,2.754363993609234,21.48501259963802,1.477053466708226
2017-06-06,64.33,64.7651,0.6764,15.0582,13.9187,2.6166,2.1748,46832240000.0,5.2446,12.7379,17.0,2.0,14.15,9.6678,12.796732936507938,8.687633020201865,4.163475396825396,2.7354192161254107,21.4843659567098,1.428056180699985
2017-06-07,64.3,64.8702,0.8868,15.0698,13.9222,2.6153,2.1748,46810400000.0,5.2445,12.7432,17.0,2.0,14.15,9.6652,12.780888095238094,8.702074636534423,4.117857142857142,2.741798282074538,21.48296273177252,1.376058860782604
2017-06-08,64.33,64.9012,0.8879,15.0769,13.9222,2.6166,2.1749,46832240000.0,5.2445,12.7418,17.0,3.0,14.1,9.6652,12.766189087301589,8.715910777499358,4.087538095238094,2.7563027977882726,21.482099864800944,1.3312352974498216
2017-06-09,63.34,65.1869,2.9159,14.8282,13.9222,2.5752,2.1758,46111520000.0,5.2442,12.7864,17.0,3.0,14.1,9.6652,12.754599603174604,8.725130923538055,4.082380952380952,2.7578944270643504,21.479730526712657,1.3244865253166012
2017-06-12,63.59,65.1869,2.5112,14.8867,13.9187,2.5854,2.1802,46293520000.0,5.2442,12.7864,17.0,3.0,14.1,9.6652,12.743794246031744,8.73445121565358,4.064572222222222,2.760759035501023,21.47824546168533,1.3038131867211988
2017-06-13,64.06,65.1869,1.7591,14.9967,13.9222,2.6045,2.1804,46635680000.0,5.2442,12.7864,17.0,3.0,14.1,9.6652,12.729644444444446,8.74647403264788,4.047340476190476,2.768369290515066,21.476118477092328,1.2789711856754096
2017-06-14,64.76,65.1869,0.6592,15.1592,13.9258,2.6329,2.1806,47145280000.0,5.2442,12.7861,17.0,3.0,14.1,9.6652,12.712443253968257,8.761687545415588,4.002234126984127,2.776960191667204,21.474130799383843,1.2252739353169235
2017-06-15,65.5,65.5202,0.0308,15.3095,13.9258,2.6624,2.1808,47684000000.0,5.244,12.7832,17.0,3.0,14.1,9.6652,12.695000992063491,8.778183091266307,3.952464285714285,2.791573989575166,21.4731840833298,1.1608902961391192
2017-06-16,65.64,65.6155,-0.0373,15.3407,13.9258,2.668,2.1816,47785920000.0,5.2456,12.7877,17.0,3.0,14.1,9.6652,12.67800773809524,8.794541830656676,3.909118253968253,2.810872956798733,21.47254956875192,1.0982452971695205
2017-06-19,66.32,65.6155,-1.0623,15.4997,13.9187,2.6957,2.1826,48280960000.0,5.2456,12.7877,17.0,3.0,14.1,9.6652,12.662433134920636,8.811928056907302,3.867688095238095,2.845435194541508,21.47436119182794,1.0222529006965866
2017-06-20,65.7,65.6155,-0.1286,15.3104,13.9222,2.6695,2.1827,47829600000.0,5.2658,12.9533,17.0,3.0,14.1,9.6652,12.64933015873016,8.826044917529208,3.806730952380952,2.8481441784980994,21.47537507625937,0.9585867738828524
2017-06-21,66.43,65.6155,-1.2261,15.4805,13.9258,2.6992,2.1832,48361040000.0,5.2658,12.9533,17.0,3.0,14.1,9.6652,12.638281746031746,8.839938619182607,3.737134126984128,2.863213974460233,21.478220365214355,0.8739201525238935
2017-06-22,65.69,68.7811,4.7056,15.2117,13.9258,2.6433,2.184,47756630000.0,5.4868,13.1401,18.0,4.0,13.5,9.7816,12.633215674603177,8.843758421316256,3.7145380952380944,2.844031410511402,21.47697409591943,0.8705066847266925
2017-06-23,66.45,69.0495,3.912,15.3698,13.9258,2.6738,2.1844,48309150000.0,5.4868,13.2202,18.0,4.0,13.5,9.8236,12.628112301587302,8.848054963584552,3.6956746031746026,2.834687517309125,21.476167265171853,0.8609870858654771
2017-06-26,66.0,68.9868,4.5255,15.2626,13.9187,2.654,2.1856,47982000000.0,5.5274,13.2174,18.0,4.0,13.5,9.9636,12.625070436507936,8.850581151518737,3.667734126984127,2.808695896366206,21.475651588026672,0.8590382306179207
2017-06-27,65.05,68.9868,6.052,15.0429,13.9222,2.6158,2.1863,47291350000.0,5.5274,13.2174,18.0,4.0,13.5,9.9636,12.627383531746032,8.84870672253384,3.661934126984127,2.802960477071406,21.476090254279875,0.8589736499127207
2017-06-28,66.1,68.9868,4.3673,15.2857,13.9258,2.658,2.1866,48054700000.0,5.5274,13.2174,18.0,4.0,13.5,9.9636,12.619339087301588,8.854378880216885,3.636484920634921,2.781633891224568,21.473717967518475,0.8548510294103533
2017-06-29,65.15,68.9868,5.8892,15.066,13.9258,2.6198,2.1869,47364050000.0,5.5274,13.2174,18.0,4.0,13.5,9.9636,12.616224801587302,8.856473351496227,3.6157531746031744,2.754689179030581,21.472698153083527,0.8610639955725934
2017-06-30,65.57,69.2638,5.6334,15.1628,13.9258,2.6367,2.187,47669390000.0,5.5274,13.2169,18.0,4.0,13.5,9.9652,12.613640079365078,8.858324266413184,3.589678571428571,2.71941462335104,21.47196434577826,0.8702639480775307
2017-07-03,65.25,69.2638,6.1514,15.0888,13.9187,2.6238,2.187,47436750000.0,5.5273,13.2169,18.0,4.0,13.5,9.9652,12.613061904761906,8.858737332216556,3.5688769841269834,2.689311110337435,21.471799236978462,0.8795658737895482
2017-07-05,66.54,69.2638,4.3667,15.3513,13.9258,2.6739,2.1873,48374580000.0,5.5273,13.2169,18.0,4.0,13.5,9.9652,12.606803174603176,8.863455015244545,3.5352357142857134,2.652056760431915,21.47025818984772,0.8831789538537982
2017-07-06,65.48,69.2638,6.0562,15.1067,13.9258,2.6313,2.1878,47603960000.0,5.6058,13.3558,17.0,4.0,13.5,9.9652,12.607466468253968,8.862951255834831,3.5261,2.641266849464162,21.4704177240888,0.884833150535838
2017-07-07,65.83,69.2638,5.4923,15.1874,13.9258,2.6454,2.1882,47858410000.0,5.6058,13.3558,17.0,4.0,13.5,9.9652,12.601197817460315,8.866871115197933,3.526588095238095,2.6416273039048264,21.468068932658248,0.8849607913332687
2017-07-10,65.84,69.2638,5.4763,15.1898,13.9187,2.6458,2.1899,47865680000.0,5.6058,13.3512,17.0,4.0,13.5,9.9652,12.596080357142858,8.87024349599934,3.526013492063492,2.641191776371956,21.4663238531422,0.8848217156915359
2017-07-11,65.75,69.2638,5.6207,15.169,13.9222,2.6422,2.1903,47800250000.0,5.6058,13.3512,17.0,4.0,13.5,9.9652,12.597079761904762,8.869427495687477,3.5272087301587294,2.642112502010752,21.46650725759224,0.8850962281479777
2017-07-12,65.97,69.082,4.7173,15.2197,13.9258,2.651,2.1906,47960190000.0,5.6058,13.3512,17.0,4.0,13.5,9.9652,12.599750595238095,8.866846099956577,3.5285452380952376,2.6426759896316234,21.466596695194674,0.8858692484636141
2017-07-13,66.17,69.082,4.4008,15.2659,13.9258,2.6591,2.1912,48105590000.0,5.6058,13.3512,17.0,4.0,13.5,9.9652,12.603247222222222,8.863256840385358,3.5320841269841265,2.643549916711309,21.46650406260758,0.8885342102728173
2017-07-14,65.75,69.082,5.0677,15.169,13.9258,2.6422,2.1916,47800250000.0,5.6058,13.3512,17.0,4.0,13.5,9.9652,12.606652777777777,8.860024028932994,3.5267650793650787,2.6397476362503163,21.46667680671077,0.8870174431147624
2017-07-17,67.02,69.082,3.0767,15.462,13.9187,2.6932,2.1923,48723540000.0,5.6058,13.3512,17.0,4.0,13.5,9.9652,12.60756130952381,8.859021230738106,3.502819047619047,2.629940797499561,21.46658254026192,0.8728782501194865
2017-07-18,66.75,69.082,3.4936,15.3997,13.9222,2.6824,2.1925,48527250000.0,5.6058,13.3512,17.0,4.0,13.5,9.9652,12.608867063492063,8.857626427687563,3.476313492063492,2.61288045774292,21.466493491179627,0.8634330343205723
2017-07-19,66.77,69.082,3.4626,15.4043,13.9258,2.6832,2.1925,48541790000.0,5.6058,13.3512,17.0,4.0,13.5,9.9652,12.610306944444444,8.856077315645157,3.455609523809524,2.6024684565978724,21.4663842600896,0.8531410672116513
2017-07-20,67.58,69.082,2.2226,15.5757,13.9258,2.7157,2.1928,49130660000.0,5.6058,13.3506,17.0,4.0,13.5,9.9652,12.608541071428572,8.858063401406488,3.419686507936508,2.5878442154455223,21.46660447283506,0.8318422924909856
2017-07-21,67.0,69.082,3.1075,15.4421,13.9258,2.6924,2.1932,48709000000.0,5.6058,13.3506,17.0,4.0,13.5,9.9652,12.610132738095238,8.856280268912448,3.3884023809523804,2.567360139862078,21.466413007007688,0.8210422410903027
2017-07-24,66.99,69.3045,3.455,15.4358,13.9187,2.6905,2.1938,48701730000.0,5.6055,13.3491,17.0,5.0,13.0051,10.1292,12.610219841269842,8.856189830254522,3.3673023809523803,2.5556821362432043,21.466409671524364,0.811620244709176
2017-07-25,67.15,69.3045,3.2085,15.4727,13.9222,2.6969,2.1938,48818050000.0,5.6055,13.3491,17.0,5.0,13.0051,10.1292,12.606821626984129,8.859474036173939,3.3559833333333327,2.553181036957298,21.466295663158064,0.8028022963760346
2017-07-26,66.7,69.3045,3.9048,15.369,13.9258,2.6788,2.1939,48490900000.0,5.6055,13.3491,17.0,5.0,13.0051,10.1292,12.60392757936508,8.862082736064119,3.369526984126984,2.5515164631693787,21.4660103154292,0.8180105209576052
2017-07-27,66.34,69.3045,4.4686,15.2861,13.9278,2.6644,2.1939,48229180000.0,5.6055,13.3491,17.0,5.0,13.0051,10.1292,12.604147420634922,8.861879140048895,3.4032174603174594,2.537632946761813,21.46602656068381,0.8655845135556466
2017-07-28,66.4,69.3045,4.3742,15.2999,13.9278,2.6668,2.1945,48272800000.0,5.6055,13.3491,17.0,5.0,13.0051,10.1292,12.607200396825398,8.858771586908828,3.427115079365079,2.5324397584639864,21.465971983734228,0.8946753209010927
2017-07-31,66.78,69.7827,4.4964,15.3722,13.9222,2.6806,2.195,48549060000.0,5.6374,13.412,17.0,5.0,13.0051,10.2352,12.609630555555556,8.856373202338627,3.4425841269841264,2.532975382790834,21.466003757894185,0.9096087441932924
2017-08-01,67.48,70.1306,3.928,15.5223,13.9258,2.7078,2.1954,49057960000.0,5.6717,13.5096,17.0,5.0,13.0051,10.2352,12.616354563492065,8.848473647471438,3.449721428571428,2.533066830783484,21.464828210963503,0.916654597787944
2017-08-02,67.5,70.1306,3.8972,15.5269,13.9258,2.7086,2.1962,49072500000.0,5.6717,13.5096,17.0,5.0,13.0051,10.2352,12.61892996031746,8.845740776318381,3.4579412698412693,2.53282319238464,21.46467073663584,0.92511807745663
2017-08-03,67.42,70.1306,4.0205,15.5085,13.9258,2.7054,2.1968,49014340000.0,5.6717,13.5096,17.0,5.0,13.0051,10.2352,12.62037638888889,8.844272031200996,3.464777777777777,2.5331726237863386,21.464648420089887,0.931605153991439
2017-08-04,67.81,70.1306,3.4222,15.5982,13.9258,2.721,2.1972,49297870000.0,5.6717,13.5096,17.0,5.0,13.0051,10.2352,12.622809523809524,8.841566736085527,3.466421428571428,2.53307651082542,21.46437625989505,0.9333449177460084
2017-08-07,68.0,70.1306,3.1332,15.6419,13.9187,2.7287,2.1977,49436000000.0,5.6717,13.5096,17.0,5.0,13.0051,10.2352,12.622089484126985,8.842326219197398,3.4690190476190472,2.532561507997906,21.464415703324384,0.9364575396211414
2017-08-08,68.03,70.1306,3.0878,15.6488,13.9222,2.7299,2.1977,49457810000.0,5.6717,13.5096,17.0,5.0,13.0051,10.2352,12.62154742063492,8.842903438130158,3.4705206349206343,2.532276667263894,21.46445085876508,0.9382439676567405
2017-08-09,68.16,70.1306,2.8911,15.6787,13.9258,2.7351,2.1978,49552320000.0,5.6717,13.5096,17.0,5.0,13.0051,10.2352,12.621749603174605,8.84267934826655,3.469556349206349,2.532475563159041,21.46442895144116,0.9370807860473076
2017-08-10,67.38,70.1306,4.0822,15.4993,13.9258,2.7038,2.1987,48985260000.0,5.6717,13.5096,17.0,5.0,13.0051,10.2352,12.62341626984127,8.840986977341922,3.488499206349206,2.528021437297893,21.464403247183192,0.9604777690513132
2017-08-11,67.48,70.1306,3.928,15.5223,13.9258,2.7078,2.2002,49057960000.0,5.6717,13.5096,17.0,5.0,13.0051,10.2352,12.620652777777778,8.843491471750516,3.5053571428571426,2.5237765779852444,21.464144249528296,0.9815805648718984
2017-08-14,68.03,70.1306,3.0878,15.6294,13.9222,2.7298,2.2027,49457810000.0,5.7194,13.5096,17.0,5.0,13.0051,10.2352,12.620031944444444,8.844150978887948,3.518551587301587,2.51715205330862,21.464182923332395,1.001399533992967
2017-08-15,68.71,70.1306,2.0675,15.782,13.9258,2.7552,2.2027,49952170000.0,5.7627,13.6344,16.0,5.0,13.0051,10.2352,12.618677777777778,8.845717338714877,3.5172428571428567,2.517868870975395,21.464395116492653,0.9993739861674618
2017-08-16,68.87,70.5704,2.469,15.822,13.9278,2.7621,2.2027,50068490000.0,5.7485,13.6182,16.0,5.0,13.0051,10.2002,12.619854761904762,8.844324437459559,3.520700793650793,2.516113155626691,21.46417919936432,1.0045876380241023
2017-08-17,67.51,70.5704,4.5333,15.5096,13.9278,2.7075,2.2032,49079770000.0,5.7485,13.6182,16.0,5.0,13.0051,10.2002,12.624783134920635,8.839113016304337,3.5340380952380945,2.5169982579841967,21.46389615122497,1.0170398372538978
2017-08-18,67.46,70.5704,4.6107,15.4981,13.9278,2.7055,2.2034,49043420000.0,5.7485,13.6182,16.0,5.0,13.0051,10.2002,12.627929365079364,8.8359708886898,3.5341484126984124,2.5170455145578514,21.463900253769165,1.017102898140561
2017-08-21,68.5,70.5704,3.0225,15.737,13.9222,2.7473,2.2041,49799500000.0,5.7485,13.6182,16.0,5.0,13.0051,10.2002,12.61822142857143,8.843843183764651,3.528932539682539,2.517422390075022,21.46206461233608,1.011510149607517
2017-08-22,68.29,70.5704,3.3393,15.6888,13.9258,2.7388,2.2041,49646830000.0,5.7485,13.6182,16.0,5.0,13.0051,10.2002,12.602282142857144,8.85332667972713,3.5204484126984124,2.5162361416917527,21.455608822584274,1.0042122710066597
2017-08-23,67.72,70.5704,4.2091,15.5578,13.9278,2.716,2.2041,49232440000.0,5.7485,13.6182,16.0,5.0,13.0051,10.2002,12.579030555555557,8.859961329065783,3.525091269841269,2.5169685280196714,21.438991884621338,1.008122741821598
2017-08-24,68.18,71.369,4.6773,15.619,13.9278,2.7318,2.2053,49566860000.0,5.8469,13.7444,15.0,5.0,13.0051,10.2555,12.560886507936509,8.866771891781621,3.5350642857142853,2.5190402564613024,21.427658399718126,1.016024029252983
2017-08-25,68.17,71.369,4.6927,15.6167,13.9278,2.7314,2.2059,49559590000.0,5.8469,13.7444,15.0,5.0,13.0051,10.2555,12.549656746031744,8.873156141061065,3.545452380952381,2.521109468934783,21.42281288709281,1.0243429120175978
2017-08-28,68.55,71.369,4.1123,15.7037,13.9222,2.7466,2.2068,49835850000.0,5.8469,13.7444,15.0,5.0,13.0051,10.2555,12.54121984126984,8.879162981077295,3.549768253968254,2.521614653118605,21.420382822347136,1.0281536008496484
2017-08-29,68.11,71.369,4.7849,15.603,13.9258,2.729,2.2069,49515970000.0,5.8469,13.7444,15.0,5.0,13.0051,10.2555,12.533075,8.88440019963105,3.567423015873015,2.5224194500091315,21.41747519963105,1.0450035658638837
2017-08-30,68.54,71.369,4.1275,15.7015,13.9278,2.7462,2.207,49828580000.0,5.8469,13.7444,15.0,5.0,13.0051,10.2555,12.522440873015872,8.891258231344693,3.578955555555555,2.5216255446214104,21.413699104360568,1.0573300109341446
2017-08-31,69.48,71.369,2.7188,15.9168,13.9278,2.7839,2.2075,50511960000.0,5.8469,13.7444,15.0,5.0,13.0051,10.2555,12.502419047619046,8.901965142115706,3.566876984126984,2.5220753405131195,21.40438418973476,1.044801643613864
2017-09-01,69.13,71.369,3.2388,15.8366,13.9278,2.7699,2.2078,50257510000.0,5.8469,13.7444,15.0,5.0,13.0051,10.2555,12.490944444444445,8.910183778372929,3.5592753968253965,2.5216055290763024,21.401128222817373,1.037669867749094
2017-09-05,66.97,71.4599,6.7043,15.3418,13.9222,2.6833,2.2116,48687190000.0,5.8469,13.7444,15.0,5.0,13.0051,10.2555,12.486170634920637,8.912642819309028,3.57605,2.535513665945884,21.398813454229664,1.0405363340541158
2017-09-06,66.96,71.4599,6.7203,15.3543,13.9258,2.6829,2.2122,48679920000.0,5.8469,13.7443,15.0,5.0,13.0051,10.2555,12.47934900793651,8.915743208738768,3.592951587301587,2.549391289848578,21.39509221667528,1.0435602974530092
2017-09-07,65.66,71.5804,9.0168,15.0562,13.9258,2.6307,2.2127,47734820000.0,5.8475,13.7344,15.0,5.0,13.0051,10.2555,12.484631150793652,8.912895536864157,3.637975396825397,2.594648536682411,21.39752668765781,1.0433268601429857
2017-09-08,65.57,71.5804,9.1664,15.0435,13.9258,2.6268,2.2128,47669390000.0,5.8145,13.6526,16.0,5.0,13.0051,10.2555,12.48958373015873,8.910351430481434,3.6986666666666665,2.6338347853421507,21.39993516064016,1.064831881324516
2017-09-11,67.65,71.5804,5.8099,15.5153,13.9187,2.7099,2.2136,49181550000.0,5.8144,13.6528,16.0,5.0,13.0051,10.2555,12.488669444444444,8.911014431496914,3.731307936507936,2.634315849873518,21.39968387594136,1.0969920866344172
2017-09-12,68.18,71.5804,4.9874,15.6369,13.9222,2.7312,2.214,49566860000.0,5.8121,13.6582,16.0,5.0,13.0051,10.2555,12.488831746031746,8.910876785849194,3.755722222222222,2.6315658772032577,21.39970853188094,1.1241563450189642
2017-09-13,68.42,71.2167,4.0875,15.7483,13.9258,2.7409,2.2144,49741340000.0,5.7795,13.3853,16.0,5.0,13.0051,9.7205,12.48720853174603,8.91233529483595,3.779485714285714,2.620828575109905,21.39954382658198,1.158657139175809
2017-09-14,68.74,71.2167,3.603,15.8216,13.9258,2.7537,2.2148,49973980000.0,5.7796,13.3854,16.0,5.0,13.0051,9.7205,12.48673630952381,8.912800620141915,3.801774603174602,2.607146809642328,21.399536929665725,1.1946277935322749
2017-09-15,65.94,71.2167,8.0023,15.1771,13.9258,2.6416,2.215,47938380000.0,5.7796,13.3854,16.0,5.0,13.0051,9.7205,12.49789384920635,8.903637043916408,3.8603666666666654,2.617996277980228,21.40153089312276,1.2423703886864383
2017-09-18,65.19,71.3076,9.3843,14.9903,13.9222,2.6115,2.2165,47393130000.0,5.7796,13.4048,16.0,5.0,13.0051,9.7205,12.510433928571429,8.89477020458778,3.931585714285714,2.6453167856482915,21.40520413315921,1.2862689286374225
2017-09-19,65.22,71.3076,9.3339,14.9972,13.9258,2.6127,2.2165,47414940000.0,5.7796,13.4048,16.0,5.0,13.0051,9.7205,12.517298412698413,8.89097274052275,4.000856349206349,2.6716768667632107,21.408271153221165,1.3291794824431382
2017-09-20,64.48,71.3076,10.5887,14.8271,13.9278,2.5831,2.2165,46876960000.0,5.7796,13.4048,16.0,5.0,13.0051,9.7205,12.527373214285715,8.885893218788977,4.086934920634921,2.707865876392166,21.413266433074693,1.379069044242755
2017-09-21,64.45,71.2522,10.5542,14.8202,13.9278,2.5819,2.217,46855150000.0,5.7796,13.4048,16.0,5.0,13.0051,9.7205,12.524147817460316,8.886314651270478,4.175850793650793,2.734908530967294,21.410462468730795,1.440942262683499
2017-09-22,64.33,71.2451,10.7494,14.7851,13.9278,2.5754,2.217,46767910000.0,5.7729,13.3467,16.0,5.0,13.0051,9.7205,12.528675992063494,8.884824595978731,4.260942857142857,2.771365706374185,21.413500588042226,1.4895771507686724
2017-09-25,63.5,71.2451,12.197,14.5943,13.9222,2.5421,2.2186,46164500000.0,5.7729,13.3467,16.0,5.0,13.0051,9.7205,12.533374007936509,8.88402033287894,4.361164285714285,2.8280884175839685,21.41739434081545,1.5330758681303165
2017-09-26,65.32,71.8478,9.9936,15.1088,13.9258,2.5821,2.2186,47422320000.0,6.153,13.1423,17.0,4.0,12.6109,10.1625,12.532926587301588,8.884142794516798,4.393802380952381,2.869202139702359,21.417069381818383,1.5246002412500217
2017-09-27,63.68,71.9866,13.0443,14.752,13.9278,2.5131,2.2186,46231680000.0,6.229,13.0332,17.0,4.0,12.6109,10.0662,12.525879563492063,8.88232194363916,4.446646031746031,2.965873259103031,21.408201507131224,1.4807727726430002
2017-09-28,64.37,71.9866,11.8325,14.9316,13.9278,2.5402,2.2229,46732620000.0,6.2706,13.1222,18.0,4.0,12.6109,10.0662,12.51446150793651,8.879501108499783,4.488834126984126,3.032611502666364,21.39396261643629,1.4562226243177627
2017-09-29,64.57,71.9866,11.4861,14.9724,13.9278,2.5481,2.2232,46877820000.0,6.2706,13.1456,18.0,4.0,12.6109,10.0662,12.509256746031747,8.879333226826967,4.52193492063492,3.0860016427035646,21.38858997285872,1.4359332779313556
2017-10-02,64.43,72.0532,11.8318,14.9413,13.9258,2.5454,2.2239,46776180000.0,6.2706,13.1866,18.0,4.0,12.5838,9.994,12.50386904761905,8.878918008669956,4.555023809523809,3.141793326733456,21.382787056289004,1.4132304827903537
2017-10-03,64.1,72.0532,12.4075,14.8648,13.9278,2.5324,2.2241,46536600000.0,6.2706,13.1866,18.0,4.0,12.5838,9.994,12.500955753968253,8.878707846656875,4.591515873015871,3.2059446533314224,21.37966360062513,1.385571219684449
2017-10-04,65.19,71.9866,10.4258,15.1436,13.9298,2.5742,2.2249,47327940000.0,6.2682,13.0533,17.0,5.0,12.047,9.994,12.496140873015872,8.879174808523123,4.614607936507936,3.237502797394129,21.375315681539,1.3771051391138074
2017-10-05,65.91,71.9866,9.2195,15.3137,13.9298,2.6028,2.2258,47850660000.0,6.2724,13.0545,17.0,5.0,12.047,9.9911,12.483375595238094,8.879251743982653,4.631883333333333,3.256316147126735,21.362627339220747,1.375567186206598
2017-10-06,65.63,71.9866,9.6855,15.2486,13.9298,2.5918,2.2262,47647380000.0,6.2724,13.0545,17.0,5.0,12.047,9.9911,12.471954365079366,8.879140922342955,4.646334126984127,3.274765313194876,21.35109528742232,1.371568813789251
2017-10-09,66.45,71.9002,8.202,15.4564,13.9258,2.625,2.2286,48242700000.0,6.2231,13.0758,18.0,5.0,12.047,9.9911,12.45929761904762,8.880674943608035,4.646520634920635,3.274968753104233,21.339972562655653,1.371551881816402
2017-10-10,67.08,72.1611,7.5747,15.608,13.9278,2.6499,2.2291,48700080000.0,6.2231,13.0392,18.0,5.0,12.047,10.145,12.44419861111111,8.882501171078461,4.632824603174603,3.258919511412969,21.32669978218957,1.373905091761634
2017-10-11,67.2,72.1611,7.3826,15.6359,13.9298,2.6547,2.2291,48787200000.0,6.2231,13.0392,18.0,5.0,12.047,10.145,12.433256746031743,8.88533808564504,4.6168523809523805,3.24027085462197,21.318594831676783,1.3765815263304106
2017-10-12,66.86,72.1611,7.9287,15.5568,13.9298,2.6412,2.2294,48540360000.0,6.2231,13.0392,18.0,5.0,12.047,10.145,12.421197420634922,8.887322764046365,4.601286507936507,3.219380214770354,21.308520184681285,1.381906293166153
2017-10-13,67.94,72.1611,6.213,15.8081,13.9298,2.6839,2.2298,49324440000.0,6.2231,13.0392,18.0,5.0,12.047,10.145,12.398670833333332,8.888643918400112,4.586873015873016,3.2079559343707227,21.287314751733444,1.3789170815022929
2017-10-16,68.24,72.335,6.0009,15.8661,13.9258,2.6942,2.233,49542240000.0,6.2509,13.0919,18.0,5.0,12.047,10.145,12.386093849206349,8.893210893404692,4.569454761904761,3.194133364318943,21.27930474261104,1.375321397585818
2017-10-17,68.13,72.335,6.172,15.8405,13.9278,2.6899,2.2358,49462380000.0,6.2509,13.0919,18.0,5.0,12.047,10.145,12.375993849206347,8.897379208328625,4.557930158730158,3.185632185253263,21.27337305753497,1.3722979734768948
2017-10-18,67.46,72.5524,7.5488,15.6847,13.9298,2.6634,2.237,48975960000.0,6.2509,13.0919,18.0,5.0,12.047,10.145,12.37176884920635,8.899168229144543,4.564978571428571,3.1912993644243794,21.27093707835089,1.3736792070041917
2017-10-19,65.79,72.5524,10.2788,15.2964,13.9298,2.5975,2.2388,47763540000.0,6.2509,13.0919,18.0,5.0,12.047,10.145,12.372160317460317,8.89907162053021,4.590103968253969,3.223817307860734,21.271231937990528,1.3662866603932344
2017-10-20,65.88,72.5524,10.1281,15.3224,13.9298,2.6011,2.2396,47828880000.0,6.2509,13.0922,18.0,5.0,12.047,10.145,12.371361507936507,8.89925531204327,4.623444444444443,3.259283686396014,21.27061681997978,1.364160758048429
2017-10-23,66.1,72.5524,9.7616,15.3735,13.9278,2.6098,2.2416,47988600000.0,6.2509,13.0922,18.0,5.0,12.047,10.145,12.3736875,8.89841799428493,4.659618253968253,3.290915177208679,21.27210549428493,1.3687030767595738
2017-10-24,66.42,72.5524,9.2328,15.4479,13.9298,2.6225,2.2416,48220920000.0,6.2509,13.0899,18.0,5.0,12.047,10.1418,12.379789682539684,8.895200513295903,4.697517460317459,3.31597044300624,21.274990195835585,1.3815470173112194
2017-10-25,65.84,72.5524,10.195,15.3106,13.9319,2.5996,2.2417,47799840000.0,6.2509,13.086,18.0,5.0,12.047,10.1418,12.387525396825396,8.891593964551271,4.748899206349207,3.3506935155692266,21.279119361376665,1.3982056907799802
2017-10-26,66.6,72.5524,8.9375,15.4873,13.9319,2.6296,2.242,48351600000.0,6.2509,13.086,18.0,5.0,12.047,10.1418,12.39405873015873,8.88783858860287,4.800828571428571,3.36458533608756,21.2818973187616,1.4362432353410113
2017-10-27,67.21,72.5524,7.9488,15.6291,13.9319,2.6537,2.2421,48794460000.0,6.2509,13.086,18.0,5.0,12.047,10.1418,12.396467063492064,8.88646645309887,4.855045238095237,3.359793749517288,21.282933516590937,1.495251488577949
2017-10-30,66.02,72.5524,9.8946,15.3524,13.9278,2.6067,2.2444,47930520000.0,6.2509,13.086,18.0,5.0,12.047,10.1418,12.405829563492064,8.881328219083333,4.920480158730159,3.377112106211676,21.287157782575395,1.543368052518483
2017-10-31,66.39,72.5524,9.2821,15.4385,13.9298,2.6213,2.2445,48199140000.0,6.2509,13.086,18.0,5.0,12.047,10.1418,12.413976785714286,8.876564828989574,4.9802817460317454,3.3871682016549483,21.290541614703866,1.5931135443767972
2017-11-01,64.57,72.5524,12.3624,15.0152,13.9298,2.5494,2.2454,46877820000.0,6.2509,13.086,18.0,5.0,12.047,10.1418,12.426121230158731,8.872289369314215,5.068761904761905,3.433292496361973,21.298410599472945,1.6354694083999315
2017-11-02,65.2,72.5524,11.2767,15.1716,13.9298,2.5743,2.2464,47335200000.0,6.2509,13.0859,18.0,5.0,12.047,10.1376,12.432951785714287,8.870071966744288,5.149262698412699,3.4591023567098653,21.30302375245857,1.6901603417028332
2017-11-03,65.43,72.5524,10.8855,15.2251,13.9298,2.5834,2.2467,47502180000.0,6.2509,13.0859,18.0,5.0,12.047,10.1376,12.438276785714285,8.868332171866973,5.222948412698412,3.4817288481149338,21.306608957581258,1.7412195645834785
2017-11-06,65.67,72.5524,10.4803,15.281,13.9258,2.5929,2.251,47676420000.0,6.2509,13.0859,18.0,5.0,12.047,10.1376,12.443203571428572,8.866549596427525,5.29966746031746,3.4902849548727364,21.309753167856098,1.809382505444724
2017-11-07,66.38,72.5524,9.2986,15.4462,13.9278,2.6209,2.2515,48191880000.0,6.2509,13.0859,18.0,5.0,12.047,10.1376,12.447632936507937,8.864415476395214,5.353102380952381,3.4996214615973207,21.312048412903152,1.8534809193550608
2017-11-08,65.93,72.5524,10.0446,15.3415,13.9298,2.6031,2.252,47865180000.0,6.2509,13.0859,18.0,5.0,12.047,10.1376,12.4503501984127,8.863466610135308,5.410488095238095,3.516892915824339,21.313816808548008,1.893595179413756
2017-11-09,66.18,72.5524,9.6289,15.3997,13.9298,2.613,2.2523,48046680000.0,6.2509,13.0859,18.0,5.0,12.047,10.1376,12.454515476190476,8.861642648941043,5.453906349206349,3.535031788207518,21.31615812513152,1.9188745609988311
2017-11-10,64.66,72.5524,12.206,15.046,13.9298,2.553,2.2541,46943160000.0,6.2509,13.0859,18.0,5.0,12.047,10.1376,12.46258234126984,8.859557840210698,5.513977777777777,3.5849964797724,21.32214018148054,1.928981298005377
2017-11-13,65.98,72.5524,9.9612,15.3531,13.9258,2.6051,2.2557,47901480000.0,6.2509,13.0859,18.0,5.0,12.047,10.1376,12.463480952380952,8.859280560376611,5.5601682539682535,3.6046075049500734,21.32276151275756,1.9555607490181788
2017-11-14,66.02,72.5524,9.8946,15.3624,13.9258,2.6067,2.2557,47930520000.0,6.2509,13.0859,18.0,5.0,12.047,10.1376,12.461676785714287,8.859711778759962,5.5857722222222215,3.623948902986976,21.321388564474248,1.961823319235247
2017-11-15,65.78,72.5524,10.2955,15.3066,13.9278,2.5972,2.256,47756280000.0,6.2509,13.0859,18.0,5.0,12.047,10.1376,12.457247023809522,8.86023662444416,5.6324492063492055,3.646543721777875,21.317483648253685,1.9859054845713304
2017-11-16,65.82,72.5524,10.2285,15.3159,13.9278,2.5988,2.2576,47785320000.0,6.2509,13.0859,18.0,5.0,12.047,10.1376,12.450284126984126,8.8606071894509,5.684792857142856,3.664905567987645,21.310891316435026,2.019887289155211
2017-11-17,66.22,72.5524,9.5627,15.409,13.9278,2.6146,2.2597,48075720000.0,6.2509,13.0859,18.0,5.0,12.047,10.1376,12.442269444444443,8.861390110572145,5.739142857142856,3.671278280651964,21.30365955501659,2.0678645764908925
2017-11-20,66.13,72.5524,9.7118,15.388,13.9258,2.611,2.2613,48010380000.0,6.2509,13.0859,18.0,5.0,12.047,10.1376,12.440017261904764,8.861940620264532,5.789141269841268,3.682213418741701,21.301957882169297,2.106927851099568
2017-11-21,67.0,72.5524,8.2872,15.5905,13.9278,2.6454,2.2614,48642000000.0,6.2509,13.0859,18.0,5.0,12.047,10.1376,12.43510892857143,8.863557350916121,5.829157142857143,3.681742911011962,21.29866627948755,2.1474142318451803
2017-11-22,66.79,72.5524,8.6276,15.5416,13.9298,2.6371,2.2615,48489540000.0,6.2509,13.0859,18.0,5.0,12.047,10.1376,12.430063492063493,8.865002274753552,5.881665079365078,3.674032123132439,21.295065766817043,2.207632956232639
2017-11-24,66.71,72.5524,8.7579,15.523,13.9278,2.6339,2.2634,48431460000.0,6.2509,13.0859,18.0,5.0,12.047,10.1376,12.420385912698412,8.866346026669026,5.942746031746031,3.6571951853329336,21.28673193936744,2.2855508464130976
2017-11-27,66.16,72.5524,9.662,15.395,13.9365,2.6122,2.2643,48032160000.0,6.2509,13.0859,18.0,5.0,12.047,10.1376,12.415155158730158,8.867195804944831,6.015784126984126,3.638654692017957,21.28235096367499,2.3771294349661694
2017-11-28,66.51,72.5524,9.0849,15.4764,13.939,2.626,2.2646,48286260000.0,6.2509,13.0859,18.0,5.0,12.047,10.1376,12.408122023809524,8.868431054063871,6.085399206349206,3.612497922280043,21.276553077873395,2.472901284069163
2017-11-29,65.7,72.5524,10.4298,15.288,13.9394,2.594,2.2648,47698200000.0,6.2509,13.0859,18.0,5.0,12.047,10.1376,12.40238630952381,8.868774544863726,6.181878571428571,3.564201228563757,21.27116085438753,2.617677342864814
2017-11-30,65.64,72.5524,10.5308,15.2708,13.9402,2.5913,2.268,47654640000.0,6.1716,12.998,18.0,5.0,12.047,9.9872,12.400914484126982,8.86902396184559,6.27999365079365,3.5116082106233915,21.26993844597257,2.768385440170259
2017-12-01,66.0,72.5524,9.9279,15.3546,13.9422,2.6055,2.2695,47916000000.0,6.1716,12.998,18.0,5.0,12.047,9.9872,12.397396626984127,8.869653775084277,6.367611111111111,3.4630898086699693,21.267050402068406,2.9045213024411414
2017-12-04,67.25,72.5524,7.8846,15.6454,13.9422,2.6549,2.2728,48823500000.0,6.1716,12.998,18.0,5.0,12.047,9.9872,12.38141984126984,8.870517647644784,6.424819047619048,3.427678961622943,21.251937488914624,2.997140085996105
2017-12-05,65.94,72.5524,10.0279,15.3406,13.9439,2.6032,2.2732,47872440000.0,6.1716,12.998,18.0,5.0,12.047,9.9872,12.375958134920635,8.871118796286282,6.49736746031746,3.406196997328684,21.24707693120692,3.091170462988776
2017-12-06,66.06,72.8567,10.2887,15.3685,13.9474,2.6079,2.2736,47959560000.0,6.1716,12.998,18.0,5.0,12.047,9.9872,12.371102182539682,8.871591093968496,6.571976984126984,3.3852372869304563,21.242693276508177,3.1867396971965274
2017-12-07,66.18,72.9611,10.2464,15.4029,13.9474,2.6123,2.2737,48046680000.0,6.1787,12.9545,18.0,5.0,12.047,9.9111,12.363887896825396,8.871838054276123,6.630155555555556,3.384892250776549,21.23572595110152,3.2452633047790065
2017-12-08,66.91,72.9503,9.0275,15.5789,13.952,2.642,2.2738,48576660000.0,6.1448,12.9299,18.0,5.0,12.047,9.9111,12.354928968253969,8.87292494827076,6.681872222222222,3.371209169271533,21.22785391652473,3.310663052950689
2017-12-11,67.03,72.9068,8.7674,15.6069,13.9652,2.6468,2.2766,48663780000.0,6.1448,12.9035,18.0,5.0,12.047,9.9111,12.34832738095238,8.874356649418326,6.73749365079365,3.347067177066753,21.222684030370708,3.390426473726897
2017-12-12,66.55,72.9068,9.5519,15.4951,13.9658,2.6278,2.2767,48315300000.0,6.1448,12.9035,18.0,5.0,12.047,9.9111,12.34209761904762,8.875217145664411,6.808070634920634,3.3114407081161863,21.21731476471203,3.496629926804448
2017-12-13,65.41,72.7764,11.2619,15.2749,13.9664,2.5838,2.2767,47487660000.0,6.1278,12.7704,18.0,5.0,12.047,9.6702,12.339800992063491,8.87534686381654,6.897206349206348,3.278547302760416,21.21514785588004,3.618659046445932
2017-12-14,65.18,72.6894,11.521,15.2454,13.9664,2.5762,2.2767,47320680000.0,6.0961,12.615,18.0,5.0,12.047,9.6702,12.34385773809524,8.874502690716358,6.988938888888888,3.244491786716956,21.2183604288116,3.744447102171932
2017-12-15,65.95,72.6894,10.219,15.4255,13.968,2.6067,2.2774,47879700000.0,6.0961,12.615,18.0,5.0,12.047,9.6702,12.34549761904762,8.874032588086726,7.078473015873015,3.175457957584112,21.219530207134348,3.903015058288904
2017-12-18,66.6,72.6894,9.1432,15.5775,13.972,2.6324,2.2784,48351600000.0,6.0961,12.615,18.0,5.0,12.047,9.6702,12.337518452380952,8.875102450014014,7.152058730158729,3.113943582128841,21.212620902394967,4.038115148029888
2017-12-19,68.13,74.4652,9.2987,13.9004,13.9696,2.4774,2.2784,49189860000.0,7.452,16.0893,6.0,5.0,12.047,9.7189,12.334045238095236,8.875950110474529,7.235588888888889,3.0273631640808776,21.20999534856977,4.208225724808012
2017-12-20,67.7,74.5957,10.1857,13.8141,13.968,2.4633,2.2784,48879400000.0,7.3855,15.1741,8.0,5.0,12.207,9.7095,12.33690992063492,8.875021395178099,7.279081746031745,3.030089018478228,21.21193131581302,4.248992727553517
2017-12-21,66.34,74.5957,12.4445,13.5366,13.9664,2.4138,2.2784,47897480000.0,7.3855,15.1741,8.0,5.0,12.207,9.7095,12.344786904761904,8.873348135728563,7.346799999999999,3.0495198739995484,21.218135040490463,4.297280126000451
2017-12-22,66.35,74.7696,12.6897,13.5386,13.9664,2.4142,2.2785,47904700000.0,7.3832,14.9449,9.0,5.0,12.207,9.7095,12.352394246031745,8.871994253459789,7.411595238095238,3.0757168636620897,21.22438849949153,4.335878374433149
2017-12-26,65.69,74.7696,13.8219,13.4039,13.968,2.3902,2.2795,47428180000.0,7.3832,14.9449,9.0,5.0,12.207,9.7095,12.362407738095238,8.87079665418152,7.473261111111111,3.1257237861835736,21.23320439227676,4.347537324927538
2017-12-27,66.76,74.7696,11.9976,13.6223,13.9664,2.4291,2.28,48200720000.0,7.3832,14.9449,9.0,5.0,12.207,9.7095,12.369080357142858,8.869251710957053,7.533819047619048,3.138954247738011,21.23833206809991,4.394864799881036
2017-12-28,66.48,74.7696,12.4693,13.5651,13.9664,2.4189,2.2804,47998560000.0,7.3832,14.9449,9.0,5.0,12.207,9.7095,12.38040238095238,8.865722534106352,7.586042063492063,3.165994047912081,21.246124915058733,4.420048015579982
2017-12-29,66.37,74.7696,12.6557,13.5471,13.9664,2.4109,2.2806,47919140000.0,7.5909,14.8527,10.0,5.0,12.207,9.7096,12.391709523809524,8.862425217219108,7.641774603174603,3.193038726828733,21.25413474102864,4.448735876345871
2018-01-02,66.75,74.7696,12.0144,13.6247,13.9696,2.4247,2.2818,48193500000.0,7.5909,14.8527,10.0,5.0,12.207,9.7096,12.3995626984127,8.860329358383956,7.688306349206348,3.213798823392276,21.25989205679665,4.474507525814072
2018-01-03,66.9,74.7812,11.7806,13.6553,13.968,2.4301,2.282,48301800000.0,7.5909,14.8527,10.0,5.0,12.207,9.7096,12.405428571428573,8.858936142038852,7.747146825396825,3.220360751013472,21.264364713467423,4.526786074383354
2018-01-04,66.85,74.7812,11.8642,13.6451,13.968,2.4283,2.283,48265700000.0,7.5909,14.8527,10.0,4.0,12.4838,9.7096,12.40737638888889,8.858708549930952,7.793242063492063,3.237484857560683,21.266084938819844,4.55575720593138
2018-01-05,66.3,75.029,13.1659,13.4948,13.968,2.4047,2.2839,47868600000.0,7.4872,14.5317,11.0,4.0,12.4838,11.0951,12.4112251984127,8.858615693218471,7.854143650793651,3.265905460811377,21.26984089163117,4.588238189982274
2018-01-08,66.05,75.029,13.5942,13.4478,13.9696,2.3933,2.2862,47688100000.0,7.302,13.925,12.0,4.0,12.4838,11.0951,12.411163888888888,8.858607382343788,7.918571428571428,3.298531064673387,21.26977127123268,4.620040363898041
2018-01-09,67.63,75.029,10.9404,13.7694,13.968,2.4506,2.2862,48828860000.0,7.302,13.925,12.0,4.0,12.4838,11.0951,12.404364484126983,8.858418122180826,7.96079126984127,3.302926019153529,21.26278260630781,4.65786525068774
2018-01-10,67.95,75.4203,10.9938,13.8464,13.9664,2.4599,2.2866,49059900000.0,7.3017,13.9241,12.0,4.0,12.8383,9.4636,12.403077182539684,8.858576181813792,8.010604761904762,3.3009468798596786,21.26165336435348,4.709657882045084
2018-01-11,68.8,75.4203,9.6225,14.0196,13.968,2.4906,2.287,49673600000.0,7.3017,13.9241,12.0,4.0,12.8383,9.4636,12.402066865079366,8.8588647789208,8.052046825396825,3.288017525225199,21.260931644000166,4.764029300171627
2018-01-12,69.69,75.4203,8.2226,14.1998,13.972,2.5234,2.2877,50316180000.0,7.1301,13.6383,13.0,4.0,12.8383,9.4636,12.388684126984126,8.86007611992573,8.077085714285714,3.277103810371665,21.248760246909853,4.799981903914048
2018-01-16,68.52,75.4203,10.0705,13.9614,13.9756,2.4811,2.2881,49471440000.0,7.1301,13.6383,13.0,4.0,12.8383,9.4636,12.377028571428571,8.859252456796511,8.132592063492064,3.2508556607906645,21.236281028225083,4.881736402701399
2018-01-17,69.45,75.5942,8.8469,14.1443,13.9768,2.5138,2.2887,50142900000.0,7.1298,13.6381,13.0,4.0,12.8383,9.4636,12.353203968253968,8.852552317934693,8.175078571428571,3.2246182550521136,21.20575628618866,4.950460316376457
2018-01-18,69.02,75.5508,9.4622,14.0691,13.98,2.4987,2.2905,49832440000.0,7.1401,13.6616,14.0,4.0,12.8383,9.4636,12.326886309523813,8.841362221211643,8.222694444444443,3.1986671129655058,21.16824853073545,5.024027331478937
2018-01-19,68.56,75.5508,10.1966,13.9753,13.98,2.4821,2.2918,49500320000.0,7.1401,13.6616,14.0,4.0,12.8383,9.4636,12.29819503968254,8.824717179617215,8.285980158730158,3.1576249833825054,21.12291221929976,5.128355175347653
2018-01-22,68.86,75.5508,9.7165,14.0253,14.0044,2.4921,2.2928,49716920000.0,7.1399,13.6607,14.0,4.0,12.8383,9.4636,12.27524246031746,8.816337593554309,8.33843253968254,3.125645551800602,21.09158005387177,5.2127869878819375
2018-01-23,68.51,75.6116,10.3658,13.9458,13.9995,2.4777,2.293,49464220000.0,7.1849,13.7003,14.0,4.0,12.8383,9.5512,12.253578174603176,8.807565946725674,8.393280158730159,3.099794546688758,21.06114412132885,5.293485612041401
2018-01-24,71.17,75.6116,6.2408,14.4872,14.0044,2.5739,2.2931,51384740000.0,7.1849,13.7003,14.0,4.0,12.8383,9.5512,12.219932142857145,8.798057171595783,8.41734603174603,3.070855293956769,21.01798931445293,5.346490737789261
2018-01-25,70.76,75.6116,6.8564,14.4038,14.0196,2.5591,2.2935,51088720000.0,7.1849,13.7003,14.0,4.0,12.8383,9.5512,12.1925123015873,8.793184362428377,8.440771428571429,3.047324555050763,20.98569666401568,5.393446873520666
2018-01-26,71.65,75.8725,5.8932,14.5509,14.0253,2.5913,2.2945,51731300000.0,7.1849,13.8482,14.0,4.0,12.8383,9.5512,12.154361309523807,8.778679225908649,8.452077777777776,3.0350871292634105,20.933040535432458,5.416990648514365
2018-01-29,71.94,76.1676,5.8766,14.6035,14.0502,2.5996,2.296,51940680000.0,7.1845,13.7904,15.0,4.0,12.8381,9.5512,12.1114125,8.756263512618009,8.464001587301587,3.021860777149677,20.86767601261801,5.44214081015191
2018-01-30,71.79,76.2429,6.2027,14.5698,14.0647,2.5945,2.2964,51832380000.0,7.1845,13.7905,15.0,4.0,12.7131,9.5823,12.075836111111112,8.743738845890364,8.47754365079365,3.0077284920679848,20.81957495700148,5.469815158725666
2018-01-31,71.61,76.2429,6.4696,14.5333,14.0691,2.588,2.2965,51702420000.0,7.1845,13.7905,15.0,4.0,12.7131,9.5823,12.045014087301588,8.736048581289454,8.49771507936508,2.9854126117789783,20.78106266859104,5.512302467586101
2018-02-01,71.11,76.2824,7.2738,14.4318,14.0767,2.5699,2.2968,51341420000.0,7.1845,13.7905,15.0,4.0,12.7131,9.5823,11.995272817460316,8.691500962925872,8.524513492063493,2.958822467708176,20.68677378038619,5.565691024355317
2018-02-02,69.95,76.3693,9.177,14.1901,14.0841,2.5267,2.2972,50503900000.0,7.2188,13.8216,15.0,4.0,12.7131,9.5823,11.95110119047619,8.648952450541373,8.565438095238093,2.93156254965425,20.600053641017563,5.633875545583843
2018-02-05,68.04,76.5433,12.4975,13.7736,14.1237,2.4549,2.2984,49124880000.0,7.3068,13.9965,15.0,4.0,12.7131,9.5823,11.915989087301586,8.610580690661635,8.637464285714284,2.9156295049255605,20.52656977796322,5.721834780788724
2018-02-06,69.27,76.5433,10.4999,14.0226,14.1039,2.4993,2.2984,50012940000.0,7.3068,13.9965,15.0,4.0,12.7131,9.5823,11.86208869047619,8.533755878314336,8.695930158730157,2.8779895304398444,20.39584456879053,5.817940628290312
2018-02-07,69.12,76.5433,10.7397,13.9922,14.0841,2.4939,2.2988,49904640000.0,7.3068,13.9965,15.0,4.0,12.7131,9.5823,11.800936111111112,8.430318176046894,8.756659523809523,2.839174729985238,20.23125428715801,5.9174847938242845
2018-02-08,66.76,76.5433,14.6544,13.5144,14.0767,2.4087,2.2995,48200720000.0,7.3068,13.9965,15.0,4.0,12.7131,9.5823,11.754414087301589,8.349197275386267,8.850019047619046,2.838160645959362,20.10361136268785,6.011858401659684
2018-02-09,67.07,76.6737,14.3189,13.5569,14.0767,2.4183,2.3,48424540000.0,7.3064,13.9939,15.0,4.0,12.7131,9.5788,11.71000376984127,8.275438561582336,8.931262698412699,2.8470888641620644,19.98544233142361,6.084173834250635
2018-02-12,68.77,76.6737,11.4929,13.9005,14.0647,2.4796,2.3007,49651940000.0,7.3064,13.9939,15.0,4.0,12.7131,9.5788,11.65860476190476,8.1956363347713,8.991301587301587,2.820375201847377,19.854241096676063,6.1709263854542105
2018-02-13,68.75,76.6737,11.5254,13.8965,14.0574,2.4788,2.3007,49637500000.0,7.3064,13.9939,15.0,4.0,12.7131,9.5788,11.612653174603176,8.130945168695288,9.058266666666666,2.778949203018682,19.743598343298466,6.279317463647985
2018-02-14,69.92,76.6737,9.6592,14.133,14.0647,2.521,2.3014,50482240000.0,7.3064,13.9939,15.0,4.0,12.7131,9.5788,11.568697222222225,8.081254805356345,9.118518253968253,2.707549038415056,19.649952027578568,6.410969215553196
2018-02-15,69.6,76.6737,10.1634,14.0703,14.0647,2.5096,2.3037,50251200000.0,7.3026,13.9892,15.0,4.0,12.7131,9.5788,11.530867658730156,8.042952448356505,9.17958492063492,2.6423603659169883,19.57382010708666,6.537224554717933
2018-02-16,69.5,76.6737,10.3219,14.0501,14.0502,2.506,2.3056,50179000000.0,7.3026,13.9892,15.0,4.0,12.7131,9.5788,11.490556547619049,7.997780836436326,9.22552619047619,2.6110680151437524,19.488337384055374,6.614458175332437
2018-02-20,69.45,76.6737,10.4013,14.0399,14.0502,2.5042,2.3065,50142900000.0,7.3026,13.9892,15.0,4.0,12.7131,9.5788,11.456269841269842,7.965205181521573,9.271483333333332,2.579967792535047,19.421475022791416,6.691515540798285
2018-02-21,69.58,76.6737,10.195,14.0662,14.0502,2.5089,2.3074,50236760000.0,7.3026,13.9892,15.0,4.0,12.7131,9.563,11.428838293650792,7.945631849441432,9.328407936507936,2.519403143495433,19.374470143092225,6.809004793012502
2018-02-22,68.2,76.6737,12.4248,13.7872,14.0501,2.4591,2.3084,49240400000.0,7.3026,13.9892,15.0,4.0,12.7131,9.563,11.407723809523809,7.928766361492507,9.400515079365078,2.476266747216251,19.336490171016315,6.924248332148828
2018-02-23,68.76,76.6737,11.5092,13.9005,14.0399,2.4793,2.3092,49644720000.0,7.3026,13.9892,15.0,4.0,12.7131,9.563,11.384436706349206,7.911144036593748,9.458452380952382,2.438950493788761,19.29558074294296,7.019501887163621
2018-02-26,68.64,76.6737,11.7041,13.8762,14.0262,2.475,2.3109,49558080000.0,7.3026,13.9892,15.0,4.0,12.7131,9.563,11.363955952380952,7.896887422808469,9.514220634920637,2.408902790344382,19.26084337518942,7.105317844576254
2018-02-27,67.49,76.6737,13.6075,13.6437,14.0253,2.4335,2.3118,48727780000.0,7.3026,13.9892,15.0,4.0,12.7131,9.563,11.346400396825397,7.882001767388189,9.584973015873016,2.3970460372183475,19.228402164213584,7.187926978654669
2018-02-28,66.91,76.6737,14.5923,13.5265,14.024,2.4126,2.3126,48309020000.0,7.3026,13.9892,15.0,4.0,12.7131,9.563,11.328873611111112,7.8648907700316,9.668147619047618,2.387434131973578,19.19376438114272,7.28071348707404
2018-03-01,65.98,76.6737,16.2075,13.3385,14.0211,2.3791,2.314,47637560000.0,7.3026,13.9892,15.0,4.0,12.7131,9.563,11.31955357142857,7.856299062291831,9.758803174603171,2.417207838674197,19.1758526337204,7.341595335928975
2018-03-02,64.97,76.6737,18.014,13.1343,14.012,2.3427,2.3145,46908340000.0,7.3026,13.9892,15.0,4.0,12.7131,9.563,11.309832936507936,7.844948373335676,9.869013492063493,2.4742966362614336,19.154781309843614,7.3947168558020575
2018-03-05,65.19,76.6737,17.6157,13.1787,13.9922,2.3506,2.3158,47067180000.0,7.3026,13.9892,15.0,4.0,12.7131,9.563,11.298763690476193,7.83207094532048,9.987242857142856,2.4857873253652865,19.13083463579667,7.5014555317775695
2018-03-06,66.15,76.6737,15.9088,13.3728,13.9861,2.3852,2.3169,47760300000.0,7.3026,13.9892,15.0,4.0,12.7131,9.563,11.2839001984127,7.816152010364345,10.087798412698412,2.466806271241337,19.100052208777043,7.620992141457075
2018-03-07,66.01,76.6737,16.1547,13.3445,13.98,2.3802,2.3176,47659220000.0,7.3026,13.9892,15.0,4.0,12.7131,9.563,11.264736904761904,7.792262778998326,10.162801587301589,2.506458969685238,19.056999683760232,7.656342617616349
2018-03-08,66.73,76.6737,14.9014,13.4901,13.9768,2.4063,2.3186,48179060000.0,7.3027,13.9892,15.0,4.0,12.7131,9.563,11.239518055555555,7.759752314997438,10.227730952380952,2.522481912639298,18.999270370552992,7.705249039741654
2018-03-09,67.47,76.6737,13.6412,13.6388,13.9753,2.4329,2.319,48713340000.0,7.3042,13.9892,15.0,4.0,12.7131,9.563,11.212398015873015,7.727293537192293,10.26443253968254,2.5383145105307228,18.93969155306531,7.726118029151817
2018-03-12,67.36,76.6737,13.8268,13.6166,13.9696,2.4289,2.3205,48633920000.0,7.3042,13.989,15.0,4.0,12.7131,9.563,11.184718849206348,7.692748581904445,10.301419841269842,2.556078997433627,18.877467431110794,7.745340843836216
2018-03-13,67.57,76.6737,13.473,13.6715,13.968,2.4338,2.3211,48785540000.0,7.3893,13.8688,16.0,4.0,12.7131,9.563,11.16485734126984,7.673831794551961,10.362238095238096,2.5394670212419106,18.8386891358218,7.8227710739961855
2018-03-14,66.96,76.6737,14.5067,13.5481,13.9664,2.4118,2.3229,48345120000.0,7.3893,13.8688,16.0,4.0,12.7131,9.563,11.147975,7.657050077591427,10.437788095238096,2.5198096607671108,18.805025077591427,7.917978434470985
2018-03-15,66.73,76.6737,14.9014,13.5015,13.9652,2.4035,2.3262,48179060000.0,7.3893,13.8688,16.0,4.0,12.7131,9.563,11.130805952380951,7.638855690793811,10.523612698412697,2.485718671900659,18.769661643174764,8.037894026512038
2018-03-16,66.91,76.7172,14.6573,13.536,13.9633,2.4097,2.3286,48309020000.0,7.3967,13.8768,16.0,4.0,12.7131,9.563,11.11777142857143,7.627190287488905,10.611345238095238,2.434045740329309,18.74496171606033,8.17729949776593
2018-03-19,67.63,76.7606,13.5008,13.6566,13.9509,2.4351,2.3314,48828860000.0,7.3965,13.9352,16.0,4.0,12.8342,9.5604,11.10312996031746,7.615486687743949,10.654984126984129,2.436184256722825,18.71861664806141,8.218799870261302
2018-03-20,67.85,76.7172,13.0688,13.6913,13.9484,2.4425,2.3316,48987700000.0,7.3964,13.9351,16.0,4.0,12.8342,9.5604,11.090820833333332,7.607265141153748,10.68422619047619,2.442913577060532,18.69808597448708,8.241312613415658
2018-03-21,67.06,76.7172,14.4008,13.5319,13.9458,2.4141,2.3319,48417320000.0,7.3964,13.9351,16.0,4.0,12.8342,9.5604,11.08186765873016,7.6006930282850975,10.724439682539682,2.462135862118662,18.682560687015258,8.26230382042102
2018-03-22,66.2,77.1584,16.5535,13.2086,13.9439,2.3513,2.3323,47597800000.0,7.5485,14.2129,18.0,5.0,13.5591,10.1615,11.072309722222224,7.590751344597517,10.771779365079365,2.516253202881002,18.66306106681974,8.255526162198363
2018-03-23,64.41,77.3656,20.1143,12.8098,13.9406,2.28,2.3323,46310790000.0,7.6933,14.2382,18.0,5.0,13.6991,10.2829,11.066359523809522,7.582464888121038,10.847653174603174,2.6502094444831994,18.64882441193056,8.197443730119975
2018-03-26,65.8,77.4526,17.7091,13.0398,13.9439,2.3278,2.3326,47310200000.0,7.6935,14.2404,18.0,5.0,13.6991,10.2829,11.0601248015873,7.57569195229196,10.902888888888889,2.719759750131188,18.63581675387926,8.183129138757701
2018-03-27,65.73,77.4526,17.8345,13.0259,13.9422,2.3254,2.3325,47259870000.0,7.6935,14.2404,18.0,5.0,13.6991,10.2829,11.05447996031746,7.56956752617037,10.947630952380951,2.7867643071476977,18.62404748648783,8.160866645233254
2018-03-28,64.64,77.5178,19.9223,12.8173,13.9406,2.2844,2.3323,46476160000.0,7.75,14.2122,18.0,5.0,13.6991,10.2829,11.055968253968253,7.571240323928791,11.026430158730156,2.897735734983657,18.627208577897044,8.1286944237465
2018-03-29,65.58,77.5178,18.2034,13.0036,13.9406,2.3136,2.3323,47152020000.0,7.8442,14.2122,18.0,5.0,13.6991,10.4378,11.06356388888889,7.576495313971171,11.067375396825394,2.9622085079257907,18.640059202860066,8.105166888899603
2018-04-02,64.62,77.5178,19.9595,12.8638,13.9406,2.276,2.3326,46461780000.0,7.8442,14.2122,18.0,5.0,13.6991,10.4378,11.076310912698412,7.586060022781381,11.131875396825397,3.065674709884912,18.662370935479792,8.066200686940485
2018-04-03,64.49,77.5052,20.1817,12.8379,13.9398,2.2714,2.3325,46368310000.0,7.8838,13.8348,17.0,5.0,13.6991,10.4347,11.089413492063493,7.596085812084179,11.200888095238094,3.169818823607311,18.685499304147672,8.031069271630782
2018-04-04,64.98,77.5052,19.2755,12.9355,13.939,2.2887,2.3323,46720620000.0,7.8838,13.8348,17.0,5.0,13.6991,10.4347,11.101907936507937,7.604373392626569,11.259965079365076,3.2500221267506606,18.706281329134505,8.009942952614416
2018-04-05,65.51,77.5052,18.3105,13.041,13.9298,2.3074,2.3323,47101690000.0,7.8838,13.8348,17.0,5.0,13.6991,10.4347,11.105827976190476,7.607584857835854,11.306814285714283,3.3087122975007026,18.71341283402633,7.998101988213582
2018-04-06,64.51,77.5052,20.1445,12.8419,13.9258,2.2721,2.3323,46382690000.0,7.8838,13.8348,17.0,5.0,13.6991,10.4347,11.1155625,7.616017472103613,11.383946825396825,3.400030597572312,18.731579972103614,7.983916227824513
2018-04-09,64.86,77.5052,19.4961,12.8918,13.9155,2.2845,2.3325,46634340000.0,7.8838,13.9126,16.0,5.0,13.6991,10.4347,11.12002242063492,7.620272891675794,11.465507142857142,3.4702277093739338,18.74029531231072,7.995279433483208
2018-04-10,63.1,77.6356,23.0358,12.5236,13.9138,2.2225,2.3323,45368900000.0,7.8073,13.9889,16.0,6.0,13.7492,11.4766,11.131323611111112,7.633727402961091,11.571461904761904,3.61618447303442,18.765051014072203,7.955277431727484
2018-04-11,63.64,77.6356,21.9918,12.6307,13.9122,2.2415,2.3323,45757160000.0,7.8073,13.9889,16.0,6.0,13.7492,11.4766,11.13899503968254,7.6427074605292304,11.68090476190476,3.7205588238939615,18.78170250021177,7.960345938010799
2018-04-12,63.75,77.6356,21.7813,12.6516,13.9122,2.2451,2.3323,45836250000.0,7.8074,13.9891,16.0,6.0,13.7492,11.4766,11.148216071428571,7.652751751240873,11.793655555555556,3.809330656428629,18.800967822669445,7.984324899126928
2018-04-13,62.94,77.6356,23.3486,12.4908,13.9005,2.2165,2.3323,45253860000.0,7.8074,13.9891,16.0,6.0,13.7492,11.4766,11.162570436507938,7.6688527322360285,11.92036984126984,3.925212061496964,18.831423168743967,7.995157779772875
2018-04-16,64.08,77.6356,21.1542,12.7171,13.9004,2.2567,2.3326,46073520000.0,7.8074,13.9891,16.0,6.0,13.7492,11.4766,11.173696626984126,7.679286587756994,12.025334126984127,3.993848471920799,18.85298321474112,8.031485655063328
2018-04-17,64.17,77.6356,20.9843,12.7082,13.9002,2.2599,2.3325,46138230000.0,7.8074,13.9908,16.0,6.0,13.7492,11.4766,11.182014285714288,7.687649989275395,12.142566666666664,4.038416884453371,18.86966427498968,8.104149782213295
2018-04-18,65.27,77.6356,18.9453,12.926,13.9,2.2986,2.3323,46929130000.0,7.8074,13.9908,16.0,6.0,13.7492,11.4766,11.185465873015874,7.690749765933755,12.2453,4.04556908884746,18.876215638949628,8.19973091115254
2018-04-19,65.06,77.6356,19.3292,12.8844,13.8984,2.2912,2.3321,46778140000.0,7.8074,13.9908,16.0,6.0,13.7492,11.4766,11.188575992063493,7.693730833568324,12.34972222222222,4.057340428248569,18.88230682563181,8.292381793973652
2018-04-20,65.88,77.6356,17.844,13.0468,13.8966,2.3201,2.3321,47367720000.0,7.8074,13.9908,16.0,6.0,13.7492,11.4766,11.186124603174605,7.691408094106479,12.431430158730157,4.063543727738294,18.877532697281083,8.367886430991863
2018-04-23,66.27,77.6356,17.1504,13.0793,13.8945,2.328,2.3321,47648130000.0,7.8074,13.9908,16.0,6.0,13.7492,11.4766,11.17816527777778,7.683135473975018,12.485966666666664,4.080498557872316,18.8613007517528,8.405468108794349
2018-04-24,65.54,77.599,18.3995,12.9352,13.8938,2.3024,2.3319,47123260000.0,7.8074,14.2389,16.0,6.0,13.7492,11.4766,11.168159126984127,7.670404501239654,12.551612698412695,4.108698983161886,18.83856362822378,8.44291371525081
2018-04-25,66.07,77.499,17.2983,13.0547,13.8932,2.3222,2.3316,47504330000.0,7.9874,14.1634,15.0,5.0,14.7191,11.3598,11.159599206349206,7.661127429189455,12.611427777777775,4.12259333716294,18.820726635538666,8.488834440614838
2018-04-26,64.31,77.499,20.5085,12.7072,13.8785,2.2603,2.3316,46238890000.0,7.9874,14.1634,15.0,5.0,14.7191,11.3598,11.156868452380952,7.6575413548272,12.70091746031746,4.170766397832747,18.81440980720816,8.530151062484713
2018-04-27,64.36,77.412,20.2797,12.7171,13.8778,2.2621,2.3316,46274840000.0,7.9874,14.1634,15.0,5.0,14.7191,11.3598,11.155442857142855,7.655772240340624,12.780954761904765,4.218779646724298,18.81121509748348,8.562175115180466
2018-04-30,63.06,77.412,22.7593,12.4602,13.872,2.2164,2.3321,45340140000.0,7.9874,14.1634,15.0,5.0,14.7191,11.3598,11.155092857142858,7.655236623512958,12.890651587301589,4.297014531094293,18.810329480655817,8.593637056207294
2018-05-01,64.11,77.412,20.7487,12.6677,13.8711,2.2533,2.3321,46095090000.0,7.9874,14.1634,15.0,5.0,14.7191,11.3598,11.152157936507937,7.651265533249522,12.992238095238095,4.330421194901852,18.80342346975746,8.661816900336243
2018-05-02,62.85,77.1878,22.8127,12.4187,13.8635,2.209,2.3321,45189150000.0,7.9874,14.1634,15.0,5.0,14.7191,11.3598,11.15566845238095,7.656217094990215,13.0947626984127,4.408709700431125,18.811885547371165,8.686052997981575
2018-05-03,63.3,77.1878,21.9397,12.5077,13.8577,2.2248,2.3321,45512700000.0,7.9874,14.1634,15.0,5.0,14.7191,11.3598,11.157252777777778,7.658369856295442,13.19521984126984,4.464988354314175,18.81562263407322,8.730231486955663
2018-05-04,63.57,77.1878,21.4217,12.561,13.8464,2.2343,2.3321,45706830000.0,7.9874,14.1634,15.0,5.0,14.7191,11.3598,11.156195833333332,7.6569133823552225,13.267119047619047,4.524020473829922,18.81310921568856,8.743098573789126
2018-05-07,62.93,77.1878,22.6566,12.4345,13.8419,2.2118,2.3325,45246670000.0,7.9874,14.1634,15.0,5.0,14.7191,11.3598,11.153738690476189,7.653015019570377,13.357435714285716,4.596971129680098,18.806753710046564,8.760464584605618
2018-05-08,63.15,77.1878,22.2293,12.478,13.8362,2.2195,2.3325,45404850000.0,7.9874,14.1634,15.0,5.0,14.7191,11.3598,11.154578968253968,7.6542100648889155,13.447465873015872,4.658837770520031,18.808789033142883,8.788628102495842
2018-05-09,63.95,77.1878,20.7002,12.6361,13.8266,2.2477,2.3323,45980050000.0,7.9874,14.1634,15.0,5.0,14.7191,11.3598,11.155113492063492,7.654868526325054,13.52857619047619,4.695585425625498,18.809982018388546,8.832990764850692
2018-05-10,64.06,77.1878,20.493,12.6578,13.8156,2.2515,2.3323,46059140000.0,7.9874,14.1634,15.0,5.0,14.7191,11.3598,11.158399007936508,7.6585267234172765,13.617420634920634,4.720746764100867,18.816925731353784,8.896673870819768
2018-05-11,64.02,77.1878,20.5683,12.6499,13.8096,2.2523,2.3323,46030380000.0,7.9285,14.1634,15.0,5.0,14.7191,11.3598,11.161318055555554,7.661838233058135,13.700942063492064,4.750033240765218,18.82315628861369,8.950908822726845
2018-05-14,64.82,77.1878,19.0802,12.808,13.7946,2.2804,2.3326,46605580000.0,7.9285,14.1634,15.0,5.0,14.7191,11.3598,11.16484880952381,7.665082358984527,13.77595238095238,4.759830180091753,18.82993116850833,9.016122200860629
2018-05-15,65.18,77.1878,18.4225,12.8791,13.7908,2.2931,2.3325,46864420000.0,7.9285,14.1634,15.0,5.0,14.7191,11.3598,11.160270833333334,7.660045691053394,13.82528968253968,4.775618801266566,18.82031652438673,9.049670881273116
2018-05-16,65.46,77.1878,17.916,12.9345,13.7897,2.3029,2.3323,47065740000.0,7.9285,14.1634,15.0,5.0,14.7191,11.3598,11.156556547619047,7.656306812727038,13.888423015873016,4.776707967345716,18.81286336034609,9.111715048527302
2018-05-17,64.82,77.1878,19.0802,12.808,13.7879,2.2804,2.3323,46605580000.0,7.9285,14.1634,15.0,5.0,14.7191,11.3598,11.154866666666663,7.654459859934809,13.961324603174605,4.785354036485477,18.80932652660148,9.175970566689127
2018-05-18,64.84,77.1878,19.0435,12.812,13.786,2.2811,2.3323,46619960000.0,7.9285,14.1634,15.0,5.0,14.7191,11.3598,11.15499523809524,7.654592080661549,14.030753174603174,4.795193036709558,18.80958731875679,9.235560137893614
2018-05-21,64.77,77.1878,19.1721,12.7981,13.7766,2.2787,2.3324,46569630000.0,7.9285,14.1634,15.0,5.0,14.7191,11.3598,11.151662698412698,7.650726727603852,14.101734126984123,4.804644440657813,18.80238942601655,9.297089686326313
2018-05-22,65.05,77.1878,18.6592,12.8534,13.7736,2.2885,2.3321,46770950000.0,7.9285,14.1634,15.0,5.0,14.7191,11.3598,11.149613095238095,7.648572263800416,14.17392857142857,4.804237273704863,18.79818535903852,9.369691297723708
2018-05-23,64.68,77.1878,19.338,12.7803,13.7715,2.2755,2.3319,46504920000.0,7.9285,14.1634,15.0,5.0,14.7191,11.3598,11.148339285714286,7.647152036793735,14.250326984126984,4.809248247855793,18.79549132250802,9.44107873627119
2018-05-24,64.15,77.1443,20.2561,12.7045,13.7642,2.259,2.3319,46123850000.0,7.9118,14.1606,15.0,5.0,14.7191,11.3598,11.153195833333337,7.652165710268912,14.345318253968252,4.808727127852246,18.805361543602245,9.536591126116008
2018-05-25,64.25,77.0574,19.9337,12.7437,13.7562,2.2633,2.3319,46195750000.0,7.9118,14.1594,15.0,5.0,14.7191,11.3598,11.152960317460316,7.651893090723293,14.435049206349206,4.806666433323342,18.80485340818361,9.628382773025862
2018-05-29,62.55,77.0574,23.1933,12.4065,13.7486,2.2034,2.3324,44973450000.0,7.9118,14.1594,15.0,5.0,14.7191,11.3598,11.148981547619048,7.645093561208802,14.549615873015872,4.842171738670987,18.79407510882785,9.707444134344886
2018-05-30,62.88,77.0574,22.5468,12.472,13.7458,2.215,2.3321,45210720000.0,7.9118,14.1594,15.0,5.0,14.7191,11.3598,11.14888253968254,7.644945334242013,14.65187619047619,4.874075875197938,18.79382787392456,9.777800315278252
2018-05-31,62.28,77.0574,23.7274,12.3849,13.7416,2.196,2.3321,44779320000.0,7.9117,14.158,15.0,5.0,14.3237,11.355,11.146744047619046,7.641267568819446,14.768086507936507,4.914671304237393,18.78801161643849,9.853415203699114
2018-06-01,63.17,77.0574,21.9842,12.5619,13.7402,2.2274,2.3321,45419230000.0,7.9117,14.158,15.0,5.0,14.3237,11.355,11.142744444444444,7.635051552313663,14.859788095238091,4.940802575187062,18.77779599675811,9.91898552005103
2018-06-04,63.34,77.0574,21.6568,12.5957,13.727,2.2334,2.3326,45541460000.0,7.9117,14.158,15.0,5.0,14.3237,11.355,11.140623809523811,7.631975829306014,14.948089682539685,4.962191491924778,18.772599638829824,9.985898190614904
2018-06-05,60.59,76.753,26.676,12.0977,13.7219,2.1379,2.3324,43564210000.0,7.8689,13.9119,15.0,5.0,14.3237,11.355,11.14524365079365,7.640686014080287,15.081011111111112,5.050175002832428,18.785929664873937,10.030836108278685
2018-06-06,61.45,76.7548,24.9061,12.2728,13.7216,2.1684,2.3321,44182550000.0,7.8632,13.8943,15.0,5.0,14.3237,11.33,11.1427875,7.636052536634772,15.21610238095238,5.083682151865145,18.77884003663477,10.132420229087234
2018-06-07,61.33,76.7548,25.1505,12.2489,13.7178,2.1642,2.3312,44096270000.0,7.8632,13.8943,15.0,5.0,14.3237,11.33,11.143081944444445,7.636590853173689,15.336123015873014,5.1384338592244205,18.779672797618133,10.197689156648591
2018-06-08,60.94,76.7548,25.9514,12.171,13.714,2.1504,2.3295,43815860000.0,7.8632,13.8943,15.0,5.0,14.3237,11.33,11.145901785714283,7.641804538899801,15.460430158730158,5.204381582140294,18.787706324614085,10.256048576589864
2018-06-11,61.14,76.7548,25.5394,12.2109,13.7048,2.1575,2.3277,43959660000.0,7.8632,13.8943,15.0,5.0,14.3237,11.33,11.149704761904763,7.648500007987277,15.581803174603174,5.259841687046082,18.79820476989204,10.321961487557092
2018-06-12,62.17,76.9287,23.7393,12.4166,13.698,2.1938,2.3276,44700230000.0,7.8632,13.8943,15.0,5.0,14.3237,11.33,11.145358134920636,7.640702207430597,15.69856349206349,5.276445721515046,18.786060342351234,10.422117770548445
2018-06-13,63.83,76.6679,20.1126,12.7872,13.6913,2.2535,2.3265,45893770000.0,7.8325,13.6924,15.0,5.0,14.3237,11.0377,11.131083531746032,7.617132536517316,15.78860476190476,5.253974561215068,18.748216068263343,10.534630200689694
2018-06-14,64.2,76.6679,19.4204,12.8616,13.6715,2.2665,2.325,46159800000.0,7.8325,13.6924,15.0,5.0,14.3237,11.0377,11.114783928571429,7.590488262512297,15.86692619047619,5.2337761676123,18.70527219108373,10.63315002286389
2018-06-15,65.18,76.4164,17.239,13.0399,13.6634,2.3006,2.3235,46864420000.0,7.8326,13.6927,15.0,4.0,14.95,11.0433,11.098121428571428,7.567729542453806,15.914363492063492,5.218769513524661,18.66585097102524,10.695593978538833
2018-06-18,64.45,76.3482,18.4611,12.9316,13.6595,2.2765,2.3206,46339550000.0,7.7882,13.4994,15.0,4.0,14.95,11.0433,11.084986507936508,7.549133903647665,15.969443650793652,5.208643867011573,18.63412041158417,10.76079978378208
2018-06-19,63.47,76.2119,20.0755,12.8051,13.658,2.2446,2.3201,45634930000.0,7.7111,13.2675,15.0,4.0,14.95,11.0433,11.076819642857142,7.537143546088421,16.04766984126984,5.195588456977813,18.61396318894556,10.852081384292028
2018-06-20,63.0,75.9846,20.6105,12.743,13.6566,2.2277,2.3201,45297000000.0,7.7111,13.0098,15.0,4.0,14.95,10.7624,11.07322003968254,7.532144786522738,16.13868015873016,5.174067258503805,18.60536482620528,10.964612900226356
2018-06-21,62.4,75.9846,21.7702,12.6385,13.6553,2.2078,2.32,44865600000.0,7.711,13.0088,15.0,4.0,14.95,10.7624,11.07267023809524,7.53135222331783,16.237660317460318,5.161446119483434,18.60402246141307,11.076214197976883
2018-06-22,63.53,75.9846,19.6043,12.8674,13.6501,2.2477,2.3196,45678070000.0,7.711,13.0088,15.0,4.0,14.95,10.7624,11.06886388888889,7.526543518116551,16.31241111111111,5.141260348812677,18.59540740700544,11.171150762298431
2018-06-25,58.54,73.3703,25.3336,12.0475,13.6412,2.0664,2.3186,41856100000.0,7.6605,12.8868,15.0,4.0,14.05,10.8396,11.078432341269842,7.54162154976262,16.414705555555557,5.191664377492711,18.620053891032462,11.223041178062848
2018-06-26,59.76,73.3764,22.7851,12.2986,13.6388,2.1095,2.3184,42728400000.0,7.6605,12.6624,15.0,4.0,14.05,10.8396,11.065583531746032,7.5160552735179165,16.49482777777778,5.211579237945069,18.58163880526395,11.283248539832709
2018-06-27,58.07,73.2194,26.0882,11.9878,13.6362,2.0518,2.3176,41520050000.0,7.5991,12.4747,15.0,4.0,14.05,10.511,11.04859384920635,7.472185448461646,16.592179365079364,5.27542519468229,18.520779297668,11.316754170397074
2018-06-28,57.16,73.2339,28.1209,11.7999,13.6322,2.0197,2.3158,40869400000.0,7.5991,12.4747,15.0,4.0,14.05,10.511,11.039024206349206,7.447134694659702,16.720142063492066,5.357986138128242,18.486158901008903,11.362155925363824
2018-06-29,57.31,73.0571,27.4771,11.848,13.6304,2.0227,2.3146,40976650000.0,7.6801,12.1734,14.0,3.0,13.2,10.5353,11.032801388888888,7.432040898889,16.839251587301586,5.429074945833345,18.464842287777888,11.41017664146824
2018-07-02,57.15,73.0364,27.7977,11.8254,13.6247,2.0214,2.3143,40862250000.0,7.6801,12.1734,14.0,3.0,13.2,10.5353,11.033191865079363,7.432918228258852,16.95942619047619,5.502815751829825,18.466110093338216,11.456610438646363
2018-07-03,56.76,73.0364,28.6758,11.7447,13.6242,2.0076,2.314,40583400000.0,7.6801,12.1734,14.0,3.0,13.2,10.5353,11.039049404761906,7.445670383488621,17.091659523809522,5.582644239844273,18.484719788250526,11.50901528396525
2018-07-05,56.89,73.0364,28.0471,11.8942,13.6223,2.0124,2.3126,40676350000.0,7.6801,12.1734,14.0,3.0,13.2,10.5353,11.037330555555556,7.441634747262606,17.220758730158728,5.646559249033082,18.47896530281816,11.574199481125646
2018-07-06,57.55,72.7507,26.413,12.0086,13.6166,2.0358,2.3109,41148250000.0,7.6801,11.9907,13.0,3.0,13.2,10.5353,11.02963492063492,7.423667502272869,17.336225396825395,5.684771654727013,18.45330242290779,11.651453742098385
2018-07-09,57.94,72.8486,25.7311,12.1226,13.6019,2.052,2.3098,41427100000.0,7.4199,11.948,13.0,3.0,13.2,10.3755,11.0243621031746,7.412248407156448,17.435949206349207,5.721124261453969,18.43661051033105,11.714824944895238
2018-07-10,58.82,72.8486,23.8501,12.3067,13.5982,2.0831,2.3092,42056300000.0,7.4199,12.1412,13.0,3.0,13.2,10.3755,11.019362500000002,7.402720864211967,17.51734523809524,5.738958341547271,18.422083364211968,11.778386896547968
2018-07-11,57.99,72.8486,25.6227,12.1498,13.5946,2.0537,2.3086,41462850000.0,7.4199,12.0072,13.0,3.0,13.2,10.1432,11.023979166666669,7.411113072336307,17.633871428571428,5.753388601801116,18.435092239002973,11.880482826770312
2018-07-12,58.4,72.8486,24.7408,12.2357,13.5934,2.0682,2.3082,41756000000.0,7.4199,12.0072,13.0,3.0,13.2,10.1432,11.031497023809523,7.423115974600837,17.742974603174602,5.756806819213903,18.45461299841036,11.9861677839607
2018-07-13,58.05,72.8486,25.4929,12.1624,13.5816,2.0559,2.3074,41505750000.0,7.4199,12.0079,13.0,3.0,13.2,9.5046,11.040198412698413,7.4375068416451,17.868930158730155,5.751329143803284,18.477705254343512,12.117601014926873
2018-07-16,58.4,72.8486,24.7408,12.2357,13.5721,2.0682,2.3074,41756000000.0,7.4199,12.0079,13.0,3.0,13.2,9.5046,11.045695634920634,7.44661982538355,18.000026984126983,5.717851898080597,18.492315460304184,12.282175086046388
2018-07-17,58.59,72.8486,24.3362,12.2756,13.5686,2.075,2.3066,41891850000.0,7.4199,12.0079,13.0,3.0,13.2,9.5046,11.0450501984127,7.445451333999541,18.113246825396825,5.700795257543256,18.49050153241224,12.41245156785357
2018-07-18,59.53,72.8486,22.3729,12.4725,13.5651,2.1083,2.3059,42563950000.0,7.4199,12.0079,13.0,3.0,13.2,9.5046,11.04303214285714,7.442235785391626,18.22059603174603,5.652051505333437,18.485267928248767,12.568544526412596
2018-07-19,58.86,72.5557,23.2683,12.3526,13.5569,2.0845,2.3059,42084900000.0,7.4199,11.9142,12.0,3.0,13.2,9.5046,11.04013253968254,7.437175630403334,18.330168253968253,5.614600841814311,18.47730817008588,12.71556741215394
2018-07-20,58.14,72.5771,24.8316,12.2015,13.5481,2.059,2.3059,41570100000.0,7.4199,11.9142,12.0,3.0,13.2,9.5046,11.044950992063493,7.445334411949657,18.44631904761905,5.596342835784109,18.49028540401315,12.849976211834935
2018-07-23,58.15,72.5771,24.8101,12.2046,13.5386,2.0594,2.3074,41577250000.0,7.4199,11.9029,12.0,3.0,13.2,9.5046,11.045975595238096,7.447196587066736,18.566109523809523,5.569460684718621,18.493172182304832,12.996648839090902
2018-07-24,57.75,72.5771,25.6746,12.1206,13.5384,2.0452,2.3066,41291250000.0,7.4199,11.9029,12.0,3.0,13.2,9.5046,11.052043849206347,7.457881565424313,18.68760793650793,5.556104466614567,18.50992541463066,13.131503469893367
2018-07-25,57.77,72.5771,25.6311,12.1271,13.5383,2.0459,2.3059,41305550000.0,7.4199,11.903,12.0,3.0,13.2,9.5046,11.059969444444445,7.471262785100789,18.841499206349205,5.476562543661599,18.531232229545232,13.364936662687606
2018-07-26,57.67,72.5771,25.849,12.1061,13.5366,2.0424,2.3059,41234050000.0,7.4199,11.903,12.0,3.0,13.2,9.5046,11.067595634920636,7.484407485074703,18.99223412698413,5.404954599744929,18.55200311999534,13.5872795272392
2018-07-27,58.22,72.5771,24.6601,12.2216,13.536,2.0619,2.3059,41627300000.0,7.4199,11.903,12.0,3.0,13.2,9.5046,11.073646825396825,7.494174791765266,19.141177777777777,5.298631201400986,18.56782161716209,13.84254657637679
2018-07-30,58.73,72.5771,23.5776,12.3287,13.5335,2.0799,2.3074,41991950000.0,7.4199,11.903,12.0,3.0,13.2,9.5046,11.078484126984128,7.501468313597273,19.281661904761904,5.177399103825683,18.5799524405814,14.104262800936224
2018-07-31,59.24,72.5771,22.5137,12.4357,13.5327,2.098,2.3066,42356600000.0,7.4199,11.903,12.0,3.0,13.2,9.5046,11.083286111111107,7.508022421066114,19.411114285714284,5.050115256501789,18.591308532177223,14.360999029212495
2018-08-01,58.62,72.5771,23.8095,12.3056,13.5306,2.076,2.3066,41913300000.0,7.4199,11.903,12.0,3.0,13.2,9.5046,11.090608134920636,7.518643930874433,19.54873253968254,4.929450055425101,18.60925206579507,14.61928248425744
2018-08-02,58.85,72.5771,23.3256,12.3538,13.5294,2.0842,2.3059,42077750000.0,7.4199,11.903,12.0,3.0,13.2,9.5046,11.089334523809525,7.516512394440735,19.676127777777776,4.815791164236678,18.605846918250258,14.860336613541095
2018-08-03,59.05,72.5771,22.9079,12.3958,13.5265,2.0913,2.3053,42220750000.0,7.4199,11.903,12.0,3.0,13.2,9.5046,11.089226587301589,7.51634194932149,19.78510317460317,4.730916955110042,18.60556853662308,15.054186219493127
2018-08-06,58.41,72.5771,24.2546,12.2615,13.5238,2.0686,2.3024,41763150000.0,7.4199,11.903,12.0,3.0,13.2,9.5046,11.09304742063492,7.522553733319987,19.87841349206349,4.701886504480339,18.61560115395491,15.176526987583156
2018-08-07,58.69,72.4145,23.3847,12.3182,13.5221,2.0785,2.3015,41963350000.0,7.4199,11.8897,13.0,3.0,13.2,9.5046,11.09973353174603,7.531990952603655,19.980673809523807,4.635935300362421,18.63172448434969,15.344738509161386
2018-08-08,58.6,72.4145,23.5742,12.2993,13.5204,2.0753,2.3007,41899000000.0,7.4199,11.8897,13.0,3.0,13.2,9.5046,11.103875396825396,7.538285464225022,20.08253492063492,4.571824590463707,18.642160861050417,15.510710330171214
2018-08-09,59.34,72.4145,22.0332,12.4546,13.5204,2.1015,2.3007,42428100000.0,7.4199,11.8897,13.0,3.0,13.2,9.5046,11.097308333333332,7.5272898927905425,20.141096825396826,4.548939076047039,18.62459822612388,15.592157749349788
2018-08-10,59.6,72.4145,21.5008,12.5092,13.5185,2.1107,2.3006,42614000000.0,7.4199,11.8897,13.0,3.0,13.2,9.5046,11.091819444444443,7.51867102755088,20.19809603174603,4.520307329328612,18.610490471995327,15.677788702417416
2018-08-13,58.99,72.4145,22.7572,12.3812,13.5015,2.0891,2.2996,42177850000.0,7.4199,11.8897,13.0,3.0,13.2,9.5046,11.091400793650791,7.518014264016327,20.28749523809524,4.457720358781492,18.60941505766712,15.829774879313748
2018-08-14,59.32,72.4145,22.0743,12.4504,13.5006,2.1008,2.2995,42413800000.0,7.4199,11.8897,13.0,3.0,13.2,9.5046,11.090263095238097,7.516305168566689,20.37121666666667,4.390393184173583,18.606568263804785,15.980823482493086
2018-08-15,59.2,72.4145,22.3218,12.4252,13.4997,2.0966,2.2993,42328000000.0,7.4199,11.8897,13.0,3.0,13.2,9.5046,11.090196428571428,7.516205200940735,20.471713492063493,4.28693733299361,18.606401629512163,16.184776159069884
2018-08-16,59.83,72.4145,21.0338,12.5575,13.4992,2.1189,2.2986,42778450000.0,7.4199,11.8897,13.0,3.0,13.2,9.5046,11.089815476190475,7.515695313692957,20.55798650793651,4.186020309675333,18.605510789883432,16.371966198261177
2018-08-17,60.58,72.4145,19.5353,12.7149,13.4948,2.1455,2.2973,43314700000.0,7.4199,11.8897,13.0,3.0,13.2,9.5046,11.08855992063492,7.5142284142451645,20.63110873015873,4.08503656829667,18.602788334880085,16.54607216186206
2018-08-20,60.75,72.339,19.0765,12.7535,13.4873,2.1513,2.2964,43436250000.0,7.4199,11.8893,13.0,3.0,13.2,9.5046,11.085272420634922,7.510361830396042,20.69995952380952,3.983075191641056,18.595634251030965,16.716884332168465
2018-08-21,61.45,72.339,17.7201,12.9004,13.4868,2.1761,2.296,43936750000.0,7.4199,11.8893,13.0,3.0,13.2,9.5046,11.078574404761904,7.502917878723434,20.75968253968254,3.879367952954522,18.58149228348534,16.88031458672802
2018-08-22,61.87,72.2843,16.8326,12.9886,13.4862,2.1909,2.2956,44237050000.0,7.4199,11.8893,13.0,3.0,13.2,9.5046,11.071549603174605,7.495852453020432,20.79466507936508,3.823071517600561,18.56740205619504,16.971593561764518
2018-08-23,61.0,72.2843,18.4989,12.806,13.4754,2.1601,2.2956,43615000000.0,7.4199,11.8893,13.0,3.0,13.2,9.5046,11.072228968253969,7.496511341022235,20.85013888888889,3.7370013742134778,18.568740309276205,17.11313751467541
2018-08-24,61.23,72.2843,18.0537,12.8543,13.4725,2.1683,2.2956,43779450000.0,7.4199,11.8893,13.0,3.0,13.2,9.5046,11.069546230158728,7.493764550979029,20.900532539682537,3.654583393424012,18.56331078113776,17.245949146258525
2018-08-27,61.7,72.2843,17.1545,12.9529,13.4499,2.1849,2.2938,44115500000.0,7.4199,11.8893,13.0,3.0,13.2,9.5046,11.064577380952382,7.488886667881638,20.92868333333333,3.611362133860002,18.55346404883402,17.31732119947333
2018-08-28,61.74,72.2843,17.0786,12.9624,13.4488,2.1863,2.2935,44144100000.0,7.4199,11.8893,13.0,3.0,13.2,9.5046,11.059004166666666,7.483350755788138,20.948415873015872,3.5831454166952112,18.542354922454805,17.365270456320662
2018-08-29,62.31,72.3597,16.1286,13.0821,13.4478,2.2065,2.2932,44551650000.0,7.4199,11.8893,13.0,3.0,13.2,9.5046,11.051949404761904,7.476876560199333,20.94778968253968,3.583987362674507,18.52882596496124,17.363802319865176
2018-08-30,61.58,72.3597,17.5052,12.9288,13.445,2.1807,2.2931,44029700000.0,7.4199,11.8893,13.0,3.0,13.2,9.5046,11.048777976190475,7.473792899635933,20.943751587301588,3.5876041300170405,18.52257087582641,17.356147457284546
2018-08-31,61.49,72.3597,17.6772,12.9099,13.4297,2.1775,2.2931,43965350000.0,7.4199,11.8893,13.0,3.0,13.2,9.5046,11.047875992063492,7.4729637627304095,20.944239682539685,3.587151879808069,18.5208397547939,17.357087802731616
2018-09-04,61.2,72.5026,18.4683,12.8561,13.4132,2.1677,2.2919,43758000000.0,7.3932,11.8137,13.0,3.0,13.2,9.5046,11.0528751984127,7.477090428556845,20.96455317460317,3.565591068233668,18.529965626969545,17.398962106369506
2018-09-05,60.95,72.5026,18.9542,12.7995,13.4111,2.1589,2.2918,43579250000.0,7.3932,11.8136,13.0,3.0,13.2,9.5046,11.04889265873016,7.472335373969542,20.98677142857143,3.544036783733348,18.521228032699703,17.442734644838083
2018-09-06,61.74,72.5026,17.4321,12.9654,13.4039,2.1868,2.2915,44144100000.0,7.3932,11.8136,13.0,3.0,13.2,9.5046,11.039169246031747,7.460802638805872,21.00685634920635,3.516336394817372,18.49997188483762,17.490519954388976
2018-09-07,62.06,72.5026,16.8266,13.0266,13.4038,2.1982,2.2902,44372900000.0,7.3932,11.8135,13.0,3.0,13.2,9.5046,11.026434722222222,7.4453895077149905,21.03213730158729,3.4741546596942583,18.47182422993721,17.55798264189304
2018-09-10,61.99,72.4264,16.8356,13.0332,13.3824,2.1979,2.2887,44322850000.0,7.3213,11.7114,13.0,3.0,13.2,9.338,11.011319642857144,7.425783412522226,21.056016666666665,3.434345371560331,18.43710305537937,17.621671295106335
2018-09-11,61.86,72.4264,17.0812,13.0059,13.3728,2.1933,2.2886,44229900000.0,7.3213,11.7114,13.0,3.0,13.2,9.338,10.995061706349206,7.403428410298883,21.08465317460317,3.3853031957725306,18.39849011664809,17.699349978830643
2018-09-12,62.53,72.9026,16.5882,13.1548,13.3658,2.217,2.2885,44708950000.0,7.3213,11.6738,13.0,3.0,13.2,9.338,10.983160317460316,7.389565844612175,21.101173015873016,3.357914773246024,18.37272616207249,17.743258242626993
2018-09-13,62.7,72.9026,16.2721,13.1906,13.3586,2.2231,2.2877,44830500000.0,7.3213,11.6738,13.0,3.0,13.2,9.338,10.972817261904762,7.378477252830272,21.112051587301583,3.339840478267686,18.351294514735034,17.7722111090339
2018-09-14,63.95,72.9026,13.9994,13.4535,13.3586,2.2674,2.287,45724250000.0,7.3213,11.6738,13.0,3.0,13.2,9.338,10.961093253968253,7.368939318552459,21.10683015873016,3.350509647089684,18.33003257252071,17.756320511640475
2018-09-17,64.82,72.9026,12.4693,13.6411,13.3515,2.2982,2.2862,46346300000.0,7.3213,11.6956,13.0,3.0,13.2,9.338,10.947562103174604,7.359872600073575,21.09864365079365,3.370443472292219,18.30743470324818,17.72820017850143
2018-09-18,65.67,72.9026,11.0136,13.82,13.3585,2.3284,2.2866,46954050000.0,7.3213,11.6956,13.0,3.0,13.2,9.338,10.930016865079365,7.34912490402232,21.082332539682536,3.4143020883059783,18.279141769101685,17.66803045137656
2018-09-19,66.21,72.9026,10.1081,13.9387,13.3586,2.3465,2.287,47340150000.0,7.4965,11.6737,14.0,3.0,13.2,9.338,10.908861507936509,7.336076624413638,21.04826349206349,3.501801820014144,18.244938132350143,17.546461672049347
2018-09-20,66.94,72.9026,8.9074,14.0923,13.3586,2.3724,2.287,47862100000.0,7.4965,11.6737,14.0,3.0,13.2,9.338,10.886828373015874,7.3253497064858255,20.98758015873016,3.6436911778910464,18.212178079501697,17.34388898083911
2018-09-21,67.17,72.9502,8.6053,14.1939,13.3586,2.3821,2.287,48026550000.0,7.4829,11.4031,14.0,3.0,13.2,9.338,10.862435317460315,7.312399977612307,20.89623888888889,3.8063816645199178,18.174835295072626,17.089857224368973
2018-09-24,66.81,72.9502,9.1905,14.1259,13.3515,2.3695,2.2862,47769150000.0,7.4829,11.403,14.0,3.0,13.2,9.338,10.844426984126985,7.305301743376019,20.828630952380955,3.9368598813460647,18.149728727503003,16.89177107103489
2018-09-25,66.6,72.9502,9.5348,14.0815,13.3585,2.36,2.2866,47619000000.0,7.4998,11.403,14.0,3.0,13.2,9.338,10.829187301587304,7.299993914027989,20.76276031746032,4.055018921367761,18.129181215615294,16.70774139609256
2018-09-26,66.98,73.1797,9.256,14.1604,13.3586,2.3735,2.287,47890700000.0,7.4998,11.403,14.0,4.0,13.0167,9.3366,10.809968452380952,7.291337416821309,20.678107142857144,4.182050721723307,18.10130586920226,16.496056421133837
2018-09-27,63.74,72.9156,14.3954,13.6412,13.3586,2.2384,2.2862,45064180000.0,7.2816,10.8031,16.0,4.0,12.7667,8.8486,10.810123015873016,7.291412743405433,20.64788492063492,4.213717292141069,18.10153575927845,16.43416762849385
2018-09-28,63.77,72.857,14.2496,13.6957,13.3586,2.2442,2.2862,45085390000.0,7.2377,10.7093,16.0,4.0,12.4279,8.7641,10.81363115079365,7.292643736928098,20.60256825396825,4.251712219567781,18.10627488772175,16.350856034400472
2018-10-01,63.55,72.8518,14.637,13.6461,13.3515,2.2364,2.2845,44929850000.0,7.2377,10.7095,16.0,4.0,12.4279,8.7641,10.815503174603174,7.293505517269763,20.5585626984127,4.284669393691341,18.109008691872937,16.27389330472136
2018-10-02,63.12,72.8518,15.4179,13.5538,13.3585,2.2213,2.2844,44625840000.0,7.2377,10.7095,16.0,4.0,12.4279,8.7641,10.820414484126983,7.295773769436456,20.527946825396825,4.307631401086646,18.116188253563443,16.22031542431018
2018-10-03,62.62,72.9876,16.5564,13.4352,13.3586,2.2018,2.2844,44272340000.0,7.2987,10.7441,15.0,4.0,12.4279,8.7641,10.829026785714284,7.299984944921299,20.5140253968254,4.317677829702872,18.129011730635582,16.196347567122523
2018-10-04,61.69,72.9876,18.3135,13.2356,13.3515,2.1691,2.283,43614830000.0,7.2987,10.7443,15.0,4.0,12.4279,8.4344,10.841397023809524,7.307385826481723,20.499493650793653,4.322010537251989,18.148782850291248,16.177483113541662
2018-10-05,60.58,72.9876,20.4813,12.9975,13.3415,2.13,2.2816,42830060000.0,7.2987,10.7443,15.0,4.0,12.4279,8.4344,10.856153373015871,7.319342216756222,20.5073126984127,4.321071824794784,18.17549558977209,16.18624087361792
2018-10-08,61.09,72.8924,19.3197,13.1159,13.3248,2.148,2.2806,43190630000.0,7.2987,10.7016,15.0,4.0,12.4279,8.4344,10.868880555555556,7.328483463275818,20.47781984126984,4.3163552141686665,18.19736401883137,16.161464627101175
2018-10-09,60.52,72.8924,20.4435,12.9935,13.3212,2.1279,2.2805,42787640000.0,7.2987,10.7016,15.0,4.0,12.4279,8.4344,10.878770833333332,7.338047532895219,20.465531746031743,4.314214003160018,18.21681836622855,16.151317742871726
2018-10-10,59.06,72.8447,23.3402,12.7033,13.3164,2.0766,2.2804,41755420000.0,7.2987,10.6339,15.0,4.0,12.4279,8.4344,10.893251190476192,7.355436878524086,20.47790396825397,4.320248597058043,18.24868806900028,16.157655371195926
2018-10-11,57.85,72.8932,26.0038,12.443,13.3032,2.034,2.2804,40899950000.0,7.2987,10.6339,15.0,4.0,12.4279,8.4344,10.909773015873016,7.380015431194928,20.498976984126983,4.340789947208214,18.289788447067945,16.15818703691877
2018-10-12,58.24,72.7617,24.9342,12.5361,13.287,2.0486,2.2804,41175680000.0,7.2609,10.6063,16.0,4.0,12.4279,8.4344,10.92342261904762,7.399592569271249,20.528976984126984,4.358381035864567,18.32301518831887,16.170595948262417
2018-10-15,57.72,72.7617,26.0598,12.4247,13.2652,2.0303,2.2795,40808040000.0,7.2609,10.6063,16.0,4.0,12.4279,8.8262,10.93975615079365,7.423908695561854,20.56925873015873,4.38599032457221,18.363664846355505,16.18326840558652
2018-10-16,59.09,72.7617,23.1371,12.7196,13.2568,2.0785,2.2791,41776630000.0,7.2609,10.6063,16.0,4.0,12.4279,8.8262,10.947048412698411,7.434094337507494,20.602526984126985,4.389470131000311,18.381142750205907,16.213056853126673
2018-10-17,59.0,72.7617,23.3249,12.7002,13.2522,2.0754,2.2787,41713000000.0,7.2609,10.6063,16.0,4.0,12.4279,8.8262,10.954507738095238,7.444637784688097,20.634238888888888,4.394627853039824,18.399145522783336,16.239611035849062
2018-10-18,57.54,72.7617,26.4541,12.3859,13.2416,2.024,2.2785,40680780000.0,7.2609,10.6063,16.0,4.0,12.4279,8.8262,10.970906349206349,7.469666268399749,20.70257301587301,4.417774310639226,18.440572617606097,16.28479870523379
2018-10-19,57.23,72.7617,27.1391,12.3192,13.2221,2.0131,2.2784,40461610000.0,7.2609,10.6063,16.0,4.0,12.4279,8.8262,10.98916726190476,7.497922878320467,20.78184841269841,4.443071298815192,18.487090140225227,16.338777113883218
2018-10-22,56.48,72.7154,28.7454,12.1577,13.2037,1.9867,2.2784,39931360000.0,7.2609,10.6061,16.0,4.0,12.4279,8.8262,11.013490674603174,7.535581117776788,20.86395873015873,4.493999008086343,18.54907179237996,16.369959722072387
2018-10-23,57.23,72.7154,27.0582,12.3192,13.2016,2.0131,2.2784,40461610000.0,7.2609,10.6061,16.0,4.0,12.4279,8.8262,11.032041865079366,7.563552314270481,20.94141825396825,4.516106368196168,18.595594179349845,16.42531188577209
2018-10-24,54.75,72.7154,32.8135,11.7853,13.1995,1.9259,2.2781,38708250000.0,7.2609,10.6061,16.0,4.0,12.4279,8.8351,11.063453373015872,7.620968146925111,21.039076984126982,4.638067966041882,18.684421519940983,16.401009018085098
2018-10-25,55.85,72.7154,30.1977,12.0221,13.1906,1.9646,2.2772,39485950000.0,7.2609,10.6061,16.0,4.0,12.4279,8.8351,11.08927896825397,7.663676782917793,21.11779126984127,4.708700322645414,18.75295575117176,16.409090947195857
2018-10-26,54.27,72.7154,33.9882,11.682,13.1787,1.909,2.2766,38368890000.0,7.2609,10.6061,16.0,4.0,12.4279,8.8351,11.125559325396823,7.728568575553139,21.20690952380952,4.8443241106006125,18.85412790094996,16.362585413208908
2018-10-29,54.07,72.7154,34.4838,11.639,13.1511,1.902,2.2762,38227490000.0,7.2609,10.6061,16.0,4.0,12.4279,8.8351,11.159764087301587,7.793578627642489,21.315918253968256,4.986383964363553,18.95334271494408,16.3295342896047
2018-10-30,54.14,72.7154,34.3099,11.654,13.151,1.9044,2.2758,38276980000.0,7.2609,10.6061,16.0,4.0,12.4279,8.8351,11.203343452380953,7.861337839757889,21.40716587301587,5.117465969718204,19.064681292138843,16.289699903297667
2018-10-31,56.04,72.7154,29.7562,12.063,13.1426,1.9712,2.2747,39620280000.0,7.2609,10.6061,16.0,4.0,12.4279,8.8351,11.240838492063492,7.904637810929226,21.469201587301587,5.171069614692429,19.14547630299272,16.29813197260916
2018-11-01,57.75,72.7154,25.9141,12.4311,13.1343,2.0314,2.2737,40829250000.0,7.2609,10.6061,16.0,4.0,12.4279,8.8351,11.267621428571427,7.931448665336569,21.50485555555556,5.186204634305007,19.199070093907995,16.31865092125055
2018-11-02,57.07,72.7154,27.4144,12.2847,13.1251,2.0075,2.2736,40348490000.0,7.2609,10.6061,16.0,4.0,12.4279,8.8351,11.296687896825397,7.963724091266519,21.54261587301588,5.211914318442301,19.26041198809192,16.330701554573572
2018-11-05,56.86,72.7154,27.885,12.2395,13.0879,2.0001,2.2727,40200020000.0,7.2609,10.6061,16.0,4.0,12.4279,8.8351,11.326919642857142,7.997713177565494,21.58750238095238,5.242142153394176,19.32463282042264,16.345360227558203
2018-11-06,57.25,72.7154,27.0138,12.3235,13.0821,2.0138,2.2726,40475750000.0,7.2609,10.6061,16.0,4.0,12.4279,8.8351,11.354120238095238,8.027709465376875,21.637610317460314,5.263723270398106,19.38182970347212,16.373887047062208
2018-11-07,58.67,72.7154,23.9397,12.6292,13.0819,2.0638,2.2724,41479690000.0,7.2609,10.6061,16.0,4.0,12.4279,8.8351,11.379580753968256,8.047251277608654,21.66496507936508,5.266682472969928,19.426832031576907,16.398282606395156
2018-11-08,58.12,72.7154,25.1125,12.5108,13.0805,2.0444,2.2721,41090840000.0,7.2609,10.6061,16.0,4.0,12.4279,8.8351,11.41104107142857,8.069896948033826,21.70103015873016,5.274665464034758,19.4809380194624,16.4263646946954
2018-11-09,58.54,72.7154,24.2149,12.6012,13.0706,2.0592,2.2718,41387780000.0,7.2609,10.6061,16.0,4.0,12.4279,8.8351,11.4387001984127,8.08985940167713,21.741781746031744,5.274090263442783,19.528559600089828,16.46769148258896
2018-11-12,57.77,72.7154,25.8705,12.4354,13.0548,2.0321,2.267,40843390000.0,7.2609,10.6061,16.0,4.0,12.4279,8.8351,11.473054166666667,8.114320194749668,21.800892857142856,5.278326959879087,19.587374361416337,16.522565897263767
2018-11-13,58.9,72.7154,23.4557,12.6787,13.0539,2.0719,2.2665,41642300000.0,7.2609,10.6061,16.0,4.0,12.4279,8.8351,11.502184523809523,8.130947911641357,21.844858730158727,5.2687716772281,19.63313243545088,16.576087052930625
2018-11-14,59.24,72.7154,22.7471,12.7519,13.0531,2.0838,2.2656,41882680000.0,7.2609,10.6061,16.0,4.0,12.4279,8.8351,11.5330498015873,8.144065101938319,21.87396111111111,5.263503289056956,19.67711490352562,16.610457822054155
2018-11-15,59.85,72.7154,21.4961,12.8832,13.0525,2.1053,2.2646,42313950000.0,7.2609,10.6061,16.0,4.0,12.4279,8.8351,11.562225793650793,8.153378799750039,21.89342619047619,5.257483723686304,19.71560459340084,16.635942466789885
2018-11-16,59.96,72.7154,21.2732,12.9068,13.0468,2.1091,2.264,42391720000.0,7.2609,10.6061,16.0,4.0,12.4279,8.8351,11.590834722222224,8.162118730163773,21.91010158730159,5.252112653566686,19.752953452385995,16.657988933734902
2018-11-19,59.05,72.7654,23.2268,12.7066,13.0427,2.0777,2.2633,41748350000.0,7.2456,10.6238,16.0,4.0,12.6779,8.8551,11.625625198412695,8.17428759242755,21.946352380952383,5.245253603153247,19.79991279084025,16.701098777799135
2018-11-20,59.88,72.7654,21.5187,12.8852,13.041,2.1069,2.2632,42335160000.0,7.2456,10.6238,16.0,4.0,12.6779,8.8551,11.656188095238097,8.182435354714997,21.963659523809525,5.240173518427267,19.838623449953094,16.72348600538226
2018-11-21,60.04,72.7654,21.1949,12.9196,13.0404,2.1126,2.2631,42448280000.0,7.2456,10.6238,16.0,4.0,12.6779,8.8551,11.683095436507935,8.191473749791014,21.971110317460315,5.238393303123634,19.87456918629895,16.732717014336682
2018-11-23,60.75,72.7654,19.7784,13.0724,13.0399,2.1375,2.2618,42950250000.0,7.2456,10.6238,16.0,4.0,12.6779,8.8551,11.709296031746032,8.196214491150885,21.96987777777777,5.238894765957802,19.90551052289692,16.730983011819973
2018-11-26,61.4,72.7654,18.5104,13.185,13.0398,2.1604,2.2603,43409800000.0,7.2458,10.7078,16.0,4.0,12.6779,8.8551,11.735123611111112,8.197097386280971,21.932711904761906,5.24675097681746,19.932220997392083,16.685960927944443
2018-11-27,60.55,72.7654,20.1741,13.0025,13.0398,2.1305,2.2601,42808850000.0,7.2458,10.7078,16.0,4.0,12.6779,8.8551,11.765248015873016,8.200162576737355,21.91388095238095,5.248786837381769,19.96541059261037,16.66509411499918
2018-11-28,61.94,72.7654,17.4772,13.301,13.0398,2.1794,2.2599,43791580000.0,7.2458,10.7078,16.0,4.0,12.6779,8.8551,11.788060714285717,8.200028066011805,21.86427619047619,5.261030815259154,19.98808878029752,16.603245375217035
2018-11-29,60.73,72.7654,19.8179,13.0411,13.0398,2.1368,2.259,42936110000.0,7.2458,10.7078,16.0,4.0,12.6779,8.8551,11.820538888888889,8.199349802670548,21.84708333333333,5.264174528865644,20.01988869155944,16.58290880446769
2018-11-30,60.29,72.7654,20.6923,12.9467,13.0365,2.1213,2.2567,42625030000.0,7.2458,10.7078,16.0,4.0,12.6779,8.8551,11.847525595238094,8.206132744938488,21.83942857142857,5.265154597978579,20.053658340176582,16.57427397344999
2018-12-03,61.08,72.7654,19.1313,13.1163,13.0302,2.1491,2.2535,43183560000.0,7.2458,10.7078,16.0,4.0,12.6779,8.8551,11.864897420634922,8.212276213843266,21.77955,5.252596606551643,20.077173634478186,16.52695339344836
2018-12-04,58.3,72.7654,24.812,12.5193,13.0271,2.0513,2.2534,41218100000.0,7.2458,10.7078,16.0,4.0,12.6779,8.8551,11.8958,8.23164934102249,21.778803174603173,5.2521551818037215,20.12744934102249,16.52664799279945
2018-12-06,58.9,72.7654,23.5406,12.6482,13.0266,2.0724,2.2523,41642300000.0,7.2458,10.7078,16.0,4.0,12.6779,8.8551,11.929343452380952,8.244603114695156,21.76602619047619,5.245841610741446,20.173946567076108,16.520184579734742
2018-12-07,56.73,72.3109,27.465,12.148,13.0259,1.9961,2.2523,40108110000.0,7.2458,10.8536,16.0,4.0,12.6779,8.8551,11.974496031746032,8.267260807766961,21.77803888888889,5.257223253208236,20.241756839512995,16.520815635680655
2018-12-10,56.35,72.3563,28.4051,12.0679,13.0197,1.9862,2.2515,39839450000.0,7.1278,10.793,16.0,4.0,12.6779,8.8295,12.023780555555554,8.291037597351256,21.80078253968254,5.279776106496424,20.31481815290681,16.521006433186116
2018-12-11,56.07,72.2709,28.8941,12.008,13.0128,1.9764,2.2496,39641490000.0,7.1278,10.793,16.0,4.0,12.6779,8.8295,12.071675396825396,8.318641066144345,21.841693650793648,5.31477253014249,20.390316462969743,16.526921120651156
2018-12-12,56.52,72.1076,27.5789,12.1043,13.0059,1.9914,2.2477,39959640000.0,7.1918,10.8738,16.0,3.0,12.9039,8.4281,12.11859722222222,8.339297893614242,21.90095,5.336916133539841,20.457895115836465,16.564033866460157
2018-12-13,56.59,71.9171,27.0845,12.1401,13.0048,1.9954,2.2477,40009130000.0,7.1551,10.7718,16.0,3.0,12.9039,8.4281,12.159751785714285,8.361886793452483,21.96177619047619,5.352071831616838,20.52163857916677,16.609704358859354
2018-12-14,56.33,71.9171,27.671,12.0688,13.0048,1.9862,2.2477,39825310000.0,7.1551,10.7714,16.0,3.0,12.9039,8.4281,12.202150992063492,8.38626587278878,22.04456984126984,5.359112635162749,20.58841686485227,16.685457206107092
2018-12-17,56.34,72.0124,27.8175,12.0174,13.0128,1.9886,2.2496,39832380000.0,7.1266,10.9163,16.0,3.0,12.9039,8.4281,12.246581944444443,8.40957289887659,22.118826984126983,5.373863948056731,20.65615484332104,16.744963036070256
2018-12-18,56.21,72.0124,28.1131,11.9912,13.0059,1.984,2.2477,39740470000.0,7.1266,10.8588,17.0,4.0,12.1663,8.4281,12.294112103174603,8.431433417458237,22.18261746031746,5.397069662712401,20.72554552063284,16.78554779760506
2018-12-19,55.01,72.0124,30.9078,11.7352,13.0048,1.9416,2.2477,38892070000.0,7.1266,10.8588,17.0,4.0,12.1663,8.4281,12.340452976190477,8.469416546231912,22.264342063492062,5.450769363902159,20.80986952242239,16.813572699589905
2018-12-20,49.79,68.5749,37.7283,9.6094,13.0048,1.6374,2.2477,34803210000.0,6.4475,12.9714,6.0,3.0,12.9039,13.4232,12.400344246031748,8.54184201709758,22.39099365079365,5.621906816940068,20.94218626312933,16.76908683385358
2018-12-21,47.86,68.0987,42.2873,9.1812,13.0048,1.575,2.2477,33454140000.0,6.3649,13.4243,6.0,3.0,13.0275,13.4179,12.469262103174604,8.64218678066025,22.57101746031746,5.888798449301058,21.111448883834854,16.6822190110164
2018-12-24,46.21,68.0987,47.3679,8.8698,13.0128,1.5207,2.2496,32300790000.0,6.3663,13.4259,6.0,3.0,13.4275,13.966,12.550768253968254,8.77645129614809,22.74589285714286,6.285312187316269,21.327219550116347,16.46058066982659
2018-12-26,47.5,68.0987,43.3657,9.1174,13.0059,1.5632,2.2477,33202500000.0,6.3663,13.4259,6.0,3.0,13.4275,13.966,12.620847023809525,8.880800978649065,22.909230952380952,6.5482559356879255,21.501648002458587,16.360975016693025
2018-12-27,48.13,68.0987,41.4891,9.2384,13.0059,1.5839,2.2477,33642870000.0,6.3663,13.4259,6.0,3.0,13.4275,13.966,12.689708730158731,8.969555553158326,23.03146031746032,6.748736309740555,21.659264283317057,16.282724007719764
2018-12-28,48.68,67.6701,39.0101,9.3344,13.0059,1.602,2.2477,34027320000.0,6.3663,13.4251,7.0,3.0,13.4275,13.966,12.752082142857144,9.042912155369944,23.11788253968254,6.88282133039138,21.79499429822709,16.23506120929116
2018-12-31,49.3,67.6701,37.2619,9.4533,13.0197,1.6224,2.2515,34460700000.0,6.3663,13.4251,7.0,3.0,13.4275,13.966,12.809146626984129,9.106556589237666,23.19553968253968,6.9868128795331685,21.9157032162218,16.208726803006513
2019-01-02,49.85,67.6701,35.7474,9.5588,13.0128,1.6405,2.2496,34845150000.0,6.3663,13.4251,7.0,3.0,13.4275,13.966,12.862377976190476,9.16201371290806,23.258632539682537,7.064169887683235,22.024391689098536,16.194462651999302
2019-01-03,47.37,67.6701,42.8543,9.0832,13.0128,1.5589,2.2496,33111630000.0,6.3663,13.4251,7.0,3.0,13.4275,13.966,12.930000793650793,9.257049098098651,23.37116031746032,7.261328269721083,22.18704989174945,16.109832047739232
2019-01-04,50.05,67.7596,35.3838,9.5762,13.0128,1.6479,2.2496,34984950000.0,6.5773,13.8283,8.0,3.0,13.4275,14.0484,12.983132341269842,9.308881893029517,23.42938809523809,7.328231945331358,22.29201423429936,16.101156149906735
2019-01-07,50.64,66.1554,30.6386,9.6625,13.0197,1.6709,2.2515,35397360000.0,6.6873,12.8491,10.0,3.0,13.4275,14.0484,13.029623015873016,9.338442411615178,23.462924603174603,7.351626766910009,22.3680654274882,16.111297836264594
2019-01-08,51.9,66.1554,27.4671,9.9029,13.0128,1.7125,2.2496,36278100000.0,6.6873,12.8494,10.0,3.0,13.4275,14.0484,13.073345833333333,9.354367474748043,23.476702380952386,7.357535945001707,22.42771330808138,16.119166435950675
2019-01-09,51.99,65.9976,26.9429,9.9495,13.0059,1.7189,2.2477,36341010000.0,6.6898,12.8567,10.0,3.0,11.7609,14.0484,13.115794642857145,9.368684786513748,23.501248412698413,7.363947898748016,22.48447942937089,16.137300513950397
2019-01-10,52.29,65.9976,26.2146,10.0069,13.0048,1.7288,2.2477,36550710000.0,6.6898,12.8567,10.0,3.0,11.7609,14.0484,13.156954365079368,9.380589100917735,23.505946031746035,7.36550067349817,22.537543465997103,16.140445358247867
2019-01-11,52.4,65.9976,25.9496,10.0279,13.0048,1.7325,2.2477,36627600000.0,6.6898,12.8567,10.0,3.0,11.7609,14.0484,13.199416071428573,9.389977818675913,23.51553968253968,7.367908796938964,22.58939389010449,16.14763088560072
2019-01-14,52.2,66.1976,26.8153,9.9902,13.0128,1.7258,2.2496,36487800000.0,6.6898,12.8569,10.0,3.0,11.7609,14.0484,13.244774007936506,9.40044107559438,23.52603492063492,7.371688865070789,22.64521508353089,16.154346055564126
2019-01-15,52.92,66.1976,25.0899,10.128,13.0059,1.7496,2.2477,36991080000.0,6.6898,12.8569,10.0,3.0,11.7609,14.2663,13.283170833333331,9.409235964501365,23.52880555555556,7.372214670225411,22.692406797834693,16.156590885330147
2019-01-16,52.73,66.1976,25.5407,10.0917,13.0048,1.7434,2.2477,36858270000.0,6.6898,12.8569,10.0,3.0,11.7609,14.2663,13.321755753968253,9.419563514795598,23.53836507936508,7.374050697957579,22.741319268763853,16.1643143814075
2019-01-17,53.54,66.1976,23.6414,10.2467,13.0048,1.7701,2.2477,37424460000.0,6.6898,12.8569,10.0,3.0,11.7609,14.2663,13.355105158730158,9.426297485373247,23.54843253968254,7.373312687673741,22.78140264410341,16.175119852008798
2019-01-18,54.88,66.1976,20.6224,10.5031,13.0048,1.8145,2.2477,38361120000.0,6.6898,12.8569,10.0,3.0,11.7609,14.2663,13.383976388888888,9.426227848765084,23.52743333333333,7.377883235269983,22.81020423765397,16.14955009806335
2019-01-22,54.52,66.1976,21.4189,10.4343,13.0128,1.8025,2.2515,38109480000.0,6.6898,12.8569,10.0,3.0,11.7609,14.2663,13.413083531746032,9.428348164173553,23.50034841269841,7.379321247147012,22.84143169591958,16.121027165551403
2019-01-23,54.27,66.1976,21.9783,10.3864,13.0059,1.7943,2.2496,37934730000.0,6.6898,12.8569,10.0,3.0,11.7609,14.2663,13.442704563492065,9.431765916810033,23.477873809523807,7.379612617010898,22.874470480302094,16.098261192512908
2019-01-24,55.02,66.1976,20.3155,10.5299,13.0059,1.8191,2.2496,38458980000.0,6.6898,12.8569,10.0,3.0,11.7609,14.2663,13.470882936507936,9.431040721930517,23.43534126984127,7.382293607363571,22.90192365843845,16.0530476624777
2019-01-25,55.51,66.5976,19.9741,10.519,13.0059,1.8318,2.2496,38801490000.0,6.6926,12.5064,11.0,3.0,11.7609,13.0762,13.501318253968256,9.427218849134915,23.390444444444444,7.386033965018489,22.92853710310317,16.004410479425957
2019-01-28,56.4,66.5976,18.0809,10.6877,13.0197,1.8612,2.2519,39423600000.0,6.6926,12.5057,11.0,3.0,11.7609,13.075,13.53283134920635,9.415899461005738,23.32879285714285,7.397759156741076,22.94873081021209,15.93103370040178
2019-01-29,56.26,66.5976,18.3747,10.6612,13.0197,1.8566,2.2519,39325740000.0,6.6926,12.5057,11.0,3.0,11.7609,13.075,13.568845436507935,9.399591080260867,23.27890873015873,7.409891866028885,22.968436516768804,15.869016864129843
2019-01-30,57.43,66.5976,15.9631,10.8829,13.0128,1.8952,2.2515,40143570000.0,6.6926,12.5057,11.0,3.0,11.7609,13.075,13.59781369047619,9.384385160225245,23.218476190476192,7.438432017896408,22.98219885070144,15.780044172579784
2019-01-31,57.58,66.5976,15.661,10.9113,13.0128,1.9001,2.2515,40248420000.0,6.6926,12.5057,11.0,3.0,11.7609,13.075,13.623832936507938,9.371856705503609,23.16408968253969,7.468616955274286,22.99568964201155,15.6954727272654
2019-02-01,57.71,66.4712,15.1814,10.9359,13.0128,1.9044,2.2515,40339290000.0,6.6922,12.5062,11.0,2.0,11.5913,13.075,13.647945436507936,9.360169015335275,23.095612698412697,7.502130820986482,23.008114451843213,15.593481877426214
2019-02-04,58.18,66.4712,14.2509,11.025,13.0228,1.9199,2.2523,40667820000.0,6.6922,12.5062,11.0,2.0,11.5913,13.075,13.67054345238095,9.347816221629204,23.02359126984128,7.54335115587237,23.01835967401016,15.480240113968902
2019-02-05,58.56,66.4712,13.5096,11.097,13.0197,1.9325,2.2519,40933440000.0,6.6922,12.5062,11.0,2.0,11.5913,13.075,13.69108015873016,9.336039530000194,22.949001587301588,7.590820752355789,23.02711968873035,15.3581808349458
2019-02-06,58.31,65.8307,12.8978,11.0689,13.0128,1.9242,2.2515,40758690000.0,6.6922,12.5097,11.0,1.0,10.0,13.2262,13.710291865079366,9.3243944651319,22.858868253968254,7.642443798520338,23.034686330211265,15.216424455447916
2019-02-07,56.96,65.8307,15.5736,10.8262,13.0128,1.8797,2.2515,39815040000.0,6.6909,12.4184,11.0,1.0,10.0,13.2262,13.735624603174603,9.312045874721074,22.7968753968254,7.669775904832402,23.04767047789568,15.127099491992992
2019-02-08,56.63,65.8307,16.247,10.7635,13.0128,1.8688,2.2515,39584370000.0,6.6909,12.4184,11.0,1.0,10.0,13.2262,13.762109523809524,9.300137256559225,22.738723015873017,7.69158155067889,23.062246780368746,15.047141465194128
2019-02-11,56.82,65.5238,15.3182,10.8056,13.0228,1.8759,2.2523,39717180000.0,6.691,12.4184,11.0,2.0,10.9522,13.066,13.786525396825397,9.288005386819805,22.685429365079365,7.719721174281402,23.0745307836452,14.965708190797962
2019-02-12,56.57,66.1476,16.9305,10.7405,13.0197,1.8676,2.2523,39542430000.0,6.691,12.416,11.0,2.0,10.9522,12.9896,13.81675376984127,9.27335608037042,22.649157142857145,7.7360516887664605,23.09010985021169,14.91310545409068
2019-02-13,57.05,66.1476,15.9467,10.8316,13.0197,1.8835,2.2519,39877950000.0,6.691,12.416,11.0,2.0,10.9522,12.9896,13.844814880952384,9.258318815674803,22.59510555555556,7.759048965725549,23.10313369662719,14.836056589830006
2019-02-14,57.1,66.1476,15.8452,10.8411,13.0197,1.8851,2.2519,39912900000.0,6.691,12.416,11.0,2.0,10.9522,12.9896,13.873425793650794,9.242129279727028,22.54566825396825,7.782203874611739,23.11555507337782,14.763464379356511
2019-02-15,57.25,66.1476,15.5417,10.8696,13.0197,1.8901,2.2519,40017750000.0,6.691,12.416,11.0,2.0,10.9522,12.9896,13.899833134920636,9.227804585504677,22.491857936507937,7.807164790486643,23.127637720425312,14.684693146021296
2019-02-19,58.3,66.1476,13.4607,11.0689,13.0259,1.9247,2.2523,40751700000.0,6.691,12.416,11.0,2.0,10.9522,12.9896,13.922506547619047,9.212616144070386,22.431753968253968,7.847526216887839,23.135122691689432,14.584227751366129
2019-02-20,58.85,66.1476,12.4003,11.1733,13.0259,1.9429,2.2523,41136150000.0,6.691,12.4151,11.0,2.0,10.9522,12.9896,13.94145,9.199615650710234,22.375126984126982,7.894197897285313,23.14106565071023,14.480929086841671
2019-02-21,58.27,66.3976,13.9482,11.0632,13.0259,1.9238,2.2523,40730730000.0,6.691,12.4151,11.0,2.0,10.9522,12.9896,13.960004365079364,9.190156686114022,22.33442619047619,7.924503006610975,23.150161051193383,14.409923183865214
2019-02-22,58.82,66.3976,12.8827,11.1676,13.0259,1.9419,2.2523,41115180000.0,6.691,12.4151,11.0,2.0,10.9522,12.9896,13.978264285714284,9.178825877501694,22.296034126984125,7.958681243393522,23.15709016321598,14.337352883590604
2019-02-25,58.57,66.3976,13.3645,11.1202,13.0059,1.9337,2.2477,40940430000.0,6.691,12.4151,11.0,2.0,10.9522,12.9896,13.996034523809524,9.168925838014935,22.268509523809527,7.983685175690884,23.16496036182446,14.284824348118644
2019-02-26,58.25,66.3976,13.9873,11.0594,13.0048,1.9231,2.2477,40716750000.0,6.691,12.4151,11.0,2.0,10.9522,12.9896,14.016596428571429,9.157232481249489,22.232703174603174,8.010797989892621,23.17382890982092,14.221905184710552
2019-02-27,57.68,66.3976,15.1137,10.9512,13.0036,1.9043,2.2466,40318320000.0,6.691,12.4151,11.0,2.0,10.9522,12.9896,14.039796825396824,9.145138243936122,22.20936984126984,8.027332355409298,23.184935069332948,14.182037485860542
2019-02-28,57.76,66.3976,14.9543,10.9664,13.0025,1.9069,2.2452,40374240000.0,6.691,12.4151,11.0,2.0,10.9522,12.9896,14.062754166666666,9.132849610567584,22.19190793650794,8.04079797166017,23.19560377723425,14.151109964847768
2019-03-01,57.84,66.3983,14.7965,10.9816,13.0023,1.9096,2.2448,40430160000.0,6.691,12.4151,11.0,2.0,10.9522,12.9896,14.085031944444443,9.120886469878371,22.17379603174603,8.054965579043895,23.205918414322817,14.118830452702134
2019-03-04,56.56,66.3983,17.3944,10.7394,13.0023,1.8661,2.2444,39535440000.0,6.6905,12.4149,11.0,2.0,10.9522,12.9896,14.114464484126984,9.10754770569318,22.18384206349206,8.048152247589151,23.222012189820163,14.13568981590291
2019-03-05,57.11,66.3983,16.2639,10.8438,12.9999,1.8842,2.2442,39919890000.0,6.6905,12.4149,11.0,2.0,10.9522,12.9896,14.141427777777777,9.09371721388252,22.17399047619048,8.054682175603602,23.2351449916603,14.119308300586876
2019-03-06,56.15,66.3983,18.2516,10.6615,12.9975,1.8526,2.2442,39248850000.0,6.6905,12.4149,11.0,2.0,10.9522,12.9896,14.169227182539682,9.084801835882228,22.17854920634921,8.052278943342511,23.25402901842191,14.1262702630067
2019-03-07,55.38,66.3983,19.8958,10.5153,12.9975,1.8272,2.2437,38710620000.0,6.6905,12.4148,11.0,2.0,10.9522,12.9896,14.20037638888889,9.077451626247004,22.18987857142857,8.048020052048514,23.27782801513589,14.141858519380058
2019-03-08,54.97,66.3983,20.7901,10.4375,12.9975,1.8136,2.2427,38424030000.0,6.6905,12.4148,11.0,2.0,10.9522,12.9896,14.232518055555555,9.072035802175446,22.204449206349206,8.04377590875064,23.304553857731,14.160673297598567
2019-03-11,55.43,66.3983,19.7877,10.5248,12.9935,1.8288,2.2418,38745570000.0,6.6905,12.4148,11.0,2.0,10.9522,12.9896,14.262670833333331,9.065178111371807,22.223144444444443,8.035328334325033,23.327848944705146,14.18781611011941
2019-03-12,55.26,66.4983,20.3371,10.4812,12.991,1.8217,2.2416,38626740000.0,6.6673,12.2293,12.0,2.0,10.9522,12.9896,14.2963876984127,9.05608364511728,22.25100555555556,8.022542911234986,23.35247134352998,14.228462644320572
2019-03-13,56.09,66.4983,18.5564,10.6386,12.9886,1.849,2.2416,39206910000.0,6.6673,12.2293,12.0,2.0,10.9522,12.9896,14.330191468253968,9.040078781742084,22.2646626984127,8.014711142390304,23.370270249996054,14.249951556022395
2019-03-14,56.43,66.4983,17.8421,10.7031,12.9886,1.8603,2.2404,39444570000.0,6.6673,12.2293,12.0,2.0,10.9522,12.9896,14.362225198412698,9.023814591486698,22.270701587301588,8.011060113258125,23.3860397898994,14.259641474043462
2019-03-15,56.61,66.4483,17.3791,10.7476,12.9886,1.8662,2.2389,39570390000.0,6.6673,12.1824,12.0,2.0,10.9522,12.9896,14.392915476190476,9.00767304579139,22.27697857142857,8.00688078822802,23.400588521981867,14.270097783200551
2019-03-18,57.35,66.1483,15.3414,10.8974,12.9935,1.8906,2.2404,40087650000.0,6.6673,12.2349,13.0,2.0,10.9522,12.9896,14.421185515873017,8.988187347002567,22.269592063492063,8.0128917643766,23.409372862875585,14.256700299115463
2019-03-19,57.12,66.1483,15.8058,10.8542,12.991,1.883,2.2393,39926880000.0,6.6673,12.2349,13.0,2.0,10.9522,13.0639,14.450969642857142,8.967791345905985,22.28392857142857,7.999581457579826,23.418760988763125,14.284347113848746
2019-03-20,56.53,65.7483,16.3069,10.7607,12.9886,1.8629,2.2389,39514470000.0,6.667,12.2365,13.0,2.0,10.9522,13.0639,14.48209503968254,8.946889554016082,22.31438571428572,7.969162561410836,23.428984593698623,14.345223152874876
2019-03-21,57.26,65.7483,14.8241,10.8996,12.9886,1.887,2.2389,40024740000.0,6.667,12.2365,13.0,2.0,10.9522,13.0639,14.510693055555556,8.924830492550782,22.344627777777777,7.933082818784892,23.43552354810634,14.411544958992884
2019-03-22,56.42,65.7483,16.5337,10.7397,12.9886,1.8593,2.2389,39437580000.0,6.667,12.2365,13.0,2.0,10.9522,13.0639,14.542296031746032,8.90367054065024,22.3956246031746,7.874227307155139,23.44596657239628,14.521397296019462
2019-03-25,56.65,65.7483,16.0605,10.7835,12.991,1.8669,2.2393,39598350000.0,6.667,12.2365,13.0,2.0,10.9522,13.0639,14.57467242063492,8.879383066058582,22.45239523809524,7.801654940001831,23.454055486693505,14.650740298093408
2019-03-26,51.71,63.7068,23.2002,10.1049,12.9886,1.6681,2.2389,35938450000.0,7.3728,11.2246,13.0,2.0,10.9522,12.7841,14.62199265873016,8.861621972428622,22.56822777777778,7.702131692695216,23.48361463115878,14.866096085082562
2019-03-27,50.66,63.5508,25.4457,9.9207,12.9884,1.6328,2.2384,35208700000.0,7.4091,11.1762,13.0,2.0,10.9522,13.0554,14.672425,8.850721047566488,22.6972373015873,7.611871384480647,23.523146047566485,15.085365917106651
2019-03-28,50.34,63.5508,26.2431,9.858,12.9884,1.6225,2.2384,34986300000.0,7.4091,11.1762,13.0,2.0,10.9522,12.8814,14.725349603174603,8.839972889222238,22.829842857142857,7.525785550964526,23.56532249239684,15.304057306178333
2019-03-29,50.72,63.5508,25.2973,9.9324,12.9884,1.6348,2.2384,35250400000.0,7.4091,11.1762,13.0,2.0,10.9522,12.8814,14.76387361111111,8.843660315369068,22.957154761904764,7.429389157270941,23.60753392648018,15.527765604633824
2019-04-01,52.19,63.1605,21.0203,10.2583,12.9886,1.6754,2.2389,36272050000.0,7.7389,10.7535,12.0,2.0,10.9522,12.8814,14.79290992063492,8.840122257571183,23.00973333333333,7.391658726028812,23.6330321782061,15.618074607304518
2019-04-02,52.37,63.1605,20.6044,10.3149,12.9884,1.6812,2.2384,36397150000.0,7.7389,10.4897,12.0,2.0,10.9522,12.7594,14.820861507936506,8.836172909655403,23.060168253968254,7.352987163787382,23.65703441759191,15.707181090180873
2019-04-03,53.19,63.1605,18.7451,10.4765,12.9881,1.7075,2.2374,36967050000.0,7.7389,10.4897,12.0,2.0,10.9522,12.7594,14.843539484126984,8.831537806349251,23.092772222222223,7.324391381728594,23.675077290476235,15.768380840493627
2019-04-04,53.1,63.1605,18.9463,10.4587,12.9881,1.7046,2.2374,36904500000.0,7.7389,10.4897,12.0,2.0,10.9522,12.7594,14.865927777777776,8.827599085246263,23.1207753968254,7.301522800596305,23.69352686302404,15.819252596229092
2019-04-05,53.07,63.1605,19.0136,10.4528,12.9881,1.7037,2.2354,36883650000.0,7.7389,10.4897,12.0,2.0,10.9522,12.7594,14.888158134920635,8.823900453297991,23.140276984126984,7.287117041487937,23.712058588218625,15.853159942639047
2019-04-08,52.51,63.1079,20.1826,10.3462,12.9886,1.6857,2.2339,36494450000.0,7.7389,10.4249,12.0,2.0,10.9522,12.7594,14.91328988095238,8.82089966713646,23.15511111111111,7.2791107685838545,23.734189548088843,15.876000342527256
2019-04-09,51.9,63.1079,21.5952,10.226,12.9884,1.6661,2.2334,36070500000.0,7.7389,10.4249,12.0,2.0,10.9522,12.7594,14.94216369047619,8.81890290962725,23.16395158730159,7.27651339973997,23.76106660010344,15.88743818756162
2019-04-10,52.27,63.1079,20.7345,10.2989,12.9881,1.678,2.2317,36327650000.0,7.7389,10.4249,12.0,2.0,10.9522,12.7594,14.967699007936508,8.817001406611624,23.17518015873016,7.271623744743745,23.784700414548134,15.903556413986411
2019-04-11,52.47,63.1079,20.2743,10.3383,12.9881,1.6844,2.2317,36466650000.0,7.7389,10.4249,12.0,2.0,10.9522,12.7594,14.991698611111111,8.814946634835943,23.1738373015873,7.2721478464808,23.806645245947053,15.9016894551065
2019-04-12,53.57,62.5289,16.7237,10.555,12.9881,1.7197,2.2317,37231150000.0,7.7389,10.4249,12.0,2.0,10.9522,12.7594,15.00642738095238,8.811619334378772,23.121325396825394,7.294790435525048,23.81804671533115,15.826534961300348
2019-04-15,53.74,62.5289,16.3545,10.5885,12.9886,1.7252,2.2317,37349300000.0,7.7389,10.4249,12.0,2.0,10.9522,12.7594,15.020235714285716,8.808260825347288,23.04474365079365,7.314909838487228,23.828496539633,15.729833812306424
2019-04-16,54.8,62.5289,14.1038,10.7974,12.9884,1.7592,2.23,38086000000.0,7.7389,10.4249,12.0,2.0,10.9522,12.7594,15.028596428571428,8.805380953070257,22.95878809523809,7.356046622022934,23.833977381641684,15.60274147321516
2019-04-17,54.54,62.5289,14.6478,10.7667,12.9881,1.753,2.2298,37905300000.0,7.6639,10.3639,11.0,2.0,10.9522,12.7594,15.04172876984127,8.799854982784373,22.868216666666665,7.387746820412694,23.841583752625645,15.480469846253971
2019-04-18,53.63,62.5289,16.5931,10.5833,12.9881,1.7236,2.2298,37272850000.0,7.6639,10.364,11.0,2.0,10.9522,12.7594,15.058390476190477,8.794815203930005,22.81628015873016,7.408813834205921,23.85320568012048,15.407466324524238
2019-04-22,53.07,62.5289,17.8234,10.4728,12.991,1.7056,2.23,36883650000.0,7.6639,10.3648,11.0,2.0,10.9522,12.7594,15.078627182539682,8.789407568814198,22.77261746031746,7.42199178201718,23.86803475135388,15.35062567830028
2019-04-23,53.75,62.5289,16.3328,10.607,12.9886,1.7275,2.2298,37356250000.0,7.6639,10.3648,11.0,2.0,10.9522,12.7594,15.097817857142855,8.781546891233823,22.692289682539684,7.436585326740396,23.87936474837668,15.255704355799288
2019-04-24,53.73,62.5289,16.3761,10.6031,12.9884,1.7268,2.2295,37342350000.0,7.6639,10.3648,11.0,2.0,10.9522,12.7594,15.116197023809525,8.774492677596431,22.60686904761905,7.446905887977378,23.89068970140596,15.159963159641672
2019-04-25,53.83,62.5289,16.1599,10.6228,12.9884,1.73,2.2295,37411850000.0,7.6639,10.3648,11.0,2.0,10.9522,12.7594,15.1365,8.765021747432217,22.50698412698413,7.448315599665731,23.901521747432216,15.058668527318394
2019-04-26,54.42,62.5289,14.9006,10.7392,12.9884,1.749,2.2295,37821900000.0,7.6639,10.3648,11.0,2.0,10.9522,12.7594,15.155739880952382,8.75381070112596,22.41049523809524,7.467607970040674,23.909550582078342,14.942887268054566
2019-04-29,54.43,62.5289,14.8795,10.7412,12.991,1.7493,2.23,37828850000.0,7.6639,10.3648,11.0,2.0,10.9522,12.7594,15.176418452380952,8.740788614761632,22.268161904761907,7.43859496113446,23.917207067142584,14.829566943627448
2019-04-30,54.86,62.5289,13.979,10.8261,12.9886,1.7631,2.2298,38127700000.0,7.6639,10.3648,11.0,2.0,10.9522,12.7594,15.196771825396825,8.725991553516716,22.139442063492066,7.440608489453959,23.92276337891354,14.698833574038105
2019-05-01,55.82,62.5289,12.0188,11.0155,12.9886,1.794,2.2298,38794900000.0,7.6639,10.3648,11.0,2.0,10.9522,12.7594,15.215867857142856,8.708432429362668,21.965081746031743,7.41810519000519,23.924300286505527,14.546976556026554
2019-05-02,54.33,62.5289,15.0909,10.7401,12.9886,1.7436,2.2298,37759350000.0,7.663,10.3682,11.0,2.0,10.4902,12.7831,15.243592857142858,8.685672064394605,21.81116984126984,7.357220587164759,23.929264921537463,14.453949254105082
2019-05-03,55.18,62.3695,13.0292,10.9082,12.9886,1.7709,2.2298,38350100000.0,7.663,10.3682,11.0,2.0,10.4902,12.7853,15.266171031746032,8.665030805663248,21.6422753968254,7.312125487289426,23.93120183740928,14.330149909535972
2019-05-06,54.85,62.3695,13.7092,10.8429,12.9935,1.7603,2.2317,38120750000.0,7.663,10.3682,11.0,2.0,10.4902,12.7853,15.289905357142858,8.644285011832604,21.51491825396825,7.309419460092703,23.934190368975464,14.205498793875552
2019-05-07,53.68,62.3695,16.1876,10.6116,12.991,1.7227,2.23,37307600000.0,7.663,10.3682,11.0,2.0,10.4902,12.7853,15.31961507936508,8.62151243199694,21.437723809523806,7.313947384786572,23.94112751136202,14.123776424737231
2019-05-08,54.02,62.3695,15.4563,10.6958,12.9886,1.7336,2.2298,37543900000.0,7.663,10.3698,11.0,2.0,10.4902,12.7853,15.348033134920636,8.598233483215,21.342818253968257,7.313357738170743,23.946266618135635,14.029460515797512
2019-05-09,53.94,62.3695,15.6275,10.6799,12.9886,1.7311,2.2298,37488300000.0,7.663,10.3698,11.0,2.0,10.4902,12.7853,15.375863293650792,8.576321829182548,21.245536507936507,7.307159483986528,23.952185122833345,13.93837702394998
2019-05-10,54.34,62.3695,14.7764,10.7591,12.9886,1.7439,2.2298,37766300000.0,7.663,10.3698,11.0,2.0,10.4902,12.7853,15.403567063492064,8.551704965767634,21.148414285714285,7.311202804197954,23.955272029259696,13.83721148151633
2019-05-13,52.78,62.4748,18.3683,10.4502,12.9935,1.6939,2.2317,36682100000.0,7.6605,10.3757,11.0,2.0,10.4902,12.7853,15.434921230158729,8.533492637652065,21.104196825396823,7.311033968931316,23.9684138678108,13.79316285646551
2019-05-14,53.82,62.4748,16.081,10.6562,12.991,1.7273,2.23,37404900000.0,7.6605,10.3757,11.0,2.0,10.4902,12.7853,15.461244642857144,8.514925536948047,21.032518253968256,7.315693191405847,23.97617017980519,13.716825062562409
2019-05-15,53.79,62.4748,16.1458,10.6502,12.991,1.7263,2.2298,37384050000.0,7.6605,10.3757,11.0,2.0,10.4902,12.7853,15.485029563492064,8.50001929530125,20.96847777777777,7.322926503281319,23.98504885879332,13.645551274496457
2019-05-16,53.93,62.4748,15.8442,10.6779,12.991,1.7308,2.2298,37481350000.0,7.6605,10.3757,11.0,2.0,10.4902,12.7853,15.507266071428573,8.486231984037191,20.888903968253967,7.323707881420575,23.993498055465764,13.565196086833392
2019-05-17,53.68,62.4748,16.3838,10.6284,12.991,1.7228,2.2298,37307600000.0,7.6605,10.3757,11.0,2.0,10.4902,12.7853,15.531556944444445,8.471141340671112,20.83277777777777,7.330974146803407,24.00269828511556,13.501803630974369
2019-05-20,52.38,62.4748,19.2722,10.371,12.9955,1.6811,2.23,36404100000.0,7.6605,10.3757,11.0,2.0,10.4902,12.7853,15.556564285714286,8.46352505656439,20.805199206349204,7.33025111891244,24.02008934227868,13.474948087436765
2019-05-21,52.66,62.4748,18.6381,10.4265,12.9935,1.6901,2.2298,36598700000.0,7.6605,10.3757,11.0,2.0,10.4902,12.7853,15.584786309523809,8.450000778045807,20.782516666666663,7.332517620383719,24.03478708756961,13.449999046282947
2019-05-22,52.63,62.4748,18.7057,10.4205,12.991,1.6891,2.2295,36577850000.0,7.6605,10.3757,11.0,2.0,10.4902,12.7853,15.614692063492065,8.434275550893723,20.762139682539683,7.334710307070785,24.048967614385788,13.427429375468895
2019-05-23,51.62,62.4748,21.0283,10.2206,12.991,1.6567,2.2295,35875900000.0,7.6605,10.3757,11.0,2.0,10.4902,12.7853,15.65102876984127,8.418022694700475,20.74469126984127,7.331414511036796,24.069051464541744,13.413276758804471
2019-05-24,51.61,62.4285,20.962,10.2156,12.991,1.6561,2.2295,35868950000.0,7.6709,10.3978,11.0,2.0,10.4902,12.8069,15.685850198412698,8.403580586464217,20.74027301587301,7.331112065987243,24.08943078487692,13.409160949885772
2019-05-28,51.25,62.4285,21.8117,10.1443,12.9955,1.6445,2.2298,35618750000.0,7.6709,10.3978,11.0,2.0,10.4902,12.8069,15.722688492063492,8.389619655618981,20.745168253968256,7.331623976289417,24.11230814768248,13.413544277678838
2019-05-29,51.6,62.4285,20.9855,10.2235,12.9955,1.6558,2.2295,35862000000.0,7.6328,10.2549,11.0,2.0,10.4902,12.6333,15.760335119047618,8.370520679329086,20.75474841269841,7.331139240524298,24.130855798376704,13.423609172174118
2019-05-30,51.55,62.4285,21.1028,10.2136,12.9935,1.6542,2.2286,35827250000.0,7.6328,10.2549,11.0,2.0,10.4902,12.6333,15.800099206349206,8.348128706811126,20.775323015873017,7.328427401838933,24.148227913160333,13.446895614034084
2019-05-31,51.19,62.4285,21.9545,10.1423,12.9935,1.6427,2.2286,35577050000.0,7.6328,10.2549,11.0,2.0,10.4902,12.6333,15.842748611111112,8.324473118734206,20.78945317460317,7.328975292584056,24.16722172984532,13.460477882019116
2019-06-03,51.12,62.3232,21.9155,10.1425,12.9975,1.6406,2.2298,35528400000.0,7.6329,10.2152,11.0,2.0,10.4902,12.6333,15.885609920634922,8.29993277143833,20.82467777777778,7.323592275880733,24.18554269207325,13.501085501897046
2019-06-04,52.28,62.3232,19.2104,10.3726,12.9955,1.6779,2.2295,36334600000.0,7.6329,10.2152,11.0,2.0,10.4902,12.6333,15.927151587301587,8.263924713491374,20.819856349206347,7.32446030238386,24.191076300792965,13.495396046822489
2019-06-05,50.89,62.3232,22.4665,10.0968,12.9935,1.6324,2.2286,35368550000.0,7.6326,10.2152,11.0,2.0,10.4902,12.6333,15.9753623015873,8.230926264160596,20.8339373015873,7.325918384702027,24.206288565747897,13.508018916885272
2019-06-06,51.16,62.2706,21.7174,10.1433,12.9935,1.6412,2.2286,35556200000.0,7.6281,10.2198,11.0,2.0,10.4902,12.6333,16.020658531746033,8.199461797697017,20.8544619047619,7.324732610162289,24.22012032944305,13.529729294599612
2019-06-07,52.23,62.2706,19.2238,10.3528,12.9935,1.6766,2.2286,36299850000.0,7.6284,10.2199,11.0,2.0,10.4902,12.6333,16.057458928571428,8.172033444511099,20.810111111111112,7.317492786830285,24.22949237308253,13.492618324280826
2019-06-10,53.18,62.3232,17.1929,10.5374,12.9955,1.7071,2.2295,36960100000.0,7.6284,10.2194,11.0,2.0,10.4902,12.6333,16.0898123015873,8.144083275669447,20.759732539682545,7.320394221218581,24.233895577256742,13.43933831846396
2019-06-11,53.17,62.3232,17.215,10.5354,12.9955,1.7068,2.2286,36953150000.0,7.6284,10.2194,11.0,2.0,10.4902,12.6333,16.122207341269842,8.115917584069884,20.678383333333333,7.302214530924005,24.23812492533973,13.376168802409328
2019-06-12,53.39,62.3232,16.732,10.579,12.9935,1.7139,2.2277,37106050000.0,7.6284,10.2194,11.0,2.0,10.4902,12.6333,16.14962023809524,8.094527275773137,20.58573968253968,7.277407496806151,24.244147513868377,13.30833218573353
2019-06-13,52.85,62.4826,18.2263,10.4772,12.9935,1.6968,2.2277,36730750000.0,7.6162,10.1822,11.0,2.0,10.4902,12.5749,16.180800992063492,8.07212345999343,20.501074603174605,7.241943053428928,24.252924452056924,13.259131549745677
2019-06-14,53.12,62.4826,17.6254,10.5307,12.9935,1.7055,2.2277,36918400000.0,7.6162,10.1822,11.0,2.0,10.4902,12.5749,16.212281746031746,8.04666657726463,20.42207857142857,7.218368238715367,24.258948323296377,13.203710332713204
2019-06-17,52.28,62.6405,19.8173,10.3463,12.9935,1.6785,2.2286,36334600000.0,7.6162,10.2993,11.0,2.0,10.4902,12.5749,16.250293849206347,8.018249264420577,20.364402380952384,7.193699330458005,24.26854311362693,13.17070305049438
2019-06-18,52.38,62.6405,19.5886,10.3661,12.991,1.6817,2.2277,36404100000.0,7.6162,10.2993,11.0,2.0,10.4902,12.5749,16.28909900793651,7.986861846087339,20.30025634920635,7.163999332110314,24.27596085402385,13.136257017096035
2019-06-19,52.84,62.3983,18.0891,10.4671,12.9886,1.6953,2.2276,36723800000.0,7.6529,10.1356,10.0,2.0,10.4902,12.5749,16.325064087301588,7.953941436689599,20.22304682539682,7.134698277557887,24.279005523991188,13.088348547838931
2019-06-20,48.8,57.884,18.6148,9.9894,12.9886,1.5596,2.2276,33818400000.0,7.0391,8.2508,11.0,2.0,10.4902,11.0917,16.36410595238095,7.916630954544939,20.14766349206349,7.100764716119958,24.28073690692589,13.046898775943532
2019-06-21,46.63,57.1471,22.5544,9.5901,12.9886,1.4896,2.2276,32314590000.0,7.0139,8.1375,11.0,2.0,10.4902,10.85,16.409111904761904,7.887104946641618,20.081366666666664,7.038218799247266,24.29621685140352,13.043147867419398
2019-06-24,46.0,56.7787,23.432,9.4861,12.9935,1.4668,2.2286,31878000000.0,7.0142,8.1426,11.0,2.0,9.6896,10.8331,16.458036706349205,7.853902723441623,19.967903968253967,6.864550021172673,24.311939429790822,13.103353947081295
2019-06-25,45.45,56.5442,24.4097,9.3727,12.991,1.4493,2.2277,31496850000.0,7.0142,8.1426,11.0,2.0,9.6896,10.8331,16.497132142857144,7.84432076017453,19.82601825396825,6.578324048489991,24.34145290303168,13.247694205478265
2019-06-26,45.38,56.5442,24.6016,9.3582,12.9886,1.447,2.2276,31448340000.0,7.0142,8.1426,11.0,2.0,9.6896,10.8331,16.538182936507933,7.832456777410525,19.645333333333333,6.11191021835871,24.370639713918457,13.533423114974624
2019-06-27,45.92,55.5775,21.0311,9.547,12.9886,1.4618,2.2276,31822560000.0,7.1092,7.4096,11.0,2.0,9.6896,10.8331,16.570932142857142,7.816620021967882,19.468074603174603,5.730435492196682,24.387552164825024,13.737639110977922
2019-06-28,46.55,55.5814,19.4015,9.678,12.9886,1.4818,2.2276,32259150000.0,7.1092,7.4096,11.0,2.0,9.6896,10.2587,16.597419246031745,7.803511917879621,19.29277619047619,5.378433465393631,24.40093116391137,13.91434272508256
2019-07-01,46.29,55.5814,20.0722,9.6239,12.9935,1.4735,2.2286,32078970000.0,7.1092,7.4096,11.0,2.0,9.6896,10.2587,16.628579761904764,7.785914338914042,19.1424753968254,5.079316158361024,24.414494100818807,14.063159238464372
2019-07-02,46.53,55.5814,19.4528,9.6738,12.991,1.4812,2.2277,32245290000.0,7.1092,7.4096,11.0,2.0,9.6896,10.2587,16.655491666666666,7.772149052868681,19.00113333333333,4.811816420471332,24.427640719535347,14.189316912862004
2019-07-03,46.18,55.5814,20.3582,9.601,12.9886,1.47,2.2276,32002740000.0,7.1092,7.4096,11.0,2.0,9.6896,10.2587,16.684707539682538,7.758297385912116,18.878996825396825,4.572720640982496,24.443004925594654,14.30627618441433
2019-07-05,46.91,55.5814,18.4852,9.7656,12.9886,1.4933,2.2277,32508630000.0,7.1092,7.4096,11.0,2.0,9.6896,10.2587,16.709179365079365,7.744446105107767,18.68559126984127,4.034202326963868,24.45362547018713,14.651388942877404
2019-07-08,46.42,55.5814,19.7359,9.6636,12.9935,1.4777,2.2295,32169060000.0,7.1092,7.4096,11.0,2.0,9.6896,10.2587,16.739673809523808,7.725986672188424,18.56140158730159,3.7466552739843775,24.46566048171223,14.81474631331721
2019-07-09,45.92,55.5814,21.0396,9.5595,12.991,1.4618,2.2286,31822560000.0,7.1092,7.4096,11.0,2.0,9.6896,10.2587,16.769402777777778,7.713613350230144,18.485219047619047,3.593582822124985,24.48301612800792,14.891636225494064
2019-07-10,45.51,55.5814,22.1301,9.4741,12.9886,1.4487,2.2277,31538430000.0,7.1092,7.4096,11.0,2.0,9.6896,10.2587,16.80241428571429,7.700846786718767,18.442861904761905,3.517515713200813,24.50326107243305,14.925346191561092
2019-07-11,45.83,55.5997,21.3173,9.536,12.9886,1.4589,2.2277,31760190000.0,7.1092,7.4511,11.0,2.0,9.6896,9.7319,16.83384484126984,7.686842334987302,18.398214285714285,3.443690086141865,24.52068717625714,14.95452419957242
2019-07-12,46.26,55.5997,20.1896,9.6255,12.9886,1.4711,2.2277,32058180000.0,7.1096,7.4511,11.0,2.0,9.6896,9.7319,16.86275138888889,7.671970168966675,18.35039682539682,3.375441011919378,24.53472155785556,14.974955813477443
2019-07-15,46.95,55.5997,18.4232,9.8078,12.9935,1.4931,2.2295,32536350000.0,7.1096,7.452,11.0,2.0,9.6896,9.7319,16.889945634920636,7.653101452205626,18.29066349206349,3.3057623478668234,24.54304708712626,14.984901144196668
2019-07-16,46.45,55.5997,19.698,9.7034,12.991,1.4772,2.2286,32189850000.0,7.1096,7.452,11.0,2.0,9.6896,9.7319,16.920297222222224,7.633781378362496,18.234176984126982,3.2185925179841406,24.55407860058472,15.015584466142846
2019-07-17,45.64,55.4886,21.5789,9.5342,12.991,1.4514,2.2277,31628520000.0,7.1096,7.452,11.0,2.0,9.6896,9.7319,16.953057539682536,7.61822792222251,18.206311904761904,3.1736485303723536,24.571285461905045,15.03266337438955
2019-07-18,45.49,55.4886,21.9798,9.5028,12.991,1.4467,2.2277,31524570000.0,7.1096,7.452,11.0,2.0,9.6896,9.7319,16.99056369047619,7.596276212627964,18.1780507936508,3.123268740245837,24.58683990310416,15.054782053404956
2019-07-19,45.09,55.4886,23.0619,9.4193,12.991,1.4339,2.2277,31247370000.0,7.1096,7.452,11.0,2.0,9.6896,9.7319,17.029389682539684,7.577138069122077,18.173451587301585,3.1155764619143778,24.60652775166176,15.057875125387207
2019-07-22,45.1,55.4886,23.0346,9.4213,12.9955,1.4342,2.2295,31254300000.0,7.1096,7.452,11.0,2.0,9.6896,9.7319,17.068223015873013,7.557597844599793,18.19259603174603,3.1380749788208666,24.625820860472807,15.054521052925164
2019-07-23,46.2,55.4254,19.9684,9.6511,12.9935,1.4692,2.2286,32016600000.0,7.1096,7.452,11.0,2.0,9.6896,9.7319,17.103432936507936,7.529582232198244,18.181084126984125,3.128791544360776,24.63301516870618,15.052292582623348
2019-07-24,47.12,55.4254,17.6261,9.8433,12.991,1.4985,2.2277,32654160000.0,7.1096,7.452,11.0,2.0,9.6896,9.7319,17.132239682539684,7.503658078071962,18.14654285714285,3.1105059324659745,24.635897760611645,15.036036924676884
2019-07-25,46.62,55.4254,18.8876,9.7389,12.991,1.4826,2.2277,32307660000.0,7.1096,7.452,11.0,2.0,9.6896,9.7319,17.162859920634922,7.479182345539612,18.13521031746032,3.105137038336657,24.64204226617453,15.030073279123664
2019-07-26,47.27,55.4254,17.2528,9.8747,12.991,1.5033,2.2277,32758110000.0,7.1096,7.452,11.0,2.0,9.6896,9.7319,17.190725595238092,7.453206090807162,18.11361269841269,3.101706449629769,24.643931686045256,15.011906248782928
2019-07-29,47.35,55.4254,17.0547,9.8914,12.9955,1.5058,2.2295,32813550000.0,7.1096,7.452,11.0,2.0,9.6896,9.7319,17.216816666666666,7.429583409487133,18.10546825396825,3.103139997631685,24.6464000761538,15.00232825633657
2019-07-30,47.38,55.4254,16.9806,9.8976,12.9955,1.5068,2.2286,32834340000.0,7.1096,7.452,11.0,2.0,9.6896,9.7319,17.241642063492066,7.40777345499516,18.094403968253967,3.1046573385772493,24.649415518487224,14.989746629676718
2019-07-31,47.23,55.4254,17.3521,9.8663,12.9935,1.502,2.2277,32730390000.0,7.1096,7.452,11.0,2.0,9.6896,9.7319,17.267391865079368,7.385479017550509,18.105427777777777,3.0994907907621965,24.65287088262988,15.00593698701558
2019-08-01,46.66,55.4254,18.7857,9.7472,12.991,1.4839,2.2276,32335380000.0,7.1096,7.452,11.0,2.0,9.6896,9.7319,17.29574365079365,7.363750875556116,18.13022698412698,3.0922683561527253,24.659494526349768,15.037958627974255
2019-08-02,45.96,55.4254,20.5949,9.601,12.991,1.4616,2.2276,31850280000.0,7.1096,7.452,11.0,2.0,9.6896,9.7319,17.328812896825397,7.340988262350117,18.17319126984127,3.088574938239418,24.66980115917552,15.08461633160185
2019-08-05,45.21,55.4254,22.5954,9.4443,12.9955,1.4377,2.2286,31330530000.0,7.1096,7.452,11.0,2.0,9.6896,9.7319,17.365912499999997,7.320191808219603,18.239417460317465,3.093258256843446,24.6861043082196,15.146159203474015
2019-08-06,45.06,55.4254,23.0036,9.413,12.9955,1.433,2.2277,31226580000.0,7.1096,7.452,11.0,2.0,9.6896,9.7319,17.40357738095238,7.300198555027457,18.314766666666667,3.0927550528804355,24.70377593597984,15.222011613786233
2019-08-07,45.42,55.4254,22.0286,9.4882,12.9955,1.4444,2.2277,31476060000.0,7.1096,7.452,11.0,2.0,9.6896,9.7319,17.440494841269842,7.276361300354117,18.38723333333333,3.0717149329450275,24.71685614162396,15.315518400388305
2019-08-08,46.45,55.4254,19.3227,9.7034,12.9955,1.4772,2.2277,32189850000.0,7.1096,7.452,11.0,2.0,9.6896,9.7319,17.472616865079363,7.24875764484705,18.416988095238096,3.06238611599756,24.721374509926413,15.354601979240536
2019-08-09,46.0,55.4254,20.49,9.6094,12.9955,1.4629,2.2277,31878000000.0,7.1096,7.452,11.0,2.0,9.6896,9.7319,17.507145039682538,7.221496782557608,18.4506626984127,3.0616619527496733,24.728641822240142,15.389000745663026
2019-08-12,45.55,55.4254,21.6804,9.5154,12.9999,1.4486,2.2295,31566150000.0,7.1096,7.452,11.0,2.0,9.6896,9.7319,17.544425396825396,7.194340711326063,18.50115634920635,3.0620507753982222,24.73876610815146,15.439105573808128
2019-08-13,45.94,55.4254,20.6474,9.5968,12.9975,1.461,2.2286,31836420000.0,7.1096,7.452,11.0,2.0,9.6896,9.7319,17.577292857142858,7.170515789366402,18.530655555555555,3.064701125696661,24.74780864650926,15.465954429858892
2019-08-14,44.71,55.4254,23.9665,9.3399,12.9955,1.4218,2.2277,30984030000.0,7.1096,7.452,11.0,2.0,9.6896,9.7319,17.61705178571429,7.150208785612301,18.59430476190476,3.0937488564352864,24.767260571326588,15.500555905469472
2019-08-15,44.3,55.4254,25.1138,9.2542,12.9955,1.4088,2.2277,30699900000.0,7.1096,7.452,11.0,2.0,9.6896,9.7319,17.660754166666667,7.128507825930615,18.66786507936508,3.137737641481248,24.78926199259728,15.53012743788383
2019-08-16,44.93,55.4254,23.3594,9.3937,12.9955,1.4288,2.2277,31136490000.0,7.1096,7.4562,11.0,2.0,9.6896,9.7319,17.703,7.098943482339113,18.72991031746032,3.1526842266186788,24.801943482339112,15.577226090841638
2019-08-19,45.74,55.4254,21.1749,9.563,12.9999,1.4546,2.2295,31697820000.0,7.1096,7.4562,11.0,2.0,9.6896,9.7319,17.74011488095238,7.067970110340762,18.79113412698413,3.1243153919704643,24.808084991293143,15.666818735013663
2019-08-20,45.35,55.4254,22.217,9.4815,12.9975,1.4422,2.2286,31427550000.0,7.1096,7.4562,11.0,2.0,9.6896,9.7319,17.775201587301588,7.046137560323464,18.869044444444445,3.0858351316825763,24.821339147625054,15.78320931276187
2019-08-21,45.95,55.4254,20.6211,9.6069,12.9955,1.4613,2.2277,31843350000.0,7.1096,7.4562,11.0,2.0,9.6896,9.7319,17.806968253968254,7.022720562496297,18.922003968253968,3.05784094093556,24.82968881646455,15.864163027318408
2019-08-22,45.09,55.4254,22.9217,9.4271,12.9955,1.4339,2.2277,31247370000.0,7.1096,7.4562,11.0,2.0,9.6896,9.7319,17.846450793650792,6.995319675041369,19.00167857142857,3.0298824070802968,24.84177046869216,15.971796164348271
2019-08-23,43.28,55.4254,28.0624,9.0487,12.9955,1.3764,2.2277,29993040000.0,7.1096,7.4562,11.0,2.0,9.6896,9.7319,17.895504563492064,6.980055028188347,19.11832857142857,3.093383656279109,24.87555959168041,16.02494491514946
2019-08-26,43.48,55.4254,27.4733,9.0905,12.9999,1.3827,2.2295,30131640000.0,7.1096,7.4562,11.0,2.0,9.6896,9.7319,17.94166369047619,6.966276368893349,19.22536031746032,3.1472686175301714,24.90794005936954,16.078091699930148
2019-08-27,43.03,55.4254,28.8064,8.9964,12.9975,1.3684,2.2286,29819790000.0,7.1096,7.4562,11.0,2.0,9.6896,9.7319,17.98953888888889,6.9578444093387,19.33403253968254,3.239215983606264,24.947383298227592,16.094816556076275
2019-08-28,43.4,55.4254,27.7083,9.0738,12.9955,1.3802,2.2277,30076200000.0,7.1096,7.4562,11.0,2.0,9.6896,9.7319,18.03520476190476,6.945918831822411,19.43525476190476,3.2999640406669206,24.98112359372717,16.13529072123784
2019-08-29,44.0,55.4254,25.9668,9.1992,12.9955,1.3993,2.2277,30492000000.0,7.1096,7.4562,11.0,2.0,9.6896,9.7319,18.078566865079367,6.927018993320862,19.523907936507936,3.324302138629118,25.00558585840023,16.199605797878817
2019-08-30,44.08,55.4254,25.7382,9.216,12.9955,1.4018,2.2277,30547440000.0,7.1096,7.4577,11.0,2.0,9.6896,9.7319,18.12014087301587,6.909932363761826,19.59012857142857,3.3644056576778563,25.030073236777696,16.22572291375071
2019-09-03,43.67,55.4254,26.9187,9.1415,12.9999,1.389,2.2295,30263310000.0,7.1095,7.4274,11.0,2.0,9.6896,9.7319,18.165361507936503,6.892733105853799,19.67469047619048,3.4136740924326983,25.058094613790303,16.261016383757777
2019-09-04,43.89,55.4254,26.2825,9.1876,12.9975,1.396,2.2286,30415770000.0,7.1095,7.4274,11.0,2.0,9.6896,9.7319,18.21211488095238,6.867621344671799,19.738427777777776,3.461528498767541,25.07973622562418,16.276899279010234
2019-09-05,45.11,55.4254,22.8672,9.4475,12.9975,1.435,2.2286,31261230000.0,7.1094,7.4274,11.0,2.0,9.6896,9.7308,18.25106011904762,6.83813266715503,19.76201031746032,3.472712852991209,25.08919278620265,16.28929746446911
2019-09-06,45.72,55.4254,21.2279,9.5753,12.9975,1.4544,2.2286,31683960000.0,7.1094,7.4274,11.0,2.0,9.6896,9.7308,18.279876785714286,6.819954458815143,19.76548492063492,3.4739685236352447,25.09983124452943,16.291516396999675
2019-09-09,47.61,55.4254,16.4155,9.9711,12.9999,1.5146,2.2295,32993730000.0,7.1094,7.4274,11.0,2.0,9.6896,9.7308,18.299113293650795,6.800931162148739,19.738721428571427,3.4867621846198213,25.100044455799534,16.251959243951607
2019-09-10,49.66,55.3142,11.3858,10.4133,12.9999,1.5798,2.2286,34414380000.0,7.1094,7.3301,12.0,2.0,9.6896,9.7308,18.30381369047619,6.795319368444268,19.66767936507936,3.564790189804784,25.09913305892045,16.102889175274576
2019-09-11,49.71,55.3142,11.2738,10.4238,12.9975,1.5832,2.2277,34449030000.0,7.1091,7.3301,12.0,2.0,9.6896,9.7308,18.30799503968253,6.790332226344163,19.60988095238095,3.641172869737431,25.0983272660267,15.96870808264352
2019-09-12,49.62,55.3142,11.4756,10.4049,12.9975,1.5803,2.2277,34386660000.0,7.1091,7.3301,12.0,2.0,9.6896,9.7308,18.31923650793651,6.774271179811772,19.55935317460317,3.709433676919897,25.09350768774828,15.849919497683278
2019-09-13,50.55,55.592,9.9743,10.5979,12.9975,1.6099,2.2277,35031150000.0,7.1103,7.3587,12.0,2.0,9.6896,9.7308,18.329131150793653,6.7583830597521946,19.50058492063492,3.8017594334424176,25.087514210545848,15.698825487192504
2019-09-16,48.92,55.5365,13.5251,10.267,13.0023,1.558,2.2295,33901560000.0,7.1103,7.3595,12.0,2.0,9.6896,9.7307,18.34785654761905,6.731867767515827,19.48616984126984,3.821050397411789,25.079724315134875,15.665119443858051
2019-09-17,49.37,55.5365,12.4904,10.3852,12.9999,1.5703,2.2286,34213410000.0,7.1109,7.3038,12.0,2.0,9.6896,9.7307,18.365490277777777,6.704753103971175,19.459857142857143,3.8578353555622593,25.070243381748952,15.602021787294884
2019-09-18,48.84,55.5365,13.7111,10.2737,12.9975,1.5534,2.2277,33846120000.0,7.1109,7.3038,12.0,2.0,9.6896,9.7307,18.37681726190476,6.6920208871664215,19.439255555555555,3.88166489658323,25.068838149071183,15.557590658972323
2019-09-19,48.38,55.5365,14.7923,10.1769,12.9975,1.5388,2.2277,33527340000.0,7.1109,7.3038,12.0,2.0,9.6896,9.7307,18.38754742063492,6.681901399669224,19.439003174603176,3.881968390678555,25.069448820304142,15.55703478392462
2019-09-20,48.22,55.5365,15.1732,10.1433,12.9975,1.5337,2.2277,33416460000.0,7.1109,7.3038,12.0,2.0,9.6896,9.7307,18.39913333333333,6.6712257735045375,19.42820555555556,3.891993240801749,25.07035910683788,15.536212314753804
2019-09-23,47.7,54.1623,13.5478,10.0908,13.0023,1.5195,2.2295,33056100000.0,7.0139,7.0256,13.0,2.0,9.6896,9.7307,18.40500456349206,6.665638067083193,19.408263492063494,3.915751824282805,25.070642630575254,15.49251166778069
2019-09-24,47.62,54.1623,13.7386,10.0738,12.9999,1.517,2.2286,33000660000.0,7.0139,7.0256,13.0,2.0,9.6896,8.9308,18.41132281746032,6.659688183765284,19.33317142857143,3.933136005008565,25.0710110012256,15.400035423562864
2019-09-25,48.06,54.1623,12.6973,10.1669,12.9975,1.531,2.2277,33305580000.0,7.0139,7.0256,13.0,2.0,9.6896,8.9308,18.41518769841269,6.655796911284144,19.231993650793648,3.938605624872456,25.070984609696843,15.293388025921193
2019-09-26,43.95,49.8521,13.4291,9.7252,12.9935,1.3926,2.2277,30369450000.0,6.9772,5.2914,14.0,2.0,9.6896,7.632,18.41763234126984,6.653734412350909,19.13029523809524,3.9215217276530185,25.07136675362075,15.208773510442215
2019-09-27,43.58,48.9262,12.2676,9.7368,12.9935,1.3798,2.2277,30113780000.0,7.0222,4.9813,14.0,2.0,9.6896,7.6408,18.42214424603175,6.648779866358677,19.02688492063492,3.92938551464836,25.070924112390426,15.09749940598656
2019-09-30,43.71,48.9262,11.4942,9.8793,12.9955,1.3868,2.2286,30203610000.0,7.0222,4.9813,14.0,2.0,9.6896,7.6408,18.419068650793648,6.651630409266449,18.95128095238095,3.982015813945474,25.070699060060097,14.969265138435478
2019-10-01,42.49,48.5144,14.1784,9.6268,12.9935,1.3457,2.2277,29360590000.0,7.0002,4.3075,13.0,2.0,9.6896,7.6408,18.423723214285715,6.647831912661483,18.90028095238095,4.001775712669543,25.0715551269472,14.898505239711406
2019-10-02,41.44,48.3379,16.6455,9.4158,12.991,1.3126,2.2276,28635040000.0,7.0002,4.3144,13.0,1.0,7.3545,7.6455,18.433960119047622,6.641096555866986,18.88361746031746,4.006795304141483,25.07505667491461,14.876822156175976
2019-10-03,41.0,48.0414,17.1741,9.3245,12.977,1.2986,2.2276,28331000000.0,7.0002,4.2275,14.0,1.0,7.3545,7.5739,18.444559920634923,6.634798365658206,18.86955238095238,4.009682950931635,25.07935828629313,14.859869430020746
2019-10-04,41.14,48.0414,16.7754,9.3568,12.9644,1.3031,2.2276,28427740000.0,7.0002,4.2276,14.0,1.0,7.3545,7.5739,18.453226388888886,6.629747778880152,18.85178888888889,4.013995154061985,25.08297416776904,14.837793734826906
2019-10-07,40.91,47.7636,16.7529,9.3479,12.9586,1.2958,2.2286,28268810000.0,7.0002,3.9603,14.0,1.0,7.3545,7.5739,18.46578015873016,6.620501110069407,18.824569047619047,4.016526417260544,25.086281268799567,14.808042630358504
2019-10-08,40.13,47.9158,19.4014,9.1686,12.9582,1.2711,2.2277,27729830000.0,7.0003,3.9652,14.0,1.0,7.3545,7.5743,18.48598234126984,6.607752927270828,18.80715793650793,4.009168192178279,25.093735268540662,14.797989744329657
2019-10-09,40.53,47.9158,18.223,9.26,12.9578,1.2838,2.2276,28006230000.0,7.0003,3.9652,14.0,1.0,7.3545,7.5743,18.502921825396825,6.596080319832634,18.787225396825395,4.005751097248476,25.09900214522946,14.78147429957692
2019-10-10,40.95,47.9158,17.0105,9.3559,12.9529,1.2971,2.2276,28296450000.0,7.0003,3.9652,14.0,1.0,7.3545,7.5743,18.520399007936508,6.580383373068572,18.76132222222222,4.006610588632211,25.10078238100508,14.75471163359001
2019-10-11,41.55,47.9158,15.3208,9.493,12.9489,1.3161,2.2276,28711050000.0,7.0003,3.9652,14.0,1.0,7.3545,7.5743,18.53576825396825,6.563792644193293,18.75018809523809,4.014260300371,25.099560898161545,14.7359277948671
2019-10-14,42.04,47.9158,13.9767,9.605,12.9422,1.3316,2.2286,29049640000.0,7.0003,3.9652,14.0,1.0,7.3545,7.5743,18.548851785714287,6.548070106584835,18.731316666666668,4.031166297293815,25.09692189229912,14.700150369372851
2019-10-15,42.49,47.9158,12.7696,9.7078,12.9388,1.3458,2.2277,29360590000.0,7.0003,3.9652,14.0,1.0,7.3545,7.5743,18.558456746031744,6.536000375552045,18.72072777777777,4.045146960961956,25.09445712158379,14.67558081681582
2019-10-16,42.39,47.9158,13.0356,9.6748,12.9355,1.3426,2.2276,29291490000.0,6.9956,3.8972,14.0,1.0,7.3545,7.5743,18.57199365079365,6.5174193329162575,18.70793253968253,4.060653199332617,25.08941298370991,14.647279340349922
2019-10-17,42.44,47.9158,12.9025,9.6862,12.9352,1.3442,2.2276,29326040000.0,6.9956,3.8972,14.0,1.0,7.3545,7.5743,18.5856873015873,6.49817590239326,18.678642063492067,4.089240009123215,25.08386320398056,14.58940205436885
2019-10-18,42.79,47.9158,11.979,9.7661,12.9345,1.3552,2.2261,29567890000.0,6.9956,3.8972,14.0,1.0,7.3545,7.5743,18.59720912698413,6.481247713375939,18.632257936507937,4.131942070190969,25.07845684036007,14.500315866316967
2019-10-21,43.12,47.9158,11.122,9.8414,12.9328,1.3657,2.2241,29795920000.0,6.9956,3.8972,14.0,1.0,7.3545,7.5743,18.604298809523808,6.47108444536785,18.59090238095238,4.180927295104736,25.07538325489166,14.409975085847645
2019-10-22,42.55,47.9158,12.6106,9.7113,12.9316,1.3476,2.2238,29402050000.0,6.9956,3.8972,14.0,1.0,7.3545,7.5743,18.6089253968254,6.4659517262004185,18.561017460317466,4.210240151042481,25.07487712302581,14.350777309274982
2019-10-23,44.0,47.9158,8.8995,10.0132,12.9302,1.3936,2.2234,30404000000.0,6.9956,3.891,14.0,1.0,7.3545,7.5743,18.606487698412696,6.46938608158529,18.50339523809524,4.292250188772161,25.075873779997984,14.211145049323076
2019-10-24,43.9,47.9158,9.1476,9.9904,12.9274,1.3904,2.2231,30334900000.0,6.9956,3.891,14.0,1.0,7.3545,7.5743,18.60526944444445,6.471112559972477,18.457736507936502,4.360930686641788,25.07638200441692,14.09680582129472
2019-10-25,44.57,47.9158,7.5068,10.1252,12.9228,1.4116,2.2225,30797870000.0,6.9956,3.9852,14.0,1.0,7.3545,7.5743,18.601844841269845,6.476536900872308,18.399223015873016,4.4577145607882445,25.078381742142152,13.941508455084772
2019-10-28,44.18,47.9158,8.4559,10.0366,12.9099,1.3993,2.2231,30528380000.0,6.9956,3.9852,14.0,1.0,7.3545,7.5743,18.598394246031745,6.481486229138593,18.35538888888889,4.528126843633364,25.07988047517033,13.827262045255528
2019-10-29,44.16,47.9158,8.505,10.032,12.9099,1.3986,2.2228,30514560000.0,6.9956,3.9852,14.0,1.0,7.3545,7.5743,18.597536111111115,6.482796352417812,18.32750158730159,4.5780095247776575,25.08033246352893,13.749492062523933
2019-10-30,43.21,47.9158,10.8905,9.8182,12.9084,1.3685,2.2225,29858110000.0,6.9956,3.9424,14.0,1.0,7.3545,7.5743,18.60337281746032,6.474508797063553,18.29416507936508,4.616894867528205,25.07788161452387,13.677270211836872
2019-10-31,42.89,47.9158,11.7179,9.7455,12.9064,1.3584,2.2213,29636990000.0,6.9956,3.9424,14.0,1.0,7.3545,7.4288,18.606990476190475,6.470140974858198,18.28375793650794,4.630316218529139,25.077131451048672,13.6534417179788
2019-11-01,42.95,47.9158,11.5618,9.7591,12.9032,1.3603,2.2195,29678450000.0,6.9956,3.9424,14.0,1.0,7.3545,7.4288,18.61151369047619,6.4644033864581525,18.26671507936508,4.651193460436609,25.075917076934346,13.615521618928469
2019-11-04,44.21,47.9158,8.3823,10.0454,12.8885,1.4002,2.2165,30549110000.0,6.9956,3.9424,14.0,1.0,7.3545,7.4288,18.60361666666667,6.474475817145113,18.20476825396825,4.73040844257043,25.078092483811783,13.474359811397823
2019-11-05,44.86,47.9158,6.8119,10.1931,12.8848,1.4208,2.2164,30998260000.0,6.9956,3.9424,14.0,1.0,7.3545,7.4288,18.594757936507936,6.487562099951706,18.136161904761902,4.832180305226059,25.08232003645964,13.303981599535843
2019-11-06,44.37,47.9158,7.9914,10.0818,12.8844,1.4053,2.2164,30659670000.0,6.9956,3.9424,14.0,1.0,7.3545,7.4288,18.58901567460317,6.495675011531702,18.07555793650793,4.911134976248766,25.08469068613488,13.164422960259168
2019-11-07,45.05,47.9158,6.3614,10.2363,12.8832,1.4268,2.2157,31129550000.0,6.9956,3.9424,14.0,1.0,7.3545,7.4288,18.58084325396825,6.508475581869615,18.008772222222223,5.012529018890531,25.08931883583787,12.996243203331693
2019-11-08,45.05,47.9158,6.3614,10.2363,12.8791,1.4268,2.2134,31129550000.0,6.9956,3.9424,14.0,1.0,7.3545,7.4288,18.57501547619048,6.518111424291499,17.913479365079365,5.11864727701062,25.093126900481977,12.794832088068745
2019-11-11,44.68,47.9158,7.2422,10.1522,12.8674,1.4151,2.21,30873880000.0,6.9956,3.9424,14.0,1.0,7.3545,7.4288,18.56945515873016,6.526592602963699,17.843330158730158,5.2038193136695865,25.096047761693857,12.63951084506057
2019-11-12,44.48,47.9158,7.7244,10.1068,12.8656,1.4088,2.209,30735680000.0,6.9956,3.9424,14.0,1.0,7.3545,7.4288,18.56567638888889,6.532328115138792,17.77649365079365,5.279329664352927,25.09800450402768,12.497163986440723
2019-11-13,44.06,47.9158,8.7512,10.0114,12.8627,1.3955,2.2084,30445460000.0,6.9956,3.9424,14.0,1.0,7.3545,7.4288,18.558821626984127,6.540822112425002,17.7202,5.337593531905311,25.099643739409128,12.382606468094687
2019-11-14,44.44,47.9158,7.8213,10.0977,12.8592,1.4075,2.2078,30708040000.0,6.9956,3.9424,14.0,1.0,7.3545,7.4288,18.554575793650795,6.547105684768033,17.65224365079365,5.408776918298329,25.101681478418826,12.24346673249532
2019-11-15,44.85,47.9158,6.8357,10.1909,12.8592,1.4205,2.2078,30991350000.0,6.9956,3.9424,14.0,1.0,7.3545,7.4288,18.54850654761905,6.556560538562837,17.55354126984127,5.491815229816146,25.105067086181887,12.061726040025125
2019-11-18,44.7,47.9158,7.1942,10.1568,12.8627,1.4157,2.2084,30887700000.0,6.9956,3.9424,14.0,1.0,7.3545,7.4288,18.54235317460317,6.565770261814067,17.462716666666665,5.5678395171087125,25.10812343641724,11.894877149557953
2019-11-19,44.49,47.9158,7.7002,10.1091,12.8616,1.4091,2.2078,30742590000.0,6.9956,3.9424,14.0,1.0,7.3545,7.4288,18.537336706349205,6.573096717559326,17.37537142857143,5.634113990410073,25.11043342390853,11.741257438161355
2019-11-20,43.67,47.3047,8.3231,9.9381,12.8588,1.3836,2.2078,30175970000.0,6.9955,3.9453,14.0,1.0,7.3545,7.4288,18.534877182539685,6.576692460207936,17.27453650793651,5.681706546559218,25.11156964274762,11.592829961377292
2019-11-21,43.02,47.3047,9.9598,9.7902,12.8561,1.3631,2.2078,29726820000.0,6.9955,3.9453,14.0,1.0,7.3545,7.4288,18.535369246031745,6.576040256650031,17.18721746031746,5.7090601269920125,25.111409502681777,11.478157333325449
2019-11-22,43.68,47.3047,8.2983,9.9404,12.8561,1.384,2.2078,30182880000.0,6.9955,3.9453,14.0,1.0,7.3545,7.4288,18.53539126984127,6.576005884779976,17.079968253968254,5.748285765431418,25.111397154621244,11.331682488536837
2019-11-25,44.5,47.3047,6.3027,10.127,12.8616,1.4099,2.2078,30749500000.0,6.9955,3.9453,14.0,1.0,7.3545,7.4288,18.53077837301587,6.583780591910071,16.963438095238097,5.816895391128714,25.11455896492594,11.146542704109384
2019-11-26,44.68,47.3047,5.8744,10.1679,12.8588,1.4156,2.2078,30873880000.0,6.9955,3.9453,14.0,1.0,7.3545,7.4288,18.525057142857143,6.593535632737957,16.842577777777777,5.8879714255811,25.1185927755951,10.954606352196675
2019-11-27,45.22,47.3047,4.6101,10.2908,12.8561,1.4328,2.2078,31247020000.0,6.9955,3.9453,14.0,1.0,7.3545,7.4288,18.51503353174603,6.6108534499852,16.70492380952381,5.969683527188511,25.12588698173123,10.735240282335296
2019-11-29,45.08,47.3047,4.935,10.259,12.8561,1.4283,2.2078,31150280000.0,6.9955,3.9453,14.0,1.0,7.3545,7.4288,18.506799603174603,6.625191027054821,16.570157936507936,6.042339141217893,25.131990630229424,10.527818795290043
2019-12-02,44.49,47.3047,6.3266,10.1247,12.8543,1.4096,2.2074,30742590000.0,6.9955,3.9453,14.0,1.0,7.3545,7.4288,18.49865833333333,6.637645435642958,16.467905555555554,6.105980667513299,25.13630376897629,10.361924888042257
2019-12-03,43.54,47.3047,8.6465,9.9316,12.8539,1.3825,2.207,30086140000.0,6.9456,3.8606,15.0,1.0,7.3545,7.4288,18.494919642857145,6.64267106687158,16.358223015873016,6.121470689867205,25.137590709728727,10.23675232600581
2019-12-04,43.88,47.3047,7.8047,9.9952,12.8534,1.3904,2.2068,30321080000.0,7.1571,3.884,16.0,1.0,7.3545,7.4288,18.490706944444444,6.648785403673699,16.24780476190476,6.14944302379121,25.139492348118143,10.09836173811355
2019-12-05,44.2,47.3047,7.0242,10.0791,12.8445,1.4008,2.2064,30542200000.0,7.1456,3.8147,16.0,1.0,7.3545,7.4288,18.488999801587305,6.651623895098591,16.150982539682538,6.198059911050386,25.140623696685896,9.952922628632152
2019-12-06,44.77,47.4714,6.034,10.1618,12.8419,1.4185,2.205,30936070000.0,7.159,3.9805,16.0,1.0,7.3545,7.4288,18.4810753968254,6.664091436818513,16.06241984126984,6.262442216285943,25.14516683364391,9.799977624983896
2019-12-09,45.41,47.4714,4.5395,10.3041,12.8146,1.4388,2.2034,31378310000.0,7.159,3.9989,16.0,1.0,7.3545,7.4288,18.46966825396825,6.683036091021685,15.961820634920636,6.345043362780746,25.15270434498993,9.616777272139888
2019-12-10,45.32,47.4714,4.7471,10.2836,12.812,1.4359,2.2026,31316120000.0,7.159,3.9989,16.0,1.0,7.3545,7.4288,18.458756944444445,6.700954109281816,15.86670238095238,6.422761841668385,25.159711053726262,9.443940539283997
2019-12-11,45.79,47.4714,3.672,10.4004,12.8109,1.4508,2.2018,31640890000.0,7.159,4.0008,16.0,1.0,7.3545,7.4288,18.44813095238096,6.720158098815348,15.751192063492065,6.51026610993542,25.168289051196304,9.240925953556644
2019-12-12,46.9,47.4714,1.2183,10.6526,12.8098,1.486,2.2,32407900000.0,7.159,4.0008,16.0,1.0,7.3545,7.4288,18.43315257936508,6.750124284371672,15.620976984126983,6.63536069692245,25.18327686373675,8.985616287204536
2019-12-13,47.45,47.4783,0.0596,10.7775,12.808,1.5034,2.2,32787950000.0,7.159,4.0008,16.0,1.0,7.3545,7.4288,18.41431865079365,6.788089421409293,15.46416984126984,6.76754054326092,25.202408072202942,8.696629298008919
2019-12-16,46.99,46.8006,-0.4031,10.673,12.8056,1.4864,2.1982,32470090000.0,7.159,4.0008,16.0,1.0,7.3545,7.4408,18.391173809523806,6.832267849863075,15.305505555555554,6.903064817812882,25.22344165938688,8.402440737742673
2019-12-17,47.2,47.0339,-0.3519,10.8076,12.8051,1.4959,2.1982,32615200000.0,7.1176,3.8635,16.0,2.0,8.6773,7.3535,18.36761646825397,6.876329507703453,15.159148412698412,7.037752461400909,25.243945975957423,8.121395951297504
2019-12-18,46.58,47.0339,0.9745,10.6656,12.8023,1.4763,2.1982,32186780000.0,7.1176,3.8635,16.0,2.0,8.6773,7.3535,18.349274206349207,6.910354183688626,15.01914603174603,7.14312984745071,25.259628390037832,7.876016184295321
2019-12-19,46.65,47.0339,0.8229,10.6817,12.7988,1.4785,2.1979,32235150000.0,7.1176,3.8635,16.0,2.0,8.6773,7.3535,18.332765674603174,6.942255592142241,14.846673809523809,7.221658131550234,25.275021266745416,7.6250156779735745
2019-12-20,50.21,49.3777,-1.6576,10.4047,12.7926,1.4959,2.196,34544480000.0,4.7372,6.2331,4.0,2.0,8.6773,4.4934,18.311026984126983,6.987606650763119,14.64755,7.328154235590093,25.298633634890106,7.319395764409906
2019-12-23,51.26,49.7111,-3.0217,10.5992,12.7535,1.5272,2.1933,35266880000.0,4.7372,6.552,5.0,2.0,8.6773,6.8814,18.284821825396826,7.042687435071136,14.429840476190476,7.442398166442425,25.327509260467963,6.987442309748051
2019-12-24,50.94,49.8983,-2.045,10.5315,12.7527,1.5204,2.1921,35046720000.0,4.7356,6.5338,5.0,2.0,8.6773,6.885,18.25607281746032,7.09594811028167,14.218359523809523,7.529133675021685,25.35202092774199,6.68922584878784
2019-12-26,51.33,49.8983,-2.7892,10.6122,12.7478,1.5321,2.1888,35315040000.0,4.7356,6.5338,5.0,2.0,8.6773,6.885,18.22536071428572,7.153352985265796,14.029309523809522,7.654709482397455,25.37871369955151,6.374600041412067
2019-12-27,51.33,49.8983,-2.7892,10.6122,12.7434,1.5321,2.1866,35315040000.0,4.7356,6.5338,5.0,2.0,8.6773,6.885,18.19240218253968,7.211711077268754,13.853192857142856,7.784300013469772,25.40411325980844,6.068892843673084
2019-12-30,51.02,49.8983,-2.1985,10.5481,12.7184,1.5228,2.1828,35101760000.0,4.7356,6.5338,5.0,2.0,8.6773,6.885,18.16423531746032,7.263491336800896,13.67644126984127,7.89402824906271,25.42772665426121,5.78241302077856
2019-12-31,50.83,49.8983,-1.833,10.5088,12.7171,1.5171,2.1807,34971040000.0,4.7356,6.5338,5.0,2.0,8.6773,6.885,18.13585773809524,7.313551161336086,13.507506349206349,7.996519634448242,25.44940889943132,5.510986714758107
2020-01-02,51.31,49.8983,-2.7513,10.6015,12.716,1.5315,2.1794,35301280000.0,4.7356,6.5338,5.0,2.0,8.6773,6.885,18.1052882936508,7.368495835647853,13.32409761904762,8.102453494772503,25.473784129298647,5.221644124275116
2020-01-03,49.89,49.8983,0.0166,10.3081,12.7149,1.4891,2.1775,34324320000.0,4.7356,6.5338,5.0,2.0,8.6773,6.885,18.081483134920635,7.407489862145222,13.17752142857143,8.175066745871495,25.48897299706585,5.002454682699934
2020-01-06,48.38,49.8983,4.0986,9.956,12.7072,1.4429,2.1768,33285440000.0,4.7356,6.5338,5.0,2.0,8.6773,6.885,18.06624107142857,7.428354755515822,13.053415873015872,8.193381888547783,25.4945958269444,4.860033984468089
2020-01-07,48.53,50.8923,4.8677,9.9274,12.7069,1.4463,2.1761,33388640000.0,5.0934,6.9809,7.0,2.0,8.6773,7.6613,18.052359126984125,7.44648336524433,12.92506746031746,8.19394386907608,25.49884249222845,4.73112359124138
2020-01-08,48.76,50.6466,3.8692,10.0084,12.7066,1.4517,2.1726,33546880000.0,5.2857,6.5133,8.0,2.0,8.6773,7.6613,18.033913293650794,7.470088881520262,12.780139682539684,8.191321805882703,25.504002175171056,4.5888178766569805
2020-01-09,49.2,50.6466,2.9402,10.0987,12.7045,1.4648,2.1688,33849600000.0,5.2857,6.5133,8.0,2.0,8.6773,7.6613,18.012774404761906,7.497700713919185,12.634289682539682,8.201697445078638,25.510475118681093,4.432592237461044
2020-01-10,48.85,50.6466,3.6778,10.0287,12.7033,1.4528,2.1684,33608800000.0,5.2859,6.5126,8.0,2.0,8.6646,7.6588,17.998364484126984,7.518271038673746,12.503243650793651,8.211919293392752,25.51663552280073,4.2913243574009
2020-01-13,49.36,50.6466,3.5178,10.1127,12.6732,1.468,2.166,33959680000.0,5.2859,6.5083,8.0,2.0,8.6646,7.6588,17.983531150793652,7.539463416985531,12.384946825396824,8.23328919111837,25.522994567779183,4.151657634278454
2020-01-14,50.21,51.3317,2.234,10.2597,12.6677,1.4952,2.1642,34544480000.0,5.1957,6.373,9.0,2.0,8.6646,7.6601,17.968871428571425,7.562899584118385,12.24634365079365,8.256159771685386,25.53177101268981,3.990183879108264
2020-01-15,50.44,51.3317,1.7678,10.3067,12.6627,1.5021,2.1623,34702720000.0,5.1957,6.373,9.0,2.0,8.6646,7.6601,17.956064285714287,7.584870318990071,12.089112698412697,8.265644619923732,25.54093460470436,3.8234680784889647
2020-01-16,51.35,51.3317,-0.0356,10.4927,12.6578,1.5292,2.1604,35328800000.0,5.1957,6.373,9.0,2.0,8.6646,7.4303,17.9360125,7.61904003824849,11.914387301587302,8.287555217833189,25.55505253824849,3.626832083754113
2020-01-17,51.9,51.3317,-1.095,10.605,12.6516,1.5456,2.1601,35707200000.0,5.1957,6.373,9.0,2.0,8.6646,7.4303,17.91628650793651,7.655402102875712,11.722665873015872,8.307005313253548,25.57168861081222,3.4156605597623244
2020-01-21,50.69,51.567,1.7301,10.4189,12.6482,1.5114,2.1575,34874720000.0,5.2391,6.2934,10.0,2.0,8.6646,6.7597,17.90094503968254,7.680085612879966,11.55358253968254,8.291721868206224,25.581030652562507,3.261860671476315
2020-01-22,49.88,51.567,3.3821,10.2524,12.6434,1.4873,2.1544,34317440000.0,5.2391,6.2934,10.0,2.0,8.6646,6.7597,17.887424206349205,7.699649684360695,11.421945238095237,8.288721030746164,25.587073890709902,3.1332242073490733
2020-01-23,49.45,51.567,4.2811,10.164,12.6373,1.4745,2.1508,34021600000.0,5.2391,6.2934,10.0,2.0,8.6646,6.7597,17.876639682539682,7.714908482395621,11.31603253968254,8.294069577782025,25.591548164935304,3.0219629619005133
2020-01-24,47.52,51.2189,7.7839,9.7651,12.6334,1.4171,2.1504,32693760000.0,4.364,6.3326,11.0,2.0,8.6646,6.7597,17.871516865079368,7.720760701134689,11.227907936507936,8.271936937598902,25.59227756621405,2.9559709989090344
2020-01-27,45.27,51.2538,13.218,9.3028,12.6152,1.35,2.1486,31145760000.0,4.364,6.3305,11.0,2.0,8.6646,6.8998,17.885360515873014,7.706106173281216,11.195885714285716,8.256221666711165,25.59146668915423,2.939664047574551
2020-01-28,46.5,51.2538,10.2232,9.5555,12.6012,1.3867,2.148,31992000000.0,4.364,6.3305,11.0,2.0,8.6646,6.8998,17.892040674603173,7.697981537739468,11.14166746031746,8.239854147687888,25.59002221234264,2.901813312629571
2020-01-29,46.5,51.2538,10.2232,9.5555,12.5957,1.3867,2.1455,31992000000.0,4.364,6.3313,11.0,2.0,8.6646,6.8998,17.900631944444445,7.68697206420925,11.0880373015873,8.2235211902125,25.58760400865369,2.864516111374801
2020-01-30,44.75,51.2538,14.5336,9.1959,12.5619,1.3346,2.1455,30788000000.0,4.364,6.3313,11.0,2.0,8.6646,6.8998,17.917808531746033,7.669703538158747,11.065668253968251,8.210168314665705,25.58751206990478,2.8554999393025486
2020-01-31,43.53,51.2538,17.7436,8.9452,12.561,1.2982,2.1379,29948640000.0,4.364,6.3268,11.0,2.0,8.6646,6.8998,17.940707142857143,7.651864928003353,11.057397619047618,8.20285083751197,25.59257207086049,2.854546781535648
2020-02-03,42.75,51.2538,19.8919,8.7849,12.5361,1.2749,2.1375,29412000000.0,4.364,6.3268,11.0,2.0,8.6646,6.8998,17.967338690476193,7.635200857904489,11.051818253968252,8.196548440004529,25.602539548380683,2.8552698139637247
2020-02-04,43.56,51.2538,17.6625,8.9514,12.5298,1.2991,2.1372,29969280000.0,4.364,6.3268,11.0,2.0,8.6646,6.8998,17.98795119047619,7.620282912271556,11.012668253968252,8.152633685749695,25.608234102747744,2.8600345682185573
2020-02-05,44.14,51.2538,16.1164,9.073,12.5236,1.3163,2.1368,30368320000.0,4.3642,6.3305,11.0,2.0,8.6646,6.8998,18.00171984126984,7.610594303516938,10.958007936507936,8.094476476616203,25.612314144786776,2.8635314598917336
2020-02-06,43.78,51.2538,17.0713,8.9966,12.5193,1.3055,2.1305,30120640000.0,4.3672,6.3327,11.0,2.0,8.6646,6.8998,18.010794841269842,7.606743895129784,10.918664285714286,8.052173853934775,25.617538736399627,2.8664904317795106
2020-02-07,42.2,51.2538,21.4545,8.6719,12.5193,1.2584,2.13,29033600000.0,4.3672,6.3327,11.0,2.0,8.6646,6.8998,18.03253015873016,7.600888231983822,10.935583333333332,8.072188264224053,25.633418390713977,2.863395069109279
2020-02-10,41.78,51.2538,22.6754,8.5856,12.5092,1.2458,2.1213,28744640000.0,4.3673,6.3355,11.0,2.0,8.6646,6.8998,18.0562121031746,7.596713696643918,10.952927777777775,8.095196815204604,25.65292579981852,2.8577309625731733
2020-02-11,42.95,51.2538,19.3336,8.826,12.5084,1.2809,2.1201,29549600000.0,4.3676,6.3451,11.0,2.0,8.6646,6.8998,18.06549623015873,7.595407163985547,10.93430238095238,8.072986922396865,25.66090339414428,2.8613154585555165
2020-02-12,44.06,51.2538,16.3273,9.0541,12.5077,1.314,2.1189,30313280000.0,4.3676,6.3451,11.0,2.0,8.6646,6.8998,18.069481150793653,7.593964324428666,10.900015873015873,8.040513301011483,25.66344547522232,2.8595025720043896
2020-02-13,43.2,51.0316,18.1287,8.8836,12.4908,1.2884,2.1126,29721600000.0,4.368,6.3756,11.0,2.0,8.6752,6.8944,18.08264742063492,7.588289696601837,10.853684126984128,7.9812190343419696,25.67093711723676,2.872465092642158
2020-02-14,42.6,51.0316,19.7925,8.7602,12.478,1.2705,2.1107,29308800000.0,4.368,6.3756,11.0,2.0,8.6752,6.8944,18.0990503968254,7.583020582188742,10.811451587301589,7.918994356231982,25.68207097901413,2.8924572310696046
2020-02-18,42.92,51.0316,18.8993,8.8351,12.472,1.2801,2.1091,29528960000.0,4.3691,6.2914,11.0,2.0,8.6752,6.7433,18.117383928571428,7.573739172204556,10.776053968253969,7.872287269866404,25.691123100775982,2.9037666983875647
2020-02-19,43.34,51.0316,17.7471,8.9216,12.4661,1.2926,2.1087,29817920000.0,4.3691,6.2914,11.0,2.0,8.6752,6.7433,18.13243095238096,7.565434139035211,10.748849206349204,7.841928124595116,25.697865091416165,2.9069210817540885
2020-02-20,42.5,51.0316,20.0744,8.8072,12.4574,1.2675,2.1076,29240000000.0,4.3691,5.8636,11.0,2.0,8.6752,6.7433,18.15178115079365,7.557885612996841,10.731844444444445,7.819151140368461,25.70966676379049,2.912693304075984
2020-02-21,41.69,51.0316,22.4073,8.6393,12.4525,1.2434,2.1061,28682720000.0,4.3691,5.8636,11.0,2.0,8.6752,6.7433,18.17560257936508,7.552327180334418,10.746020634920637,7.838818347157135,25.72792975969949,2.9072022877635
2020-02-24,37.76,51.0316,35.1472,7.8249,12.4394,1.1262,2.1012,25978880000.0,4.3691,5.8636,11.0,2.0,8.6752,6.7433,18.22511091269841,7.58163597181262,10.843048412698412,8.063184635501905,25.806746884511035,2.779863777196507
2020-02-25,35.84,51.0316,42.3873,7.4271,12.4357,1.0689,2.1008,24657920000.0,4.3691,5.8636,11.0,2.0,8.6752,6.7433,18.28456031746032,7.653197741022454,10.956738095238094,8.401796690735482,25.93775805848277,2.554941404502612
2020-02-26,33.14,49.8094,50.2999,6.986,12.4355,0.9895,2.0994,22800320000.0,4.3337,5.92,11.0,2.0,8.6752,6.7433,18.36152599206349,7.778944289678716,11.137901587301586,8.986534673164847,26.140470281742207,2.151366914136739
2020-02-27,31.85,49.7833,56.3055,6.7588,12.435,0.9519,2.0973,21912800000.0,4.3341,5.9688,11.0,2.0,8.6752,6.7433,18.450020833333333,7.954767741817643,11.356148412698412,9.72282271685924,26.404788575150977,1.633325695839174
2020-02-28,33.46,48.7833,45.7959,7.1272,12.4328,1.0007,2.094,23020480000.0,4.2944,5.8635,11.0,2.0,8.6752,6.6552,18.513886706349208,8.044519671365197,11.499700793650794,10.09267746745114,26.558406377714405,1.4070233261996528
2020-03-02,33.06,48.0687,45.3984,7.0794,12.4249,0.9901,2.0845,22745280000.0,4.2935,5.9013,10.0,2.0,8.6752,6.6552,18.575009920634923,8.131230629120951,11.65391984126984,10.457378422277728,26.70624054975588,1.196541418992112
2020-03-03,31.83,48.0687,51.017,6.816,12.4247,0.9533,2.0843,21899040000.0,4.2935,5.9013,10.0,2.0,8.6752,6.6552,18.644076388888887,8.257929493030595,11.85454523809524,10.960149267615556,26.90200588191948,0.8943959704796836
2020-03-04,32.46,48.0687,48.086,7.0258,12.4217,0.9721,2.0842,22332480000.0,4.2935,6.066,10.0,2.0,8.6752,6.6552,18.70374305555556,8.361360948720032,12.022539682539682,11.34824834508698,27.06510400427559,0.6742913374527024
2020-03-05,27.87,48.0687,72.4747,6.0323,12.4176,0.8347,2.0838,19174560000.0,4.2935,6.066,10.0,2.0,8.6752,6.6552,18.81259027777778,8.697486697528218,12.389144444444444,12.500248157866531,27.510076975306,-0.1111037134220875
2020-03-06,27.15,47.1937,73.8258,5.9185,12.4116,0.8143,2.0831,18679200000.0,4.2947,6.5675,10.0,2.0,8.6752,6.6552,18.927504960317464,9.035102957612873,12.793577777777775,13.616486813329605,27.96260791793033,-0.8229090355518256
2020-03-09,21.74,44.3187,103.8579,4.9779,12.3908,0.6607,2.0792,14957120000.0,4.0071,5.6977,10.0,2.0,8.6752,6.6552,19.101519246031742,9.794271861080423,13.449371428571428,15.83501787893572,28.895791107112167,-2.385646450364293
2020-03-10,24.02,44.3187,84.5075,5.5,12.3859,0.73,2.0785,16525760000.0,4.0071,5.6977,10.0,2.0,8.6752,6.6552,19.239626587301583,10.216576415860567,13.989784126984128,17.05218715336842,29.456203003162152,-3.062403026384292
2020-03-11,21.75,43.0062,97.7297,5.2062,12.3849,0.6676,2.0785,14964000000.0,4.0432,6.9475,10.0,2.0,8.6752,6.6552,19.406468849206348,10.795189991769902,14.675053174603176,18.610440040827267,30.20165884097625,-3.9353868662240927
2020-03-12,14.97,43.0062,187.2826,3.6015,12.3812,0.46,2.0781,10299360000.0,4.0462,7.1856,10.0,2.0,8.6752,6.6552,19.75062718253968,13.129515283664094,16.07194841269841,24.13785254035567,32.88014246620378,-8.065904127657259
2020-03-13,17.58,43.0062,144.6314,4.2294,12.3538,0.5402,2.0772,12095040000.0,4.0462,7.1856,10.0,2.0,8.6752,6.6552,20.010862103174603,14.256309344217454,17.128740476190472,26.712570649571447,34.26717144739206,-9.583830173380974
2020-03-16,14.57,43.0062,195.1695,3.5053,12.3287,0.4477,2.0757,10024160000.0,4.0462,7.1856,10.0,2.0,8.6752,6.6552,20.369320039682545,16.249569362226985,18.598543650793648,31.057405478107743,36.61888940190953,-12.4588618273141
2020-03-17,12.71,42.7399,236.2699,3.0578,12.3261,0.3905,2.0754,8744480000.0,4.0462,7.1856,10.0,2.0,8.6752,6.6552,20.808543253968253,18.880303612090657,20.366359523809525,36.60946458284287,39.68884686605891,-16.243105059033343
2020-03-18,9.3,42.7399,359.5688,2.2374,12.3235,0.2858,2.0754,6398400000.0,4.0462,7.1856,10.0,2.0,8.6752,6.6552,21.49289146825397,24.167530096839737,23.12095,47.46129523405401,45.660421565093706,-24.340345234054013
2020-03-19,10.0,42.7399,327.399,2.4603,12.3192,0.3069,2.0752,6840000000.0,4.0793,8.2833,10.0,2.0,8.6752,6.6552,22.11570535714285,27.74157001524543,25.61053650793651,54.64704577069043,49.85727537238829,-29.036509262753924
2020-03-20,12.0,42.7399,256.1658,2.9415,12.3192,0.3677,2.0737,8208000000.0,4.0764,8.2308,10.0,2.0,8.6752,6.6552,22.598040674603176,29.6328253998736,27.526199206349208,58.36874208035734,52.23086607447677,-30.84254287400813
2020-03-23,12.0,37.3066,210.8883,3.2873,12.3067,0.3783,2.0702,8208000000.0,4.2639,13.5429,10.0,2.0,-1.5477,7.0031,22.987896825396827,30.79451258709976,29.07949365079365,60.59893178899805,53.78240941249658,-31.5194381382044
2020-03-24,13.68,37.3066,172.7091,3.9334,12.3061,0.4313,2.0686,9357120000.0,4.2639,16.6575,10.0,2.0,-1.5477,7.0031,23.29772936507937,31.506967385165293,30.34267857142857,61.9171056755215,54.80469675024466,-31.574427104092926
2020-03-25,15.55,37.3066,139.9138,4.4711,12.3056,0.4902,2.0684,10636200000.0,4.2639,16.6575,10.0,2.0,-1.5477,7.0031,23.53542678571428,31.93193748171317,31.344069047619048,62.66225540061636,55.467364267427456,-31.318186352997312
2020-03-26,17.82,35.3066,98.1291,5.3135,12.2993,0.5672,2.0682,12188880000.0,4.0897,19.6278,10.0,2.0,-1.5477,6.597,23.694990277777777,32.10323492694955,32.02209920634921,62.92054637480446,55.79822520472732,-30.89844716845525
2020-03-27,14.41,33.4733,132.2922,4.6006,12.2986,0.4682,2.0673,9856440000.0,4.0047,26.9898,10.0,2.0,-1.5477,9.944,23.92208888888889,32.46450010681454,32.96545714285715,63.52767318628495,56.38658899570344,-30.562216043427803
2020-03-30,12.8,33.4733,156.3055,4.2545,12.2742,0.4247,2.0619,8755200000.0,4.0047,30.9387,10.0,2.0,-1.5477,9.944,24.192690476190474,32.99515533478795,34.10861507936507,64.44162408698783,57.18784581097843,-30.33300900762276
2020-03-31,13.17,34.2154,159.798,4.2513,12.2728,0.4326,2.0606,9008280000.0,4.3146,28.1546,10.0,1.0,10.0,8.9201,24.473632142857145,33.542333335089594,35.28562936507936,65.37291294670607,58.015965477946736,-30.087283581626707
2020-04-01,8.8,34.2154,288.8114,2.8601,12.2672,0.2891,2.0594,6019200000.0,4.3146,28.8016,10.0,1.0,10.0,11.0366,25.00706845238096,35.548247669388005,37.46525634920635,69.13369205469819,60.55531612176895,-31.66843570549184
2020-04-02,7.97,34.2154,329.3024,2.5904,12.2552,0.2618,2.0592,5451480000.0,4.3146,27.5785,8.0,1.0,10.0,18.2795,25.62040317460317,38.04394132230437,39.94666031746032,73.83186576142751,63.664344496907546,-33.885205443967195
2020-04-03,8.49,32.4857,282.6349,2.8713,12.2442,0.2821,2.059,5807160000.0,4.4037,31.1537,8.0,1.0,-16.4886,22.2549,26.14294166666667,39.72798509966511,42.05349206349207,76.90059875775803,65.87092676633178,-34.84710669426597
2020-04-06,10.21,31.9143,212.5788,3.9477,12.2357,0.3618,2.0537,6983640000.0,3.2547,31.7154,9.0,1.0,-16.4886,22.2549,26.528394642857144,40.58502204587456,43.607487301587305,78.3504119871736,67.1134166887317,-34.742924685586296
2020-04-07,11.3,30.4143,169.1531,4.8747,12.2357,0.4004,2.0529,7729200000.0,2.1908,50.0766,10.0,2.0,-36.709,10.1409,26.824046626984128,41.078173959587126,44.8170126984127,79.10522523405288,67.90222058657125,-34.288212535640184
2020-04-08,11.99,30.4143,153.6639,5.1723,12.2286,0.4249,2.052,8201160000.0,2.1908,50.0766,10.0,2.0,-36.709,10.1409,27.09025257936508,41.463518909721714,45.8825880952381,79.66244822278422,68.5537714890868,-33.77986012754612
2020-04-09,12.42,30.4143,144.8816,5.375,12.2162,0.4406,2.0518,8495280000.0,2.2464,51.1311,10.0,2.0,-36.709,10.1409,27.33201011904762,41.79373463632135,46.88781507936508,80.10850831256323,69.12574475536897,-33.22069323319815
2020-04-13,11.5,30.4143,138.3852,5.6939,12.1862,0.4265,2.0486,7866000000.0,2.2464,51.1311,10.0,2.0,-36.709,10.1409,27.562949404761905,42.08473156921357,47.851106349206354,80.47527999628582,69.64768097397547,-32.624173647079466
2020-04-14,12.51,30.4143,119.1391,6.194,12.171,0.4639,2.0472,8556840000.0,2.2464,51.1311,10.0,2.0,-36.709,10.1409,27.756119642857144,42.28112031094937,48.67506111111111,80.67079034867575,70.0372399538065,-31.99572923756465
2020-04-15,12.38,26.4615,113.7439,6.9465,12.171,0.461,2.0459,8467920000.0,1.5489,2645.2743,10.0,2.0,-36.709,10.1409,27.9354753968254,42.45376167928419,49.46686428571429,80.8169800712632,70.3892370761096,-31.350115785548915
2020-04-16,11.85,26.4615,123.3038,6.6491,12.1667,0.4413,2.0452,8105400000.0,1.2022,2645.2743,10.0,2.0,-36.709,5.1986,28.13815317460317,42.664634559883176,50.34411984126984,81.01512306272011,70.80278773448634,-30.67100322145027
2020-04-17,12.56,22.5948,79.8949,9.6839,12.16,0.4997,2.0444,8591040000.0,1.2797,85.388,11.0,2.0,-36.709,26.7013,28.25503928571429,42.72565009588487,50.87474920634921,80.98775789245161,70.98068938159915,-30.113008686102404
2020-04-20,12.22,22.5575,84.5949,9.421,12.1489,0.4861,2.0358,8358480000.0,1.2797,85.6254,11.0,2.0,-36.709,26.6835,28.38529642857143,42.79722378439512,51.443736507936514,80.97068510765274,71.18252021296655,-29.526948599716228
2020-04-21,11.84,22.5575,90.5194,9.271,12.148,0.4685,2.0349,8098560000.0,2.3863,72.2188,12.0,2.0,-36.709,26.6835,28.526546825396824,42.88466587291452,52.06707301587302,80.96675692165857,71.41121269831135,-28.89968390578555
2020-04-22,11.64,22.5575,93.793,9.1144,12.144,0.4605,2.034,7961760000.0,2.3863,72.2188,12.0,2.0,-36.709,26.6835,28.677239285714283,42.98038563647656,52.723192063492064,80.96726636175842,71.65762492219085,-28.244074298266355
2020-04-23,12.17,22.5575,85.3533,9.5294,12.1401,0.4815,2.033,8324280000.0,2.3863,72.2188,12.0,2.0,-36.709,26.6835,28.8125625,43.05133081617545,53.30051507936508,80.9382967761957,71.86389331617545,-27.637781696830626
2020-04-24,11.91,22.5948,89.7128,9.3273,12.1271,0.4712,2.0317,8146440000.0,2.3863,72.0894,12.0,2.0,-36.709,26.7013,28.954057142857145,43.13414994432543,53.94189047619048,80.90382232352924,72.08820708718257,-26.96193184733876
2020-04-27,12.98,22.5948,74.074,10.1652,12.1206,0.5136,2.0287,8878320000.0,2.3863,72.0894,12.0,2.0,-36.709,26.7013,29.066707341269844,43.17776531747767,54.45717936507936,80.82296088819051,72.24447265874751,-26.365781523111146
2020-04-28,14.46,22.5948,56.2573,11.3243,12.1134,0.5721,2.0271,9890640000.0,2.3863,72.0894,12.0,2.0,-36.709,26.7013,29.1376375,43.19303881647127,54.84408809523809,80.71301833828157,72.33067631647127,-25.86893024304348
2020-04-29,16.69,22.5948,35.3793,13.0707,12.1206,0.6603,2.0256,11415960000.0,2.3863,72.0894,12.0,2.0,-36.709,26.7013,29.167597023809524,43.19211924252854,55.05776587301588,80.6248188690318,72.35971626633807,-25.567052996015924
2020-04-30,15.9,22.5948,42.1057,12.452,12.1206,0.6291,2.0233,10875600000.0,2.3863,72.0894,12.0,2.0,-36.709,26.7013,29.20598273809524,43.19500940903564,55.3244380952381,80.5251172161649,72.40099214713088,-25.2006791209268
2020-05-01,13.93,22.5948,62.2024,10.9092,12.1061,0.5511,2.022,9528120000.0,2.3863,72.0894,12.0,2.0,-36.709,26.7013,29.288232142857144,43.21833408663196,55.7316753968254,80.42829592725455,72.50656622948911,-24.69662053042916
2020-05-04,14.34,22.5948,46.2552,13.0983,12.1052,0.5674,2.0168,9808560000.0,2.3863,72.0894,12.0,2.0,-36.709,26.7013,29.33474503968253,43.22396546700932,56.00578095238095,80.33589347312767,72.55871050669185,-24.33011252074672
2020-05-05,13.09,22.5948,60.2215,11.9565,12.1043,0.5179,2.0138,8953560000.0,2.3863,72.0894,12.0,2.0,-36.709,26.7013,29.410700992063493,43.244575295670096,56.39196904761905,80.23743194111084,72.65527628773359,-23.845462893491792
2020-05-06,12.82,22.5948,63.5959,11.7099,12.0977,0.5072,2.0131,8768880000.0,2.3863,61.401,11.0,2.0,-36.709,108.5892,29.49437996031746,43.26988219568161,56.830172222222224,80.12382712214153,72.76426215599906,-23.29365489991931
2020-05-07,13.53,22.5948,55.0111,12.3584,12.0977,0.5353,2.0131,9254520000.0,2.3863,61.401,11.0,2.0,-36.709,108.5892,29.5585753968254,43.28371590558114,57.21270555555556,79.99807511456092,72.84229130240654,-22.78536955900536
2020-05-08,14.21,20.6348,45.2132,14.3087,12.0977,0.5698,2.0124,9719640000.0,1.8664,53.6571,12.0,2.0,-36.709,293.52,29.60417837301588,43.28808605521208,57.508116666666666,79.88350308963949,72.89226442822795,-22.375386422972824
2020-05-11,13.85,20.6348,48.9877,13.9462,12.0688,0.5554,2.0076,9473400000.0,1.8664,53.6571,12.0,2.0,-36.709,293.52,29.66030436507936,43.294856299897866,57.84642063492064,79.75532325616926,72.95516066497723,-21.90890262124863
2020-05-12,13.19,20.6348,56.4428,13.2816,12.0832,0.5289,2.0076,9021960000.0,1.8664,53.6571,12.0,2.0,-36.709,293.52,29.73163333333333,43.30933450735647,58.24389206349207,79.62136925913859,73.0409678406898,-21.37747719564652
2020-05-13,12.26,20.6348,68.31,12.3452,12.0977,0.4916,2.0075,8385840000.0,1.8664,53.6571,12.0,2.0,-36.709,293.52,29.826358928571427,43.34145083762811,58.72855714285714,79.49419409456411,73.16780976619954,-20.765636951706966
2020-05-14,12.27,20.0951,63.7742,13.3602,12.0977,0.4915,2.0001,8392680000.0,2.8984,50.8012,13.0,2.0,-36.709,293.52,29.9150375,43.3651364999132,59.17339682539683,79.3632138025561,73.28017399991319,-20.189816977159275
2020-05-15,12.78,20.2826,58.7058,13.9155,12.0977,0.5119,1.9961,8741520000.0,2.8984,50.8012,13.0,2.0,-36.709,293.52,29.99496468253968,43.3810328334034,59.56986190476191,79.2339815277974,73.37599751594308,-19.66411962303549
2020-05-18,14.72,18.7201,27.1746,22.2626,12.0688,0.6056,1.9914,10068480000.0,4.7271,70.0068,14.0,2.0,-36.709,293.52,30.01333492063492,43.37786789579198,59.72345952380952,79.15157839524282,73.3912028164269,-19.4281188714333
2020-05-19,14.11,18.7201,32.6726,21.34,12.0832,0.5805,1.99,9651240000.0,4.7271,70.0068,14.0,2.0,-36.709,293.52,30.04030396825397,43.375282274636966,59.928514285714286,79.04686616034488,73.41558624289092,-19.11835187463059
2020-05-20,14.15,17.5951,24.347,40.0283,12.0977,0.6103,1.9886,9678600000.0,5.6049,146.7629,14.0,2.0,-36.709,143.5217,30.050826785714285,43.37325241824085,60.06464761904762,78.9700541931826,73.42407920395513,-18.905406574134982
2020-05-21,14.6,17.5951,20.5144,41.3013,12.0977,0.6297,1.9867,9986400000.0,5.6049,146.7629,14.0,2.0,-36.709,143.5217,30.05349007936508,43.372624299041256,60.16634761904762,78.91030685112888,73.42611437840634,-18.74395923208126
2020-05-22,14.46,17.5951,21.6812,40.9052,12.0977,0.6237,1.9862,9890640000.0,5.6049,146.7629,14.0,2.0,-36.709,143.5217,30.05948611111111,43.37125483418084,60.27236428571429,78.8490473753361,73.43074094529194,-18.57668308962181
2020-05-26,16.28,17.5951,8.078,46.0537,12.0688,0.7022,1.984,11135520000.0,5.6049,146.7629,14.0,2.0,-36.709,143.5217,30.03714484126984,43.37968792223462,60.25742936507937,78.85883100494968,73.41683276350446,-18.60140163987031
2020-05-27,17.24,17.5951,2.0597,48.7694,12.0832,0.7436,1.9802,11792160000.0,5.6049,146.7629,14.0,2.0,-36.709,143.5217,30.00104087301587,43.39541403946659,60.20791666666667,78.89366611445332,73.39645491248245,-18.68574944778665
2020-05-28,15.93,17.5951,10.4526,45.0636,12.0832,0.6871,1.9738,10896120000.0,5.6049,146.7629,14.0,2.0,-36.709,143.5217,29.982229166666663,43.401841390240335,60.240852380952376,78.8718455011751,73.384070556907,-18.63099312022273
2020-05-29,15.74,17.5951,11.7859,44.5262,12.0832,0.6789,1.9679,10766160000.0,5.6049,146.7629,14.0,2.0,-36.709,143.5217,29.959595436507936,43.40836274991248,60.28776904761904,78.84099925866133,73.36795818642041,-18.553230211042283
2020-06-01,16.8,17.5951,4.7327,47.5248,12.0683,0.7246,1.9424,11491200000.0,5.6049,146.7629,14.0,2.0,-36.709,143.5217,29.92425,43.42166121341562,60.28874206349207,78.84030736926624,73.34591121341562,-18.551565305774176
2020-06-02,16.87,17.6576,4.6686,47.7228,12.0688,0.7276,1.9419,11539080000.0,5.6049,146.7629,14.0,2.0,-36.709,143.5217,29.88643492063492,43.43536546483048,60.28662777777778,78.84180724156609,73.3218003854654,-18.555179463788303
2020-06-03,17.25,17.266,0.0928,47.7228,12.0688,0.7811,1.9419,11799000000.0,7.0339,2209.5716,14.0,2.0,-36.709,143.5217,29.842999603174604,43.45422499473074,60.23715317460317,78.87788663647189,73.29722459790534,-18.64073346186872
2020-06-04,18.48,17.266,-6.5693,47.7228,12.0688,0.8368,1.9418,12640320000.0,7.0339,2209.5716,14.0,2.0,-36.709,143.5217,29.786995436507933,43.48297591682312,60.116392857142856,78.96909746251194,73.26997135333104,-18.852704605369084
2020-06-05,21.51,17.266,-19.7304,47.7228,12.0688,0.974,1.9376,14712840000.0,7.0339,2209.5716,14.0,2.0,-36.709,143.5217,29.69491924603175,43.53867424814595,59.89786031746032,79.15290387901743,73.2335934941777,-19.25504356155711
2020-06-08,24.91,18.0307,-27.6166,47.7228,12.0688,1.128,1.9292,17038440000.0,7.0831,2220.4403,14.0,2.0,-36.709,143.5217,29.59070753968254,43.612953601236406,59.622933333333336,79.39780385772593,73.20366114091894,-19.7748705243926
2020-06-09,23.04,18.0307,-21.7418,47.7228,12.0688,1.0433,1.9259,15759360000.0,7.0831,2220.4403,14.0,2.0,-36.709,143.5217,29.497667261904763,43.672422343440886,59.40249047619048,79.58611588746513,73.17008960534565,-20.183625411274647
2020-06-10,20.59,18.266,-11.287,47.7228,12.0688,0.9244,1.9253,14083560000.0,7.5061,990.763,14.0,2.0,-36.709,143.5217,29.423781547619047,43.709918072780006,59.27688333333333,79.68582301388247,73.13369962039906,-20.40893968054914
2020-06-11,17.44,18.266,4.7362,47.7228,12.0688,0.783,1.9244,11928960000.0,7.5061,990.763,14.0,2.0,-36.709,143.5217,29.38250535714286,43.72341383315122,59.27679682539683,79.68588269158441,73.10591919029409,-20.40908586618758
2020-06-12,19.98,18.266,-8.5786,47.7228,12.0688,0.8971,1.924,13666320000.0,7.5061,990.763,14.0,2.0,-36.709,143.5217,29.31838253968254,43.75539266515068,59.179569841269846,79.7617080008479,73.07377520483323,-20.58213815957805
2020-06-15,19.44,18.266,-6.0391,47.7228,12.0688,0.8728,1.9215,13296960000.0,7.5061,990.763,14.0,2.0,-36.709,143.5217,29.266494246031744,43.78182954559605,59.12197142857143,79.80650630023081,73.0483237916278,-20.68453487165938
2020-06-16,20.42,18.0013,-11.8448,47.7228,12.0688,0.9354,1.9199,13967280000.0,7.5349,90.3911,13.0,2.0,-36.709,81.4257,29.204460119047617,43.81794294660514,59.02749206349206,79.88399590351861,73.02240306565275,-20.856503840026548
2020-06-17,19.09,18.0013,-5.703,47.7228,12.0688,0.8745,1.9148,13057560000.0,7.5349,90.3911,13.0,2.0,-36.709,81.4257,29.158940277777777,43.8423076220949,58.98542936507936,79.91692779835027,73.00124789987268,-20.93149843327091
2020-06-18,18.82,15.6529,-16.8284,47.7228,12.0688,0.9036,1.9093,12872880000.0,14.468,16.0831,15.0,2.0,-36.709,43.8589,29.088921428571428,43.887583062545424,58.85466349206349,80.02819913474261,72.97650449111686,-21.17353564267912
2020-06-19,17.83,16.0059,-10.2305,47.7228,12.0688,0.8642,1.908,12195720000.0,16.7641,14.0258,15.0,2.0,-43.5867,27.2575,29.02879047619048,43.92070584538104,58.76573492063492,80.09922507180535,72.94949632157152,-21.33349015117043
2020-06-22,17.23,16.1235,-6.4219,47.7228,12.0688,0.8434,1.9044,11785320000.0,17.1153,10.3377,15.0,2.0,-43.5867,27.2575,28.975154761904765,43.94750438189947,58.708236507936505,80.14373942867263,72.92265914380424,-21.435502920736127
2020-06-23,18.0,16.2255,-9.8583,47.7228,12.0688,0.8811,1.9044,12312000000.0,17.5695,6.7627,15.0,1.0,-30.244,30.8014,28.912399801587306,43.98038287418176,58.64315158730158,80.19646741201782,72.89278267576907,-21.553315824716243
2020-06-24,16.0,16.2255,1.4094,47.7228,12.0688,0.7832,1.9043,10944000000.0,17.5695,6.7627,15.0,1.0,-30.244,30.8014,28.87629880952381,43.99550353256719,58.67831904761905,80.17017728506252,72.871802342091,-21.49185823744348
2020-06-25,16.0,16.2255,1.4094,47.7228,12.0688,0.7832,1.902,10944000000.0,17.5695,6.7627,15.0,1.0,-30.244,30.8014,28.82883015873016,44.01223674731101,58.70573492063492,80.1498336191474,72.84106690604116,-21.444098698512484
2020-06-26,15.78,16.2255,2.8232,47.7228,12.0688,0.7725,1.9001,10793520000.0,17.5695,6.7627,15.0,1.0,-30.244,30.8014,28.78922321428572,44.02666592553837,58.750277777777775,80.11693750228139,72.8158891398241,-21.366659724503613
2020-06-29,16.78,16.2255,-3.3045,47.7228,12.0688,0.8214,1.8906,11477520000.0,17.5695,6.7627,15.0,1.0,-30.244,30.8014,28.730904365079365,44.049712012831804,58.7461880952381,80.12011709205284,72.78061637791117,-21.37392899681474
2020-06-30,16.42,16.2255,-1.1845,47.7228,12.0688,0.8038,1.8904,11231280000.0,17.5695,6.7627,15.0,1.0,-30.244,30.8014,28.67275873015873,44.06985578278455,58.75423571428571,80.11399725709806,72.74261451294328,-21.35976154281235
2020-07-01,16.36,16.2255,-0.8221,47.7228,12.0688,0.8009,1.8901,11190240000.0,17.5695,6.7627,15.0,1.0,-30.244,30.8014,28.61660952380952,44.08940580063186,58.762258730158734,80.10793159726273,72.70601532444138,-21.345672867104
2020-07-02,15.88,16.2255,2.1757,47.7228,12.0688,0.7774,1.887,10861920000.0,17.5695,6.7627,15.0,1.0,-30.244,30.8014,28.565772222222225,44.10512084810949,58.801361904761904,80.07886193791204,72.67089307033172,-21.277500033150133
2020-07-06,15.61,16.2255,3.943,47.7228,12.0688,0.7641,1.8838,10677240000.0,17.5695,6.7627,15.0,1.0,-30.244,30.8014,28.516699206349205,44.118755397844,58.83252380952381,80.05656427519077,72.6354546041932,-21.22404046566696
2020-07-07,14.57,16.2255,11.3624,47.7228,12.0688,0.7132,1.8835,9965880000.0,17.5695,6.7627,15.0,1.0,-30.244,30.8014,28.483594642857145,44.12536766001391,58.89017301587302,80.01944148418275,72.60896230287105,-21.12926846830973
2020-07-08,15.32,16.6373,8.5986,47.7228,12.0688,0.7692,1.883,10478880000.0,17.6213,0.5545,16.0,2.0,-10.122,26.8017,28.448248611111108,44.13416369537882,58.919783333333335,79.99997905912701,72.58241230648993,-21.08019572579368
2020-07-09,14.58,16.6373,14.1104,47.7228,12.0688,0.7544,1.8797,9972720000.0,19.2753,-8.2813,15.0,2.0,-10.122,14.8132,28.425191666666667,44.13862130057885,59.001062698412696,79.94878675220707,72.56381296724551,-20.94772405379437
2020-07-10,16.16,15.5541,-3.7494,47.7228,12.0688,0.9237,1.8759,11651360000.0,18.8079,-17.6171,15.0,2.0,-10.122,29.912,28.370430753968257,44.16142358081767,58.94797063492064,79.98852457553855,72.53185433478592,-21.04055394061791
2020-07-13,15.28,15.4012,0.7932,47.7228,12.0688,0.924,1.8676,11016880000.0,19.6749,-18.7454,14.0,2.0,-12.2654,36.6086,28.321165873015875,44.178341147445366,58.92507698412698,80.00488122698533,72.49950702046124,-21.07980424285835
2020-07-14,15.04,14.8387,-1.3384,47.7228,12.0688,0.9058,1.8672,10843840000.0,20.0575,-18.4525,15.0,2.0,-12.2654,39.8698,28.269421428571427,44.1978115405954,58.88653571428572,80.03295124731112,72.46723296916682,-21.1464155330254
2020-07-15,17.48,14.8387,-15.1104,47.7228,12.0688,1.0528,1.8669,12603080000.0,20.0575,-18.4525,15.0,2.0,-12.2654,39.8698,28.188859325396827,44.239867613123245,58.74888174603174,80.14600725356534,72.42872693852007,-21.3971255075336
2020-07-16,15.78,14.8387,-5.9651,47.7228,12.0688,0.9504,1.8662,11377380000.0,20.0575,-18.4525,15.0,2.0,-12.2654,39.8698,28.12793492063492,44.26576106092644,58.68750952380952,80.19293689632717,72.39369598156136,-21.505427372517644
2020-07-17,15.47,14.8012,-4.3232,47.7228,12.0688,0.9779,1.8661,11153870000.0,21.9765,-20.716,15.0,2.0,-12.2654,41.6275,28.07107103174604,44.28904345471946,58.65348095238095,80.2189599049469,72.36011448646549,-21.565478952565947
2020-07-20,15.0,14.8012,-1.3253,47.7228,12.0688,0.9482,1.8612,10815000000.0,21.9765,-20.7108,15.0,2.0,-12.2654,41.6275,28.0240507936508,44.3076809276132,58.651653174603176,80.22033476850687,72.33173172126399,-21.568681593903698
2020-07-21,15.19,14.77,-2.765,47.7228,12.0688,0.9603,1.8608,10951990000.0,21.9756,-20.7993,15.0,2.0,-14.7384,42.8062,27.972397420634923,44.328405958484126,58.61597777777778,80.24684644287517,72.30080337911905,-21.63086866509739
2020-07-22,15.14,14.77,-2.4439,47.7228,12.0688,0.9571,1.8603,10915940000.0,21.9756,-20.7993,15.0,2.0,-14.7384,42.8062,27.918279365079364,44.3488928315401,58.56973968253968,80.28059808148029,72.26717219661947,-21.71085839894061
2020-07-23,14.8,14.77,-0.2027,47.7228,12.0688,0.9356,1.8593,10670800000.0,21.9756,-20.7993,15.0,2.0,-14.7384,42.8062,27.8686507936508,44.36636977775059,58.53415396825397,80.30584473117524,72.23502057140139,-21.77169076292128
2020-07-24,14.8,14.77,-0.2027,47.7228,12.0688,0.9356,1.8593,10670800000.0,21.9756,-20.7993,15.0,2.0,-14.7384,42.8062,27.817306944444447,44.38388398267914,58.47076825396825,80.34936269807513,72.20119092712359,-21.87859444410688
2020-07-27,13.75,14.9148,8.4713,47.7228,12.0688,0.8674,1.8526,9913750000.0,21.8867,-21.312,15.0,2.0,-14.7384,44.5086,27.783259722222223,44.39214531221104,58.43309603174603,80.37185904136588,72.17540503443325,-21.938763009619848
2020-07-28,14.33,14.7262,2.7648,47.7228,12.0688,0.904,1.8508,10331930000.0,21.8867,-21.312,15.0,2.0,-14.7384,39.8356,27.73745773809524,44.40605145367934,58.37390238095239,80.41038685833614,72.14350919177457,-22.036484477383752
2020-07-29,14.65,14.7262,0.5201,47.7228,12.0688,0.9242,1.8404,10562650000.0,21.8867,-21.312,15.0,2.0,-14.7384,39.8356,27.68956091269841,44.42239314209326,58.29689365079365,80.46149958459165,72.11195405479168,-22.164605933798
2020-07-30,14.34,14.7262,2.6932,47.7228,12.0688,0.9047,1.8318,10339140000.0,21.8867,-21.312,15.0,2.0,-14.7384,39.8356,27.64812361111111,44.4359748432528,58.20292222222222,80.519912898229,72.0840984543639,-22.31699067600677
2020-07-31,13.88,14.7262,6.0965,47.7228,12.0688,0.8756,1.8288,10007480000.0,21.8867,-21.312,15.0,2.0,-14.7384,39.8356,27.615549801587303,44.44576235694801,58.11048492063493,80.5733997047622,72.06131215853532,-22.46291478412727
2020-08-03,13.07,14.7262,12.6718,47.7228,12.0688,0.8245,1.8217,9423470000.0,21.8867,-21.312,15.0,2.0,-14.7384,39.8356,27.593451190476188,44.45042711209009,58.05318253968254,80.60335936537543,72.04387830256627,-22.550176825692887
2020-08-04,13.74,14.7262,7.1776,47.7228,12.0688,0.8668,1.8191,9906540000.0,21.8867,-21.312,15.0,2.0,-14.7384,39.8356,27.561411507936512,44.45932829154767,57.96996904761905,80.65078984364973,72.02073979948418,-22.68082079603068
2020-08-05,14.02,14.7262,5.0371,47.7228,12.0688,0.8845,1.8168,10108420000.0,21.8867,-21.312,15.0,2.0,-14.7384,39.8356,27.525953571428573,44.47017200031634,57.88203809523809,80.70280941681064,71.99612557174491,-22.82077132157255
2020-08-06,13.78,14.7262,6.8665,47.7228,12.0688,0.8693,1.814,9935380000.0,21.8867,-21.312,15.0,2.0,-14.7384,39.8356,27.49145337301588,44.47945890058884,57.801047619047615,80.7492005291651,71.97091227360471,-22.94815291011748
2020-08-07,14.22,14.7262,3.5598,47.7228,12.0688,0.8971,1.808,10252620000.0,21.8867,-21.312,15.0,2.0,-14.7384,39.8356,27.45211825396825,44.49186218243889,57.65902619047619,80.82933493483681,71.94398043640714,-23.17030874436061
2020-08-10,15.44,14.7262,-4.6231,47.7228,12.0688,0.9741,1.7942,11132240000.0,21.8867,-21.312,15.0,2.0,-14.7384,39.8356,27.39617123015873,44.51447106392904,57.44237142857143,80.96033438875398,71.91064229408778,-23.51796296018255
2020-08-11,15.82,14.7262,-6.914,47.7228,12.0688,0.998,1.794,11406220000.0,21.8867,-21.312,15.0,2.0,-14.7384,39.8356,27.338736309523807,44.5400716504677,57.23405714285715,81.09283393128983,71.8788079599915,-23.858776788432685
2020-08-12,15.19,14.6637,-3.4648,47.7228,12.0688,0.9593,1.7709,10951990000.0,22.0093,-21.4922,15.0,2.0,-14.7384,39.8356,27.289201388888888,44.56045516929565,57.07697698412698,81.19181455827989,71.84965655818453,-24.114837574152908
2020-08-13,15.22,14.6637,-3.6551,47.7228,12.0688,0.9611,1.7701,10973620000.0,22.0093,-21.4922,15.0,2.0,-14.7384,39.8356,27.23679603174603,44.58132184615614,56.90408968253968,81.29853600948233,71.81811787790218,-24.394446326942656
2020-08-14,15.47,14.6637,-5.212,47.7228,12.0688,0.9769,1.7631,11153870000.0,22.0093,-21.4922,15.0,2.0,-14.7384,39.8356,27.182656547619047,44.60416600287292,56.70564126984127,81.42027615113993,71.78682255049196,-24.714634881298664
2020-08-17,14.68,14.6637,-0.111,47.7228,12.0688,0.927,1.7592,10584280000.0,22.0093,-21.4922,15.0,2.0,-14.7384,39.8356,27.138147023809523,44.62021590192213,56.55476587301588,81.50845915188944,71.75836292573166,-24.95369327887356
2020-08-18,14.41,14.5387,0.8931,47.7228,12.0688,0.9154,1.7561,10389610000.0,22.1387,-21.1987,15.0,2.0,-14.7384,39.8356,27.09818531746032,44.63471041757186,56.42100396825396,81.5864472009173,71.73289573503217,-25.165443232663343
2020-08-19,14.6,14.5387,-0.4199,47.7228,12.0688,0.9275,1.753,10526600000.0,22.1387,-21.1987,15.0,2.0,-14.7384,39.8356,27.05859166666667,44.65028049616855,56.25835079365079,81.6798641105361,71.70887216283522,-25.42151331688531
2020-08-20,14.54,14.5387,-0.0089,47.7228,12.0688,0.9237,1.7496,10483340000.0,22.1387,-21.1987,15.0,2.0,-14.7384,39.8356,27.02072380952381,44.6651542351401,56.08044444444444,81.7785373812563,71.68587804466391,-25.69809293681186
2020-08-21,14.65,14.5387,-0.7597,47.7228,12.0688,0.9306,1.7493,10562650000.0,22.1387,-22.3682,16.0,2.0,-14.7384,39.8356,26.98405753968253,44.68038700020328,55.79546904761905,81.91451718671652,71.6644445398858,-26.119048139097472
2020-08-24,16.14,14.708,-8.8724,47.7228,12.0688,0.9973,1.7439,11636940000.0,23.2992,-19.3702,15.0,1.0,-39.4767,31.477,26.933055555555555,44.70666098098442,55.38864603174604,82.10869948578231,71.63971653653998,-26.720053454036275
2020-08-25,15.89,14.708,-7.4386,47.7228,12.0688,0.9819,1.7436,11456690000.0,23.2992,-19.3702,15.0,1.0,-39.4767,31.477,26.881592261904764,44.73131106885296,54.93040396825396,82.29822480244339,71.61290333075772,-27.367820834189423
2020-08-26,15.28,14.708,-3.7435,47.7228,12.0688,0.9442,1.7435,11016880000.0,23.2992,-19.3702,15.0,1.0,-39.4767,31.477,26.83834384920635,44.75039650054849,54.45382460317461,82.46389967532092,71.58874034975484,-28.010075072146307
2020-08-27,16.12,15.0213,-6.8158,47.7228,12.0688,1.035,1.7385,11622520000.0,22.764,-22.2949,15.0,1.0,-39.4767,80.8243,26.79078373015873,44.77344054327252,54.03627142857143,82.64109790005926,71.56422427343125,-28.60482647148784
2020-08-28,17.21,14.8666,-13.6165,47.7228,12.0688,1.105,1.733,12408410000.0,22.764,-22.2949,15.0,1.0,-39.4767,80.8243,26.729880753968253,44.80754127050043,53.5678992063492,82.85739684470857,71.53742202446868,-29.28949763835937
2020-08-31,16.48,14.8666,-9.79,47.7228,12.0688,1.0581,1.7308,11882080000.0,22.764,-22.2949,15.0,1.0,-39.4767,80.8243,26.678454960317456,44.83459786310939,53.08530396825396,83.04923347613166,71.51305282342685,-29.9639295078777
2020-09-01,16.51,14.8666,-9.954,47.7228,12.0688,1.06,1.7304,11903710000.0,22.764,-22.2949,15.0,1.0,-39.4767,80.8243,26.62397242063492,44.862442690527295,52.62466904761905,83.23792996827683,71.48641511116222,-30.61326092065778
2020-09-02,16.71,14.8666,-11.0317,47.7228,12.0688,1.1218,1.73,12047910000.0,22.4651,-25.4046,15.0,1.0,-39.4767,80.8243,26.56701031746032,44.89204120756684,51.96191984126984,83.41088125498547,71.45905152502715,-31.44896141371563
2020-09-03,17.58,14.8666,-15.4346,47.7228,12.0688,1.1803,1.7288,12675180000.0,22.4651,-25.4046,15.0,1.0,-39.4767,80.8243,26.49974265873016,44.92958558879637,51.253503968253966,83.6025318809706,71.42932824752653,-32.34902791271664
2020-09-04,18.53,14.8666,-19.7701,47.7228,12.0688,1.244,1.7275,13360130000.0,22.4651,-25.4046,15.0,1.0,-39.4767,80.8243,26.42290873015873,44.97560242882961,50.272329365079365,83.70561492748365,71.39851115898834,-33.433285562404286
2020-09-08,18.29,14.8666,-18.7173,47.7228,12.0688,1.2352,1.7266,13187090000.0,23.886,-25.4046,15.0,1.0,-39.4767,80.8243,26.35118373015873,45.018773030170856,49.45308492063492,83.87284194570358,71.36995676032959,-34.41975702506866
2020-09-09,17.66,14.8666,-15.8177,47.7228,12.0688,1.1927,1.7263,12732860000.0,23.886,-25.4046,15.0,1.0,-39.4767,80.8243,26.2864132936508,45.05597170766896,48.55191507936509,83.95994379770971,71.34238500131976,-35.408028718344625
2020-09-10,17.88,15.0,-16.1074,47.7228,12.0688,1.2253,1.7258,12891480000.0,24.288,-28.3215,15.0,1.0,-46.3108,204.2738,26.22105019841269,45.093588989876494,46.937708730158725,83.2233299489003,71.31463918828919,-36.285621218741575
2020-09-11,17.69,15.0,-15.2063,47.7228,12.0688,1.2123,1.7252,12754490000.0,24.288,-28.3215,15.0,1.0,-46.3108,204.2738,26.156987698412696,45.129519800029314,45.66915555555555,82.93999705128094,71.286507498442,-37.27084149572539
2020-09-14,17.85,14.9785,-16.0868,47.7228,12.0688,1.1781,1.7228,12869850000.0,25.2065,-28.7935,14.0,1.0,-46.3108,555.8665,26.09215634920635,45.16674775960693,43.99251825396825,82.02388109437926,71.25890410881328,-38.03136284041101
2020-09-15,15.93,15.0035,-5.8161,47.7228,12.0688,1.0844,1.7228,11485530000.0,25.3137,-30.3727,14.0,1.0,-46.3108,943.3831,26.048330555555555,45.187006880533794,42.07120079365079,80.3011739184762,71.23533743608935,-38.229973124825406
2020-09-16,16.46,15.0035,-8.8487,47.7228,12.0688,1.1205,1.7228,11867660000.0,25.3137,-30.3727,14.0,1.0,-46.3108,943.3831,26.002997023809524,45.210573861553485,39.14725238095239,75.19285570405606,71.21357088536301,-36.04560332310367
2020-09-17,16.24,15.0035,-7.6139,47.7228,12.0688,1.1055,1.7227,11709040000.0,25.3137,-30.3727,14.0,1.0,-46.3108,943.3831,25.963149404761904,45.23137154760194,36.48841984126984,70.70799025757701,71.19452095236385,-34.21957041630717
2020-09-18,15.31,15.0035,-2.002,47.7228,12.0688,1.0422,1.7197,11038510000.0,25.3137,-30.3727,14.0,1.0,-46.3108,943.3831,25.93732480158729,45.243637809074606,34.439469047619056,67.97922469288095,71.18096261066191,-33.53975564526189
2020-09-21,14.29,15.0035,4.993,47.7228,12.0688,0.9728,1.7139,10303090000.0,25.3137,-30.3727,14.0,1.0,-46.3108,943.3831,25.9271757936508,45.247769182762895,32.80537936507936,66.15396144994774,71.17494497641368,-33.34858208486838
2020-09-22,14.41,15.0035,4.1187,47.7228,12.0688,0.9809,1.7132,10389610000.0,25.3137,-30.3727,14.0,1.0,-46.3108,943.3831,25.917674404761907,45.25185279436523,31.467360317460315,64.99646909174076,71.16952719912713,-33.529108774280445
2020-09-23,14.13,15.0035,6.1819,47.7228,12.0688,0.9619,1.71,10187730000.0,25.3137,-30.3727,14.0,1.0,-46.3108,943.3831,25.91286607142857,45.253824724110274,30.40599603174603,64.29957450934356,71.16669079553884,-33.89357847759753
2020-09-24,13.74,15.8622,15.4454,47.7228,12.0688,0.9353,1.7073,9906540000.0,25.3137,-28.9676,14.0,1.0,-46.3108,943.3831,25.92527658730159,45.25008715058384,29.74977619047619,64.02421743049226,71.17536373788542,-34.27444124001607
2020-09-25,15.07,15.8622,5.2568,47.7228,12.0688,1.0258,1.707,10865470000.0,25.3137,-28.9676,14.0,1.0,-46.3108,943.3831,25.916788492063493,45.253568922639104,28.74155873015873,63.39365457784843,71.1703574147026,-34.6520958476897
2020-09-28,15.31,15.8622,3.6068,47.7228,12.0688,1.0422,1.7055,11038510000.0,25.3137,-31.4082,14.0,1.0,-46.3108,943.3831,25.90557976190476,45.25840315001501,27.529664285714286,62.387086636249926,71.16398291191977,-34.85742235053564
2020-09-29,15.07,15.8622,5.2568,47.7228,12.0688,1.0258,1.7055,10865470000.0,25.3137,-31.4082,14.0,1.0,-46.3108,943.3831,25.88744761904762,45.26485387555537,26.303146825396823,61.27512988092926,71.152301494603,-34.971983055532434
2020-09-30,15.18,15.8622,4.4941,47.7228,12.0688,1.0333,1.705,10944780000.0,25.3137,-31.4082,14.0,1.0,-46.3108,943.3831,25.86809146825397,45.27192561458973,24.04666031746032,56.58647796976389,71.14001708284371,-32.53981765230357
2020-10-01,15.03,15.8622,5.5369,47.7228,12.0688,1.0231,1.7042,10836630000.0,25.3137,-31.4082,14.0,1.0,-46.3108,943.3831,25.85003571428572,45.27822805691262,21.47709285714286,49.52440153719163,71.12826377119833,-28.04730868004877
2020-10-02,15.16,15.8622,4.6319,47.7228,12.0688,1.032,1.7002,10930360000.0,25.3137,-31.4082,14.0,1.0,-46.3108,943.3831,25.82863492063492,45.28571700436432,19.27071984126984,43.63945695586234,71.11435192499924,-24.368737114592506
2020-10-05,14.96,15.9565,6.6611,47.7228,12.0688,1.0209,1.6946,10786160000.0,25.0734,-31.6433,14.0,1.0,-46.3108,179.0087,25.809001388888888,45.29188957823698,17.636452380952377,40.050442143536365,71.10089096712588,-22.413989762583988
2020-10-06,15.19,16.0279,5.5161,47.7228,12.0688,1.0531,1.6939,10951990000.0,23.8885,-31.6433,14.0,1.0,-46.3108,179.0087,25.783609722222224,45.29968666757332,16.337746031746033,37.68095874702266,71.08329638979555,-21.343212715276625
2020-10-07,15.99,16.0306,0.2539,47.7228,12.0688,1.1085,1.692,11528790000.0,24.116,-31.6433,14.0,1.0,-46.3108,2385.3011,25.74347599206349,45.31335192035619,15.120206349206349,35.630915372874135,71.05682791241968,-20.510709023667783
2020-10-08,15.61,16.1364,3.3722,47.7228,12.0688,1.2456,1.6896,12097750000.0,24.4726,-31.6275,14.0,1.0,-46.3108,2385.3011,25.71183412698413,45.32341337101328,13.997115873015874,33.68517000701266,71.0352474979974,-19.688054133996783
2020-10-09,15.69,16.1364,2.8451,47.7228,12.0688,1.25,1.6874,12159750000.0,24.5475,-31.5493,14.0,1.0,-46.3108,100.7288,25.676916666666664,45.33425786497216,12.921400793650797,31.792137928235,71.01117453163883,-18.8707371345842
2020-10-12,15.21,16.1364,6.0907,47.7228,12.0688,1.212,1.6817,11787750000.0,24.5475,-31.8927,14.0,1.0,-46.3108,100.7288,25.64269146825397,45.34253599989017,12.02419126984127,30.33223170206904,70.98522746814413,-18.308040432227763
2020-10-13,14.03,16.1721,15.268,47.7228,12.0688,1.1652,1.6814,10873250000.0,25.5492,-32.8503,14.0,1.0,-46.3108,81.7525,25.62139027777778,45.34488771134136,11.242636507936508,28.92641614107795,70.96627798911915,-17.68377963314144
2020-10-14,13.97,16.1721,15.7631,47.7228,12.0688,1.1603,1.6812,10826750000.0,25.5492,-32.8503,14.0,1.0,-46.3108,67.3561,25.603193650793653,45.34700412871898,10.389138888888889,27.12388443294053,70.95019777951264,-16.73474554405165
2020-10-15,14.02,16.1721,15.3502,47.7228,12.0688,1.1642,1.6811,10865500000.0,25.516,-32.9402,14.0,1.0,-46.3108,67.7351,25.58194444444444,45.34929889564651,9.876879365079366,26.400550903928675,70.93124334009096,-16.523671538849307
2020-10-16,14.08,16.3085,15.8274,47.7228,12.0688,1.1692,1.6785,10912000000.0,25.516,-32.9402,14.0,1.0,-46.3108,67.7351,25.56744107142857,45.35125118012007,9.331105555555556,25.54035717708676,70.91869225154865,-16.2092516215312
2020-10-19,14.15,16.3085,15.2544,47.7228,12.0688,1.175,1.678,10966250000.0,25.516,-32.9402,14.0,1.0,-46.3108,67.7351,25.55142817460317,45.35346930087493,8.733764285714285,24.4846593545018,70.9048974754781,-15.750895068787512
2020-10-20,14.61,16.3085,11.6256,47.7228,12.0688,1.2132,1.6779,11322750000.0,25.516,-32.0345,15.0,1.0,-46.3108,67.7351,25.522006547619046,45.35769212024531,8.081642063492064,23.264913308975267,70.87969866786436,-15.183271245483205
2020-10-21,14.48,16.1657,11.6416,47.7228,12.0688,1.258,1.6772,11222000000.0,25.4745,-33.7576,15.0,1.0,-46.3108,39.7064,25.49125753968254,45.36184653954067,7.496628571428571,22.2091270878433,70.85310407922321,-14.712498516414728
2020-10-22,15.19,16.1657,6.4233,47.7228,12.0688,1.3196,1.6766,11772250000.0,25.4745,-33.7576,15.0,1.0,-46.3108,39.7064,25.44696765873016,45.36955962316762,6.835600793650793,20.94607596037972,70.81652728189778,-14.110475166728923
2020-10-23,15.36,16.1657,5.2454,47.7228,12.0688,1.3344,1.676,11904000000.0,25.4745,-33.7576,15.0,1.0,-46.3108,39.7064,25.40368829365079,45.37842263720144,6.289342063492064,20.057156419462213,70.78211093085223,-13.767814355970147
2020-10-26,14.03,16.1657,15.2224,47.7228,12.0688,1.2189,1.6695,10873250000.0,25.4745,-33.7576,15.0,1.0,-46.3108,39.7064,25.36878531746032,45.3794771399347,5.963668253968254,19.566467062991773,70.74826245739501,-13.602798809023518
2020-10-27,13.76,16.1657,17.4833,47.7228,12.0688,1.1954,1.6681,10664000000.0,25.4745,-33.7576,15.0,1.0,-46.3108,39.7064,25.34355833333333,45.38032138695304,5.821636507936508,19.415604011271306,70.72387972028638,-13.593967503334795
2020-10-28,12.3,16.1657,31.4285,47.7228,12.0688,1.0686,1.6671,9532500000.0,25.4745,-33.7576,15.0,1.0,-46.3108,39.7064,25.33847956349206,45.37949522031259,5.736896825396824,19.27879317844941,70.71797478380465,-13.541896353052588
2020-10-29,12.98,16.1657,24.5431,47.7228,12.0688,1.1276,1.6614,10059500000.0,25.4745,-33.7576,15.0,1.0,-46.3108,39.7064,25.31875595238095,45.377672684395,5.438013492063492,18.678982369314827,70.69642863677595,-13.240968877251335
2020-10-30,13.71,16.1657,17.9117,47.7228,12.0688,1.1911,1.6564,10625250000.0,25.4745,-33.7576,15.0,1.0,-46.3108,39.7064,25.286219841269844,45.37709196298695,5.213065079365079,18.35128815303952,70.6633118042568,-13.138223073674435
2020-11-02,13.55,15.9514,17.7225,47.7228,12.0688,1.1859,1.6559,10501250000.0,25.7388,-34.0125,15.0,1.0,-51.6077,39.5274,25.26234345238095,45.37790120738716,4.875771428571429,17.71156582942047,70.64024465976811,-12.83579440084904
2020-11-03,13.71,15.9514,16.3487,47.7228,12.0688,1.1999,1.6558,10625250000.0,25.7388,-34.0125,15.0,1.0,-51.6077,39.5274,25.24336448412698,45.37962836882984,4.500793650793651,16.941854315684484,70.62299285295683,-12.441060664890834
2020-11-04,13.34,15.9514,19.5757,47.7228,12.0688,1.1675,1.6546,10338500000.0,25.7388,-34.0125,15.0,1.0,-51.6077,39.5274,25.227811507936504,45.3802260860553,4.219560317460318,16.381526081539846,70.60803759399181,-12.161965764079527
2020-11-05,14.18,15.9514,12.4922,47.7228,12.0688,1.2411,1.6542,10989500000.0,25.7388,-34.0125,15.0,1.0,-51.6077,39.5274,25.19727023809524,45.38361383559963,3.959869841269841,15.980928717904998,70.58088407369488,-12.021058876635156
2020-11-06,13.82,15.9514,15.4226,47.7228,12.0688,1.2096,1.6479,10710500000.0,25.7388,-34.0125,15.0,1.0,-51.6077,39.5274,25.174271825396826,45.38562837799301,3.6934801587301584,15.496762922210582,70.55990020338983,-11.803282763480423
2020-11-09,19.25,15.9514,-17.1356,47.7228,12.0688,1.6848,1.6445,14918750000.0,25.7388,-34.0125,15.0,1.0,-51.6077,39.5274,25.09277321428572,45.42471216207768,3.109524603174603,14.866634038542392,70.5174853763634,-11.757109435367788
2020-11-10,16.73,16.0942,-3.8004,47.7228,12.0688,1.4543,1.6436,12965750000.0,25.9131,-33.5951,15.0,1.0,-51.6077,39.5274,25.03540634920635,45.44294059162098,2.537219841269841,13.676981215236076,70.47834694082734,-11.139761373966236
2020-11-11,16.21,16.0942,-0.7144,47.7228,12.0688,1.4091,1.6427,12562750000.0,25.9131,-33.5951,15.0,1.0,-51.6077,39.5274,24.98594345238095,45.45740044942602,2.0254055555555555,12.525198920935594,70.44334390180697,-10.49979336538004
2020-11-12,14.93,16.0942,7.7977,47.7228,12.0688,1.2979,1.6412,11570750000.0,25.9131,-33.0985,15.0,1.0,-51.6077,39.5274,24.950084722222226,45.46382912832141,1.6213730158730155,11.457804236752487,70.41391385054364,-9.836431220879474
2020-11-13,16.01,16.2371,1.4185,47.7228,12.0688,1.3917,1.6406,12407750000.0,25.9131,-33.0192,15.0,1.0,-51.5221,39.3405,24.90636011904762,45.47586469105233,1.4169595238095238,11.22567364385166,70.38222481009996,-9.808714120042136
2020-11-16,17.57,16.2371,-7.5862,47.7228,12.0688,1.5274,1.6374,13616750000.0,25.9131,-33.0192,15.0,1.0,-51.5221,39.3405,24.846175,45.49879459992462,1.097445238095238,10.8970627796271,70.34496959992462,-9.799617541531862
2020-11-17,18.05,16.2371,-10.0438,47.7228,12.0688,1.5691,1.6361,13988750000.0,25.9131,-33.0192,15.0,1.0,-51.5221,39.3405,24.78359583333333,45.525093894318985,0.8245023809523809,10.73962605624942,70.30868972765231,-9.915123675297036
2020-11-18,17.59,16.3085,-7.2854,47.7228,12.0688,1.5581,1.6348,13632250000.0,26.2179,-33.0257,15.0,1.0,-51.5221,39.3405,24.726931944444445,45.54723956166806,0.6038690476190476,10.616738054355086,70.27417150611251,-10.012869006736038
2020-11-19,18.19,16.5228,-9.1655,47.7228,12.0688,1.6156,1.6338,14097250000.0,26.2644,-32.799,15.0,1.0,-51.5221,38.7904,24.662661507936505,45.57220765526567,0.3590539682539682,10.481612783747606,70.23486916320218,-10.122558815493637
2020-11-20,17.37,16.5228,-4.8774,47.7228,12.0688,1.5427,1.6326,13461750000.0,26.2644,-32.799,15.0,1.0,-51.5221,38.7904,24.6102882936508,45.59099179251323,0.2562333333333333,10.46882306982772,70.20128008616402,-10.212589736494389
2020-11-23,18.18,16.5228,-9.1155,47.7228,12.0688,1.6147,1.6261,14089500000.0,26.2644,-32.799,15.0,1.0,-51.5221,38.7904,24.550148611111112,45.61549087640494,0.1675412698412698,10.500711518949574,70.16563948751605,-10.333170249108305
2020-11-24,20.23,16.5228,-18.3253,47.7228,12.0688,1.7967,1.6297,15678250000.0,26.2644,-32.799,15.0,1.0,-51.5221,38.7904,24.47454603174604,45.65497446417415,-0.0608547619047619,10.587822358733368,70.12952049592019,-10.64867712063813
2020-11-25,20.65,16.0942,-22.062,47.7228,12.0688,1.834,1.6311,16003750000.0,26.2644,-33.7439,15.0,1.0,-51.5221,38.7904,24.39404523809524,45.70125763830311,-0.3294888888888889,10.71349051610877,70.09530287639834,-11.04297940499766
2020-11-27,21.58,16.0942,-26.0848,47.7228,12.0688,1.9166,1.6311,16724500000.0,26.2644,-33.7439,15.0,1.0,-51.5221,38.7904,24.302261706349203,45.756168304834446,-0.5740722222222222,10.946244187684616,70.05843001118365,-11.520316409906837
2020-11-30,19.98,16.0942,-20.1657,47.7228,12.0688,1.7745,1.6297,15484500000.0,26.2644,-33.7439,15.0,1.0,-51.5221,38.7904,24.22757341269841,45.79803438121538,-0.7711698412698412,11.073927654668877,70.02560779391379,-11.84509749593872
2020-12-01,20.15,16.2371,-19.4189,47.7228,12.0688,1.803,1.6297,15616250000.0,26.4764,-33.6469,15.0,1.0,-51.5221,38.7904,24.14972261904762,45.838875720827446,-0.9260246031746032,11.197483334797456,69.98859833987507,-12.12350793797206
2020-12-02,21.16,16.2371,-23.2651,47.7228,12.0688,1.8933,1.6311,16399000000.0,26.4764,-33.6488,15.0,1.0,-51.5221,38.7904,24.06250555555556,45.88726026015745,-1.0585309523809523,11.3623693170074,69.94976581571301,-12.420900269388351
2020-12-03,22.88,16.5942,-27.4729,47.7228,12.0688,2.0902,1.6311,17732000000.0,26.9374,-33.7272,15.0,1.0,-49.7624,30.73,23.970036904761905,45.94413845723044,-1.119979365079365,11.484436075359024,69.91417536199233,-12.604415440438387
2020-12-04,23.45,16.5942,-29.2358,47.7228,12.0688,2.1423,1.6311,18173750000.0,26.9374,-33.7272,15.0,1.0,-49.7624,30.73,23.862799206349205,46.00520493246138,-1.1328301587301588,11.515187068571668,69.86800413881059,-12.648017227301825
2020-12-07,23.2,16.5942,-28.4733,47.7228,12.0688,2.1195,1.6261,17980000000.0,26.9374,-33.7272,15.0,1.0,-49.7624,30.73,23.759597023809523,46.064231942106126,-1.186254761904762,11.626643085097868,69.82382896591565,-12.81289784700263
2020-12-08,23.57,16.5942,-29.5961,47.7228,12.0688,2.1533,1.6297,18266750000.0,26.9374,-33.7272,15.0,1.0,-49.7624,30.73,23.64638055555556,46.1251886425811,-1.3315650793650793,11.865845921631028,69.77156919813666,-13.197411000996109
2020-12-09,22.69,16.5942,-26.8656,47.7228,12.0688,2.0729,1.6311,17584750000.0,26.9374,-33.7272,15.0,1.0,-49.7624,30.73,23.536716468253967,46.17952405495288,-1.582373015873016,12.06881290384696,69.71624052320685,-13.651185919719977
2020-12-10,22.32,17.5942,-21.1729,47.7228,12.0688,2.0573,1.6324,17298000000.0,27.0189,-33.6248,15.0,1.0,-49.7624,30.73,23.437377182539684,46.22180814891517,-1.6823277777777776,12.178871313468218,69.65918533145486,-13.861199091245997
2020-12-11,21.32,17.5942,-17.4756,47.7228,12.0688,1.9652,1.6324,16523000000.0,27.0189,-33.6248,15.0,1.0,-49.7624,30.73,23.34798333333333,46.25733691348337,-1.7730936507936508,12.253985881543858,69.6053202468167,-14.02707953233751
2020-12-14,20.93,17.5942,-15.9379,47.7228,12.0688,1.9292,1.6297,16220750000.0,27.0189,-33.6248,15.0,1.0,-49.7624,30.73,23.26262142857143,46.29011246220763,-1.805578571428572,12.286282026465695,69.55273389077905,-14.091860597894266
2020-12-15,21.53,17.5942,-18.2805,47.7228,12.0688,1.9945,1.6311,16685750000.0,27.1285,-34.182,15.0,1.0,-49.7624,30.73,23.17144781746032,46.32665131698339,-1.9054,12.369015609174276,69.4980991344437,-14.274415609174277
2020-12-16,21.76,17.5942,-19.1443,47.7228,12.0688,2.0158,1.6324,16864000000.0,27.1285,-34.182,15.0,1.0,-49.7624,30.73,23.07826964285714,46.36450036836071,-1.9237801587301588,12.393065664346334,69.44277001121785,-14.316845823076491
2020-12-17,21.63,17.9514,-17.0069,47.7228,12.0688,2.0032,1.6324,16763250000.0,27.4402,-34.1374,15.0,1.0,-49.7624,30.73,22.988745833333333,46.39830753497457,-1.9775611111111115,12.444000655248791,69.3870533683079,-14.421561766359904
2020-12-18,21.46,17.9514,-16.3495,47.7228,12.0688,1.9874,1.6324,16631500000.0,27.4402,-34.1374,15.0,1.0,-49.7624,30.73,22.89498134920635,46.43001178137492,-2.056351587301587,12.50365140826128,69.32499313058126,-14.560002995562863
2020-12-21,21.06,17.9514,-14.7607,47.7228,12.0688,1.9504,1.6297,16321500000.0,27.4402,-34.1374,15.0,1.0,-49.7624,30.73,22.790836507936508,46.45553447070841,-2.095259523809524,12.53570951951366,69.24637097864492,-14.630969043323184
2020-12-22,19.81,17.9514,-9.3821,47.7228,12.0688,1.8346,1.6311,15352750000.0,27.4402,-34.1374,15.0,1.0,-49.7624,30.73,22.68831785714286,46.46943415352699,-2.180906349206349,12.54843186784214,69.15775201066985,-14.72933821704849
2020-12-23,20.94,17.9514,-14.2722,47.7228,12.0688,1.9393,1.6324,16228500000.0,27.4402,-34.1374,15.0,1.0,-49.7624,30.73,22.56601607142857,46.48546320622964,-2.305363492063492,12.59023437051802,69.05147927765822,-14.895597862581512
2020-12-24,20.84,17.9514,-13.8608,47.7228,12.0688,1.93,1.6324,16151000000.0,27.4402,-35.9442,15.0,1.0,-49.7624,30.73,22.452471428571428,46.50444361786955,-2.4377761904761908,12.623554796968458,68.95691504644097,-15.061330987444649
2020-12-28,21.71,17.9514,-17.3128,47.7228,12.0688,2.0106,1.6297,16825250000.0,27.4402,-35.9442,15.0,1.0,-49.7624,30.73,22.33580099206349,46.530343486345245,-2.5489531746031746,12.69274586104467,68.86614447840873,-15.241699035647844
2020-12-29,21.43,17.9514,-16.2324,47.7228,12.0688,1.9847,1.6311,16608250000.0,27.4402,-35.9442,15.0,1.0,-49.7624,30.73,22.22619285714286,46.55604523331365,-2.6683809523809523,12.750467453057205,68.78223809045652,-15.418848405438156
2020-12-30,21.79,17.9514,-17.6163,47.7228,12.0688,2.018,1.6324,16887250000.0,27.4402,-35.9442,15.0,1.0,-49.7624,30.73,22.117307539682542,46.58497539862734,-2.801668253968254,12.818610099642664,68.70228293830988,-15.620278353610916
2020-12-31,21.66,17.4092,-19.6251,47.7228,12.0688,2.006,1.6324,16786500000.0,27.4402,-35.6783,14.0,1.0,-49.7624,30.73,22.00744146825397,46.61804981220988,-2.974690476190476,12.89777569938264,68.62549128046385,-15.872466175573116
2021-01-04,20.38,17.4092,-14.577,47.7228,12.0688,1.8874,1.6261,15794500000.0,27.4402,-35.6783,14.0,1.0,-49.7624,30.73,21.893490476190475,46.63717868904146,-3.1216746031746028,12.923811898253032,68.53066916523194,-16.045486501427636
2021-01-05,20.6,17.4092,-15.4893,47.7228,12.0688,1.9078,1.6297,15965000000.0,27.4402,-35.6783,14.0,1.0,-49.7624,30.73,21.792551785714284,46.662969231738565,-3.334783333333333,12.904436960002428,68.45552101745285,-16.239220293335762
2021-01-06,20.4,17.4092,-14.6608,47.7228,12.0688,1.8893,1.6311,15810000000.0,27.4402,-35.9582,14.0,1.0,-49.7624,30.73,21.702672023809523,46.68951567578434,-3.519381746031746,12.898725836071591,68.39218769959386,-16.41810758210334
2021-01-07,20.74,17.4092,-16.0598,47.7228,12.0688,1.9208,1.6311,16073500000.0,27.4402,-35.9582,14.0,1.0,-49.7624,30.73,21.616309126984127,46.719078954554966,-3.758827777777778,12.848772634044812,68.3353880815391,-16.60760041182259
2021-01-08,20.47,18.4092,-10.0674,47.7228,12.0688,1.9933,1.6311,15864250000.0,30.6028,-34.865,16.0,1.0,-49.7624,49.3713,21.542875992063493,46.739771810753496,-3.808970634920634,12.861057800103673,68.282647802817,-16.670028435024307
2021-01-11,20.14,18.2916,-9.1778,47.7228,12.0688,1.9677,1.6261,15608500000.0,33.0425,-34.5286,16.0,1.0,-49.7624,46.0107,21.472652976190474,46.75932207021729,-3.888105555555556,12.863189734154028,68.23197504640777,-16.751295289709585
2021-01-12,20.13,18.2147,-9.5147,47.7228,12.0688,1.9701,1.6297,15600750000.0,33.096,-34.7471,16.0,1.0,-59.1392,43.8073,21.4022873015873,46.77925149558329,-3.9529968253968257,12.870845586281678,68.18153879717059,-16.823842411678505
2021-01-13,20.1,18.0608,-10.1453,47.7228,12.0688,1.9857,1.6311,15577500000.0,33.2439,-35.437,16.0,1.0,-59.1392,43.8073,21.32895277777778,46.79971536983875,-3.91359126984127,12.843985233164972,68.12866814761654,-16.75757650300624
2021-01-14,20.92,18.0608,-13.6673,47.7228,12.0688,2.0667,1.6324,16213000000.0,33.2437,-35.3044,16.0,1.0,-59.1392,43.8073,21.25205357142857,46.82535828960123,-3.974719841269841,12.872124892234377,68.0774118610298,-16.846844733504216
2021-01-15,20.79,18.2147,-12.3872,47.7228,12.0688,2.055,1.6324,16112250000.0,33.2065,-35.4209,16.0,1.0,-59.1392,10.1458,21.1767998015873,46.84892356859865,-4.038719841269841,12.89390001300149,68.02572337018594,-16.93261985427133
2021-01-19,20.87,18.2147,-12.723,47.7228,12.0688,2.0629,1.6297,16174250000.0,33.2065,-35.4209,16.0,1.0,-59.1392,10.1458,21.10464821428572,46.87311630378319,-4.129177777777778,12.91467545248501,67.9777645180689,-17.043853230262787
2021-01-20,20.78,18.4454,-11.2348,47.7228,12.0688,2.1123,1.6311,16104500000.0,34.4467,-36.127,16.0,1.0,-59.1392,10.1458,21.041439484126983,46.89524251971481,-4.196398412698413,12.929552133372376,67.9366820038418,-17.12595054607079
2021-01-21,20.74,18.2208,-12.1466,47.7228,12.0688,2.1907,1.6311,16073500000.0,34.3345,-36.0125,17.0,1.0,-59.1392,10.1458,20.97484126984127,46.91853361944261,-4.273403968253969,12.947911673775844,67.89337488928388,-17.22131564202981
2021-01-22,20.22,18.2208,-9.8872,47.7228,12.0688,2.1358,1.6311,15670500000.0,34.3345,-36.0125,17.0,1.0,-59.1392,10.1458,20.91161607142857,46.93864462830411,-4.35026507936508,12.952297650269138,67.85026069973269,-17.302562729634218
2021-01-25,19.22,18.2208,-5.1988,47.7228,12.0688,2.0302,1.6261,14895500000.0,33.6203,-36.0143,17.0,1.0,-59.1392,16.1001,20.86099246031746,46.95304527535781,-4.389916666666667,12.94714529609507,67.81403773567527,-17.337061962761737
2021-01-26,18.72,18.8531,0.711,30.7895,10.6386,0.9614,1.6225,17259840000.0,65.9063,106.4322,3.0,1.0,-59.1392,-42.6901,20.82277202380952,46.96160808932352,-4.451506349206349,12.9038604819037,67.78438011313304,-17.35536683111005
2021-01-27,18.98,18.8531,-0.6686,34.2229,10.6386,0.9738,1.6224,17499560000.0,66.3238,115.5991,4.0,1.0,-59.1392,-42.6901,20.785570634920635,46.97120980178631,-4.478755555555556,12.892119659001212,67.75678043670695,-17.37087521455677
2021-01-28,19.74,18.8531,-4.4929,35.5932,10.6386,1.0128,1.6156,18200280000.0,66.3238,115.5991,4.0,1.0,-59.1392,-42.6901,20.74019841269841,46.98458589926404,-4.518541269841269,12.884302343600908,67.72478431196245,-17.402843613442176
2021-01-29,18.67,18.8531,0.9807,34.0756,10.6386,0.9587,1.6147,17213740000.0,66.4257,116.6726,4.0,1.0,-59.1392,-42.6901,20.71047142857143,46.99235337580693,-4.53213253968254,12.877535487046012,67.70282480437837,-17.409668026728554
2021-02-01,18.8,18.7762,-0.1266,34.1694,10.6284,0.9644,1.602,17333600000.0,65.6462,115.0353,6.0,1.0,-59.1392,49.7901,20.679146825396824,47.0009871215119,-4.581522222222223,12.848345748111656,67.68013394690873,-17.42986797033388
2021-02-02,19.45,18.7762,-3.4643,35.3508,10.6335,0.9978,1.593,17932900000.0,65.6462,115.0353,6.0,1.0,-59.1392,49.7901,20.642151388888887,47.01265986953031,-4.709586507936509,12.7550784105929,67.6548112584192,-17.464664918529408
2021-02-03,20.44,18.7762,-8.1399,37.1501,10.6386,1.0486,1.5839,18845680000.0,65.6462,115.0353,6.0,1.0,-59.1392,49.7901,20.597725198412697,47.02928803244785,-4.831153968253967,12.713804433151422,67.62701323086054,-17.54495840140539
2021-02-04,21.05,18.7762,-10.8019,38.2588,10.6386,1.0799,1.5832,19408100000.0,65.6462,115.0353,6.0,1.0,-59.1392,49.7901,20.549488095238093,47.04903643977616,-4.956860317460317,12.693739938877323,67.59852453501425,-17.650600256337643
2021-02-05,21.31,18.7762,-11.8902,38.7314,10.6386,1.0932,1.5803,19647820000.0,65.6462,115.0353,6.0,1.0,-59.1392,49.7901,20.50030555555556,47.070002357675484,-5.105723015873016,12.66392241968114,67.57030791323103,-17.769645435554153
2021-02-08,21.61,18.6224,-13.8251,39.7535,10.6284,1.0869,1.575,19924420000.0,67.0654,115.8961,6.0,1.0,-59.1392,49.7901,20.4419748015873,47.09432948716208,-5.243698412698412,12.66346048719362,67.53630428874938,-17.907158899892032
2021-02-09,21.05,18.6224,-11.5325,38.7233,10.6335,1.0587,1.5726,19408100000.0,67.0654,115.8961,6.0,1.0,-59.1392,49.7901,20.386856746031743,47.11550041055796,-5.29853492063492,12.675705561265117,67.50235715658971,-17.974240481900036
2021-02-10,20.93,18.0065,-13.968,45.2932,10.6386,1.06,1.5703,19297460000.0,67.2878,124.4551,7.0,1.0,-59.1392,49.7901,20.328749206349205,47.13981707001153,-5.354519047619048,12.698454683872004,67.46856627636073,-18.05297373149105
2021-02-11,20.72,18.2922,-11.7172,44.8388,10.6386,1.0494,1.5691,19103840000.0,67.2878,124.4551,7.0,1.0,-59.1392,80.3937,20.271908531746032,47.16118948425331,-5.420014285714285,12.709906718057011,67.43309801599935,-18.129921003771297
2021-02-12,20.6,18.2922,-11.2029,44.5791,10.6386,1.0433,1.5632,18993200000.0,67.2878,124.4551,7.0,1.0,-59.1392,80.3937,20.21804027777777,47.18164054362855,-5.47991746031746,12.719305265707291,67.39968082140632,-18.19922272602475
2021-02-16,22.47,18.2922,-18.5928,48.6258,10.6284,1.138,1.5589,20717340000.0,67.2878,124.4551,7.0,1.0,-59.1392,80.3937,20.14971091269841,47.21291249126293,-5.586114285714286,12.77279788160256,67.36262340396134,-18.358912167316845
2021-02-17,23.2,18.2922,-21.1543,50.2056,10.6335,1.175,1.5585,21390400000.0,67.2878,124.4551,7.0,1.0,-59.1392,80.3937,20.07690138888889,47.24831502157582,-5.753124603174604,12.838044336210496,67.3252164104647,-18.5911689393851
2021-02-18,22.89,18.2922,-20.0865,49.5347,10.6335,1.1593,1.5581,21104580000.0,67.2878,124.4551,7.0,1.0,-59.1392,80.3937,20.010339484126984,47.28127285601117,-5.919629365079365,12.887110752314006,67.29161234013814,-18.80674011739337
2021-02-19,24.59,18.2922,-25.6112,53.2136,10.6335,1.2454,1.5557,22671980000.0,67.2878,124.4551,7.0,1.0,-59.1392,80.3937,19.93491984126984,47.3237334923225,-6.119560317460317,12.996053971319494,67.25865333359235,-19.11561428877981
2021-02-22,25.97,18.2922,-29.5641,56.2,10.6256,1.3153,1.5442,23944340000.0,67.2878,124.4551,7.0,1.0,-59.1392,80.3937,19.84858591269841,47.37434019209596,-6.354125396825397,13.150680896975118,67.22292610479437,-19.50480629380052
2021-02-23,26.46,18.2922,-30.8685,57.2603,10.6284,1.3401,1.5427,24396120000.0,67.2878,124.4551,7.0,1.0,-59.1392,80.3937,19.76177797619048,47.42718474401439,-6.593084126984127,13.320664611890146,67.18896272020487,-19.913748738874272
2021-02-24,27.01,18.2922,-32.2762,58.4506,10.6335,1.3679,1.5408,24903220000.0,67.2878,124.4551,7.0,1.0,-59.1392,80.3937,19.67122103174604,47.482964044179326,-6.778828571428571,13.514464324441926,67.15418507592535,-20.293292895870497
2021-02-25,25.47,18.2922,-28.1814,55.1179,10.6335,1.2899,1.5362,23483340000.0,67.2878,124.4551,7.0,1.0,-59.1392,80.3937,19.58755297619048,47.530127957975246,-6.943453968253968,13.648241856242896,67.11768093416572,-20.591695824496863
2021-02-26,26.75,18.797,-29.7308,68.9611,10.6335,1.367,1.5329,24663500000.0,68.3485,135.1225,8.0,1.0,-59.1392,80.3937,19.4985757936508,47.58046789824947,-7.14970238095238,13.79506486108966,67.07904369190027,-20.94476724204204
2021-03-01,26.31,18.797,-28.5557,67.8268,10.6256,1.3445,1.5318,24257820000.0,68.3485,135.1225,8.0,1.0,-59.1392,87.6085,19.412246428571432,47.62817742510833,-7.322241269841269,13.926185717642843,67.04042385367977,-21.24842698748412
2021-03-02,27.59,18.7932,-31.884,83.9112,10.6284,1.4193,1.5315,25437980000.0,70.1578,153.9931,8.0,1.0,-59.1392,87.6085,19.31962638888889,47.68252883057029,-7.467221428571428,14.086403360458393,67.00215521945918,-21.55362478902982
2021-03-03,28.67,20.4598,-28.6369,146.7247,10.6335,1.4918,1.531,26433740000.0,72.6867,271.5693,10.0,1.0,-59.1392,105.5402,19.22829444444444,47.73028443551823,-7.6168,14.21078065479572,66.95857887996267,-21.82758065479572
2021-03-04,27.4,20.4598,-25.3292,140.2252,10.6335,1.4257,1.5292,25262800000.0,72.6867,271.5693,10.0,1.0,-59.1392,105.5402,19.14576845238095,47.77135978850505,-7.738825396825397,14.29676223412232,66.917128240886,-22.03558763094772
2021-03-05,26.09,20.4598,-21.5799,133.521,10.6335,1.3576,1.5274,24054980000.0,72.6867,271.5693,10.0,1.0,-59.1392,105.5402,19.06673769841269,47.80577730896921,-7.82254126984127,14.346992874780398,66.8725150073819,-22.169534144621668
2021-03-08,26.69,20.4598,-23.3428,136.5916,10.6256,1.3888,1.5228,24608180000.0,72.6867,271.5693,10.0,1.0,-59.1392,105.5402,18.980946825396824,47.843069368429866,-7.885304761904762,14.39776766455597,66.8240161938267,-22.28307242646073
2021-03-09,27.58,20.4598,-25.8165,141.1464,10.6284,1.4351,1.5218,25428760000.0,72.6867,271.5693,10.0,1.0,-59.1392,105.5402,18.88847341269841,47.884589333201006,-7.933292063492064,14.447685896284318,66.77306274589941,-22.38097795977638
2021-03-10,26.7,20.4598,-23.3715,136.6428,10.6335,1.3893,1.5207,24617400000.0,72.6867,271.5693,10.0,1.0,-59.1392,105.5402,18.80284007936508,47.92155515059074,-7.970230158730159,14.481388052129514,66.72439522995582,-22.45161821085967
2021-03-11,27.47,20.5932,-25.0339,125.836,10.6335,1.4263,1.5204,25327340000.0,74.4898,242.311,10.0,1.0,-59.1392,105.5402,18.71281825396825,47.961266094227874,-8.043374603174604,14.54447989341888,66.67408434819612,-22.587854496593486
2021-03-12,28.46,20.5932,-27.6416,130.371,10.6335,1.4777,1.5195,26240120000.0,74.4898,242.311,10.0,1.0,-59.1392,105.5402,18.62115555555556,48.00569144538911,-8.134915873015872,14.63167604864126,66.62684700094466,-22.76659192165713
2021-03-15,29.79,21.2598,-28.6344,152.4565,10.6256,1.5762,1.5171,27466380000.0,73.0192,268.2526,11.0,1.0,-59.1392,105.5402,18.52894027777777,48.05180768510031,-8.241488095238095,14.732151591017974,66.58074796287809,-22.97363968625607
2021-03-16,28.25,21.8529,-22.6446,139.9208,10.6284,1.4931,1.517,26046500000.0,75.6292,259.747,11.0,1.0,-59.1392,96.0604,18.449528174603174,48.0867712945648,-8.293534126984127,14.771620281819535,66.53629946916797,-23.065154408803664
2021-03-17,28.93,23.3195,-19.3934,217.0293,10.6284,1.5375,1.517,26673460000.0,80.3041,414.4769,11.0,1.0,-59.1392,103.5718,18.38060992063492,48.11611684824837,-8.401290476190477,14.8028921555345,66.49672676888329,-23.204182631724976
2021-03-18,28.27,22.9329,-18.879,212.078,10.6284,1.5024,1.5146,26064940000.0,80.3041,414.4769,11.0,1.0,-59.1392,103.5743,18.31179087301588,48.14460272914038,-8.480896031746031,14.83225829738076,66.45639360215625,-23.31315432912679
2021-03-19,28.96,22.9329,-20.8118,217.2543,10.6284,1.5391,1.5146,26701120000.0,80.3041,414.4769,11.0,1.0,-59.1392,103.5743,18.23814265873016,48.17605627578431,-8.58564126984127,14.872633356176014,66.41419893451446,-23.458274626017285
2021-03-22,27.48,22.9329,-16.5469,206.1515,10.6228,1.4604,1.5068,25336560000.0,80.3041,414.4769,11.0,1.0,-59.1392,103.5743,18.17589861111111,48.20073556408348,-8.701076984126983,14.877570010101188,66.3766341751946,-23.578646994228173
2021-03-23,25.33,22.9329,-9.4635,190.0225,10.6256,1.3462,1.5063,23354260000.0,80.3041,414.4769,11.0,1.0,-59.1392,103.5743,18.124316865079365,48.21640427944679,-8.81581111111111,14.82677471770148,66.34072114452616,-23.64258582881259
2021-03-24,24.85,22.9329,-7.7147,186.4216,10.6284,1.3206,1.5058,22911700000.0,80.3041,414.4769,11.0,1.0,-59.1392,103.5743,18.077143849206347,48.23005587349815,-8.909726984126983,14.78159817884055,66.3071997227045,-23.691325162967534
2021-03-25,25.85,22.9329,-11.2847,193.9235,10.6284,1.3738,1.5034,23833700000.0,80.3041,414.4769,11.0,1.0,-59.1392,103.5743,18.008721428571427,48.24723175813627,-9.048350793650792,14.720711285873232,66.2559531867077,-23.769062079524023
2021-03-26,26.06,22.9329,-11.9996,195.4989,10.6284,1.3849,1.5033,24027320000.0,80.3041,414.4769,11.0,1.0,-59.1392,103.5743,17.9344251984127,48.264584749391446,-9.266168253968251,14.557528811990732,66.19900994780414,-23.823697065958985
2021-03-29,25.63,22.9329,-10.5232,192.2731,10.6256,1.3621,1.5021,23630860000.0,80.3041,414.4769,11.0,1.0,-59.1392,103.5743,17.861476190476193,48.27978435116642,-9.39140634920635,14.499349751972863,66.14126054164261,-23.89075610117921
2021-03-30,26.65,22.9329,-13.9478,199.925,10.6284,1.4163,1.502,24571300000.0,80.3041,414.4769,11.0,1.0,-59.1392,103.5743,17.783608928571432,48.29941168150538,-9.53072857142857,14.457732744155056,66.08302061007682,-23.988461315583628
2021-03-31,26.54,23.3746,-11.9269,208.9764,10.6335,1.4105,1.5014,24469880000.0,80.3041,422.8187,12.0,1.0,-59.1392,103.5743,17.7182375,48.317315310061744,-9.667107142857144,14.398050329258636,66.03555281006174,-24.06515747211578
2021-04-01,26.86,23.3746,-12.9762,211.4961,10.6335,1.4275,1.4997,24764920000.0,80.3041,422.8187,12.0,1.0,-59.1392,103.5743,17.651609325396826,48.33647699990921,-9.805760317460315,14.344607253102778,65.98808632530603,-24.15036757056309
2021-04-05,28.11,23.3746,-16.846,237.0152,10.6228,1.4939,1.4959,25917420000.0,80.3041,456.1363,13.0,1.0,-59.1392,103.5743,17.58099206349206,48.360868572877735,-9.98340238095238,14.291581091075626,65.9418606363698,-24.274983472028005
2021-04-06,28.6,23.3746,-18.2706,241.1467,10.6256,1.5199,1.4959,26369200000.0,80.3041,456.1363,13.0,1.0,-59.1392,103.5743,17.50714900793651,48.38718612245417,-10.165168253968254,14.249791282157792,65.89433513039067,-24.414959536126048
2021-04-07,29.0,24.8985,-14.1431,368.9567,10.6284,1.8602,1.4959,31755000000.0,96.3364,685.2452,14.0,1.0,-59.1392,104.8379,17.441361904761905,48.40766943308998,-10.330280952380951,14.173590807739243,65.84903133785188,-24.5038717601202
2021-04-08,28.56,26.2735,-8.006,221.9114,10.6284,1.8187,1.4959,31273200000.0,106.4695,445.0978,15.0,1.0,-59.1392,107.8953,17.38543214285714,48.42077858143383,-10.437599206349203,14.103667004761402,65.80621072429096,-24.541266211110607
2021-04-09,29.3,26.2735,-10.3294,217.8439,10.6284,1.8646,1.4959,32083500000.0,109.5981,421.6427,16.0,1.0,-59.1392,107.8953,17.322089682539684,48.43613947010439,-10.521593650793651,14.070960872956595,65.75822915264408,-24.592554523750245
2021-04-12,27.75,26.2735,-5.3207,172.1464,10.6256,1.766,1.4959,30386250000.0,109.5981,357.068,17.0,1.0,-59.1392,107.8953,17.27039285714286,48.44639362116897,-10.59058492063492,14.023524391416265,65.71678647831183,-24.614109312051184
2021-04-13,27.82,26.2735,-5.559,172.5806,10.6284,1.7704,1.4959,30462900000.0,109.5981,357.068,17.0,1.0,-59.1392,107.8953,17.219136309523808,48.45687390498305,-10.657284126984129,13.97902520644634,65.67601021450686,-24.636309333430468
2021-04-14,27.94,26.2735,-5.9646,173.3251,10.6335,1.7781,1.4959,30594300000.0,109.5981,357.068,17.0,1.0,-59.1392,107.8953,17.174119841269842,48.46787255538466,-10.75296111111111,13.90453627060146,65.6419923966545,-24.657497381712574
2021-04-15,27.32,26.2735,-3.8305,169.4789,10.6335,1.7386,1.4959,29915400000.0,109.5981,357.068,17.0,1.0,-59.1392,107.8953,17.134070238095237,48.47688988273245,-10.904536507936507,13.721501754700633,65.61096012082768,-24.62603826263714
2021-04-16,27.03,26.2735,-2.7987,164.8171,10.6335,1.7217,1.4959,29597850000.0,110.5434,352.8453,17.0,1.0,-59.1392,107.8953,17.100533531746034,48.48483640814492,-11.05185238095238,13.531225695060677,65.58536993989095,-24.58307807601306
2021-04-19,26.89,27.261,1.3797,144.8034,10.6256,1.6971,1.4959,29444550000.0,116.0807,328.4516,17.0,1.0,-59.1392,111.5868,17.074207936507936,48.489772614783135,-11.162729365079366,13.369423239347569,65.56398055129107,-24.532152604426933
2021-04-20,25.72,27.3235,6.2344,139.4038,10.6284,1.6273,1.4959,28163400000.0,118.875,330.5727,17.0,1.0,-59.1392,110.3665,17.05365496031746,48.49217221433438,-11.238864285714286,13.241192509380353,65.54582717465183,-24.48005679509464
2021-04-21,27.33,27.3235,-0.0238,148.1301,10.6335,1.7291,1.4959,29926350000.0,118.875,330.5727,17.0,1.0,-59.1392,110.3665,17.01824384920635,48.49812503399282,-11.36011984126984,13.065429019086944,65.51636888319916,-24.425548860356784
2021-04-22,26.91,27.3235,1.5366,145.8537,10.6386,1.7026,1.4972,29466450000.0,118.875,330.5727,17.0,1.0,-59.1392,110.3665,16.98888630952381,48.5030188518526,-11.440191269841272,12.953873137251236,65.49190516137641,-24.394064407092507
2021-04-23,27.27,27.5735,1.1129,147.8049,10.6386,1.7253,1.4972,29860650000.0,118.875,330.5727,17.0,1.0,-59.1392,110.3665,16.958602182539682,48.50816693728017,-11.52375238095238,12.837222403412284,65.46676911981986,-24.360974784364664
2021-04-26,27.55,27.5735,0.0853,149.3225,10.6284,1.743,1.4959,30167250000.0,118.875,330.5727,17.0,1.0,-59.1392,110.3665,16.926708134920634,48.51397729161609,-11.574053968253969,12.778619479706723,65.44068542653672,-24.35267344796069
2021-04-27,27.81,27.5839,-0.813,150.7317,10.6335,1.7595,1.4959,30451950000.0,118.875,330.5727,17.0,1.0,-59.1392,110.3665,16.895530357142857,48.52033077020259,-11.622136507936506,12.726116272720931,65.41586112734545,-24.34825278065744
2021-04-28,27.8,27.5464,-0.9122,174.1855,10.6386,1.7605,1.4972,30441000000.0,121.6915,363.8701,18.0,1.0,-59.1392,110.3665,16.86419761904762,48.52673368274865,-11.750188888888893,12.533558776048864,65.39093130179627,-24.28374766493776
2021-04-29,27.21,27.5464,1.2363,170.4887,10.6386,1.7231,1.4972,29794950000.0,121.6915,363.8701,18.0,1.0,-59.1392,110.3665,16.838914484126985,48.5315592274573,-11.879133333333334,12.312016572353857,65.37047371158428,-24.19114990568719
2021-04-30,27.96,27.5464,-1.4793,175.188,10.6386,1.7706,1.4972,30616200000.0,121.6915,363.8701,18.0,1.0,-59.1392,110.3665,16.81213253968254,48.53794849164501,-12.140306349206348,11.720829256940624,65.35008103132755,-23.861135606146973
2021-05-03,27.93,27.5464,-1.3734,175.2196,10.6284,1.7687,1.4959,30583350000.0,121.692,364.3131,18.0,1.0,-59.1392,109.2736,16.779465277777778,48.54464920932587,-12.345992857142855,11.291466903945851,65.32411448710364,-23.637459761088707
2021-05-04,26.68,27.5464,3.2474,159.5694,10.6284,1.6737,1.4959,29214600000.0,122.559,351.9648,19.0,1.0,-59.1392,109.2736,16.760056944444447,48.54810683742304,-12.462376190476192,11.050094062588991,65.30816378186748,-23.51247025306518
2021-05-05,26.52,27.5464,3.8703,158.6124,10.6335,1.6637,1.4959,29039400000.0,122.559,351.9648,19.0,1.0,-59.1392,109.2736,16.740535317460317,48.55131410194768,-12.572314285714285,10.813761242207551,65.291849419408,-23.38607552792184
2021-05-06,25.95,27.5464,6.1518,155.2033,10.6335,1.6279,1.4959,28415250000.0,122.559,351.9648,19.0,1.0,-59.1392,109.2736,16.720623015873016,48.55359926009649,-12.653242063492062,10.632223173521728,65.2742222759695,-23.28546523701379
2021-05-07,26.76,27.5464,2.9387,160.0478,10.6335,1.6787,1.4959,29302200000.0,122.559,351.9648,19.0,1.0,-59.1392,109.2736,16.695786507936507,48.55744867860503,-12.785281746031746,10.327721300665509,65.25323518654153,-23.11300304669725
2021-05-10,26.27,27.5464,4.8588,157.1172,10.6256,1.648,1.4959,28765650000.0,122.559,351.9648,19.0,1.0,-59.1392,109.2736,16.674420039682538,48.56028884838987,-12.845864285714285,10.199854310531606,65.2347088880724,-23.04571859624589
2021-05-11,25.88,27.6714,6.9219,154.7847,10.6284,1.6235,1.4959,28338600000.0,122.6084,354.8954,19.0,1.0,-59.1392,109.2736,16.65883571428571,48.56215951189238,-12.913330158730158,10.038212358441072,65.22099522617809,-22.95154251717123
2021-05-12,24.78,27.6714,11.6683,148.2057,10.6335,1.5545,1.4959,27134100000.0,122.6084,354.8954,19.0,1.0,-59.1392,109.2736,16.645542063492062,48.56260766802317,-12.684727777777775,10.26666752463418,65.20814973151523,-22.95139530241196
2021-05-13,25.12,27.6714,10.1568,150.2392,10.6335,1.5759,1.4959,27506400000.0,122.6084,354.8954,19.0,1.0,-59.1392,109.2736,16.633787698412696,48.56346154033919,-12.573956349206348,10.43717042491859,65.19724923875188,-23.01112677412494
2021-05-14,27.2,27.6714,1.7331,162.6794,10.6335,1.7063,1.4959,29784000000.0,122.6084,354.8954,19.0,1.0,-59.1392,109.2736,16.605191071428575,48.567992716154095,-12.554531746031747,10.4616675736567,65.17318378758267,-23.016199319688447
2021-05-17,27.52,27.6714,0.5501,164.5933,10.6284,1.7264,1.4959,30134400000.0,122.6084,354.8954,19.0,1.0,-59.1392,109.2736,16.574845634920635,48.5732467480699,-12.61205238095238,10.368379700730014,65.14809238299054,-22.980432081682395
2021-05-18,28.0,27.6714,-1.1736,167.4641,10.6284,1.7565,1.4959,30660000000.0,122.6084,354.8954,19.0,1.0,-59.1392,109.2736,16.540009523809523,48.57967958130652,-12.632624603174602,10.34285866472639,65.11968910511604,-22.97548326790099
2021-05-19,27.68,27.6714,-0.0311,164.9583,10.6335,1.7317,1.4972,30309600000.0,124.447,353.6439,19.0,1.0,-59.1392,110.0174,16.501709325396828,48.58513029199845,-12.572663492063493,10.394121291834743,65.08683961739528,-22.96678478389824
2021-05-20,27.53,27.7964,0.9677,175.0159,10.6335,1.7239,1.4972,30145350000.0,125.4912,377.859,19.0,1.0,-59.1392,110.0174,16.466649007936507,48.58996102519915,-12.485270634920637,10.461626506489644,65.05661003313566,-22.94689714141028
2021-05-21,27.17,27.7964,2.3055,172.7273,10.6335,1.7014,1.4972,29751150000.0,125.4912,377.859,19.0,1.0,-59.1392,110.0174,16.43410892857143,48.59394991918855,-12.40915238095238,10.53440148995804,65.02805884775998,-22.94355387091042
2021-05-24,27.9,27.7964,-0.3713,177.3681,10.6256,1.7471,1.4959,30550500000.0,125.4912,377.859,19.0,1.0,-59.1392,110.0174,16.391649404761903,48.59927649285515,-12.339357142857144,10.58507502471213,64.99092589761705,-22.92443216756927
2021-05-25,28.58,27.7964,-2.7418,181.691,10.6256,1.7897,1.4959,31295100000.0,125.4912,377.859,19.0,1.0,-59.1392,110.0174,16.344618055555557,48.60631381974596,-12.322407936507936,10.59881984442855,64.9509318753015,-22.921227780936487
2021-05-26,29.37,27.7964,-5.3578,186.7133,10.6284,1.8391,1.4959,32160150000.0,125.4912,377.859,19.0,1.0,-59.1392,110.0174,16.290710317460317,48.6153039849547,-12.29258492063492,10.6131926209151,64.90601430241502,-22.905777541550023
2021-05-27,30.0,27.7964,-7.3453,175.7469,10.6284,1.8786,1.4959,32850000000.0,125.4912,351.8824,19.0,1.0,-59.1392,110.0174,16.234498412698414,48.62624244503757,-12.205442063492065,10.608339115758527,64.86074085773598,-22.8137811792506
2021-05-28,29.56,27.7964,-5.9662,173.1693,10.6284,1.851,1.4959,32368200000.0,125.4912,351.8824,19.0,1.0,-59.1392,110.0174,16.180790079365078,48.63580274688693,-12.07769761904762,10.58558552277909,64.816592826252,-22.66328314182671
2021-06-01,30.15,27.7964,-7.8063,176.6257,10.6228,1.888,1.4959,33014250000.0,125.4912,351.8824,19.0,1.0,-59.1392,110.0174,16.121740873015874,48.64684407933405,-11.93263015873016,10.5171182031752,64.76858495234993,-22.44974836190536
2021-06-02,31.31,27.7964,-11.222,183.4212,10.6256,1.9606,1.4959,34284450000.0,125.4912,351.8824,19.0,1.0,-59.1392,110.0174,16.055991865079367,48.66138935698525,-11.861648412698411,10.491256789999634,64.71738122206462,-22.352905202698047
2021-06-03,30.67,27.7964,-9.3694,171.917,10.6256,1.9205,1.4959,33583650000.0,125.7004,336.8946,19.0,1.0,-59.1392,110.0174,15.999285912698411,48.67435670111616,-11.781890476190476,10.47152571593197,64.67364261381456,-22.253416192122444
2021-06-04,30.54,27.7964,-8.9836,171.1883,10.6256,1.9124,1.4959,33441300000.0,125.7004,336.8946,19.0,1.0,-59.1392,110.0174,15.936884920634922,48.68620740973265,-11.66854523809524,10.423417459175909,64.62309233036757,-22.091962697271143
2021-06-07,30.89,27.7964,-10.0149,173.1502,10.6175,1.9343,1.4959,33824550000.0,125.7004,336.8946,19.0,1.0,-59.1392,110.0174,15.873924007936507,48.699233529898585,-11.529989682539682,10.327242401057926,64.57315753783509,-21.85723208359761
2021-06-08,31.08,27.7964,-10.565,174.2152,10.6228,1.9462,1.4959,34032600000.0,125.7004,336.8946,19.0,1.0,-59.1392,110.0174,15.814819246031748,48.71323466814946,-11.38180873015873,10.204375838017688,64.52805391418121,-21.586184568176417
2021-06-09,30.45,27.7964,-8.7146,163.7977,10.6256,1.9068,1.4959,33342750000.0,125.7004,327.4299,19.0,1.0,-59.1392,110.0174,15.763415476190476,48.72544526472142,-11.224993650793651,10.090810570777522,64.4888607409119,-21.31580422157117
2021-06-10,29.83,27.7964,-6.8173,119.177,10.6256,1.8603,1.4959,32663850000.0,124.2676,248.0326,18.0,1.0,-59.1392,110.0174,15.71573234126984,48.73577991818944,-11.044209523809524,9.962276613813964,64.45151225945928,-21.00648613762349
2021-06-11,29.93,27.7964,-7.1286,119.5765,10.6256,1.8666,1.4959,32773350000.0,124.2676,248.0326,18.0,1.0,-59.1392,110.0174,15.66838988095238,48.74637881132924,-10.887566666666666,9.86622252233934,64.41476869228161,-20.753789189006007
2021-06-14,28.75,27.7964,-3.3169,111.4341,10.6175,1.793,1.4959,31481250000.0,124.2676,241.0097,18.0,1.0,-59.1392,110.0174,15.625645436507936,48.75357619397622,-10.74585238095238,9.845522766924589,64.37922163048415,-20.591375147876967
2021-06-15,28.61,27.7964,-2.8438,110.8915,10.6228,1.7843,1.4959,31327950000.0,124.2676,241.0097,18.0,1.0,-59.1392,110.0174,15.585031944444443,48.76043232407731,-10.629726984126984,9.851799277081426,64.34546426852175,-20.48152626120841
2021-06-16,29.28,27.9839,-4.4266,103.7562,10.6256,1.8223,1.4959,32061600000.0,127.9235,227.9968,18.0,1.0,-59.1392,108.2625,15.536928968253967,48.76820670595244,-10.538367460317462,9.855554389770711,64.30513567420641,-20.393921850088176
2021-06-17,28.42,27.9839,-1.5345,100.7087,10.6256,1.7688,1.4959,31119900000.0,127.9235,227.9968,18.0,1.0,-59.1392,108.2625,15.495018055555557,48.7737939888515,-10.4054626984127,9.86322358300944,64.26881204440706,-20.26868628142214
2021-06-18,28.18,27.9839,-0.6959,99.8583,10.6256,1.7538,1.4959,30857100000.0,127.9235,227.9968,18.0,1.0,-59.1392,108.2625,15.45774623015873,48.77898496822541,-10.259046825396826,9.869388885994208,64.23673119838413,-20.128435711391035
2021-06-21,28.67,27.9839,-2.3931,101.5946,10.6175,1.7843,1.4959,31393650000.0,127.9235,227.9968,18.0,1.0,-59.1392,108.2625,15.416063888888887,48.7852572297008,-10.143064285714289,9.875322485561188,64.20132111858969,-20.01838677127548
2021-06-22,28.06,27.9839,-0.2712,99.433,10.6228,1.7464,1.4959,30725700000.0,127.9235,227.9968,18.0,1.0,-59.1392,108.2625,15.370774999999998,48.78921201425266,-10.015458730158729,9.89833580114351,64.15998701425266,-19.91379453130224
2021-06-23,28.15,27.9839,-0.5901,99.7519,10.6256,1.752,1.4959,30824250000.0,127.9235,227.9968,18.0,1.0,-59.1392,108.2625,15.323112103174603,48.79305484857016,-9.90299365079365,9.924457800345344,64.11616695174476,-19.827451451138995
2021-06-24,27.46,28.3378,3.1966,96.6221,10.6256,1.7096,1.4959,30068700000.0,131.9666,226.8843,18.0,1.0,-59.1392,108.2625,15.28102261904762,48.7943503863108,-9.8031626984127,9.99276942949219,64.07537300535841,-19.79593212790489
2021-06-25,28.13,28.3378,0.7387,98.9796,10.6256,1.7513,1.4959,30802350000.0,131.9666,226.8843,18.0,1.0,-59.1392,108.2625,15.233675595238095,48.796865770660496,-9.684028571428572,10.028479594896394,64.03054136589859,-19.71250816632497
2021-06-28,26.15,28.279,8.1415,92.0127,10.6175,1.683,1.4959,29601800000.0,131.9666,226.8843,18.0,1.0,-59.1392,108.2625,15.20810099206349,48.79719902061624,-9.509407142857144,10.14603857646248,64.00530001267973,-19.655445719319623
2021-06-29,25.78,28.279,9.6936,90.7108,10.6228,1.6592,1.4959,29182960000.0,131.9666,226.8843,18.0,1.0,-59.1392,108.2625,15.188839285714284,48.79745646829342,-9.295070634920634,10.264438196086868,63.9862957540077,-19.559508831007506
2021-06-30,26.36,28.279,7.28,87.3426,10.6256,1.6982,1.4959,29839520000.0,132.8385,214.3851,18.0,1.0,-59.1392,107.9659,15.163457936507935,48.79823824355715,-9.108464285714286,10.350673523928313,63.96169618006509,-19.4591378096426
2021-07-01,26.36,28.279,7.28,89.024,10.6256,1.7018,1.4959,29839520000.0,139.7707,217.9983,18.0,1.0,-59.1392,107.9659,15.139305555555556,48.79912345740382,-8.910874603174603,10.42433097746163,63.938429012959375,-19.335205580636234
2021-07-02,26.06,28.279,8.515,94.7292,10.6256,1.6842,1.4959,29499920000.0,142.7884,231.0208,18.0,1.0,-59.1392,106.0347,15.115807142857143,48.799456836362445,-8.687540476190476,10.49415699372679,63.91526397921959,-19.181697469917268
2021-07-06,25.02,28.279,13.0256,90.9487,10.6256,1.617,1.4959,28322640000.0,142.7884,231.0208,18.0,1.0,-59.1392,106.0347,15.104974603174604,48.79931337189507,-8.468472222222221,10.657070613857195,63.90428797506967,-19.12554283607942
2021-07-07,24.08,28.279,17.4377,87.5318,10.6284,1.5563,1.4959,27258560000.0,142.7884,231.0208,18.0,1.0,-59.1392,106.0347,15.100414682539682,48.79898716070485,-8.207146825396826,10.884806781481524,63.89940184324453,-19.09195360687835
2021-07-08,23.72,27.926,17.7319,86.2232,10.6284,1.533,1.4959,26851040000.0,142.7884,231.0208,18.0,1.0,-59.1392,106.0347,15.093851785714286,48.79840924149466,-7.950061904761905,11.111339854392606,63.89226102720895,-19.06140175915451
2021-07-09,24.26,27.7964,14.5771,84.1777,10.6284,1.5679,1.4959,27462320000.0,142.7884,225.9819,17.0,1.0,-59.1392,106.0347,15.078865674603176,48.79740385854707,-7.706911904761905,11.266584213239325,63.87626953315025,-18.97349611800123
2021-07-12,23.86,27.6714,15.974,85.0624,10.6228,1.542,1.4959,27009520000.0,143.1268,230.6118,17.0,1.0,-59.1392,105.9628,15.068263888888888,48.79662623370199,-7.500234126984127,11.460129662499568,63.86489012259087,-18.960363789483694
2021-07-13,22.85,27.2639,19.3168,81.4617,10.6256,1.4767,1.4956,25866200000.0,143.1268,230.6118,17.0,1.0,-59.1392,105.9628,15.066532142857142,48.79645960813902,-7.2740865079365085,11.70528652919752,63.86299175099616,-18.979373037134028
2021-07-14,22.58,27.2639,20.7436,80.4991,10.6256,1.4593,1.4946,25560560000.0,143.1268,230.6118,17.0,1.0,-59.1392,105.9628,15.07113611111111,48.79688640444666,-7.03394126984127,11.966426572074038,63.86802251555777,-19.000367841915303
2021-07-15,21.95,27.2639,24.2091,78.2531,10.6256,1.4186,1.4936,24847400000.0,143.1268,230.6118,17.0,1.0,-59.1392,105.9628,15.080086706349208,48.79815048580414,-6.761287301587301,12.282182484968782,63.87823719215335,-19.043469786556084
2021-07-16,20.92,27.305,30.521,68.0768,10.6256,1.3495,1.4932,23681440000.0,161.3453,219.4594,15.0,1.0,-59.1392,104.0449,15.09782896825397,48.8021434946686,-6.410586507936508,12.706936652844892,63.89997246292257,-19.117523160781403
2021-07-19,19.72,27.305,33.5112,102.8154,10.6228,1.2972,1.4918,22323040000.0,161.3453,219.4594,15.0,1.0,-59.1392,104.0449,15.12070873015873,48.80807911763095,-6.046313492063493,13.183198236539305,63.92878784778968,-19.2295117286028
2021-07-20,21.19,27.305,24.2492,110.4797,10.6256,1.3939,1.4907,23987080000.0,161.3453,219.4594,15.0,1.0,-59.1392,104.0449,15.123064484126983,48.80849181760251,-5.752883333333334,13.44231548640176,63.93155630172949,-19.195198819735094
2021-07-21,23.19,27.305,13.5334,120.9072,10.6284,1.5254,1.4918,26251080000.0,161.3453,219.4594,15.0,1.0,-59.1392,104.0449,15.104212896825397,48.80726486070929,-5.556310317460317,13.542236524059431,63.91147775753468,-19.09854684151975
2021-07-22,22.71,26.4823,16.6107,111.2145,10.6284,1.4951,1.4918,25707720000.0,166.7275,314.1708,14.0,1.0,-59.1392,104.0449,15.097550793650791,48.8068287460352,-5.328077777777778,13.671986640103874,63.90437953968599,-19.000064417881653
2021-07-23,21.96,26.4823,20.5934,107.5416,10.6284,1.4457,1.4896,24858720000.0,166.7275,314.1708,14.0,1.0,-59.1392,104.0449,15.103438293650791,48.80731333604261,-5.086168253968253,13.859052262896649,63.910751629693394,-18.9452205168649
2021-07-26,23.16,26.6361,15.0091,163.3286,10.6228,1.5447,1.4891,26217120000.0,173.6664,454.7774,14.0,1.0,-59.1392,104.0449,15.095742857142858,48.80702126223716,-4.925788095238096,13.974185450978306,63.902764119380016,-18.8999735462164
2021-07-27,22.8,26.6361,16.825,160.7898,10.6228,1.5207,1.4891,25809600000.0,173.6664,454.7774,14.0,1.0,-59.1392,104.0449,15.094894047619048,48.80698739393623,-4.797899206349206,14.099360263067116,63.90188144155528,-18.897259469416323
2021-07-28,22.82,26.6361,16.7226,165.6023,10.6256,1.5221,1.4891,25832240000.0,173.6664,460.555,14.0,1.0,-59.1392,104.0449,15.09423511904762,48.806963124364486,-4.659873809523809,14.224675834715711,63.9011982434121,-18.88454964423952
2021-07-29,22.71,26.6361,17.288,164.8041,10.6284,1.5147,1.4894,25707720000.0,173.6664,460.555,14.0,1.0,-59.1392,104.0449,15.09484503968254,48.806988665078414,-4.487009523809524,14.358437650420926,63.90183370476095,-18.84544717423045
2021-07-30,21.65,26.6361,23.0305,157.1118,10.6284,1.444,1.4885,24507800000.0,173.6664,460.555,14.0,1.0,-59.1392,104.0449,15.106111706349209,48.80816615886902,-4.312011111111112,14.558585171117151,63.914277865218224,-18.870596282228263
2021-08-02,21.46,26.6361,24.1198,155.7329,10.6228,1.4313,1.4868,24292720000.0,173.6664,460.555,14.0,1.0,-59.1392,102.379,15.116695238095238,48.80954392668088,-4.119579365079365,14.773011802035748,63.92623916477611,-18.89259116711511
2021-08-03,21.43,26.6361,24.2935,155.5152,10.6228,1.4293,1.4862,24258760000.0,173.6664,460.555,14.0,1.0,-59.1392,102.379,15.12403373015873,48.81064723858547,-3.899279365079365,14.98826030131741,63.9346809687442,-18.887539666396776
2021-08-04,21.04,26.6361,26.5974,152.6851,10.6256,1.4033,1.486,23817280000.0,173.6664,460.555,14.0,1.0,-59.1392,102.379,15.131974206349206,48.81219058736029,-3.623586507936508,15.227207523626031,63.9441647937095,-18.85079403156254
2021-08-05,22.55,27.86,23.5477,142.3611,10.6256,1.4877,1.486,25526600000.0,189.3304,404.3502,14.0,1.0,-59.1392,102.379,15.133053769841268,48.81237104419213,-3.350970634920635,15.404120877391463,63.9454248140334,-18.7550915123121
2021-08-06,23.08,27.86,20.7106,145.7071,10.6256,1.5227,1.486,26126560000.0,189.3304,404.3502,14.0,1.0,-59.1392,102.379,15.130438690476192,48.8120361911872,-3.092234126984127,15.53279710207607,63.94247488166339,-18.6250312290602
2021-08-09,22.71,27.86,22.6772,143.3712,10.6175,1.4982,1.4839,25707720000.0,189.3304,404.3502,14.0,1.0,-59.1392,102.379,15.137094444444443,48.81283765692299,-2.8025333333333333,15.670805418198414,63.94993210136743,-18.47333875153175
2021-08-10,23.65,27.86,17.8013,149.3056,10.6228,1.5603,1.485,26771800000.0,189.3304,404.3502,14.0,1.0,-59.1392,102.379,15.131759722222222,48.81239839955134,-2.569725396825397,15.75772681460326,63.94415812177356,-18.327452211428657
2021-08-11,23.99,27.86,16.1317,124.8179,10.6256,1.5375,1.486,27156680000.0,187.9116,354.502,13.0,1.0,-59.1392,103.3758,15.120750396825398,48.81154418856713,-2.3308388888888887,15.811610046084253,63.93229458539253,-18.14244893497314
2021-08-12,23.36,27.86,19.2637,127.6503,10.6256,1.5155,1.486,26443520000.0,194.9746,370.5774,12.0,1.0,-59.1392,103.3758,15.118004960317458,48.8112716334197,-2.0849587301587302,15.905088312231406,63.92927659373716,-17.990047042390138
2021-08-13,22.86,27.86,21.8723,124.918,10.6256,1.4831,1.4839,25877520000.0,194.9746,370.5774,12.0,1.0,-59.1392,103.3758,15.113849801587302,48.810606021761366,-1.822457142857143,16.025881661324767,63.924455823348666,-17.84833880418191
2021-08-16,22.79,28.1369,23.4616,114.1212,10.6175,1.4785,1.4826,25798280000.0,194.9746,328.204,13.0,1.0,-59.1392,103.3758,15.110571626984129,48.80998855666608,-1.4886920634920635,16.111514698190653,63.92056018365021,-17.600206761682717
2021-08-17,22.04,27.9129,26.6466,108.4112,10.6228,1.4242,1.4822,24949280000.0,181.8801,323.5741,14.0,1.0,-59.1392,124.2771,15.117093849206348,48.81131260326297,-1.1093198412698413,16.207242189608944,63.92840645246932,-17.316562030878785
2021-08-18,22.48,27.9129,24.1677,110.6299,10.6256,1.4526,1.4818,25447360000.0,181.8801,323.7122,14.0,1.0,-59.1392,91.9319,15.123031944444444,48.81223305969259,-0.7580960317460318,16.272083741339987,63.93526500413703,-17.03017977308602
2021-08-19,21.66,27.9129,28.8684,106.647,10.6256,1.3996,1.4812,24519120000.0,181.8801,323.9175,14.0,1.0,-59.1392,91.9319,15.136229166666666,48.81505392676079,-0.325718253968254,16.330115831194252,63.951283093427456,-16.655834085162507
2021-08-20,21.96,27.9129,27.1079,108.1241,10.6256,1.419,1.4785,24858720000.0,181.8801,323.9175,14.0,1.0,-59.1392,91.9319,15.1490998015873,48.81735805365001,0.1240595238095237,16.29878916231097,63.96645785523731,-16.174729638501447
2021-08-23,22.83,27.9129,22.2641,112.4077,10.6175,1.4752,1.4777,25843560000.0,181.8801,323.9175,14.0,1.0,-59.1392,91.9319,15.14779503968254,48.81715868668299,0.5457468253968254,16.177404816202966,63.96495372636553,-15.63165799080614
2021-08-24,23.84,27.9129,17.0843,117.3806,10.6228,1.5405,1.4781,26986880000.0,181.8801,323.9175,14.0,1.0,-59.1392,91.9319,15.126013095238095,48.81383387606208,0.9374968253968254,15.972591497997657,63.93984697130018,-15.03509467260083
2021-08-25,24.11,27.9129,15.7731,118.71,10.6256,1.5579,1.4785,27292520000.0,181.8801,323.9175,14.0,1.0,-59.1392,91.9319,15.102798412698414,48.81073219796957,1.2863420634920637,15.810708155284306,63.91353061066798,-14.524366091792242
2021-08-26,23.47,27.9129,18.9301,115.5588,10.6256,1.5166,1.4785,26568040000.0,181.8801,323.9175,14.0,1.0,-59.1392,91.9319,15.08320257936508,48.807202104991696,1.6725396825396823,15.640398438674442,63.89040468435677,-13.96785875613476
2021-08-27,24.35,27.7523,13.9725,136.3382,10.6256,1.5816,1.4785,27564200000.0,187.3969,365.8164,14.0,1.0,-59.1392,101.4665,15.055949007936508,48.80397320739274,2.0100650793650794,15.440452355287004,63.85992221532925,-13.430387275921923
2021-08-30,23.63,27.7523,17.4452,132.3068,10.6175,1.5348,1.4777,26749160000.0,187.3969,365.8164,14.0,1.0,-59.1392,101.4665,15.03904107142857,48.80166175479296,2.401566666666666,15.19764966020724,63.84070282622153,-12.796082993540573
2021-08-31,24.14,27.7523,14.964,135.1624,10.6228,1.568,1.4781,27326480000.0,187.3969,365.8164,14.0,1.0,-59.1392,101.4665,15.01766369047619,48.799325454262814,2.747605555555556,14.980096157380505,63.81698914473901,-12.23249060182495
2021-09-01,23.51,27.3983,16.5389,139.691,10.6256,1.5208,1.4785,26613320000.0,212.7708,386.0587,13.0,1.0,-59.1392,106.9612,14.997068849206348,48.79648307680066,3.079892063492064,14.8157728649036,63.79355192600701,-11.735880801411536
2021-09-02,24.02,27.3983,14.0645,142.7213,10.6256,1.5537,1.4785,27190640000.0,212.7708,386.0587,13.0,1.0,-59.1392,106.9612,14.972826785714286,48.79390021424307,3.362784126984127,14.680834702996398,63.76672699995736,-11.31805057601227
2021-09-03,22.96,27.3983,19.3306,136.4231,10.6256,1.4852,1.4785,25990720000.0,212.7708,386.0587,13.0,1.0,-59.1392,106.9612,14.965809722222222,48.7930169570236,3.7014619047619046,14.551479329606815,63.75882667924581,-10.850017424844912
2021-09-07,23.56,27.3983,16.2916,279.4781,10.6175,1.5337,1.4777,26669920000.0,210.98,751.4502,14.0,1.0,-59.1392,106.9612,14.956015476190476,48.792252892572606,4.035653174603175,14.350281719278795,63.74826836876308,-10.31462854467562
2021-09-08,22.78,27.3983,20.2735,270.2254,10.6228,1.4829,1.4781,25786960000.0,210.98,751.4502,14.0,1.0,-59.1392,106.9612,14.963670238095238,48.79278494653439,4.382042063492063,14.209495602354572,63.75645518462963,-9.827453538862509
2021-09-09,23.28,27.3983,17.6903,276.1566,10.6228,1.5155,1.4781,26352960000.0,210.98,751.4502,14.0,1.0,-59.1392,106.9612,14.976179166666665,48.792674007261255,4.721123015873015,14.010295008617891,63.76885317392792,-9.289171992744878
2021-09-10,22.75,27.3983,20.4321,269.8695,10.6228,1.481,1.4781,25753000000.0,210.98,751.4502,14.0,1.0,-59.1392,106.9612,14.994350396825396,48.79299778949806,5.102660317460318,13.774525131729591,63.787348186323456,-8.671864814269275
2021-09-13,23.31,27.3983,17.5388,276.5125,10.6122,1.5174,1.4777,26386920000.0,210.98,751.4502,14.0,1.0,-59.1392,106.9612,15.006380555555555,48.7928759551858,5.469114285714285,13.480872614056992,63.79925651074136,-8.011758328342706
2021-09-14,22.86,27.3983,19.8526,271.1744,10.6175,1.4882,1.4777,25877520000.0,210.98,751.4502,14.0,1.0,-59.1392,106.9612,15.025980357142858,48.79283460692846,5.806393650793651,13.302303892566764,63.81881496407132,-7.495910241773113
2021-09-15,23.17,27.2317,17.53,289.9875,10.6228,1.5109,1.4781,26228440000.0,202.8247,790.836,14.0,1.0,-59.1392,106.9612,15.033926587301588,48.79291580479571,6.099436507936508,13.148537352399847,63.8268423920973,-7.049100844463341
2021-09-16,23.09,27.2317,17.9372,288.9862,10.6228,1.5057,1.4781,26137880000.0,202.8247,790.836,14.0,1.0,-59.1392,106.9612,15.04473373015873,48.79295452493096,6.391628571428571,12.99721732251849,63.837688255089695,-6.605588751089918
2021-09-17,23.55,28.2138,19.8038,296.5995,10.6228,1.5285,1.4781,26658600000.0,191.3367,828.0401,15.0,1.0,-59.1392,106.9612,15.05682242063492,48.79337819994405,6.713974603174604,12.819586515952352,63.850200620578974,-6.105611912777748
2021-09-20,23.24,28.2138,21.4019,292.6952,10.6122,1.5084,1.4777,26307680000.0,191.3367,828.0812,15.0,1.0,-59.1392,97.9214,15.069936706349203,48.79419519273885,7.015155555555555,12.71407478802317,63.86413189908805,-5.698919232467615
2021-09-21,22.96,28.2138,22.8824,289.1688,10.6175,1.4902,1.4777,25990720000.0,191.3367,828.0812,15.0,1.0,-59.1392,97.9214,15.085232738095238,48.79543595453025,7.271869047619048,12.705237327284834,63.88066869262549,-5.433368279665786
2021-09-22,23.61,28.2138,19.4994,432.4176,10.6228,1.5324,1.4781,26726520000.0,191.3367,1201.6193,15.0,1.0,-59.1392,97.9214,15.097041468253968,48.795783305394366,7.487853968253968,12.679722195370912,63.892824773648336,-5.191868227116944
2021-09-23,24.69,28.4843,15.3678,283.1422,10.6228,1.6031,1.4781,27949080000.0,191.9003,758.6939,16.0,1.0,-59.1392,93.5165,15.100274007936507,48.79574709899057,7.6993817460317455,12.586013313785337,63.89602110692707,-4.886631567753591
2021-09-24,25.44,27.7705,9.1608,700.8264,10.6228,1.681,1.4781,28823520000.0,190.2666,1823.3979,17.0,1.0,-59.1392,93.5165,15.093257142857144,48.796347607417545,7.867321428571428,12.461620627341164,63.889604750274685,-4.594299198769736
2021-09-27,26.38,27.8474,5.5625,882.2742,10.6175,1.7312,1.4777,29888540000.0,191.691,2201.7151,17.0,1.0,-59.1392,87.8385,15.07764880952381,48.79813907370788,7.994985714285714,12.353637824211615,63.87578788323169,-4.358652109925903
2021-09-28,26.17,27.8474,6.4096,875.2508,10.6228,1.7174,1.4777,29650610000.0,191.691,2201.7151,17.0,1.0,-59.1392,87.8385,15.066025793650793,48.799507344168205,8.15655238095238,12.196486202894338,63.865533137819,-4.039933821941958
2021-09-29,25.52,27.8474,9.1199,853.5117,10.6256,1.6747,1.4781,28914160000.0,191.691,2201.7151,17.0,1.0,-59.1392,87.8385,15.06131488095238,48.79996744033065,8.323590476190477,12.062620552396826,63.86128232128303,-3.739030076206349
2021-09-30,25.01,27.8474,11.3451,10420.8333,10.6256,1.6458,1.4781,28336330000.0,193.0639,27313.8937,17.0,1.0,-59.1392,87.8385,15.055693253968254,48.80023254559926,8.516616666666666,11.912717782764677,63.85592579956752,-3.396101116098009
2021-10-01,26.09,27.7849,6.4964,10436.0,10.6256,1.7169,1.4781,29559970000.0,193.0639,26220.2267,17.0,1.0,-59.1392,89.097,15.035556150793653,48.80166917719921,8.701873809523809,11.694648426128351,63.83722532799286,-2.9927746166045424
2021-10-04,25.34,27.8474,9.895,10436.0,10.6256,1.6795,1.4777,28710220000.0,203.417,3611.3348,17.0,1.0,-59.1392,90.6831,15.021113492063492,48.80211213371594,8.925410317460317,11.4414031982712,63.82322562577943,-2.5159928808108827
2021-10-05,25.42,27.8474,9.5492,10436.0,10.6256,1.6848,1.4777,28800860000.0,203.417,3611.3348,17.0,1.0,-59.1392,90.6831,15.006775793650794,48.80265721163785,9.113444444444443,11.252374461430204,63.809433005288646,-2.138930016985759
2021-10-06,24.9,27.8474,11.8369,10436.0,10.6256,1.6481,1.4781,28211700000.0,204.1067,3193.6495,17.0,1.0,-59.1392,90.6831,14.997021825396825,48.802798797038,9.27092777777778,11.149245098596587,63.79982062243482,-1.8783173208188089
2021-10-07,24.49,27.8474,13.7093,10436.0,10.6256,1.6209,1.4781,27747170000.0,204.1067,3193.6495,17.0,1.0,-59.1392,90.6831,14.985727976190477,48.80243614405435,9.46171111111111,11.016042265439678,63.78816412024482,-1.5543311543285672
2021-10-08,23.83,27.8474,16.8586,10436.0,10.6256,1.5777,1.4781,26999390000.0,207.165,1628.567,17.0,1.0,-59.1392,90.6831,14.983020833333333,48.80229405323677,9.637737301587302,10.954976421164734,63.785314886570106,-1.3172391195774311
2021-10-11,23.88,27.8474,16.6139,10436.0,10.6256,1.581,1.4777,27056040000.0,207.165,1628.567,17.0,1.0,-59.1392,90.6831,14.982233928571429,48.802264493928206,9.813712698412695,10.886785635820855,63.78449842249964,-1.073072937408158
2021-10-12,24.33,27.8474,14.457,10436.0,10.6256,1.6108,1.4777,27565890000.0,207.165,1628.567,17.0,1.0,-59.1392,90.6831,14.98052003968254,48.80226774808807,9.97578888888889,10.801687940415304,63.78278778777061,-0.8258990515264149
2021-10-13,23.65,27.8474,17.748,10436.0,10.6256,1.5658,1.4781,26795450000.0,207.165,1628.567,17.0,1.0,-59.1392,90.6831,14.988002777777776,48.80240265084557,10.147046825396826,10.751988079812389,63.79040542862335,-0.6049412544155626
2021-10-14,23.73,27.8474,17.351,10436.0,10.6256,1.5711,1.4781,26886090000.0,207.165,1628.567,17.0,1.0,-59.1392,90.6831,14.997092857142858,48.80241529565407,10.30696507936508,10.707656413683091,63.799508152796925,-0.4006913343180134
2021-10-15,23.67,27.8474,17.6485,10436.0,10.6256,1.5671,1.4781,26818110000.0,207.165,1192.3266,17.0,1.0,-59.1392,90.6831,15.006245436507935,48.80247925876476,10.43608253968254,10.697229443642431,63.8087246952727,-0.2611469039598937
2021-10-18,23.13,28.2549,22.1569,10436.0,10.6256,1.5314,1.4777,26206290000.0,204.7861,1192.3266,17.0,1.0,-59.1392,90.6831,15.02460734126984,48.803427124264175,10.562451587301586,10.741154886083496,63.82803446553402,-0.1787032987819099
2021-10-19,22.34,28.4111,27.1759,10436.0,10.6256,1.4884,1.4777,25311220000.0,206.7779,641.8123,17.0,1.0,-59.1392,90.6831,15.05475992063492,48.80623621866112,10.77832222222222,10.799858282343344,63.86099613929604,-0.0215360601211234
2021-10-20,22.44,28.4111,26.6092,10436.0,10.6256,1.4951,1.4781,25424520000.0,206.7779,641.8123,17.0,1.0,-59.1392,94.3954,15.085488492063492,48.80863055511382,10.977311111111112,10.859036958258937,63.89411904717731,0.1182741528521766
2021-10-21,22.33,28.4111,27.2329,10436.0,10.6256,1.4877,1.4781,25299890000.0,206.7779,641.8123,17.0,1.0,-59.1392,94.3954,15.114500992063492,48.81150228421336,11.184612698412698,10.918372883795252,63.92600327627685,0.266239814617446
2021-10-22,22.29,27.8174,24.7977,10436.0,10.6256,1.4842,1.4781,25254570000.0,211.2254,612.6485,17.0,1.0,-59.1392,94.3954,15.14604503968254,48.81261493443096,11.380742857142858,10.939335577728045,63.958659974113495,0.4414072794148147
2021-10-25,22.05,27.8174,26.156,10436.0,10.6256,1.4682,1.4775,24982650000.0,211.2254,612.6485,17.0,1.0,-59.1392,94.3954,15.179791865079364,48.81433902453966,11.59478253968254,10.962657080413065,63.99413088961903,0.632125459269476
2021-10-26,21.82,27.8174,27.4858,10436.0,10.6256,1.4517,1.4772,24722060000.0,211.7396,532.3989,17.0,1.0,-59.1392,94.3954,15.21943273809524,48.816207777871725,11.820163492063491,10.995337462117956,64.03564051596696,0.8248260299455357
2021-10-27,21.64,27.8174,28.5462,10436.0,10.6256,1.4397,1.4772,24518120000.0,211.7396,505.6676,17.0,1.0,-59.1392,89.654,15.259294444444444,48.81887638555153,12.03690873015873,11.054050326753591,64.07817082999598,0.9828584034051372
2021-10-28,21.97,27.8174,26.6154,10436.0,10.6256,1.4617,1.477,24892010000.0,211.7396,505.6676,17.0,1.0,-59.1392,89.654,15.29522777777778,48.8205600636992,12.25988253968254,11.06257970105756,64.11578784147697,1.1973028386249798
2021-10-29,22.16,27.8174,25.5298,10436.0,10.6256,1.4743,1.4765,25107280000.0,211.7396,505.6676,17.0,1.0,-59.1392,89.654,15.324274007936507,48.822289082202,12.4734,11.056966570968644,64.1465630901385,1.4164334290313558
2021-11-01,23.07,27.8174,20.5782,10436.0,10.6256,1.5348,1.4758,26138310000.0,211.7396,505.6676,17.0,1.0,-59.1392,89.654,15.341853968253968,48.82258312540906,12.610946031746032,11.049071868066669,64.16443709366303,1.5618741636793647
2021-11-02,22.91,27.8174,21.4203,10436.0,10.6256,1.5242,1.4763,25957030000.0,211.7396,505.6676,17.0,1.0,-59.1392,89.654,15.361414484126984,48.82304053187047,12.750231746031746,11.048623444832494,64.18445501599746,1.7016083011992524
2021-11-03,23.17,27.8174,20.0578,10436.0,10.6256,1.5415,1.4765,26251610000.0,211.7396,505.6676,17.0,1.0,-59.1392,89.654,15.38458015873016,48.82249238797298,12.860596825396826,11.051637532492096,64.20707254670313,1.8089592929047296
2021-11-04,22.88,27.8174,21.5795,10436.0,10.6256,1.5222,1.4765,25923040000.0,211.7396,505.6676,17.0,1.0,-59.1392,89.654,15.413880952380952,48.82176864838526,13.008539682539682,11.042519271050915,64.23564960076621,1.966020411488767
2021-11-05,24.79,27.7693,12.0182,10436.0,10.6256,1.6493,1.4765,28087070000.0,211.7895,505.6676,17.0,1.0,-59.1392,89.654,15.421870634920635,48.82088102931876,13.065360317460318,11.018642274103051,64.24275166423939,2.0467180433572665
2021-11-08,24.59,27.7693,12.9292,10436.0,10.6256,1.636,1.4758,27860470000.0,211.7895,505.6676,17.0,1.0,-59.1392,89.654,15.434901984126984,48.81933430513708,13.1130373015873,11.004835199345589,64.25423628926407,2.108202102241714
2021-11-09,24.17,27.7693,14.8916,10436.0,10.6256,1.608,1.4763,27384610000.0,211.7895,505.6676,17.0,1.0,-59.1392,89.654,15.451826984126985,48.81766101501752,13.138619047619049,11.005196329863107,64.2694879991445,2.1334227177559395
2021-11-10,23.49,27.7693,18.2175,10436.0,10.6256,1.5628,1.4765,26614170000.0,211.7895,508.7384,17.0,1.0,-59.1392,89.654,15.473603373015871,48.81643951046994,13.202592857142855,11.011151218855671,64.29004288348581,2.191441638287184
2021-11-11,23.02,27.7693,20.6312,10436.0,10.6256,1.5315,1.4765,26081660000.0,211.7895,508.7384,17.0,1.0,-59.1392,89.654,15.499212103174605,48.815751655247816,13.352577777777778,10.982342884181882,64.31496375842242,2.370234893595896
2021-11-12,22.36,27.7693,24.1919,10436.0,10.6256,1.4876,1.4765,25333880000.0,211.7895,508.9691,17.0,1.0,-59.1392,91.2715,15.529848412698412,48.81635346225326,13.540211111111113,10.963807142581166,64.34620187495167,2.576403968529947
2021-11-15,22.3,27.7693,24.526,10436.0,10.6256,1.4836,1.4758,25265900000.0,211.7895,508.9691,17.0,1.0,-59.1392,91.2715,15.56299265873016,48.81678016939709,13.74417619047619,10.926878010340683,64.37977282812724,2.8172981801355057
2021-11-16,21.59,27.7693,28.6211,10436.0,10.6256,1.4364,1.4752,24461470000.0,211.7895,508.9691,17.0,1.0,-59.1392,91.2715,15.60621765873016,48.818682137299525,13.971574603174604,10.93604390800202,64.42489979602968,3.035530695172584
2021-11-17,21.33,27.7693,30.1889,10436.0,10.6256,1.4191,1.4748,24166890000.0,211.7895,508.9691,17.0,1.0,-59.1392,91.2715,15.651842063492063,48.82154987819132,14.20348888888889,10.96786437528263,64.47339194168339,3.23562451360626
2021-11-18,20.95,27.534,31.4272,10436.0,10.6256,1.3975,1.4744,23736350000.0,207.0409,371.4224,17.0,1.0,-59.1392,91.2715,15.698919444444444,48.82530659526927,14.434613492063493,11.02183994179079,64.52422603971371,3.4127735502727017
2021-11-19,20.49,27.534,34.3777,10436.0,10.6256,1.3668,1.4743,23215170000.0,207.0409,371.4224,17.0,1.0,-59.1392,91.2715,15.75061507936508,48.831274423048335,14.710399206349203,11.082977148816903,64.58188950241342,3.6274220575323
2021-11-22,20.33,27.534,35.4353,10436.0,10.6256,1.3561,1.4711,23033890000.0,207.0409,371.4224,17.0,1.0,-59.1392,91.2715,15.801161706349207,48.838452946358345,15.013392063492065,11.123820450658796,64.63961465270755,3.8895716128332687
2021-11-23,20.15,27.534,36.6452,10436.0,10.6256,1.3441,1.4706,22829950000.0,207.0409,371.4224,17.0,1.0,-59.1392,91.2715,15.857405555555555,48.8461172195491,15.346749206349203,11.137816779155498,64.70352277510466,4.208932427193707
2021-11-24,20.16,27.6924,37.3631,10436.0,10.6256,1.34,1.47,22841280000.0,209.8583,450.7861,16.0,1.0,-59.1392,91.2715,15.919033333333331,48.85363178945939,15.701577777777777,11.121257883220792,64.77266512279273,4.580319894556984
2021-11-26,17.95,27.6924,54.2752,10436.0,10.6256,1.1992,1.4687,20337350000.0,226.2998,450.7861,16.0,1.0,-59.1392,91.2715,16.015066666666666,48.88141113421506,16.179684126984128,11.471678884915866,64.89647780088173,4.708005242068262
2021-11-29,18.16,27.6924,52.4912,10436.0,10.6256,1.2132,1.4674,20575280000.0,226.2998,450.7861,16.0,1.0,-59.1392,91.2715,16.11006884920635,48.90572422412578,16.658235714285713,11.718112592375652,65.01579307333213,4.9401231219100605
2021-11-30,17.62,27.6924,57.1646,10436.0,10.6256,1.1771,1.4658,19963460000.0,226.2998,450.7861,16.0,1.0,-59.1392,91.2715,16.21369900793651,48.93732390148347,17.20098650793651,11.996870079712254,65.15102290941998,5.204116428224255
2021-12-01,16.38,27.6924,69.0623,10436.0,10.6256,1.0943,1.4648,18558540000.0,226.2998,450.7861,16.0,1.0,-59.1392,91.2715,16.3381746031746,48.99188132457317,17.82346031746032,12.625498067812268,65.33005592774776,5.197962249648052
2021-12-02,17.89,27.6924,54.7926,10436.0,10.6256,1.1952,1.4629,20269370000.0,226.2998,450.7861,16.0,1.0,-59.1392,91.2715,16.429734325396826,49.02059020910799,18.32962063492064,12.81911635235633,65.45032453450482,5.510504282564304
2021-12-03,17.2,27.6924,61.0023,10436.0,10.6256,1.1525,1.4618,19487600000.0,228.2226,352.4076,16.0,1.0,-59.1392,94.6157,16.535285119047618,49.059239039297225,18.893249206349207,13.120590351990954,65.59452415834484,5.772658854358253
2021-12-06,18.59,27.6924,48.964,10436.0,10.6256,1.2456,1.4617,21062470000.0,228.2226,352.4076,16.0,1.0,-59.1392,94.6157,16.618499007936506,49.078639480690605,19.365701587301587,13.123131756497616,65.6971384886271,6.242569830803969
2021-12-07,18.5,27.6924,49.6886,10436.0,10.6256,1.2396,1.4617,20960500000.0,228.2226,352.4076,16.0,1.0,-59.1392,94.6157,16.70511527777778,49.09844016826848,19.82921904761905,13.154764099830643,65.80355544604626,6.674454947788405
2021-12-08,19.52,27.6924,41.8668,10436.0,10.6256,1.3079,1.4616,22116160000.0,228.2226,352.4076,16.0,1.0,-59.1392,94.6157,16.77917738095238,49.1082046163793,20.2156007936508,13.08060691698662,65.88738199733167,7.134993876664172
2021-12-09,19.19,27.6924,44.3064,10436.0,10.6256,1.2858,1.4613,21742270000.0,228.2226,352.4076,16.0,1.0,-59.1392,94.6157,16.857668055555553,49.12054794028732,20.62381507936508,13.02288737635743,65.97821599584287,7.600927703007651
2021-12-10,19.28,27.6924,43.6328,10436.0,10.6256,1.2919,1.461,21844240000.0,228.2226,352.4076,16.0,1.0,-59.1392,94.6157,16.936955357142857,49.13147204178775,20.996431746031742,13.004064213933392,66.0684273989306,7.992367532098354
2021-12-13,18.34,27.6924,50.9945,10436.0,10.6256,1.2289,1.4593,20779220000.0,228.2226,352.4076,16.0,1.0,-59.1392,94.6157,17.03571765873016,49.14983787664716,21.42371984126984,13.098620918133411,66.18555553537732,8.325098923136428
2021-12-14,18.15,27.6924,52.5752,10436.0,10.6256,1.2161,1.4591,20563950000.0,228.2226,352.4076,16.0,1.0,-59.1392,94.6157,17.139915277777778,49.16943957803135,21.87611507936508,13.182752999861972,66.30935485580913,8.693362079503105
2021-12-15,17.89,27.2549,52.3471,10436.0,10.6256,1.2046,1.4589,20269370000.0,223.9763,301.6335,16.0,1.0,-59.1392,94.6157,17.244578373015873,49.18816193399744,22.30374682539682,13.290750053439009,66.43274030701332,9.012996771957814
2021-12-16,17.57,27.2549,55.1218,10436.0,10.6256,1.183,1.4568,19906810000.0,223.9763,301.6335,16.0,1.0,-59.1392,94.6157,17.354645238095237,49.21076926167139,22.746744444444445,13.447324901184176,66.56541449976663,9.299419543260267
2021-12-17,18.28,27.0674,48.0711,10436.0,10.6256,1.2367,1.4545,20711240000.0,225.3195,238.8185,16.0,1.0,-59.1392,101.8074,17.448090873015875,49.224317067640655,23.14725396825397,13.444082173998464,66.67240794065653,9.703171794255509
2021-12-20,18.9,26.8429,42.0259,10.4155,10.6116,0.9865,1.4543,21451500000.0,269.9754,193.8212,4.0,1.0,-59.1392,102.3664,17.529842857142857,49.230865612463,23.48294523809524,13.382585313809,66.76070846960586,10.100359924286236
2021-12-21,20.54,26.5304,29.1646,11.3224,10.6119,1.0734,1.4543,23312900000.0,268.0014,181.113,4.0,1.0,-218.3,106.2748,17.590998015873016,49.22612698159529,23.71909365079365,13.215881924047242,66.81712499746831,10.503211726746407
2021-12-22,21.25,26.5304,24.8489,11.7048,10.6122,1.1146,1.4535,24118750000.0,269.2039,178.1688,4.0,1.0,-218.3,105.1772,17.646296825396824,49.21857922623258,23.8909373015873,13.08703932453925,66.86487605162941,10.80389797704805
2021-12-23,21.2,26.5304,25.1434,11.9014,10.6122,1.112,1.4527,24062000000.0,269.2039,177.2168,4.0,1.0,-218.3,105.1772,17.700242063492063,49.21185323379184,24.0846253968254,12.921188941003422,66.9120952972839,11.163436455821977
2021-12-27,20.95,26.5304,26.6368,11.7611,10.6093,1.0989,1.4517,23778250000.0,269.2039,177.2168,4.0,1.0,-218.3,105.1772,17.758626984126984,49.20495125414683,24.23141349206349,12.843443748175012,66.96357823827381,11.38796974388848
2021-12-28,20.9,26.5304,26.9397,11.733,10.6116,1.0963,1.4516,23721500000.0,269.2039,177.2168,4.0,1.0,-218.3,105.1772,17.8176128968254,49.19808868596116,24.3682873015873,12.779008465241612,67.01570158278656,11.58927883634569
2021-12-29,20.79,26.5304,27.6114,11.6713,10.6119,1.0905,1.4514,23596650000.0,269.2039,177.2168,4.0,1.0,-218.3,105.1772,17.876759523809525,49.19189574475261,24.52964761904762,12.68955781901141,67.06865526856214,11.840089800036209
2021-12-30,20.53,26.5304,29.2275,11.5253,10.6119,1.0769,1.4508,23301550000.0,269.2039,177.2168,4.0,1.0,-218.3,105.1772,17.9383875,49.186610249372514,24.703834126984123,12.601208266157071,67.12499774937251,12.10262586082705
2021-12-31,20.12,26.5304,31.8608,11.2951,10.6119,1.0554,1.4493,22836200000.0,269.2039,177.2168,4.0,1.0,-218.3,105.1772,18.0070623015873,49.18182832116239,24.889118253968256,12.53271699986174,67.1888906227497,12.356401254106515
2022-01-03,21.41,26.5489,24.0023,12.0193,10.6116,1.123,1.4486,24300350000.0,269.2038,177.2168,4.0,1.0,-218.3,110.566,18.054652976190475,49.17598979069138,24.97623492063492,12.487661607383911,67.23064276688186,12.488573313251006
2022-01-04,21.73,26.3989,21.486,12.1709,10.6119,1.1408,1.4478,24663550000.0,268.8629,179.4864,4.0,1.0,-218.3,110.566,18.08915178571429,49.17227844716655,25.00836428571429,12.473310294964753,67.26143023288083,12.535053990749535
2022-01-05,21.17,26.4578,24.9778,11.8573,10.6122,1.1114,1.447,24027950000.0,268.8629,179.4864,4.0,1.0,-218.3,110.566,18.129052777777776,49.16968766354052,25.065871428571427,12.456185941122447,67.2987404413183,12.609685487448978
2022-01-06,21.07,26.4578,25.571,11.8013,10.6122,1.1061,1.4467,23914450000.0,268.8629,179.4864,4.0,1.0,-218.3,110.566,18.172111904761906,49.16667743960652,25.153124603174604,12.420580534288614,67.33878934436842,12.73254406888599
2022-01-07,21.9,26.4578,20.8119,12.2662,10.6122,1.1497,1.4463,24856500000.0,268.8629,179.4864,4.0,1.0,-218.3,110.566,18.207571626984127,49.16211457663238,25.191520634920632,12.39943764773428,67.36968620361651,12.792082987186353
2022-01-10,21.4,26.3064,22.9271,12.1819,10.6116,1.1187,1.4444,24289000000.0,270.4485,172.2615,5.0,1.0,-218.3,110.566,18.245764682539683,49.15828129597145,25.22017380952381,12.389921245665285,67.40404597851114,12.830252563858531
2022-01-11,21.98,26.3064,19.6833,12.505,10.6119,1.1491,1.4442,24947300000.0,267.6022,164.3127,5.0,1.0,-218.3,119.8072,18.277839087301587,49.15392618163779,25.211758730158728,12.393345600030791,67.43176526893939,12.818413130127936
2022-01-12,22.31,26.3064,17.913,12.6927,10.6122,1.1664,1.444,25321850000.0,267.6022,164.3127,5.0,1.0,-218.3,119.8072,18.30894821428572,49.14871325767141,25.16178968253968,12.41010196237775,67.45766147195712,12.75168772016193
2022-01-13,22.9,26.3064,14.8751,13.0247,10.6122,1.1972,1.4434,25991500000.0,267.6022,164.3272,5.0,1.0,-218.3,119.8072,18.33495476190476,49.143410786585214,25.03761587301588,12.43430122780309,67.47836554848998,12.603314645212787
2022-01-14,22.95,26.3619,14.8667,13.0531,10.6122,1.1998,1.4426,26048250000.0,267.1934,161.9878,5.0,2.0,-65.0298,122.5592,18.364522817460315,49.1368185054554,24.88964365079365,12.443590450222906,67.50134132291572,12.446053200570743
2022-01-18,21.98,26.3619,19.9359,12.2643,10.6122,1.1513,1.4382,24947300000.0,267.1934,161.9878,5.0,2.0,-65.0298,122.5592,18.406250793650795,49.12918957268503,24.85541111111112,12.45129701339884,67.53544036633582,12.404114097712272
2022-01-19,21.22,26.3619,24.2314,11.8402,10.6122,1.1115,1.4377,24084700000.0,267.1934,161.9878,5.0,2.0,-65.0298,122.5592,18.450896230158733,49.12422884964251,24.94031587301588,12.409880839914033,67.57512507980124,12.530435033101842
2022-01-20,20.8,26.3619,26.7399,11.6058,10.6122,1.0895,1.4364,23608000000.0,267.1934,161.9878,5.0,2.0,-65.0298,122.5592,18.49724107142857,49.121002380686974,25.02070634920635,12.388279789812575,67.61824345211554,12.632426559393773
2022-01-21,19.99,26.3619,31.8754,11.1539,10.6122,1.0471,1.4359,22688650000.0,267.1934,161.9878,5.0,2.0,-65.0298,122.5592,18.551991666666662,49.120503866128985,25.11024603174604,12.396793171033528,67.67249553279565,12.713452860712506
2022-01-24,19.74,26.3619,33.5456,11.0144,10.6119,1.034,1.435,22404900000.0,267.1934,174.1051,5.0,2.0,-65.0298,122.5592,18.60310615079365,49.122680064061264,25.25736111111112,12.385945313110136,67.7257862148549,12.871415798000976
2022-01-25,20.2,26.3619,30.5045,11.2711,10.6122,1.0581,1.4346,22927000000.0,267.1934,174.1051,5.0,2.0,-65.0298,122.5592,18.63740476190476,49.12494744926993,25.36592857142857,12.371385618905288,67.76235221117469,12.994542952523284
2022-01-26,20.29,25.6126,26.2326,11.4698,10.6122,1.0642,1.4342,23029150000.0,269.0006,199.674,5.0,2.0,-65.0298,136.8544,18.66916944444444,49.124671842101606,25.44140476190476,12.347217979271957,67.79384128654604,13.094186782632804
2022-01-27,19.11,25.6126,34.0272,10.8027,10.6122,1.0023,1.4339,21689850000.0,269.0006,199.674,5.0,2.0,-65.0298,136.8544,18.7163996031746,49.127978334512186,25.57425555555556,12.348842223661633,67.84437793768679,13.22541333189392
2022-01-28,18.97,25.6126,35.0163,10.7236,10.6122,0.995,1.4339,21530950000.0,269.0006,199.674,5.0,2.0,-65.0298,136.8544,18.75703988095238,49.13298303251385,25.669380952380955,12.375226669469685,67.89002291346623,13.29415428291127
2022-01-31,19.81,25.6126,29.6421,11.1267,10.6228,1.0411,1.432,22484350000.0,269.0006,199.674,5.0,2.0,-65.0298,136.8544,18.78064801587302,49.13535363752706,25.713208730158733,12.37947289845907,67.91600165340009,13.333735831699665
2022-02-01,20.93,25.6126,22.7047,11.7558,10.6256,1.0999,1.4313,23755550000.0,267.6001,191.3551,5.0,2.0,-65.0298,136.8544,18.78622896825397,49.13563985068206,25.700599206349203,12.3817395137678,67.92186881893603,13.318859692581404
2022-02-02,20.85,25.6126,23.1755,11.7339,10.6284,1.097,1.4303,23664750000.0,267.4174,189.5971,6.0,2.0,-65.0298,136.8544,18.79716746031746,49.136002836693216,25.67344126984128,12.383509394657182,67.93317029701068,13.289931875184092
2022-02-03,20.34,25.6126,26.264,11.4469,10.6386,1.0702,1.4291,23085900000.0,267.4174,189.5971,6.0,2.0,-65.0298,136.8544,18.81730158730159,49.136981219826765,25.694999206349205,12.382143446686394,67.95428280712835,13.312855759662812
2022-02-04,19.96,25.6126,28.6678,11.233,10.6502,1.0502,1.4286,22654600000.0,267.4174,189.5971,6.0,2.0,-65.0298,136.8544,18.84031051587301,49.13887706745123,25.75815158730159,12.376809066887835,67.97918758332425,13.381342520413757
2022-02-07,21.52,25.6126,19.3406,12.111,10.6502,1.1322,1.4279,24425200000.0,267.4174,189.5971,6.0,2.0,-65.0298,136.8544,18.83611626984127,49.13874370557713,25.73167063492064,12.387018909849546,67.9748599754184,13.34465172507109
2022-02-08,22.55,25.6126,13.8896,12.6906,10.6514,1.1864,1.4275,25594250000.0,267.4174,189.5971,6.0,2.0,-65.0298,136.8544,18.818684126984127,49.13893739476975,25.7006253968254,12.411930422937012,67.95762152175388,13.288694973888386
2022-02-09,23.19,25.7597,11.0811,12.9749,10.6526,1.2147,1.4272,26320650000.0,266.1323,163.3881,7.0,2.0,-65.0298,136.8544,18.80231011904762,49.14014040263428,25.66054126984127,12.45117370970796,67.9424505216819,13.209367560133312
2022-02-10,23.12,25.8773,11.926,12.8516,10.6526,1.2084,1.4268,26241200000.0,265.0431,162.3111,8.0,2.0,-65.0298,136.8544,18.79357738095238,49.14097218574253,25.60230555555556,12.498402001256336,67.93454956669491,13.10390355429922
2022-02-11,22.04,25.8773,17.4106,12.2513,10.6526,1.1519,1.4266,25015400000.0,265.0431,162.3111,8.0,2.0,-65.0298,136.8544,18.79215257936508,49.141001911980894,25.56689523809524,12.51536325685422,67.93315449134597,13.05153198124102
2022-02-14,21.36,26.6064,24.5618,11.6365,10.6502,1.1136,1.425,24243600000.0,263.8673,163.3995,9.0,1.0,-218.3,143.9026,18.80161547619048,49.14165412676811,25.575626984126984,12.514266426158008,67.94326960295858,13.061360557968976
2022-02-15,22.78,26.6064,16.7972,12.4101,10.6502,1.1876,1.423,25855300000.0,263.8673,163.3995,9.0,1.0,-218.3,143.9026,18.797444642857144,49.14173502586102,25.497457142857144,12.538262046771395,67.93917966871817,12.959195096085748
2022-02-16,23.31,26.2441,12.5873,12.7078,10.6514,1.2153,1.4218,26456850000.0,263.874,163.3599,9.0,1.0,-218.3,143.7408,18.78720694444445,49.142491743983456,25.405549206349207,12.59042222228146,67.9296986884279,12.815126984067746
2022-02-17,22.42,26.2441,17.0566,12.2226,10.6514,1.1689,1.4208,25446700000.0,263.874,163.3599,9.0,1.0,-218.3,143.7408,18.781219246031743,49.142518445748166,25.311804761904764,12.608393329371378,67.9237376917799,12.703411432533386
2022-02-18,22.17,26.2441,18.3766,12.0864,10.6537,1.1558,1.4205,25162950000.0,263.874,163.3599,9.0,1.0,-218.3,143.7408,18.773221825396824,49.14225514262263,25.24250873015873,12.62242888070607,67.91547696801945,12.62007984945266
2022-02-22,21.51,26.2441,21.8024,11.7265,10.6656,1.1225,1.419,24413850000.0,263.874,163.3599,9.0,1.0,-218.3,143.7408,18.74674404761905,49.13701012676143,25.23884444444444,12.623367409299645,67.88375417438048,12.6154770351448
2022-02-23,20.21,26.2441,29.6373,11.0178,10.6693,1.0546,1.4188,22938350000.0,263.874,163.3599,9.0,1.0,-218.3,143.7408,18.72144642857143,49.12809615028525,25.338471428571427,12.608021190469849,67.84954257885668,12.73045023810158
2022-02-24,20.63,26.1703,26.8556,11.2468,10.6754,1.0766,1.4186,23415050000.0,263.874,163.3599,9.0,1.0,-218.3,143.7408,18.67492996031746,49.10923233459743,25.42642777777778,12.57938165879793,67.78416229491489,12.847046118979849
2022-02-25,21.1,26.5539,25.8479,11.4799,10.6789,1.1026,1.4185,23948500000.0,263.6581,162.0151,9.0,1.0,-218.3,146.9057,18.61449821428572,49.08156580903155,25.48133095238095,12.565890631314351,67.69606402331726,12.915440321066598
2022-02-28,20.33,26.5539,30.6144,11.0911,10.6887,1.0628,1.4167,23074550000.0,263.6174,161.6594,9.0,1.0,-218.3,146.2925,18.584376190476192,49.069508114560456,25.613409523809523,12.53136803045813,67.65388430503666,13.082041493351392
2022-03-01,18.86,26.5539,40.7948,10.2891,10.6817,0.9859,1.4163,21406100000.0,263.6174,161.6594,9.0,1.0,-218.3,146.2925,18.575242063492063,49.06493510876509,25.79872380952381,12.582154360798,67.64017717225715,13.21656944872581
2022-03-02,19.02,26.5539,39.6104,10.3764,10.6808,0.9943,1.416,21587700000.0,263.6174,161.6594,9.0,1.0,-218.3,146.2925,18.55260992063492,49.05257017362157,25.99433015873016,12.60392834372057,67.6051800942565,13.390401815009591
2022-03-03,18.27,26.5539,45.3415,9.9673,10.6808,0.9551,1.4156,20736450000.0,263.6174,161.6594,9.0,1.0,-218.3,146.2925,18.547164484126984,49.049437323840856,26.222922222222223,12.691950200758818,67.59660180796784,13.530972021463404
2022-03-04,17.23,26.5539,54.1143,9.3999,10.6808,0.9007,1.4154,19556050000.0,263.6174,161.6594,9.0,1.0,-218.3,146.2925,18.51073511904762,49.016112212476585,26.540777777777777,12.885052319427416,67.52684733152421,13.65572545835036
2022-03-07,15.53,26.5539,70.9845,8.4724,10.6817,0.8119,1.4105,17626550000.0,263.6174,161.6594,9.0,1.0,-218.3,146.2925,18.505097619047618,49.00990060164468,26.95072936507936,13.462586331721347,67.51499822069229,13.488143033358014
2022-03-08,15.88,26.5539,67.216,8.6634,10.6808,0.8302,1.4102,18023800000.0,263.6174,161.6594,9.0,1.0,-218.3,146.2925,18.43239543650793,48.910111017531655,27.35489126984127,13.897409001784572,67.3425064540396,13.4574822680567
2022-03-09,17.27,26.5539,53.7574,9.4217,10.6799,0.9028,1.4099,19601450000.0,263.6174,161.6594,9.0,1.0,-218.3,146.2925,18.37138333333333,48.84666105763016,27.62063650793651,14.079856618108588,67.21804439096348,13.540779889827922
2022-03-10,17.65,26.5539,50.447,9.8957,10.6799,0.9203,1.4096,20032750000.0,262.6681,146.9589,10.0,1.0,-218.3,146.2925,18.277568452380955,48.739229917380285,27.88061031746032,14.196960435624677,67.01679836976123,13.68364988183564
2022-03-11,17.21,26.5539,54.2934,9.649,10.6779,0.8974,1.4091,19533350000.0,262.6681,146.9589,10.0,1.0,-218.3,146.2925,18.013700992063487,48.17921629357741,28.14935079365079,14.374217461083544,66.1929172856409,13.775133332567243
2022-03-14,17.12,26.5539,55.1046,9.5986,10.6754,0.8927,1.409,19431200000.0,262.6681,146.9589,10.0,1.0,-218.3,146.2925,17.836068452380953,47.87554155840776,28.447492063492064,14.540995209030784,65.7116100107887,13.90649685446128
2022-03-15,18.04,26.1421,44.9119,10.3292,10.673,0.94,1.4088,20475400000.0,261.751,138.5248,10.0,1.0,-218.3,146.2925,17.537938293650793,47.2325809262733,28.646375396825395,14.59377631475382,64.7705192199241,14.052599082071572
2022-03-16,19.33,25.0833,29.7636,11.4406,10.6754,1.0072,1.4088,21939550000.0,261.751,132.3906,10.0,1.0,-218.3,151.1922,17.128203571428568,46.21611183414144,28.743467460317465,14.559883239646274,63.34431540557,14.183584220671191
2022-03-17,19.15,25.0833,30.9833,11.7441,10.6789,0.9978,1.4082,21735250000.0,261.751,120.409,10.0,1.0,-218.3,151.1922,16.476248214285715,43.62055031337617,28.847007936507936,14.528775757920428,60.09679852766189,14.318232178587508
2022-03-18,19.46,24.7892,27.3854,12.1884,10.6808,1.0151,1.4064,22087100000.0,260.9581,116.8056,10.0,1.0,-218.3,151.1922,15.880983134920635,41.35748064928801,28.90717936507937,14.506706344381916,57.23846378420864,14.400473020697452
2022-03-21,18.95,24.7892,30.8137,11.869,10.6887,0.9885,1.4026,21508250000.0,260.9581,116.8056,10.0,1.0,-218.3,151.1922,15.43385595238095,39.94870862120861,28.98187619047619,14.491975349487328,55.38256457358956,14.48990084098886
2022-03-22,18.93,24.3186,28.4659,12.4638,10.6958,0.9844,1.4018,21523410000.0,252.5604,106.0527,11.0,1.0,-218.3,109.7038,15.071906746031749,38.98918453906803,29.026189682539684,14.481708155743664,54.06109128509978,14.54448152679602
2022-03-23,18.3,24.2597,32.5667,12.0984,10.7097,0.9525,1.4013,20807100000.0,250.0133,101.9387,11.0,1.0,-218.4,109.7038,14.79384642857143,38.357332680635466,29.12989841269841,14.459710698926076,53.15117910920689,14.670187713772332
2022-03-24,18.49,24.0244,29.9319,12.3605,10.7097,0.9615,1.4005,21023130000.0,249.708,98.0707,11.0,1.0,-218.4,113.9593,14.575628373015872,37.95483603469211,29.245486507936505,14.4069340539414,52.53046440770798,14.838552453995106
2022-03-25,18.39,23.276,26.5688,12.7558,10.7097,0.946,1.3999,20909430000.0,250.9747,96.7715,11.0,1.0,-218.4,123.8027,14.43364365079365,37.77507438211485,29.38364523809524,14.295826959135209,52.2087180329085,15.087818278960029
2022-03-28,19.4,22.7303,17.1665,13.5267,10.6958,0.9967,1.3993,22057800000.0,249.989,94.9235,11.0,1.0,-218.4,123.8027,14.205219642857143,37.40726167651856,29.47574047619048,14.178032743611098,51.6124813193757,15.29770773257938
2022-03-29,19.93,22.7303,14.0507,13.8962,10.7097,1.0239,1.3993,22660410000.0,249.989,94.9235,11.0,1.0,-218.4,123.8027,13.922968055555556,36.86569319294093,29.536384126984128,14.094679340201605,50.78866124849649,15.441704786782523
2022-03-30,19.6,22.151,13.0153,14.4139,10.7236,1.0043,1.399,22285200000.0,248.6888,92.8038,11.0,1.0,-218.4,127.5042,13.631732539682538,36.28623385201268,29.5673,14.053751436486982,49.91796639169522,15.513548563513018
2022-03-31,20.22,22.276,10.1682,14.8045,10.7236,1.0359,1.398,22990140000.0,247.6526,91.9559,11.0,1.0,-218.4,130.3487,13.078869047619047,34.14474949826277,29.55795952380953,14.066344712108702,47.22361854588182,15.491614811700824
2022-04-01,20.05,22.0972,10.2105,14.68,10.7591,1.0272,1.3968,22796850000.0,247.6526,91.9559,11.0,1.0,-218.4,130.3487,12.4457501984127,31.09142658034639,29.587436507936506,14.021450959689457,43.53717677875909,15.565985548247047
2022-04-04,19.74,22.0972,11.9412,14.4531,10.7775,1.0113,1.3947,22444380000.0,247.6526,91.9559,11.0,1.0,-218.4,130.3487,11.908659523809526,28.657542131048643,29.60367619047619,13.999628639219988,40.56620165485817,15.604047551256205
2022-04-05,20.22,22.0972,9.2839,14.8045,10.7901,1.0359,1.3939,22990140000.0,247.6526,91.9559,11.0,1.0,-218.4,130.3487,11.505296626984126,27.2222100850646,29.60157063492064,14.00268859471247,38.72750671204872,15.598882040208164
2022-04-06,18.93,22.0972,16.7311,13.86,10.8027,0.9698,1.3937,21523410000.0,247.6526,91.9559,11.0,1.0,-218.4,130.3487,11.202872023809524,26.29833012081579,29.64041349206349,13.959738213003009,37.50120214462531,15.680675279060484
2022-04-07,18.74,22.0972,17.9146,13.7099,10.8076,0.96,1.3931,21307380000.0,247.6526,91.9783,11.0,1.0,-218.4,130.3487,10.933528174603175,25.520008508295906,29.67378888888889,13.926331991833148,36.45353668289908,15.747456897055738
2022-04-08,18.34,22.1503,20.7759,13.3654,10.9092,0.9398,1.3922,20852580000.0,247.5707,92.2462,12.0,1.0,-218.4,143.6127,10.687286706349209,24.81395810633404,29.70487857142857,13.90184503327587,35.50124481268325,15.8030335381527
2022-04-11,18.54,22.1503,19.473,13.5111,11.0178,0.95,1.3904,21079980000.0,247.5707,92.2462,12.0,1.0,-218.4,143.6127,10.451349801587302,24.15390644737504,29.72756984126984,13.8826264542947,34.605256248962334,15.84494338697514
2022-04-12,18.51,22.1503,19.6667,13.4893,11.0544,0.9485,1.3898,21045870000.0,247.5707,92.2462,12.0,1.0,-218.4,143.6127,10.25398392857143,23.66549925685362,29.76891666666667,13.844487726980722,33.91948318542505,15.924428939685948
2022-04-13,19.51,22.4421,15.0287,14.218,11.0911,0.9859,1.3893,22182870000.0,248.0041,92.2462,12.0,1.0,-218.4,219.2792,10.058120436507936,23.211423268475063,29.747334920634923,13.86548027742172,33.269543704983,15.881854643213204
2022-04-14,19.56,22.3717,14.3747,14.2711,11.1267,0.9886,1.389,22239720000.0,247.7378,92.2113,12.0,1.0,-218.4,236.3053,9.841991269841271,22.655335313950104,29.72371349206349,13.889282600891104,32.49732658379138,15.834430891172389
2022-04-18,19.04,22.3796,17.5399,13.8917,11.2399,0.9624,1.3868,21648480000.0,247.7378,92.2113,12.0,1.0,-218.4,236.3053,9.718271031746031,22.441265727572887,29.722851587301587,13.890041276441094,32.15953675931892,15.832810310860491
2022-04-19,19.91,22.3796,12.4038,14.5265,11.2468,1.0063,1.3867,22637670000.0,247.7378,92.2113,12.0,1.0,-218.4,236.3053,9.575034722222222,22.191395761692167,29.64544603174604,13.95954349196076,31.76643048391439,15.685902539785271
2022-04-20,19.62,22.3796,14.0652,14.2225,11.259,0.9937,1.3867,22307940000.0,244.8192,92.1358,11.0,1.0,-218.4,236.3053,9.423339880952382,21.896329506666326,29.54139285714286,14.02679949577766,31.31966938761871,15.5145933613652
2022-04-21,19.51,22.3514,14.5638,14.1428,11.2711,0.9893,1.3858,22182870000.0,244.6758,92.1358,11.0,1.0,-218.4,203.3066,9.266139087301587,21.571403487630555,29.44579444444444,14.0878577572507,30.837542574932144,15.35793668719374
2022-04-22,18.84,22.3514,18.638,13.6571,11.2951,0.9553,1.3849,21421080000.0,244.6758,92.1358,11.0,1.0,-218.4,203.3066,9.13376746031746,21.306643372962192,29.37758095238095,14.119431222072444,30.44041083327965,15.258149730308508
2022-04-25,18.88,22.3514,18.3867,13.6861,11.3224,0.9573,1.3838,21466560000.0,244.6758,92.1358,11.0,1.0,-218.4,203.3066,8.992247420634921,21.00511095950468,29.3267,14.14759066728748,29.997358380139595,15.17910933271252
2022-04-26,17.5,22.3514,27.7223,12.7542,11.3234,0.8874,1.3836,19897500000.0,244.6758,91.8097,11.0,1.0,-218.4,203.3066,8.900279761904763,20.8202524493412,29.33913095238095,14.145470370803304,29.72053221124596,15.193660581577644
2022-04-27,17.41,22.3514,28.3825,12.6886,11.3243,0.8828,1.3832,19795170000.0,244.6758,91.8097,11.0,1.0,-218.4,203.3066,8.84497261904762,20.731034957095776,29.346247619047617,14.144756039480995,29.5760075761434,15.20149157956662
2022-04-28,17.83,22.3514,25.3584,12.9947,11.4406,0.9041,1.3827,20272710000.0,244.6758,91.8097,11.0,1.0,-218.4,203.3066,8.825089880952381,20.71033088689712,29.320947619047622,14.14904876750498,29.5354207678495,15.171898851542643
2022-04-29,17.3,22.3514,29.1988,12.6084,11.4469,0.8772,1.3826,19670100000.0,244.6758,91.8097,11.0,1.0,-218.4,203.3066,8.799480952380952,20.677049765377834,29.3414507936508,14.146968464621644,29.476530717758784,15.19448232902915
2022-05-02,17.35,22.3514,28.8265,12.6449,11.5026,0.8798,1.3798,19726950000.0,244.6758,91.8097,11.0,1.0,-218.4,203.3066,8.733258928571429,20.55878514071548,29.36761507936508,14.142910543200458,29.29204406928691,15.224704536164625
2022-05-03,17.49,22.3514,27.7953,12.7469,11.5253,0.8869,1.3781,19886130000.0,244.6758,91.8097,11.0,1.0,-218.4,203.3066,8.696632142857144,20.50818599066212,29.424893650793653,14.121627328665744,29.204818133519257,15.303266322127907
2022-05-04,17.73,22.3514,26.0654,12.9218,11.6058,0.899,1.3763,20159010000.0,244.6758,91.8097,11.0,1.0,-218.4,203.3066,8.628862103174601,20.39369716692858,29.461759523809526,14.10661865469498,29.02255927010318,15.355140869114546
2022-05-05,16.54,22.3514,35.1354,12.0545,11.6365,0.8387,1.375,18805980000.0,244.6758,91.8097,11.0,1.0,-218.4,203.3066,8.572392857142857,20.280280841287585,29.581423015873018,14.090149108333309,28.852673698430443,15.49127390753971
2022-05-06,15.92,22.6109,42.0283,11.2684,11.6365,0.8072,1.3712,18101040000.0,244.6758,92.2543,10.0,1.0,-218.4,611.2521,8.546633333333332,20.229359539172908,29.74371507936508,14.114988638646889,28.77599287250624,15.628726440718196
2022-05-09,14.14,22.6109,59.9074,10.0085,11.6713,0.717,1.3682,16077180000.0,244.6758,92.2543,10.0,1.0,-218.4,611.2521,8.575788492063491,20.29279893991679,30.123788095238098,14.277693271430683,28.86858743198028,15.846094823807414
2022-05-10,14.19,22.6109,59.3439,10.0439,11.6713,0.7195,1.3674,16134030000.0,244.6758,92.2543,10.0,1.0,-218.4,611.2521,8.596336507936506,20.33899110339912,30.49215873015873,14.42847986770204,28.93532761133562,16.06367886245669
2022-05-11,13.55,22.6109,66.8701,9.5909,11.6713,0.6871,1.367,15406350000.0,244.6758,92.2543,10.0,1.0,-218.4,611.2521,8.617025595238095,20.392989622108665,30.90468650793651,14.719011791510203,29.01001521734676,16.185674716426306
2022-05-12,13.26,22.6109,70.5196,9.3856,11.6713,0.6724,1.3668,15076620000.0,244.6758,92.2543,10.0,1.0,-218.4,611.2521,8.621409722222221,20.40608136358029,31.31978253968254,15.091144367518744,29.02749108580252,16.228638172163794
2022-05-13,14.28,22.6109,58.3396,10.1076,11.6713,0.7241,1.3657,16236360000.0,244.6758,92.2543,10.0,1.0,-218.4,611.2521,8.610626785714286,20.378296661986983,31.61905555555556,15.250539511099564,28.988923447701268,16.368516044455994
2022-05-16,14.09,22.6109,60.4748,9.9731,11.7048,0.7144,1.3621,16020330000.0,244.6758,92.2543,10.0,1.0,-218.4,611.2521,8.614136706349207,20.3870925632734,31.90701507936508,15.450414302183969,29.00122926962261,16.45660077718111
2022-05-17,14.87,22.4859,51.2165,10.5912,11.688,0.7533,1.3612,16907190000.0,243.7945,92.0241,10.0,1.0,-218.4,611.2521,8.661838888888887,20.458608551858145,32.11884444444444,15.531164993334176,29.120447440747032,16.587679451110265
2022-05-18,13.84,22.4859,62.4704,9.8575,11.6713,0.7011,1.3603,15736080000.0,243.7945,92.0241,10.0,1.0,-218.4,611.2521,8.720961507936508,20.57088210238157,32.38748968253968,15.761224574621505,29.29184361031809,16.626265107918176
2022-05-19,13.58,22.4,64.9485,9.6724,11.6713,0.688,1.3584,15440460000.0,243.7945,92.0241,10.0,1.0,-218.4,611.2521,8.801520039682538,20.71121952817425,32.663359523809525,16.024436709581675,29.51273956785679,16.63892281422785
2022-05-20,13.13,22.4,70.6017,9.3519,11.6713,0.6652,1.3576,14928810000.0,243.7945,92.0241,10.0,1.0,-218.4,611.2521,8.900899603174603,20.88695617996585,32.974268253968255,16.376429739376782,29.78785578314045,16.597838514591473
2022-05-23,13.11,22.15,68.955,9.3376,11.7048,0.6641,1.3552,14906070000.0,243.7945,92.0241,10.0,1.0,-218.4,611.2521,8.994696825396824,21.049973144130487,33.248691269841274,16.686901690957594,30.04466996952732,16.56178957888368
2022-05-24,11.76,22.15,88.3503,8.3761,11.688,0.5958,1.3526,13371120000.0,243.7945,92.0241,10.0,1.0,-218.4,611.2521,9.15396726190476,21.344643067861544,33.66865158730159,17.393279123195768,30.498610329766304,16.27537246410582
2022-05-25,12.18,22.15,81.8555,8.6752,11.6713,0.617,1.35,13848660000.0,243.7945,92.0241,10.0,1.0,-218.4,611.2521,9.312292261904762,21.58649096072568,34.02746349206349,17.913717728670864,30.89878322263044,16.113745763392625
2022-05-26,13.21,22.15,67.676,9.4088,11.6713,0.6692,1.3495,15019770000.0,243.7945,92.0241,10.0,1.0,-218.4,611.2521,9.425830753968254,21.742426335920875,34.26804206349207,18.160719206429487,31.16825708988913,16.10732285706258
2022-05-27,13.97,22.15,58.554,9.9501,11.6713,0.7077,1.3476,15883890000.0,243.7945,92.0241,10.0,1.0,-218.4,611.2521,9.518624603174604,21.852042595292268,34.3020007936508,18.202382556891823,31.370667198466872,16.099618236758975
2022-05-31,13.88,22.15,59.5821,9.886,11.7048,0.7031,1.3465,15781560000.0,243.7945,92.0241,10.0,1.0,-218.4,611.2521,9.627452777777778,21.96445236835597,34.35827777777778,18.26990503250148,31.591905146133747,16.088372745276306
2022-06-01,13.47,22.15,64.4395,9.594,11.688,0.6824,1.3462,15315390000.0,243.7945,92.0241,10.0,1.0,-218.4,611.2521,9.746045833333334,22.098576247985097,34.41601507936508,18.35385742585169,31.84462208131843,16.062157653513392
2022-06-02,14.06,22.15,57.5391,10.0142,11.688,0.7123,1.3458,15986220000.0,243.7945,92.0241,10.0,1.0,-218.4,611.2521,9.860026587301586,22.196619143698925,34.32456111111112,18.207969344468808,32.056645731000515,16.11659176664231
2022-06-03,13.51,22.15,63.9526,9.6225,11.688,0.6844,1.3457,15360870000.0,243.7945,92.0241,10.0,1.0,-218.4,611.2521,9.999950992063493,22.31481051213656,34.397259523809524,18.30835494764587,32.31476150420005,16.088904576163653
2022-06-06,13.61,22.15,62.748,9.6937,11.7048,0.6895,1.3442,15474570000.0,243.7945,92.0241,10.0,1.0,-218.4,611.2521,10.16359861111111,22.398620817697783,34.41111428571428,18.3292978003358,32.562219428808895,16.08181648537848
2022-06-07,13.78,22.15,60.7402,9.8148,11.688,0.6981,1.3441,15667860000.0,243.7945,92.0241,10.0,1.0,-218.4,611.2521,10.338909722222224,22.448056285136968,34.504576190476186,18.433822908453607,32.78696600735919,16.07075328202258
2022-06-08,12.93,21.4941,66.2343,9.3587,11.6713,0.6561,1.3434,14701410000.0,242.481,92.6514,10.0,1.0,-218.4,861.515,10.513465476190476,22.539963500548065,34.63589126984127,18.601027169831337,33.053428976738545,16.03486410000993
2022-06-09,11.73,21.4941,83.2404,8.4902,11.6713,0.5952,1.3414,13337010000.0,242.481,92.6514,10.0,1.0,-218.4,861.515,10.701019841269842,22.75049842595593,34.96425317460317,19.08848934522243,33.45151826722577,15.87576382938074
2022-06-10,11.05,20.7277,87.581,8.237,11.6713,0.5607,1.3401,12563850000.0,242.481,92.5209,11.0,1.0,-218.4,861.515,10.865394444444444,23.00517184236849,35.30770238095238,19.63928448747344,33.87056628681293,15.668417893478942
2022-06-13,9.91,20.3944,105.7962,7.4483,11.688,0.5029,1.3344,11267670000.0,242.481,92.2603,11.0,1.0,-218.4,449.9273,11.09232857142857,23.37415068660534,35.8010626984127,20.607054906309106,34.466479258033914,15.194007792103598
2022-06-14,9.52,20.3944,114.2269,7.1552,11.6713,0.4831,1.333,10824240000.0,242.481,92.2603,11.0,1.0,-218.4,449.9273,11.330951587301588,23.8087587949556,36.30290714285714,21.7199222060713,35.13971038225719,14.582984936785843
2022-06-15,9.84,20.3944,107.2602,7.3957,11.6539,0.4993,1.3316,11188080000.0,242.481,92.2603,11.0,1.0,-218.4,449.9273,11.567271031746031,24.16667714945015,36.73691507936508,22.577120055578643,35.73394818119618,14.159795023786431
2022-06-16,8.75,20.3944,133.0789,6.5765,11.6539,0.444,1.3206,9948750000.0,242.481,92.2603,11.0,1.0,-218.4,449.9273,11.842631944444443,24.753047713975864,37.37764365079365,24.11674385397996,36.59567965842031,13.260899796813693
2022-06-17,9.6,19.8388,106.6542,7.3846,11.6539,0.4871,1.3196,10915200000.0,242.481,92.9735,11.0,1.0,-218.4,449.9273,12.087637103174602,25.07768356646107,37.78663095238095,24.84600198706413,37.16532066963567,12.940628965316815
2022-06-21,9.57,19.8388,107.302,7.2748,11.6539,0.486,1.3157,10881090000.0,242.481,91.6807,10.0,1.0,-218.4,449.9273,12.320836507936509,25.4139504088544,38.256717460317454,25.59128749022865,37.73478691679091,12.665429970088802
2022-06-22,9.62,19.8388,106.2245,7.3128,11.6365,0.4885,1.3153,10937940000.0,242.1842,91.6807,10.0,1.0,-218.4,449.9273,12.544341269841272,25.74200932423392,38.76623015873016,26.296304249892685,38.28635059407519,12.469925908837476
2022-06-23,9.65,19.5315,102.399,7.3401,11.6365,0.49,1.314,10972050000.0,242.1842,90.6147,10.0,1.0,-218.4,449.9273,12.767074007936507,26.03180701415868,39.34745555555556,26.8851370914312,38.79888102209519,12.462318464124357
2022-06-24,10.85,15.8191,45.7982,11.1626,11.6365,0.556,1.3126,12336450000.0,233.2726,82.8813,12.0,1.0,-218.4,881.5679,12.855147023809524,26.0683686744824,39.51371984126984,26.85952276916632,38.92351569829192,12.654197072103518
2022-06-27,10.55,15.4126,46.091,11.2678,11.6713,0.5432,1.3055,11995350000.0,231.47,85.8463,14.0,1.0,-218.4,452.889,12.943800992063494,26.10531727587944,39.67997063492064,26.834681647486185,39.04911826794293,12.845288987434454
2022-06-28,10.33,15.4126,49.2023,11.0328,11.6539,0.5319,1.3043,11745210000.0,231.47,85.8463,14.0,1.0,-218.4,493.8566,13.035823015873016,26.151274334025512,39.8590619047619,26.822233547938136,39.18709734989853,13.036828356823763
2022-06-29,8.87,15.1126,70.3788,9.759,11.6365,0.4584,1.3031,10111800000.0,230.1679,86.0244,14.0,1.0,-218.4,493.8566,13.18202003968254,26.26545481497222,40.20381666666667,26.93378476595001,39.44747485465476,13.270031900716656
2022-06-30,8.65,14.5626,68.3538,9.5222,11.6365,0.447,1.2991,9861000000.0,230.1679,85.2832,14.0,1.0,-218.4,493.8566,13.319992857142855,26.37226292618097,40.52716904761905,27.02580599048685,39.69225578332382,13.501363057132192
2022-07-01,8.82,14.5626,65.1088,9.7104,11.6365,0.4558,1.2986,10054800000.0,230.1679,85.2999,14.0,1.0,-218.4,321.245,13.450808134920637,26.46532942100543,40.81194126984127,27.0947418871759,39.91613755592606,13.71719938266537
2022-07-05,9.38,14.5626,52.1002,10.6591,11.6539,0.485,1.2972,10693200000.0,230.1679,85.2999,14.0,1.0,-218.4,321.245,13.549864682539685,26.51642552370388,40.97257142857143,27.101244331384827,40.06629020624356,13.8713270971866
2022-07-06,8.74,14.5626,63.238,9.9318,11.6365,0.4519,1.2971,9963600000.0,230.1679,85.2999,14.0,1.0,-218.4,321.245,13.667513492063492,26.605109327864955,41.28396587301587,27.13008985709902,40.27262281992844,14.153876015916854
2022-07-07,9.33,13.8386,48.3237,10.9894,11.6365,0.4823,1.2965,10636200000.0,229.741,85.7302,13.0,1.0,-218.4,432.2858,13.740849404761905,26.649646632865068,41.49696349206349,27.0787154783165,40.390496037626974,14.418248013746991
2022-07-08,9.01,13.7628,52.7503,10.6125,11.6365,0.4657,1.2942,10271400000.0,229.741,85.7302,13.0,1.0,-218.4,432.2858,13.828451984126986,26.705219128222748,41.71738015873016,27.05619888937255,40.53367111234974,14.66118126935761
2022-07-11,8.49,13.7628,62.106,10.0,11.6539,0.4389,1.2909,9678600000.0,229.741,85.7302,13.0,1.0,-218.4,432.2858,13.92368134920635,26.79166149047952,42.00734047619048,27.077538118413017,40.71534283968586,14.92980235777746
2022-07-12,9.13,13.7628,50.7426,10.7538,11.6365,0.472,1.2899,10408200000.0,229.741,85.7302,13.0,1.0,-218.4,432.2858,14.031800396825396,26.83012406818261,42.24488571428572,27.0213370484844,40.861924465008,15.223548665801314
2022-07-13,9.0,13.7628,52.92,10.6007,11.6212,0.4652,1.2892,10260000000.0,229.741,85.7302,13.0,1.0,-218.4,432.2858,14.135226587301586,26.879415053911444,42.4829246031746,26.981878915967865,41.01464164121303,15.501045687206735
2022-07-14,8.71,13.7628,58.0115,10.2591,11.6212,0.4502,1.2871,9929400000.0,229.741,85.7302,13.0,1.0,-218.4,432.2858,14.252984325396826,26.94142423852104,42.78711666666667,26.93880151262193,41.19440856391786,15.84831515404474
2022-07-15,9.18,13.7628,49.9216,10.8127,11.6212,0.4745,1.2848,10465200000.0,229.741,85.7302,13.0,1.0,-218.4,432.2858,14.382016071428572,26.95623954048804,43.04115317460317,26.85314524394845,41.338255611916615,16.188007930654724
2022-07-18,9.65,13.7628,42.6197,11.3663,11.6539,0.4988,1.2805,11001000000.0,229.741,85.7302,13.0,1.0,-218.4,432.2858,14.478414484126985,26.97020002624509,43.26134841269841,26.733823973253788,41.44861451037208,16.527524439444623
2022-07-19,10.36,13.7628,32.8456,12.2026,11.6713,0.5355,1.2801,11810400000.0,229.741,85.7302,13.0,1.0,-218.4,432.2858,14.552162103174602,26.96950385408887,43.4040380952381,26.62883165023916,41.52166595726347,16.775206444998943
2022-07-20,11.09,13.7628,24.101,13.0271,11.688,0.5734,1.2775,12642600000.0,229.7261,85.4053,13.0,1.0,-218.4,355.1539,14.602611111111113,26.96352499995969,43.43709444444445,26.602037587094163,41.5661361110708,16.835056857350285
2022-07-21,9.85,12.8313,30.267,11.9206,11.7074,0.5107,1.273,11229000000.0,227.6895,86.5782,13.0,1.0,-218.4,355.1539,14.668150793650794,26.96137099378164,43.48499603174603,26.572595514463124,41.62952178743243,16.912400517282904
2022-07-22,9.26,12.8313,38.567,11.2066,11.7074,0.4801,1.2708,10556400000.0,227.6895,86.5782,13.0,1.0,-218.4,355.1539,14.749521626984126,26.971507871053763,43.57886190476191,26.533832339818137,41.72102949803789,17.04502956494377
2022-07-25,9.18,12.8313,39.7745,11.6247,11.7182,0.476,1.2686,10465200000.0,227.6895,88.284,13.0,1.0,-218.4,355.1539,14.828841468253968,26.98622779433238,43.64155317460318,26.51528453915348,41.81506926258635,17.126268635449705
2022-07-26,8.5,12.6734,49.0988,10.7759,11.7099,0.4404,1.2675,9690000000.0,227.8077,87.489,13.0,1.0,-218.4,355.1539,14.926661904761906,27.020965090714505,43.76499126984127,26.504108766613616,41.94762699547641,17.260882503227652
2022-07-27,8.85,12.6734,43.2023,11.2196,11.7074,0.4585,1.263,10089000000.0,227.8077,87.489,13.0,1.0,-218.4,355.1539,14.99557261904762,27.04874186519552,43.86576746031746,26.47741211612597,42.04431448424314,17.38835534419149
2022-07-28,9.1,12.6734,39.2681,11.5365,11.7048,0.4714,1.2584,10374000000.0,227.8077,87.489,13.0,1.0,-218.4,355.1539,15.067999801587302,27.064793822085257,43.96922380952381,26.43339257712468,42.13279362367256,17.535831232399133
2022-07-29,9.06,12.6734,39.883,11.4858,11.7048,0.4694,1.258,10328400000.0,227.8077,87.489,13.0,1.0,-218.4,355.1539,15.146100793650795,27.079520262428137,44.01569841269841,26.420917718150505,42.225621056078936,17.59478069454791
2022-08-01,8.92,12.6734,42.0785,11.3083,11.7099,0.4621,1.25,10168800000.0,227.8077,87.489,13.0,1.0,-218.4,355.1539,15.22424623015873,27.100333116654856,44.07174761904761,26.409161950937328,42.32457934681359,17.662585668110285
2022-08-02,9.35,12.6734,35.5444,11.8534,11.7265,0.4844,1.2458,10659000000.0,227.8077,87.489,13.0,1.0,-218.4,355.1539,15.282674603174604,27.11235675189844,44.11859126984127,26.388589020344472,42.39503135507304,17.730002249496795
2022-08-03,9.79,12.6734,29.4525,12.4476,11.7297,0.5072,1.2457,11160600000.0,227.8077,87.3945,13.0,1.0,-218.4,355.1539,15.315969642857144,27.119446873502763,44.17214523809523,26.35160441915176,42.43541651635991,17.82054081894347
2022-08-04,9.75,12.6734,29.9836,12.3967,11.7335,0.5051,1.2456,11115000000.0,227.8077,87.3945,13.0,1.0,-218.4,355.1539,15.361219642857142,27.124866516034896,44.22617777777778,26.31516213572973,42.48608615889204,17.911015642048046
2022-08-05,9.82,12.6734,29.057,12.4857,11.739,0.5087,1.2455,11194800000.0,227.8077,87.3945,13.0,1.0,-218.4,355.1539,15.408878174603174,27.12779230827145,44.24834444444444,26.30108317026526,42.53667048287463,17.94726127417918
2022-08-08,10.01,12.6734,26.6074,12.7273,11.7584,0.5186,1.2437,11411400000.0,227.8077,87.3945,13.0,1.0,-218.4,355.1539,15.448046626984128,27.129685257521725,44.23199206349207,26.31148613885765,42.57773188450585,17.920505924634416
2022-08-09,9.47,12.7491,34.6262,12.0422,11.7611,0.49,1.2434,10795800000.0,227.8972,87.419,13.0,1.0,-218.4,356.6742,15.50968630952381,27.13791178482204,44.35330634920636,26.23091661914621,42.647598094345845,18.122389730060146
2022-08-10,10.34,12.7491,23.2988,13.1485,11.7812,0.535,1.2422,11787600000.0,227.8972,87.419,13.0,1.0,-218.4,356.6742,15.565086904761904,27.125227637129,44.42798253968254,26.15678505091049,42.690314541890906,18.271197488772053
2022-08-11,10.54,12.7018,20.5104,13.4404,11.8208,0.5454,1.2404,12015600000.0,227.8972,87.2128,13.0,1.0,-218.4,356.6742,15.619500396825396,27.107545758007333,44.50281825396825,26.07397262497117,42.72704615483273,18.428845628997085
2022-08-12,10.72,12.7018,18.4869,13.67,11.8468,0.5547,1.2382,12220800000.0,227.8972,87.2206,13.0,1.0,-218.4,353.9672,15.663055357142856,27.094453408739163,44.55488888888889,26.014879333302265,42.75750876588202,18.540009555586625
2022-08-15,10.71,12.7018,18.5976,13.6572,11.8632,0.5542,1.232,12209400000.0,227.8972,87.2206,13.0,1.0,-218.4,353.9672,15.70720753968254,27.081038420654647,44.56430952380953,26.00518418864497,42.78824596033719,18.55912533516456
2022-08-16,11.19,12.7018,13.5103,14.2693,11.869,0.579,1.2289,12756600000.0,227.8972,87.2206,13.0,1.0,-218.4,353.9672,15.74435496031746,27.06512235426442,44.476599206349206,26.091681797132225,42.80947731458188,18.384917409216985
2022-08-17,10.56,12.713,20.3883,13.2331,11.8852,0.5468,1.2271,12038400000.0,227.8243,84.3572,12.0,1.0,-218.4,353.9672,15.785028174603177,27.05664945637514,44.50509999999999,26.063150545454818,42.84167763097832,18.44194945454517
2022-08-18,10.45,12.713,21.6555,13.0952,11.911,0.5411,1.2221,11913000000.0,227.8243,84.3572,12.0,1.0,-218.4,353.9672,15.826223412698411,27.04973566400251,44.57706984126985,25.986717017859043,42.87595907670092,18.590352823410804
2022-08-19,9.87,12.7018,28.691,12.5861,11.9386,0.5107,1.2175,11251800000.0,227.8972,87.2206,13.0,1.0,-218.4,353.9672,15.883983134920634,27.046056325078773,44.66940634920635,25.9087011400626,42.930039459999406,18.760705209143747
2022-08-22,9.39,12.7018,35.2694,11.974,11.9966,0.4859,1.215,10704600000.0,226.9232,86.8659,13.0,1.0,-218.4,327.0822,15.953979761904762,27.050493619650325,44.80347619047619,25.81509372197108,43.00447338155509,18.988382468505115
2022-08-23,9.54,12.4386,30.3836,12.5378,12.0308,0.4937,1.214,10875600000.0,226.9729,86.859,13.0,1.0,-218.4,258.6017,16.015772023809525,27.04780880953069,44.87158095238096,25.76519852624692,43.06358083334021,19.106382426134047
2022-08-24,10.05,12.4386,23.7672,13.208,12.0422,0.5201,1.2132,11457000000.0,226.9729,86.859,13.0,1.0,-218.4,258.6017,16.080533134920636,27.027167038389784,44.82499285714285,25.798251101899723,43.10770017331042,19.02674175524313
2022-08-25,10.54,12.4386,18.0133,13.8593,12.0545,0.5455,1.2132,12015600000.0,226.9627,86.9197,13.0,1.0,-218.4,258.8242,16.131032936507935,27.00690519841629,44.75481587301588,25.85947675539449,43.13793813492423,18.8953391176214
2022-08-26,9.97,12.347,23.8415,13.1098,12.0864,0.516,1.2123,11365800000.0,226.9627,86.9197,13.0,1.0,-218.4,258.8242,16.18576507936508,26.99449643636586,44.73889206349206,25.871827244520983,43.18026151573094,18.86706481897108
2022-08-29,9.83,12.347,25.6053,12.9257,12.111,0.5087,1.2096,11206200000.0,226.9627,86.9197,13.0,1.0,-218.4,258.8242,16.25009265873016,26.978199633953064,44.6991373015873,25.89754035500899,43.22829229268322,18.80159694657831
2022-08-30,9.77,12.347,26.3767,12.8468,12.1709,0.5056,1.209,11137800000.0,226.9627,86.9197,13.0,1.0,-218.4,258.8242,16.329444246031745,26.948978329704328,44.58470793650794,25.946736605560595,43.27842257573607,18.637971330947344
2022-08-31,9.46,12.347,30.518,12.4392,12.1764,0.4896,1.2084,10784400000.0,226.9627,86.9197,13.0,1.0,-218.4,258.8242,16.409420436507933,26.93111472080361,44.51254603174603,25.97331168220383,43.340535157311535,18.5392343495422
2022-09-01,9.35,12.347,32.0535,12.2945,12.1852,0.4839,1.2046,10659000000.0,226.9627,86.9197,13.0,1.0,-218.4,258.8242,16.492768650793646,26.914359833194275,44.407085714285714,25.996885086372096,43.40712848398792,18.410200627913618
2022-09-02,9.37,12.347,31.7716,12.3208,12.1955,0.4849,1.2021,10681800000.0,226.9627,86.9197,13.0,1.0,-218.4,258.8242,16.577695833333333,26.89485979181062,44.2297626984127,26.006340440647147,43.472555625143954,18.223422257765552
2022-09-06,9.44,12.347,30.7945,12.4129,12.237,0.4886,1.1998,10761600000.0,226.9627,86.9197,13.0,1.0,-218.4,258.8242,16.669420238095235,26.864279762475743,43.91079444444444,25.92189636132763,43.533700000570974,17.988898083116812
2022-09-07,9.82,12.347,25.7332,12.9126,12.2513,0.5082,1.1995,11194800000.0,226.9627,86.9197,13.0,1.0,-218.4,258.8242,16.75970456349206,26.81799481155368,43.58156587301588,25.886942481759945,43.57769937504574,17.69462339125593
2022-09-08,10.08,12.347,22.4901,13.2544,12.2643,0.5217,1.1982,11491200000.0,226.9627,86.9197,13.0,1.0,-218.4,258.8242,16.84146527777778,26.77239638884781,43.3334126984127,25.93842973419631,43.61386166662559,17.394982964216393
2022-09-09,10.4,12.347,18.7212,13.6752,12.2662,0.5382,1.1963,11856000000.0,226.9627,86.9197,13.0,1.0,-218.4,258.8242,16.909994841269842,26.732807716029303,43.08162063492063,26.0226726866318,43.64280255729915,17.058947948288836
2022-09-12,10.6,12.347,16.4811,13.9382,12.333,0.5486,1.1927,12084000000.0,226.9627,86.9197,13.0,1.0,-218.4,258.8242,16.974654563492063,26.692169112523352,42.78152301587302,26.110223750824268,43.66682367601541,16.671299265048752
2022-09-13,10.24,12.347,20.5762,13.4648,12.3452,0.53,1.1919,11673600000.0,226.9627,86.9197,13.0,1.0,-218.4,258.8242,17.045651587301585,26.653963203252,42.50748809523809,26.160998329007608,43.69961479055358,16.34648976623048
2022-09-14,10.57,12.347,16.8117,13.6917,12.3518,0.547,1.1911,12049800000.0,226.9627,85.2148,13.0,1.0,-218.4,258.8242,17.11092638888889,26.61291359156605,42.28447063492064,26.25992455286672,43.72383998045494,16.024546082053917
2022-09-15,10.92,12.347,13.0678,14.3138,12.3594,0.5652,1.1876,12448800000.0,226.9627,86.8458,14.0,1.0,-218.4,258.8242,17.148394444444445,26.593857091797183,42.151964285714286,26.365520519391914,43.742251536241625,15.786443766322371
2022-09-16,10.76,12.4523,15.7277,14.2573,12.3786,0.5572,1.1864,12266400000.0,226.8621,86.0464,15.0,1.0,-218.4,258.8242,17.19715714285714,26.568613609621416,42.0308880952381,26.452106097396832,43.76577075247856,15.578781997841263
2022-09-19,10.78,12.4523,15.513,14.2838,12.4115,0.5582,1.183,12289200000.0,226.8621,86.0464,15.0,1.0,-218.4,258.8242,17.243043849206348,26.545638515394163,41.936662698412704,26.52573527868736,43.78868236460051,15.410927419725343
2022-09-20,10.42,12.4136,19.1324,13.8068,12.4129,0.5395,1.1816,11878800000.0,226.8621,86.0464,15.0,1.0,-218.4,258.8242,17.284977182539684,26.53186637931512,41.84395396825396,26.585268123366856,43.81684356185481,15.258685844887108
2022-09-21,9.71,12.4136,27.8435,12.866,12.426,0.5028,1.1803,11069400000.0,226.8621,86.0464,15.0,1.0,-218.4,258.8242,17.330315476190474,26.530343492180343,41.83901428571429,26.58783142082776,43.860658968370814,15.25118286488653
2022-09-22,9.64,12.4136,28.7718,12.7733,12.4434,0.4992,1.1781,10989600000.0,226.8621,86.0464,15.0,1.0,-218.4,258.8242,17.37923035714286,26.5286631873384,41.80889603174603,26.60056532316684,43.90789354448125,15.208330708579194
2022-09-23,8.95,12.4136,38.6994,11.859,12.4434,0.4634,1.1771,10203000000.0,226.8621,86.0464,15.0,1.0,-218.4,258.8242,17.443749206349207,26.54091580801811,41.878479365079365,26.58070808657536,43.98466501436732,15.297771278504005
2022-09-26,8.9,12.4136,39.4787,11.7928,12.4498,0.4608,1.175,10146000000.0,226.8621,86.0464,15.0,1.0,-218.4,258.8242,17.491434325396824,26.558902100192,41.980938888888886,26.546081475728155,44.05033642558882,15.434857413160731
2022-09-27,9.22,12.4136,34.6377,12.2168,12.4476,0.4774,1.1721,10510800000.0,226.8621,86.0464,15.0,1.0,-218.4,258.8242,17.54972976190476,26.56423856584121,42.11959920634921,26.460922044761805,44.11396832774597,15.658677161587402
2022-09-28,9.83,12.4136,26.2828,13.025,12.4498,0.509,1.1692,11206200000.0,226.8621,86.0464,15.0,1.0,-218.4,258.8242,17.594721825396824,26.559779252351365,42.21667936507937,26.379431842950154,44.15450107774819,15.837247522129218
2022-09-29,9.16,12.4136,35.5197,12.1373,12.4498,0.4743,1.1689,10442400000.0,226.8621,86.0464,15.0,1.0,-218.4,258.8242,17.654767261904762,26.566038573737853,42.39528571428572,26.25603360626651,44.220805835642615,16.13925210801921
2022-09-30,7.03,10.8609,54.4936,11.4794,12.4498,0.3822,1.1675,8330550000.0,220.419,90.0001,16.0,1.0,-218.4,231.4909,17.75397261904762,26.61011490160874,42.7470746031746,26.117366415989032,44.36408752065636,16.62970818718557
2022-10-03,6.85,10.8609,56.0073,13.0228,12.4857,0.3747,1.1647,8117250000.0,218.8462,103.019,15.0,1.0,-218.4,231.4909,17.8541123015873,26.658968714016563,43.11054126984127,25.97924754011257,44.51308101560386,17.1312937297287
2022-10-04,7.76,10.2143,31.6276,16.7313,12.4954,0.427,1.1642,9195600000.0,215.9714,110.9322,15.0,1.0,-218.4,179.823,17.907675198412697,26.659469702491226,43.26678253968254,25.849165111574777,44.567144900903926,17.41761742810776
2022-10-05,7.43,10.2554,38.0269,17.7879,12.505,0.4099,1.1622,8804550000.0,214.1361,116.0883,14.0,1.0,-218.4,164.1667,17.969908928571428,26.66977165128613,43.494901587301584,25.67309570086473,44.639680579857554,17.82180588643685
2022-10-06,6.98,10.1467,45.3682,15.8277,12.5378,0.3853,1.1598,8271300000.0,213.7747,110.8376,14.0,1.0,-218.4,164.1667,18.04898055555556,26.6918431167717,43.72218015873016,25.5607793199786,44.74082367232725,18.16140083875156
2022-10-07,6.76,10.242,51.5089,15.3288,12.5861,0.3731,1.1581,8010600000.0,213.7747,110.8451,14.0,1.0,-218.4,164.1687,18.15067698412698,26.721533480109454,43.98880158730159,25.46445754891471,44.87221046423643,18.52434403838688
2022-10-10,6.38,10.242,60.5329,14.4573,12.6084,0.3521,1.1542,7560300000.0,213.7747,110.7832,14.0,1.0,-218.4,164.1687,18.26409107142857,26.77992421249868,44.30433333333333,25.42080228145764,45.04401528392725,18.883531051875693
2022-10-11,6.64,10.0841,51.869,15.2574,12.6266,0.3666,1.1525,7868400000.0,213.7391,111.0871,14.0,1.0,-218.4,163.6418,18.36136071428572,26.81281997745964,44.56144444444445,25.331316313880155,45.17418069174535,19.23012813056429
2022-10-12,7.31,9.8937,35.3447,16.7969,12.6449,0.4029,1.1522,8662350000.0,212.7749,111.0641,14.0,1.0,-218.4,127.4306,18.41940436507937,26.817867630906896,44.68587301587301,25.246417181103304,45.23727199598626,19.43945583476971
2022-10-13,7.1,9.8937,39.3479,16.3143,12.6886,0.3913,1.1516,8413500000.0,212.7749,111.0641,14.0,1.0,-218.4,127.4306,18.467181944444448,26.83368726030814,44.87888253968255,25.110467899695035,45.30086920475259,19.768414639987515
2022-10-14,7.13,9.8937,38.7616,16.3833,12.6906,0.393,1.1505,8449050000.0,212.7749,111.0641,14.0,1.0,-218.4,127.4306,18.51281388888889,26.848630553491816,45.072429365079365,24.967041595492503,45.3614444423807,20.105387769586866
2022-10-17,7.27,9.8937,36.0894,16.3849,12.7078,0.4007,1.145,8614950000.0,212.7749,108.8824,14.0,1.0,-218.4,127.4306,18.553963095238093,26.859664343838723,45.21964761904762,24.857846981943474,45.41362743907682,20.361800637104142
2022-10-18,8.08,9.8937,22.4468,18.2105,12.7158,0.4454,1.1408,9574800000.0,212.7749,108.8824,14.0,1.0,-218.4,127.4306,18.567096825396824,26.859946831736725,45.29935396825397,24.76771960679033,45.42704365713355,20.53163436146364
2022-10-19,7.68,9.8937,28.8242,17.309,12.7238,0.4233,1.1394,9100800000.0,212.7749,108.8824,14.0,1.0,-218.4,127.4306,18.59402103174603,26.86342051552902,45.41648888888889,24.65345758224508,45.45744154727505,20.76303130664381
2022-10-20,8.0,9.8937,23.6713,18.0302,12.7273,0.4409,1.1351,9480000000.0,212.7749,108.8824,14.0,1.0,-218.4,127.4306,18.61792123015873,26.86256690843785,45.48877063492064,24.57550453066331,45.48048813859658,20.913266104257325
2022-10-21,8.2,9.8882,20.5878,18.481,12.7469,0.4527,1.1301,9717000000.0,211.8194,108.8824,14.0,1.0,-218.4,127.4306,18.635671626984124,26.86090359973616,45.50424523809524,24.55907036507244,45.49657522672028,20.945174873022804
2022-10-24,8.22,9.8882,20.2944,18.526,12.755,0.4538,1.1276,9740700000.0,211.8194,108.8824,14.0,1.0,-218.4,127.4306,18.66319365079365,26.855471475198208,45.51938571428572,24.54280151951273,45.51866512599186,20.97658419477299
2022-10-25,8.62,9.8882,14.7123,19.4275,12.7558,0.4759,1.1269,10214700000.0,211.8194,108.8824,14.0,1.0,-218.4,127.4306,18.68197718253968,26.849378032728897,45.41613174603175,24.645427200912263,45.531355215268576,20.77070454511948
2022-10-26,8.67,9.8882,14.0507,19.5402,12.7646,0.4786,1.1246,10273950000.0,211.8194,108.8829,14.0,1.0,-218.4,127.4306,18.67965238095238,26.849728906543938,45.3023873015873,24.75748788144063,45.52938128749632,20.54489942014668
2022-10-27,8.65,9.8882,14.3145,19.4952,12.7894,0.4775,1.1228,10250250000.0,211.8194,108.8829,14.0,1.0,-218.4,127.4306,18.67336507936508,26.85038061407108,45.214737301587306,24.84804528441704,45.52374569343616,20.36669201717028
2022-10-28,8.94,9.8816,10.5324,18.8211,12.8262,0.4917,1.1222,10593900000.0,211.9583,104.2792,13.0,1.0,-218.4,128.1599,18.631904563492064,26.84677877394183,45.06659126984128,24.99948131094254,45.47868333743389,20.067109958898737
2022-10-31,9.06,9.8816,9.0684,19.0737,12.8588,0.4983,1.1196,10736100000.0,211.9583,104.2792,13.0,1.0,-218.4,128.1599,18.6012007936508,26.84885376588328,44.90978095238096,25.16359102566,45.45005455953408,19.74618992672096
2022-11-01,9.05,9.8816,9.189,19.0526,12.8788,0.4978,1.1166,10724250000.0,211.9583,104.2792,13.0,1.0,-218.4,128.1599,18.583893849206348,26.852110263029065,44.7621119047619,25.31894315682428,45.43600411223541,19.44316874793762
2022-11-02,8.69,9.8816,13.7123,18.2947,12.8917,0.478,1.1146,10297650000.0,211.9583,104.2792,13.0,1.0,-218.4,128.1599,18.5759371031746,26.85296014887458,44.66407142857143,25.41565234288153,45.42889725204918,19.2484190856899
2022-11-03,8.83,9.8345,11.376,18.7633,12.9126,0.4857,1.1136,10463550000.0,211.9583,104.3551,13.0,1.0,-218.4,128.1599,18.566070634920635,26.854693612992143,44.47550476190476,25.574556557822447,45.42076424791278,18.90094820408231
2022-11-04,9.0,9.8345,9.2722,19.1164,12.9204,0.495,1.112,10665000000.0,211.9583,104.3469,13.0,1.0,-218.4,120.9698,18.545627182539683,26.857845138260195,44.215535714285714,25.7654048947886,45.40347232079988,18.450130819497115
2022-11-07,8.76,9.8345,12.266,18.6066,12.9257,0.4818,1.1114,10380600000.0,211.9583,104.3469,13.0,1.0,-218.4,120.9698,18.54517837301588,26.857948385264866,43.837429365079366,25.88258656097904,45.403126758280735,17.954842804100327
2022-11-08,9.1,9.8345,8.0714,19.3288,12.9503,0.5005,1.1085,10783500000.0,211.9583,104.3469,13.0,1.0,-218.4,120.9698,18.53059265873016,26.86164338111051,43.43050476190476,26.03942089511169,45.39223603984067,17.39108386679307
2022-11-09,8.56,9.8345,14.889,18.1818,12.9848,0.4708,1.1073,10143600000.0,211.9583,104.3469,13.0,1.0,-218.4,120.9698,18.594133531746035,26.81494402679895,43.01795634920635,26.076838492110223,45.409077558544986,16.941117857096128
2022-11-10,9.78,9.8345,0.5573,20.7732,13.0087,0.5379,1.1058,11589300000.0,211.9583,104.3469,13.0,1.0,-218.4,120.9698,18.602779761904763,26.80841051538296,42.462700000000005,26.23096004964824,45.41119027728772,16.231739950351766
2022-11-11,10.35,10.3051,-0.4338,22.0072,13.0238,0.5693,1.1052,12264750000.0,212.0011,105.1505,13.0,1.0,-218.4,121.4001,18.603336507936508,26.80801145731254,41.99624444444444,26.467871349312748,45.41134796524905,15.528373095131697
2022-11-14,10.6,10.2087,-3.6915,22.5149,13.0261,0.583,1.1038,12561000000.0,211.9583,104.3469,13.0,1.0,-218.4,120.9698,18.580540476190475,26.822099417365795,41.4869880952381,26.72553275080478,45.40263989355627,14.761455344433315
2022-11-15,11.16,10.2087,-8.5242,23.7043,13.0401,0.6138,1.1026,13224600000.0,211.9583,104.3469,13.0,1.0,-218.4,120.9698,18.5608128968254,26.83839860674406,41.01285555555556,27.07912747852432,45.39921150356946,13.933728077031244
2022-11-16,9.63,10.3155,7.1184,20.4937,13.0531,0.5285,1.1012,11411550000.0,212.2101,104.5168,13.0,1.0,-218.4,119.9964,18.5899886904762,26.8179026995793,40.573553968253975,27.177046904641166,45.4078913900555,13.396507063612807
2022-11-17,9.51,10.3155,8.47,20.2383,13.0707,0.5219,1.0994,11269350000.0,212.2101,104.5168,13.0,1.0,-218.4,119.9964,18.62672242063492,26.79127007427889,40.12531190476191,27.23749899694792,45.41799249491382,12.887812907813988
2022-11-18,9.47,10.2969,8.7318,20.0508,13.0952,0.52,1.098,11221950000.0,212.0743,104.0786,13.0,1.0,-218.4,121.6872,18.65850257936508,26.76996309868024,39.63428095238095,27.24137019660421,45.42846567804531,12.39291075577674
2022-11-21,9.32,10.2969,10.4818,20.1601,13.1041,0.5118,1.0963,11044200000.0,211.1837,105.4686,13.0,1.0,-218.4,121.6872,18.69748531746032,26.74365729472156,39.17020793650793,27.23594066956268,45.44114261218188,11.934267266945252
2022-11-22,9.47,10.2969,8.7318,20.4845,13.1098,0.52,1.0953,11221950000.0,211.1837,105.4686,13.0,1.0,-218.4,121.6872,18.7244876984127,26.72667205445685,38.53831507936508,27.0084524370252,45.45115975286955,11.52986264233988
2022-11-23,9.73,10.2969,5.8263,21.0469,13.1292,0.5343,1.0943,11530050000.0,211.1837,105.4686,13.0,1.0,-218.4,121.6872,18.754134126984127,26.70400673990763,37.93490873015873,26.881946923462312,45.45814086689175,11.05296180669642
2022-11-25,9.73,10.2969,5.8263,21.0469,13.208,0.5343,1.0918,11530050000.0,211.1837,105.4686,13.0,1.0,-218.4,121.6872,18.802053968253965,26.65896792142201,37.4440380952381,26.899212455778304,45.461021889675976,10.544825639459797
2022-11-28,9.32,10.4734,12.3755,20.9109,13.2544,0.5126,1.0895,11044200000.0,211.1289,107.6415,13.0,1.0,-218.4,121.6872,18.87038234126984,26.598085988495367,37.07754206349206,26.92386758491391,45.4684683297652,10.15367447857815
2022-11-29,9.75,10.4734,7.4195,21.8757,13.268,0.5362,1.0882,11553750000.0,211.1289,107.6415,13.0,1.0,-218.4,121.6872,18.936859126984125,26.52728033116217,36.66355317460317,26.976045716235568,45.46413945814631,9.687507458367604
2022-11-30,9.93,10.4734,5.4723,22.2796,13.3209,0.5461,1.0856,11767050000.0,211.1289,107.6415,13.0,1.0,-218.4,121.6872,18.987728174603173,26.47668131659541,36.19555952380953,27.00180365648247,45.46440949119859,9.19375586732706
2022-12-01,9.97,10.4734,5.0491,22.3693,13.3628,0.5483,1.0822,11814450000.0,211.1289,107.6415,13.0,1.0,-218.4,121.6872,19.03627579365079,26.42850737853468,35.77897222222222,27.07469130258041,45.46478317218547,8.704280919641807
2022-12-02,10.0,10.4734,4.734,22.4366,13.4029,0.55,1.0784,11850000000.0,211.1289,107.6415,13.0,1.0,-218.4,121.6872,19.091829563492063,26.368771531583832,35.30898333333333,27.0956924333526,45.46060109507589,8.21329089998073
2022-12-05,9.68,10.6137,9.6457,20.7325,13.477,0.5323,1.075,11470800000.0,211.1053,105.7914,14.0,1.0,-218.4,121.5473,19.16547757936508,26.290176638009925,34.88753650793651,27.07846276809852,45.455654217375,7.809073739837991
2022-12-06,9.3,10.6137,14.1258,19.9186,13.5002,0.5114,1.0734,11020500000.0,211.1053,105.7914,14.0,1.0,-218.4,121.5473,19.2515125,26.20227169286014,34.51758095238095,27.040833932755024,45.45378419286014,7.476747019625929
2022-12-07,8.89,10.6137,19.3892,19.0486,13.5111,0.4888,1.0718,10534650000.0,211.1053,105.8505,14.0,1.0,-218.4,121.5473,19.34647777777778,26.115548943990103,34.14579444444445,26.92305164565209,45.46202672176789,7.222742798792353
2022-12-08,9.03,10.6137,17.5382,20.9318,13.5267,0.4968,1.0696,10700550000.0,211.0413,111.8118,14.0,1.0,-218.4,121.5473,19.439998214285712,26.024170594896184,33.62434841269842,26.59888877173854,45.4641688091819,7.025459640959877
2022-12-09,8.87,10.4471,17.7802,22.225,13.6571,0.4884,1.0688,10510950000.0,210.7205,116.0572,14.0,1.0,-218.4,118.5028,19.52858115079365,25.94209378212358,33.070373809523815,26.18986970633397,45.470674932917234,6.880504103189846
2022-12-12,9.01,10.4471,15.9501,22.5758,13.67,0.4962,1.0635,10676850000.0,210.7202,116.0577,14.0,1.0,-218.4,118.5028,19.6022378968254,25.87892562742337,32.357309523809526,25.405298870818065,45.48116352424877,6.952010652991461
2022-12-13,8.91,10.5026,17.8743,21.9783,13.6726,0.4911,1.0628,10558350000.0,210.482,115.3275,14.0,1.0,-218.4,118.5028,19.67237658730159,25.82608497257337,31.59260634920635,24.349471931929045,45.49846155987496,7.243134417277304
2022-12-14,8.93,10.4734,17.2833,24.4993,13.6752,0.492,1.0614,10582050000.0,210.5435,125.2722,15.0,1.0,-218.4,118.5028,19.73829166666666,25.77736607203181,30.87850396825397,23.414015754884616,45.51565773869848,7.4644882133693535
2022-12-15,8.63,10.4734,21.3604,23.0441,13.6752,0.4755,1.06,10226550000.0,210.5435,122.2541,15.0,1.0,-218.4,118.5028,19.816944246031746,25.721547753226545,29.991849206349208,21.554328444251755,45.53849199925829,8.437520762097453
2022-12-16,8.45,10.4734,23.9456,22.7947,13.6806,0.4656,1.06,10013250000.0,210.5435,123.2568,15.0,1.0,-218.4,118.3692,19.90244007936508,25.663334409480385,29.335431746031745,20.43111040867493,45.56577448884546,8.904321337356816
2022-12-19,8.09,10.4734,29.4611,21.8236,13.7584,0.4457,1.0581,9586650000.0,210.5435,123.2568,15.0,1.0,-218.4,118.3692,19.99463849206349,25.613892967882908,28.717646825396827,19.19415018372292,45.608531459946406,9.523496641673905
2022-12-20,8.1,10.4734,29.3012,21.8506,13.8068,0.4463,1.0568,9598500000.0,210.5435,123.2568,15.0,1.0,-218.4,118.3692,20.085215277777777,25.56578664832542,28.107144444444444,17.88809471059256,45.6510019261032,10.219049733851882
2022-12-21,8.48,10.1537,19.737,8.4834,13.7584,0.4513,1.0554,10676320000.0,30.0622,184.4718,5.0,1.0,-218.4,133.6992,20.15366309523809,25.51844434753018,27.451096825396828,16.611933266116576,45.67210744276827,10.839163559280252
2022-12-22,7.88,10.1815,29.2069,8.1204,13.7584,0.4203,1.0546,9920920000.0,30.0915,240.0856,6.0,1.0,-218.4,133.3837,20.23022857142857,25.48752157072056,27.31941984126984,16.53089781283049,45.71775014214913,10.788522028439353
2022-12-23,7.81,10.1815,30.3649,8.0482,13.7584,0.4166,1.0531,9832790000.0,30.0915,240.0856,6.0,1.0,-218.4,133.3837,20.318794246031747,25.444910275823617,27.194609523809525,16.447191312923593,45.76370452185536,10.747418210885932
2022-12-27,7.67,10.1815,32.7445,7.904,13.833,0.4091,1.0502,9656530000.0,30.0915,240.0856,6.0,1.0,-218.4,133.3837,20.41126507936508,25.40510365433923,27.063992063492066,16.335991167640156,45.81636873370431,10.72800089585191
2022-12-28,7.67,10.237,33.4681,7.904,13.8068,0.4091,1.0498,9656530000.0,30.0915,240.0856,6.0,1.0,-218.4,133.3837,20.51202083333333,25.35584377074092,26.77105,15.877557304299698,45.86786460407425,10.893492695700305
2022-12-29,8.08,10.2752,27.1683,8.3757,13.8068,0.4332,1.049,10172720000.0,29.9097,274.9569,6.0,1.0,-218.4,133.3837,20.598133333333337,25.304451527309737,26.44418095238096,15.432348800815609,45.902584860643074,11.011832151565343
2022-12-30,8.06,10.2752,27.4839,8.3549,13.8068,0.4322,1.0478,10147540000.0,29.9097,274.9569,6.0,1.0,-218.4,133.3837,20.687617857142858,25.248727481977376,26.14557063492064,15.037171743388829,45.93634533912024,11.108398891531811
2023-01-03,7.97,10.2752,28.9235,8.2616,13.8593,0.4273,1.0433,10034230000.0,29.9097,274.9569,6.0,1.0,-218.4,133.3837,20.783944444444444,25.187158379576243,25.96162857142857,14.857826945035324,45.97110282402069,11.103801626393246
2023-01-04,8.74,10.2752,17.5652,9.0598,13.833,0.4686,1.0433,11003660000.0,29.9097,274.9569,6.0,1.0,-218.4,133.3837,20.84771865079365,25.138090451207443,25.59914603174603,14.493803984989748,45.9858091020011,11.105342046756284
2023-01-05,8.95,10.2752,14.8067,9.3326,13.833,0.4803,1.0422,11268050000.0,29.9227,293.5372,7.0,1.0,-218.4,119.6881,20.907829761904765,25.08719824331657,25.3331380952381,14.380528500635076,45.99502800522134,10.952609594603022
2023-01-06,9.2,10.1288,10.0957,9.8249,13.833,0.4937,1.0422,11582800000.0,29.8077,470.7375,9.0,1.0,-218.4,114.0788,20.956949801587303,25.04161225045669,24.99460952380952,14.23123014969223,45.998562052044,10.763379374117292
2023-01-09,9.47,10.0527,6.1531,10.124,13.8596,0.5082,1.0359,11922730000.0,29.8077,542.6158,9.0,1.0,-218.4,114.0788,21.001023015873017,24.995838790569067,24.550538888888887,13.933811850292658,45.99686180644208,10.61672703859623
2023-01-10,9.68,10.1083,4.4246,10.5172,13.8593,0.518,1.0359,12187120000.0,29.96,1398.9737,10.0,1.0,-218.4,114.0788,21.029776984126983,24.9683484917276,24.18293571428572,13.848001095317503,45.998125475854586,10.334934618968216
2023-01-11,9.86,10.1083,2.5183,11.2789,13.833,0.528,1.0359,12413740000.0,30.0438,933.2306,9.0,1.0,-218.4,114.0788,21.05298353174604,24.94564166398959,23.782922222222226,13.738782481381046,45.99862519573563,10.044139740841176
2023-01-12,10.28,10.1083,-1.6702,10.6242,13.8068,0.5508,1.0354,12942520000.0,29.997,923.1903,9.0,1.0,-218.4,114.0788,21.068548015873013,24.92897313254465,23.309257936507937,13.577117459374689,45.99752114841766,9.73214047713325
2023-01-13,10.51,10.1083,-3.8221,10.8619,13.8068,0.5631,1.0345,13232090000.0,29.997,923.1903,9.0,1.0,-218.4,114.0788,21.081094047619047,24.91481999850077,22.882720634920634,13.578581650174335,45.99591404611982,9.304138984746295
2023-01-17,10.88,10.1083,-7.0928,11.2443,13.8593,0.5829,1.0326,13697920000.0,29.997,923.1903,9.0,1.0,-218.4,114.0788,21.0941386904762,24.898306257133694,22.488176984126987,13.72198372989658,45.99244494760988,8.766193254230407
2023-01-18,10.43,10.1916,-2.2857,10.7848,13.833,0.5588,1.032,13131370000.0,29.9966,938.4393,9.0,1.0,-218.4,114.0567,21.114181349206348,24.87535601935912,22.209357142857147,13.866009707554262,45.989537368565465,8.343347435302885
2023-01-19,10.12,10.1916,0.7075,10.4675,13.833,0.5422,1.0272,12741080000.0,29.9966,965.5568,9.0,1.0,-218.4,114.0567,21.140829166666663,24.846212413597943,22.023694444444445,13.996481386064476,45.98704158026461,8.027213058379969
2023-01-20,10.47,10.1916,-2.659,10.8295,13.833,0.561,1.0258,13181730000.0,29.9966,965.5568,9.0,1.0,-218.4,114.0567,21.157844642857143,24.82692547866745,21.762376984126988,14.147894706609408,45.98477012152459,7.614482277517581
2023-01-23,10.72,10.1916,-4.9291,11.0881,13.8596,0.5744,1.0272,13496480000.0,29.9966,965.5568,9.0,1.0,-218.4,114.0567,21.17216507936508,24.809752553085545,21.417169841269843,14.264750962605818,45.981917632450624,7.152418878664024
2023-01-24,10.68,10.2361,-4.1564,11.4103,13.8593,0.5722,1.0265,13446120000.0,29.9966,4027.9361,10.0,1.0,-218.4,114.0567,21.18353571428571,24.796799207643016,21.068511904761905,14.349101449239862,45.98033492192873,6.719410455522043
2023-01-25,10.88,10.2361,-5.9182,11.6239,13.833,0.5829,1.0265,13697920000.0,29.9966,4027.9361,10.0,1.0,-218.4,114.0567,21.18210833333333,24.79834153368243,20.63186904761905,14.326381773142677,45.98044986701576,6.305487274476372
2023-01-26,10.63,10.2361,-3.7056,11.3568,13.833,0.5695,1.0265,13383170000.0,29.9966,4027.9361,10.0,1.0,-218.4,114.0567,21.17334523809524,24.80636893487025,20.25958412698413,14.344637125049433,45.97971417296549,5.914947001934699
2023-01-27,11.02,10.4583,-5.0971,11.9861,13.833,0.5908,1.0265,13874180000.0,29.9829,1650.065,10.0,1.0,-218.4,111.3084,21.16455853174603,24.814903833709,19.907479365079364,14.418624993308176,45.97946236545502,5.48885437177119
2023-01-30,10.64,10.4583,-2.063,11.6069,13.8596,0.5709,1.0265,13395760000.0,29.8118,806.8905,11.0,1.0,-218.4,111.3084,21.169379761904764,24.810144588589218,19.574574603174604,14.437952722725967,45.97952435049398,5.1366218804486365
2023-01-31,10.82,10.4583,-3.6922,11.7993,13.8596,0.5806,1.0258,13622380000.0,29.8118,778.6581,11.0,1.0,-218.4,111.3084,21.16010813492064,24.818575865077467,19.21131507936508,14.443018895630203,45.9786839999981,4.768296183734874
2023-02-01,11.34,10.4583,-8.1085,12.3664,13.8593,0.6085,1.0258,14277060000.0,29.8118,778.6581,11.0,1.0,-218.4,111.3084,21.14427103174603,24.834727664440944,18.86486349206349,14.571088735957131,45.97899869618698,4.293774756106359
2023-02-02,12.04,10.4583,-13.451,13.7427,13.8593,0.6469,1.0258,15158360000.0,29.7223,407.2352,10.0,1.0,-218.4,111.5858,21.124456150793648,24.858373922684443,18.52435952380952,14.820846546214185,45.98283007347809,3.70351297759534
2023-02-03,11.8,10.4583,-11.6907,13.4688,13.8593,0.634,1.0258,14856200000.0,29.7223,407.2352,10.0,1.0,-218.4,111.5858,21.11741091269841,24.86718598482252,18.19361111111111,15.026653244009989,45.98459689752093,3.166957867101124
2023-02-06,11.87,10.4583,-12.2115,13.5487,13.86,0.6378,1.0265,14944330000.0,29.7223,407.2352,10.0,1.0,-218.4,111.5858,21.114614087301582,24.870862101037897,17.866083333333332,15.23626711445951,45.98547618833948,2.629816218873822
2023-02-07,12.19,10.4583,-14.516,13.9139,13.8758,0.655,1.0258,15347210000.0,29.7223,407.2352,10.0,1.0,-218.4,111.5858,21.109404166666668,24.878063640283155,17.539707142857146,15.485928180952824,45.98746780694982,2.0537789619043227
2023-02-08,11.87,10.3843,-12.5164,13.6374,13.86,0.6379,1.0258,14944330000.0,29.7178,398.0147,10.0,1.0,-218.4,111.3136,21.1120007936508,24.87447817060523,17.165559523809527,15.638549677021487,45.98647896425602,1.5270098467880402
2023-02-09,11.53,10.3843,-9.9367,13.2468,13.86,0.6196,1.0258,14516270000.0,29.7178,398.0147,10.0,1.0,-218.4,111.3136,21.115167063492063,24.87041582718952,16.901785714285715,15.813583699641097,45.985582890681584,1.0882020146446203
2023-02-10,11.16,10.3843,-6.9507,12.8217,13.86,0.5997,1.0258,14050440000.0,29.7178,398.0147,10.0,1.0,-218.4,111.3136,21.129090277777777,24.85269409248809,16.683840476190475,15.95208140398076,45.98178437026586,0.731759072209714
2023-02-13,11.64,10.3843,-10.7878,13.3732,13.8917,0.6255,1.0265,14654760000.0,29.7178,398.0147,10.0,1.0,-218.4,111.3136,21.130934325396822,24.850286445640947,16.45150158730159,16.137720036099203,45.98122077103777,0.3137815512023856
2023-02-14,11.88,10.3843,-12.5901,13.6489,13.8758,0.6384,1.0258,14956920000.0,29.7178,398.0147,10.0,1.0,-218.4,111.3136,21.12818194444444,24.8539513649172,16.203980158730158,16.342420935893294,45.98213330936164,-0.1384407771631366
2023-02-15,12.19,10.3843,-14.813,14.0051,13.8917,0.655,1.0258,15347210000.0,29.7178,398.0147,10.0,1.0,-218.4,111.3136,21.135681547619047,24.84250949049874,15.979192063492064,16.57293472151558,45.978191038117785,-0.5937426580235154
2023-02-16,11.6,10.3843,-10.4802,13.3272,13.8917,0.6233,1.0258,14604400000.0,29.7178,398.0147,10.0,1.0,-218.4,111.3136,21.15686031746032,24.81091455971248,15.734203968253968,16.734603058574898,45.9677748771728,-1.0003990903209292
2023-02-17,11.29,10.3843,-8.0221,12.971,13.8917,0.6067,1.0258,14214110000.0,29.7178,398.0147,10.0,1.0,-218.4,111.3136,21.18079761904762,24.7768407085249,15.498667460317462,16.858986331159205,45.957638327572525,-1.360318870841743
2023-02-21,11.13,10.3843,-6.6999,12.7872,13.8962,0.5981,1.0265,14012670000.0,29.7178,398.0147,10.0,1.0,-218.4,111.3136,21.218320039682546,24.720092113613536,15.217787301587304,16.93209394543267,45.93841215329608,-1.7143066438453651
2023-02-22,11.04,10.3843,-5.9393,12.6838,13.8962,0.5933,1.0265,13899360000.0,29.7178,398.0147,10.0,1.0,-218.4,111.3136,21.265194642857143,24.645893792298544,14.890734126984128,16.939670222821523,45.91108843515569,-2.0489360958373943
2023-02-23,10.89,10.3843,-4.6437,12.5115,13.8962,0.5852,1.0265,13710510000.0,29.7178,398.0147,10.0,1.0,-218.4,111.3136,21.31722797619048,24.563152865936715,14.612739682539685,16.970770456556558,45.8803808421272,-2.358030774016875
2023-02-24,10.59,10.3843,-1.9424,12.1668,13.8962,0.5691,1.0265,13332810000.0,29.7178,398.0147,10.0,1.0,-218.4,111.3136,21.377414087301588,24.468554652507773,14.408695238095238,17.014324280745836,45.845968739809365,-2.605629042650598
2023-02-27,10.83,10.3843,-4.1154,12.4426,13.9139,0.582,1.0296,13634970000.0,29.7178,398.0147,10.0,1.0,-218.4,111.3136,21.425164087301585,24.39502084974716,14.233070634920637,17.090855198272877,45.82018493704875,-2.857784563352242
2023-02-28,10.62,10.3843,-2.2194,12.2013,13.905,0.5707,1.0272,13370580000.0,29.7178,398.0147,10.0,1.0,-218.4,111.3136,21.47975019841269,24.310961916694016,14.026238095238096,17.131290216218314,45.79071211510672,-3.1050521209802184
2023-03-01,10.59,10.3843,-1.9424,12.1668,13.8962,0.5691,1.0265,13332810000.0,29.7178,398.0147,10.0,1.0,-218.4,111.3136,21.532554365079367,24.23083772079267,13.807605555555556,17.158097321893507,45.76339208587204,-3.350491766337951
2023-03-02,10.76,10.3843,-3.4916,12.3621,13.8962,0.5782,1.0265,13546840000.0,29.7178,398.0147,10.0,1.0,-218.4,111.3136,21.588888492063493,24.13923451343673,13.570555555555556,17.18935439407336,45.72812300550022,-3.618798838517802
2023-03-03,11.11,10.3843,-6.532,12.7642,13.8962,0.597,1.0265,13987490000.0,29.7178,398.0147,10.0,1.0,-218.4,111.3136,21.63274742063492,24.06777270004484,13.276507936507937,17.214003709308788,45.70052012067976,-3.937495772800851
2023-03-06,11.07,10.3843,-6.1942,12.7183,13.9139,0.5949,1.0296,13937130000.0,29.7178,398.0147,10.0,1.0,-218.4,111.3136,21.670713690476187,24.00856384781356,12.972954761904765,17.217470961520956,45.67927753828975,-4.244516199616193
2023-03-07,10.87,10.3843,-4.4683,12.4885,13.905,0.5841,1.0272,13685330000.0,29.7178,398.0147,10.0,1.0,-218.4,111.3136,21.70466527777778,23.95932827453225,12.685336507936508,17.203615512321143,45.66399355231003,-4.518279004384635
2023-03-08,10.53,10.3843,-1.3837,12.0979,13.8962,0.5658,1.0265,13257270000.0,29.7178,398.0147,10.0,1.0,-218.4,111.3136,21.748234920634925,23.89713274808777,12.429953968253969,17.17144759708116,45.6453676687227,-4.741493628827191
2023-03-09,9.99,10.3843,3.9469,11.4748,13.8962,0.5368,1.0265,12577410000.0,29.7178,398.0981,10.0,1.0,-218.4,111.3136,21.807289285714283,23.81599532285584,12.257046825396827,17.14608886368521,45.62328460857012,-4.889042038288384
2023-03-10,9.69,10.3843,7.1651,11.0453,13.8962,0.5189,1.0265,12199710000.0,29.7555,426.8564,10.0,1.0,-218.4,111.3136,21.86787777777777,23.739551098909857,12.135419841269842,17.127263418734568,45.60742887668764,-4.991843577464726
2023-03-13,9.24,10.3843,12.3842,10.5323,13.9139,0.4948,1.0296,11633160000.0,29.7555,426.8564,10.0,1.0,-218.4,111.3136,21.94212003968254,23.650925083690183,12.08512619047619,17.11707094271531,45.593045123372725,-5.031944752239118
2023-03-14,9.07,10.3843,14.4906,10.3385,13.905,0.4857,1.0272,11419130000.0,29.7555,452.7481,10.0,1.0,-218.4,111.3136,22.025715674603173,23.54956218622908,12.069328571428573,17.113899609521415,45.57527786083225,-5.044571038092842
2023-03-15,8.73,10.3843,18.9496,9.951,13.8962,0.4675,1.0265,10991070000.0,29.7555,452.7481,10.0,1.0,-218.4,111.3136,22.12012837301587,23.441191924309887,12.056419047619048,17.10804378189261,45.56132029732576,-5.051624734273563
2023-03-16,9.03,10.3843,14.9978,10.2929,13.8962,0.4836,1.0265,11368770000.0,29.7555,452.7481,10.0,1.0,-218.4,111.3136,22.194815674603177,23.358100969718823,12.042023015873015,17.10477317415306,45.552916644322,-5.062750158280043
2023-03-17,8.55,10.3843,21.4538,9.7458,13.8962,0.4579,1.0265,10764450000.0,29.7555,452.7481,10.0,1.0,-218.4,111.3136,22.275861706349204,23.284262128215392,12.108578571428572,17.12509955827227,45.56012383456459,-5.0165209868437
2023-03-20,8.61,10.3843,20.6074,9.812,13.9139,0.4611,1.0296,10839990000.0,29.7555,452.3373,10.0,1.0,-218.4,111.3136,22.35420773809524,23.211828989582585,12.14730634920635,17.138861643858366,45.56603672767783,-4.9915552946520165
2023-03-21,9.12,10.3843,13.8629,10.3343,13.905,0.4881,1.0272,11482080000.0,29.8376,471.0242,10.0,1.0,-218.4,111.3136,22.423006746031746,23.13489193231194,12.13421031746032,17.136899617836733,45.55789867834369,-5.002689300376414
2023-03-22,8.99,10.3843,15.5095,10.187,13.8962,0.4811,1.0265,11318410000.0,29.8376,471.0242,10.0,1.0,-218.4,111.3136,22.48661071428572,23.07151928491825,12.105457142857142,17.128100844100278,45.55812999920396,-5.022643701243135
2023-03-23,9.22,10.3843,12.628,10.4476,13.8962,0.4934,1.0265,11607980000.0,29.8376,471.0242,10.0,1.0,-218.4,111.3136,22.53044305555555,23.031649085254617,11.984699206349209,17.06979308167265,45.562092140810165,-5.085093875323443
2023-03-24,9.23,10.3843,12.506,10.4589,13.8962,0.494,1.0265,11620570000.0,29.8376,471.0242,10.0,1.0,-218.4,111.3136,22.57056349206349,22.996443233014045,11.855605555555556,17.003198445315196,45.56700672507753,-5.14759288975964
2023-03-27,8.79,10.3917,18.2218,10.5916,13.8962,0.4717,1.0272,11075400000.0,29.759,243.0,10.0,1.0,-218.4,110.7025,22.629108134920635,22.94758983775548,11.69308492063492,16.841663996249626,45.57669797267612,-5.148579075614705
2023-03-28,9.33,10.6039,13.6538,11.5399,13.894,0.5021,1.0265,11755800000.0,29.7298,189.5418,10.0,1.0,-218.4,110.3697,22.680007738095235,22.89902713952485,11.488125396825396,16.656942506810484,45.57903487762009,-5.168817109985088
2023-03-29,9.89,10.6039,7.2184,12.225,13.894,0.5326,1.0258,12461400000.0,29.6634,185.4986,10.0,1.0,-218.4,110.3697,22.715209325396827,22.861489843134944,11.270511904761904,16.53071750419374,45.576699168531775,-5.260205599431835
2023-03-30,10.16,10.6627,4.9478,12.7558,13.894,0.5471,1.0258,12801600000.0,29.6891,181.9415,10.0,1.0,-218.4,110.3697,22.752700595238096,22.81669535571972,11.101186507936507,16.484919893057917,45.56939595095781,-5.383733385121408
2023-03-31,10.15,10.6627,5.0512,12.7433,13.894,0.5466,1.0258,12789000000.0,29.6543,179.7821,9.0,1.0,-218.4,104.3485,22.786387301587304,22.77789268317324,10.859373015873016,16.346753518975753,45.56427998476055,-5.487380503102738
2023-04-03,9.97,10.6627,6.9478,12.5173,13.894,0.5369,1.0272,12562200000.0,29.6543,179.7821,9.0,1.0,-218.4,104.3485,22.825919047619045,22.73294721883952,10.482025396825398,15.873363139750502,45.558866266458566,-5.391337742925105
2023-04-04,9.85,10.6627,8.2508,12.3542,13.8917,0.5304,1.0265,12411000000.0,29.6803,180.4189,9.0,1.0,-218.4,104.3485,22.875714285714285,22.673283624446263,10.103005555555557,15.338783328237248,45.54899791016055,-5.235777772681693
2023-04-05,9.66,10.8022,11.824,12.3261,13.8758,0.5207,1.0258,12171600000.0,29.6588,171.4112,9.0,1.0,-218.4,104.7031,22.9354257936508,22.60422965503361,9.945834126984128,15.21744402837829,45.5396554486844,-5.271609901394163
2023-04-06,9.73,10.8022,11.0195,12.4155,13.8596,0.5245,1.0258,12259800000.0,29.6588,171.4112,9.0,1.0,-218.4,104.7031,22.98535158730159,22.54989469779017,9.731489682539683,15.007502911889532,45.53524628509176,-5.276013229349848
2023-04-10,9.87,10.8022,9.4448,12.5941,13.8596,0.532,1.0296,12436200000.0,29.6588,171.4112,9.0,1.0,-218.4,104.7031,23.01997619047619,22.51558537440924,9.446383333333332,14.662334885166144,45.53556156488543,-5.215951551832809
2023-04-11,10.04,10.861,8.1773,12.7622,13.8593,0.5421,1.0272,12650400000.0,29.5614,168.299,9.0,1.0,-218.4,104.7031,23.056695833333336,22.476145592742583,9.102481746031748,14.167698893962426,45.53284142607592,-5.065217147930678
2023-04-12,9.62,10.861,12.9002,12.2283,13.833,0.5194,1.0265,12121200000.0,29.5614,168.299,9.0,1.0,-218.4,104.7031,23.092848412698416,22.44504270301912,8.724444444444444,13.399041547373786,45.53789111571753,-4.674597102929342
2023-04-13,9.77,10.861,11.1668,12.419,13.7748,0.5275,1.0265,12310200000.0,29.5614,168.299,9.0,1.0,-218.4,104.7031,23.126034523809523,22.414940077057675,8.401411111111111,12.82907745951031,45.5409746008672,-4.4276663483992
2023-04-14,9.6,10.8687,13.2156,12.2029,13.7263,0.5185,1.0265,12096000000.0,29.5112,168.299,9.0,1.0,-218.4,104.7031,23.16409047619048,22.38170936179029,8.225783333333334,12.606824396846337,45.545799837980766,-4.381041063513001
2023-04-17,9.75,10.8687,11.4738,12.3935,13.6889,0.5266,1.0272,12285000000.0,29.5112,168.299,9.0,1.0,-218.4,104.7031,23.19445615079365,22.355378819614472,8.004560317460317,12.297089003695657,45.54983497040813,-4.29252868623534
2023-04-18,9.84,10.8687,10.4543,12.5079,13.6861,0.5314,1.0265,12398400000.0,29.5112,168.299,9.0,1.0,-218.4,104.7031,23.220751785714288,22.33252622094193,7.779899206349207,11.985306314186522,45.55327800665621,-4.205407107837314
2023-04-19,9.8,10.8687,10.9051,12.4571,13.6806,0.5293,1.0258,12348000000.0,29.5112,168.299,9.0,1.0,-218.4,104.7031,23.239651388888888,22.318031677653963,7.5800238095238095,11.71639919206189,45.55768306654285,-4.136375382538081
2023-04-20,9.33,10.8687,16.492,11.8597,13.6752,0.5039,1.0258,11755800000.0,29.5112,168.299,9.0,1.0,-218.4,104.7031,23.26000376984127,22.307167765229305,7.532763492063493,11.667860853833336,45.56717153507057,-4.135097361769844
2023-04-21,9.38,10.8687,15.871,11.9232,13.6752,0.5066,1.0258,11818800000.0,29.5112,168.299,9.0,1.0,-218.4,104.7031,23.29154107142857,22.285409496105324,7.429960317460318,11.535073958137096,45.5769505675339,-4.105113640676778
2023-04-24,9.28,10.8687,17.1196,11.7961,13.6572,0.5012,1.0265,11692800000.0,29.5112,168.299,9.0,1.0,-218.4,104.7031,23.32245972222222,22.265968211725884,7.377962698412699,11.475890808875684,45.5884279339481,-4.097928110462983
2023-04-25,8.96,11.0354,23.1629,11.3893,13.6572,0.4839,1.0258,11289600000.0,29.5112,168.4623,9.0,1.0,-218.4,104.7031,23.366209722222223,22.243894172062,7.3984,11.501867865052176,45.61010389428422,-4.103467865052176
2023-04-26,8.76,11.0354,25.9749,11.1351,13.6571,0.4731,1.0258,11037600000.0,29.5112,168.4623,9.0,1.0,-218.4,104.7031,23.41757797619048,22.21990497394309,7.443483333333334,11.563786227188736,45.63748295013357,-4.120302893855402
2023-04-27,8.9,11.0335,23.9719,11.3203,13.6489,0.4807,1.0258,11214000000.0,29.5231,169.8289,10.0,1.0,-218.4,104.8406,23.466754365079368,22.193583000921333,7.516972222222223,11.639524516945787,45.660337366000704,-4.122552294723566
2023-04-28,9.21,11.0335,19.7991,11.7146,13.6374,0.4975,1.0258,11604600000.0,29.5231,169.8289,10.0,1.0,-218.4,104.8406,23.507848214285715,22.167512262520106,7.562594444444445,11.67654578438884,45.67536047680582,-4.113951339944394
2023-05-01,9.49,11.0335,16.2645,12.0707,13.593,0.5126,1.0265,11957400000.0,29.5231,169.8289,10.0,1.0,-218.4,104.8406,23.53766607142857,22.14759328747509,7.578070634920636,11.686854131017922,45.68525935890366,-4.108783496097286
2023-05-02,9.45,11.0335,16.7566,12.0198,13.5487,0.5105,1.0258,11907000000.0,29.5231,169.8289,10.0,1.0,-218.4,104.8406,23.57384841269841,22.12152259862923,7.627469047619048,11.712567543854515,45.69537101132765,-4.085098496235467
2023-05-03,9.43,11.0335,17.0042,11.9944,13.5377,0.5094,1.0258,11881800000.0,29.5231,169.8289,10.0,1.0,-218.4,104.8406,23.610311904761904,22.095450414303567,7.690451587301587,11.7416785148205,45.70576231906547,-4.051226927518914
2023-05-04,9.39,11.0335,17.5027,11.9435,13.5267,0.5072,1.0258,11831400000.0,29.5231,170.6642,9.0,1.0,-218.4,104.8406,23.638596230158733,22.07844962939147,7.756433333333334,11.773483023234878,45.71704585955021,-4.017049689901544
2023-05-05,10.01,11.0335,10.2248,12.7321,13.5189,0.5407,1.0258,12612600000.0,29.5231,170.6642,9.0,1.0,-218.4,104.8406,23.65120436507937,22.068950648357056,7.728754761904763,11.763464377310669,45.720155013436425,-4.034709615405904
2023-05-08,10.61,11.0335,3.9915,13.427,13.5002,0.5731,1.0258,13368600000.0,29.5231,170.6642,9.0,1.0,-218.4,104.8406,23.64691805555556,22.072565695978074,7.670147619047619,11.76354322826733,45.71948375153363,-4.093395609219711
2023-05-09,10.65,11.0335,3.6009,13.4776,13.4893,0.5753,1.0258,13419000000.0,29.5231,170.6642,9.0,1.0,-218.4,104.8406,23.648231944444444,22.0713502459904,7.625137301587302,11.76821332157254,45.71958219043485,-4.143076019985236
2023-05-10,10.49,11.0335,5.1811,13.2751,13.4834,0.5666,1.0258,13217400000.0,29.5231,170.6642,9.0,1.0,-218.4,104.8406,23.64887142857143,22.070809430658105,7.568907936507937,11.762786380810306,45.719680859229534,-4.193878444302369
2023-05-11,10.24,11.0335,7.749,12.9587,13.4776,0.5531,1.0258,12902400000.0,29.5231,170.6642,9.0,1.0,-218.4,104.8406,23.6505125,22.06959394277712,7.566349206349207,11.762711265695478,45.72010644277712,-4.196362059346271
2023-05-12,9.83,11.0335,12.2431,12.4399,13.4732,0.531,1.0258,12385800000.0,29.5231,170.6642,9.0,1.0,-218.4,104.8406,23.65165297619048,22.06898835816789,7.54535,11.751890830519145,45.72064133435836,-4.206540830519143
2023-05-15,10.31,11.0335,7.0175,13.2332,13.4688,0.5569,1.0258,12990600000.0,29.5231,168.9095,9.0,1.0,-218.4,104.8406,23.645424206349205,22.07324733736716,7.59662142857143,11.735239859736016,45.718671543716354,-4.138618431164588
2023-05-16,10.36,11.0335,6.501,13.2974,13.4668,0.5596,1.0258,13053600000.0,29.5231,168.9095,9.0,1.0,-218.4,104.8406,23.654884325396825,22.06485763152736,7.651659523809524,11.713517955082002,45.71974195692418,-4.061858431272478
2023-05-17,11.04,11.0335,-0.0589,14.1702,13.4688,0.5963,1.0258,13910400000.0,29.5231,168.9095,9.0,1.0,-218.4,104.8406,23.65367599206349,22.0661420675154,7.680489682539683,11.689822442537466,45.71981805957888,-4.009332759997783
2023-05-18,11.28,11.0335,-2.1853,14.4782,13.4732,0.6093,1.0258,14212800000.0,29.5231,168.9095,9.0,1.0,-218.4,104.8406,23.651668650793653,22.068450973294013,7.730798412698413,11.633027646696169,45.72011962408767,-3.902229233997754
2023-05-19,10.94,11.0335,0.8547,14.0418,13.4776,0.5909,1.0258,13784400000.0,29.5231,168.9095,9.0,1.0,-218.4,104.8406,23.6534261904762,22.06659631382513,7.6810865079365085,11.649038018894796,45.720022504301326,-3.967951510958288
2023-05-22,11.22,11.0335,-1.6622,14.4012,13.4834,0.6061,1.0258,14137200000.0,29.5231,168.9095,9.0,1.0,-218.4,104.8406,23.64820813492064,22.072281650935864,7.600672222222222,11.678483014622325,45.7204897858565,-4.077810792400101
2023-05-23,11.04,11.0335,-0.0589,14.1702,13.4893,0.5963,1.0258,13910400000.0,29.5231,168.9095,9.0,1.0,-218.4,104.8406,23.643516865079366,22.07707761982142,7.530904761904763,11.697913312079937,45.72059448490079,-4.167008550175174
2023-05-24,10.67,11.2035,5.0,13.5492,13.5002,0.5757,1.0258,13444200000.0,29.6142,170.6524,9.0,1.0,-218.4,104.8406,23.654174206349204,22.066755859900272,7.487398412698414,11.697044476352024,45.72093006624948,-4.209646063653609
2023-05-25,11.0,11.2035,1.85,13.9683,13.5111,0.5935,1.0258,13860000000.0,29.6142,170.6524,9.0,1.0,-218.4,104.8406,23.66328492063492,22.056781727900685,7.432780952380953,11.707249734872583,45.72006664853561,-4.27446878249163
2023-05-26,11.28,11.2561,-0.2119,14.2424,13.5189,0.6085,1.0258,14212800000.0,29.5993,168.2764,9.0,1.0,-218.4,104.8406,23.67349503968254,22.04450872244757,7.384858730158731,11.726221231474488,45.71800376213011,-4.341362501315757
2023-05-30,11.38,11.2561,-1.0888,14.3687,13.5267,0.6139,1.0258,14338800000.0,29.5993,168.2764,9.0,1.0,-218.4,104.8406,23.68590873015873,22.028762665723708,7.329976984126985,11.74973270177096,45.714671395882434,-4.419755717643975
2023-05-31,11.23,11.2561,0.2324,14.1169,13.5377,0.6061,1.0258,14149800000.0,29.5668,170.1875,9.0,1.0,-218.4,104.8406,23.69820753968254,22.01390012393757,7.233603174603175,11.75781453846546,45.71210766362012,-4.524211363862284
2023-06-01,11.85,11.2561,-5.0118,14.8963,13.5487,0.6396,1.0258,14931000000.0,29.5668,170.1875,9.0,1.0,-218.4,104.8406,23.70375218253968,22.006299919071868,7.134942063492065,11.80829003557316,45.71005210161155,-4.673347972081095
2023-06-02,12.18,11.2356,-7.7537,15.3111,13.549,0.6574,1.0258,15346800000.0,29.5668,170.1875,9.0,1.0,-218.4,104.8406,23.71063373015873,21.995896465184742,7.029973809523811,11.88174504667174,45.70653019534348,-4.851771237147928
2023-06-05,12.3,11.3409,-7.7976,15.375,13.5492,0.6637,1.0258,15498000000.0,29.589,172.8172,9.0,1.0,-218.4,104.8406,23.713752380952386,21.991307893266644,6.928015873015873,11.95377979729198,45.70506027421902,-5.025763924276106
2023-06-06,12.77,11.3514,-11.1088,16.0589,13.5933,0.6891,1.0258,16090200000.0,29.589,170.5936,10.0,1.0,-218.4,104.8406,23.70953571428572,21.99779261640369,6.802279365079365,12.059893012164354,45.70732833068941,-5.257613647084988
2023-06-07,13.03,11.3514,-12.8826,16.3838,13.6374,0.7031,1.0258,16417800000.0,29.589,170.5388,10.0,1.0,-218.4,104.1859,23.703845833333336,22.006902005710955,6.623483333333335,12.183762603457104,45.71074783904429,-5.56027927012377
2023-06-08,12.75,11.3514,-10.9694,16.0317,13.6432,0.688,1.0258,16065000000.0,29.589,170.5388,10.0,1.0,-218.4,104.1859,23.70304345238096,22.0081612825976,6.42431507936508,12.264986104719837,45.71120473497855,-5.840671025354755
2023-06-09,13.09,11.6146,-11.2712,16.2831,13.6489,0.7061,1.0258,16493400000.0,29.5949,172.3998,10.0,1.0,-218.4,107.9555,23.697970833333333,22.015941275728835,6.180978571428572,12.3097742422425,45.71391210906216,-6.128795670813929
2023-06-12,14.72,12.1088,-17.7391,18.1616,13.6572,0.7935,1.0248,18547200000.0,29.5955,171.3291,10.0,1.0,-218.4,107.7698,23.676300595238093,22.05138371959012,5.901000000000001,12.449778963210544,45.72768431482821,-6.548778963210544
2023-06-13,15.34,12.1088,-21.0639,18.9243,13.6572,0.827,1.0239,19328400000.0,29.5955,171.3993,10.0,1.0,-218.4,107.7698,23.64865119047619,22.09877117982097,5.592713492063492,12.632858696756498,45.747422370297166,-7.040145204693006
2023-06-14,15.6,12.5703,-19.4212,18.8793,13.6636,0.8404,1.0235,19656000000.0,29.6801,178.9555,10.0,1.0,-218.4,107.7698,23.616698214285712,22.14942331451408,5.311988888888889,12.792851339802056,45.766121528799786,-7.480862450913168
2023-06-15,16.12,12.5703,-22.0205,19.5087,13.67,0.8684,1.0235,20311200000.0,29.6801,178.9555,10.0,1.0,-218.4,107.7698,23.57864920634921,22.211353001404422,4.995363492063493,12.971893387416358,45.79000220775363,-7.976529895352865
2023-06-16,15.8,12.5703,-20.4411,19.1214,13.6726,0.8512,1.0235,19908000000.0,29.6801,178.9555,10.0,1.0,-218.4,107.7698,23.546874404761905,22.262891106110647,4.695963492063492,13.120511533568203,45.80976551087255,-8.424548041504714
2023-06-20,15.9,12.8534,-19.161,19.2006,13.6752,0.8566,1.0239,20034000000.0,29.6801,180.68,11.0,1.0,-218.4,107.7698,23.51190119047619,22.31615146269355,4.37436507936508,13.2051194641552,45.82805265316974,-8.830754384790122
2023-06-21,15.89,12.8534,-19.1101,19.1885,13.6752,0.8561,1.0235,20021400000.0,29.6801,180.68,11.0,1.0,-218.4,107.7698,23.47536507936508,22.37087020941404,4.032653174603174,13.25161778087904,45.84623528877911,-9.218964606275868
2023-06-22,15.76,13.1165,-16.7735,18.7932,13.6806,0.8483,1.0235,19857600000.0,29.7025,185.6781,11.0,1.0,-218.4,107.7698,23.44683253968254,22.41306012208843,3.665711904761905,13.181804564004766,45.85989266177097,-9.516092659242862
2023-06-23,15.8,13.076,-17.2405,18.8387,13.6861,0.8504,1.0235,19908000000.0,29.7025,185.7683,11.0,1.0,-218.4,107.7698,23.4131632936508,22.46145407894897,3.296333333333334,13.10959843324576,45.87461737259977,-9.813265099912428
2023-06-26,14.6,13.5722,-7.0397,16.2294,13.6889,0.7807,1.0239,18439800000.0,30.1578,230.117,12.0,1.0,-218.4,104.2175,23.400366468253967,22.47698837074777,3.083819841269842,13.057884680060658,45.87735483900174,-9.974064838790817
2023-06-27,15.89,14.1972,-10.6532,17.3282,13.6917,0.8475,1.0235,20069070000.0,30.2812,256.7727,12.0,1.0,-218.4,105.1539,23.37288670634921,22.51017974923745,2.767469841269841,12.901852485352746,45.88306645558666,-10.134382644082905
2023-06-28,17.29,14.6061,-15.5228,18.6295,13.7008,0.9222,1.0231,21837270000.0,30.2812,269.2995,12.0,1.0,-218.4,105.1539,23.340621825396827,22.5542978192318,2.403281746031747,12.763519501976866,45.89491964462863,-10.36023775594512
2023-06-29,17.16,15.6259,-8.94,17.8397,13.7099,0.9137,1.0231,21673080000.0,30.3099,296.5142,12.0,1.0,-218.4,105.4128,23.30672996031746,22.589988388696938,2.0724523809523814,12.508467154254909,45.89671834901439,-10.436014773302528
2023-06-30,18.83,15.7312,-16.4567,19.6289,13.7263,1.0026,1.0231,23782290000.0,30.3104,296.1056,12.0,1.0,-218.4,105.2209,23.254844444444444,22.65126606163275,1.67622380952381,12.294903004087026,45.9061105060772,-10.618679194563216
2023-07-03,18.96,16.0946,-15.1129,19.1748,13.7427,1.0067,1.0239,23946480000.0,30.4263,302.9283,12.0,1.0,-218.4,106.8988,23.210414087301587,22.704562029834804,1.3406587301587307,12.169936933458724,45.91497611713639,-10.829278203299994
2023-07-05,19.21,16.0946,-16.2176,19.588,13.7748,1.0196,1.0235,24262230000.0,30.4299,301.4446,12.0,1.0,-218.4,106.8988,23.163791865079364,22.761393257736,0.9938214285714292,12.040958996941097,45.92518512281536,-11.047137568369664
2023-07-06,18.86,16.4425,-12.8181,19.693,13.8068,1.0013,1.0235,23820180000.0,30.4017,289.9701,12.0,1.0,-218.4,106.8988,23.12146428571428,22.80847567717781,0.6625388888888893,11.838905578114687,45.92993996289209,-11.1763666892258
2023-07-07,19.04,16.4425,-13.6423,19.881,13.833,1.0108,1.0235,24047520000.0,30.4017,289.9701,12.0,1.0,-218.4,106.8988,23.068551785714288,22.862811438198083,0.414860317460318,11.808864363662249,45.93136322391237,-11.39400404620193
2023-07-10,19.3,16.3646,-15.2093,20.1461,13.8593,1.0279,1.0258,24375900000.0,30.3726,288.0642,12.0,1.0,-218.4,107.1933,23.00377599206349,22.924960594307933,0.1766380952380957,11.81896731626823,45.92873658637143,-11.642329221030137
2023-07-11,18.9,16.3646,-13.4148,19.8738,13.8596,1.0066,1.0258,23870700000.0,30.3726,286.6779,13.0,1.0,-218.4,107.1933,22.941976984126985,22.98111272845496,-0.009953174603174,11.846670789467789,45.92308971258194,-11.856623964070964
2023-07-12,18.22,16.3646,-10.1833,19.1588,13.86,0.9704,1.0248,23011860000.0,30.3726,286.6779,13.0,1.0,-218.4,107.1933,22.892849206349204,23.025453204864803,-0.1396071428571423,11.868056886066398,45.91830241121401,-12.00766402892354
2023-07-13,17.75,16.3646,-7.8051,18.6646,13.8758,0.9454,1.0248,22418250000.0,30.3726,286.6779,13.0,1.0,-218.4,107.1933,22.84566845238096,23.063988860531914,-0.2366682539682534,11.880433509596507,45.90965731291287,-12.117101763564762
2023-07-14,17.23,16.1733,-6.1329,18.2232,13.8917,0.9186,1.0248,21761490000.0,30.3076,278.9103,12.0,1.0,-218.4,107.1933,22.79517301587301,23.09956207140985,-0.3053285714285709,11.889379883434485,45.89473508728287,-12.194708454863056
2023-07-17,17.71,16.5943,-6.2998,18.5057,13.894,0.9426,1.0258,22367730000.0,30.4189,297.2019,13.0,1.0,-218.4,107.1933,22.741515476190475,23.13571811342392,-0.3420714285714281,11.900779793118456,45.87723358961439,-12.242851221689884
2023-07-18,18.25,16.5943,-9.0723,19.07,13.8962,0.9713,1.0258,23049750000.0,30.4189,297.2019,13.0,1.0,-218.4,107.1933,22.67548095238095,23.1789768152346,-0.383739682539682,11.922233846363364,45.85445776761556,-12.305973528903046
2023-07-19,18.15,16.6996,-7.9912,18.9655,13.905,0.966,1.0248,22923450000.0,30.4189,297.2019,13.0,1.0,-218.4,107.1933,22.59906785714286,23.216511756073,-0.3908698412698407,11.92654620326449,45.81557961321585,-12.31741604453433
2023-07-20,17.65,16.4046,-7.0561,18.6181,13.9139,0.9388,1.0248,22291950000.0,30.57,293.9086,14.0,1.0,-218.4,107.1933,22.518577182539683,23.248904605662435,-0.4287301587301582,11.940173313718802,45.76748178820212,-12.36890347244896
2023-07-21,17.88,16.4046,-8.2517,18.7539,13.926,0.951,1.0248,22582440000.0,30.57,297.1293,14.0,1.0,-218.4,107.1933,22.45409126984127,23.289134166787896,-0.4998349206349201,11.960012756376567,45.74322543662917,-12.459847677011489
2023-07-24,17.85,17.0651,-4.3972,18.7225,13.9382,0.948,1.0231,22544550000.0,30.57,297.1293,14.0,1.0,-218.4,108.6703,22.41851468253968,23.31646794002108,-0.5136301587301582,11.96352510706617,45.73498262256075,-12.477155265796329
2023-07-25,17.45,17.0651,-2.2057,18.3029,13.9532,0.9268,1.022,22039350000.0,30.57,297.1293,14.0,1.0,-218.4,108.6703,22.38118055555556,23.3408374441154,-0.4920158730158724,11.957942794814898,45.72201799967095,-12.44995866783077
2023-07-26,17.65,17.0651,-3.3139,18.5127,13.9683,0.9374,1.0202,22291950000.0,30.57,297.1293,14.0,1.0,-218.4,108.6703,22.333745436507936,23.36875440780661,-0.4853293650793646,11.95611280345624,45.70249984431455,-12.441442168535604
2023-07-27,18.22,17.0651,-6.3386,19.1106,13.9867,0.9677,1.0174,23011860000.0,30.57,297.1293,14.0,1.0,-218.4,108.6703,22.29138888888889,23.40138082284243,-0.4886658730158725,11.95769959891724,45.69276971173132,-12.446365471933111
2023-07-28,18.49,17.0651,-7.7063,19.3937,14.0051,0.982,1.0139,23352870000.0,30.57,297.1293,14.0,1.0,-218.4,108.6703,22.242715674603176,23.43825575831477,-0.5204174603174597,11.971613428734331,45.68097143291794,-12.49203088905179
2023-07-31,18.84,17.0687,-9.4018,19.7609,14.0234,1.0006,1.011,23794920000.0,30.57,297.1293,14.0,1.0,-218.4,108.6703,22.19088154761905,23.47933914973298,-0.5545817460317455,11.990905512638468,45.67022069735203,-12.545487258670214
2023-08-01,17.99,17.0687,-5.1212,18.8693,14.0418,0.9555,1.0108,22721370000.0,30.57,297.1293,14.0,1.0,-218.4,108.6703,22.14641884920635,23.509840447722183,-0.5788531746031741,11.997076752740616,45.65625929692853,-12.575929927343788
2023-08-02,17.72,17.0687,-3.6755,18.5861,14.0794,0.9411,1.009,22380360000.0,30.57,297.1293,14.0,1.0,-218.4,108.6703,22.093430753968253,23.537923020751805,-0.5787206349206344,11.997042174564957,45.63135377472005,-12.57576280948559
2023-08-03,17.56,17.0687,-2.7978,18.4183,14.1169,0.9326,1.007,22178280000.0,30.57,297.1293,14.0,1.0,-218.4,108.6703,22.04002281746032,23.563839986038047,-0.5365722222222217,11.979692989606274,45.603862803498366,-12.516265211828497
2023-08-04,17.16,17.0687,-0.5321,17.9987,14.1298,0.9114,1.0066,21673080000.0,30.57,297.1293,14.0,1.0,-218.4,108.6703,21.99076567460317,23.58505781139885,-0.4340412698412693,11.923430212386142,45.57582348600203,-12.357471482227412
2023-08-07,18.04,17.0687,-5.3841,18.9218,14.1428,0.9581,1.0053,22784520000.0,30.57,297.1293,14.0,1.0,-218.4,108.6703,21.92731031746032,23.61564218754232,-0.3839888888888883,11.888986015308245,45.54295250500263,-12.272974904197133
2023-08-08,17.92,17.0687,-4.7506,18.7959,14.1565,0.9518,1.0043,22632960000.0,30.57,297.1293,14.0,1.0,-218.4,108.6703,21.8711628968254,23.64540355605916,-0.3247753968253962,11.848116828118693,45.51656645288456,-12.172892224944087
2023-08-09,17.27,17.0687,-1.1656,18.1141,14.1702,0.9172,1.0034,21812010000.0,30.57,297.1293,14.0,1.0,-218.4,108.6703,21.82775773809524,23.667606520130114,-0.2188198412698407,11.779689512994924,45.49536425822535,-11.998509354264764
2023-08-10,17.36,17.0687,-1.678,18.2085,14.1702,0.922,1.0024,21925680000.0,30.57,297.1293,14.0,1.0,-218.4,108.6703,21.779433928571432,23.690721277568294,-0.1328007936507931,11.728632332186002,45.47015520613972,-11.861433125836797
2023-08-11,16.79,17.3845,3.5408,17.5646,14.1702,0.8902,1.0018,21205770000.0,30.7805,302.0077,14.0,1.0,-218.4,108.6703,21.751139285714284,23.70399413005274,-0.0258365079365073,11.699927979242265,45.45513341576702,-11.725764487178772
2023-08-14,16.83,17.3845,3.2947,17.6064,14.1941,0.8923,0.9992,21256290000.0,30.7805,302.0077,14.0,1.0,-218.4,108.6703,21.725669047619046,23.716937516812163,0.055476190476191,11.68701107627729,45.44260656443121,-11.6315348858011
2023-08-15,16.61,17.3845,4.6629,17.3763,14.218,0.8806,0.9978,20978430000.0,30.7805,302.0077,14.0,1.0,-218.4,108.6703,21.696699206349205,23.72886506619517,0.1781007936507942,11.65333791384764,45.42556427254438,-11.475237120196846
2023-08-16,16.18,17.3845,7.4444,16.9265,14.2202,0.8578,0.9978,20435340000.0,30.7805,302.0077,14.0,1.0,-218.4,108.6703,21.66807242063492,23.737354274878715,0.3371047619047624,11.614343598994164,45.40542669551363,-11.2772388370894
2023-08-17,15.8,17.3845,10.0285,16.5289,14.2225,0.8377,0.9978,19955400000.0,30.7805,302.0077,14.0,1.0,-218.4,108.6703,21.641419444444445,23.742877338243183,0.5342595238095244,11.565853881761957,45.38429678268763,-11.03159435795243
2023-08-18,15.59,17.3845,11.5106,16.3092,14.2324,0.8266,0.9978,19690170000.0,30.7805,302.0077,14.0,1.0,-218.4,108.6703,21.6113876984127,23.74610617581345,0.708789682539683,11.564236481710854,45.35749387422615,-10.85544679917117
2023-08-21,15.71,17.3845,10.6588,16.4348,14.2424,0.8329,0.9978,19841730000.0,30.7805,302.0077,14.0,1.0,-218.4,108.6703,21.58458432539683,23.75083860788628,0.8570507936507942,11.571153890704196,45.33542293328311,-10.714103097053403
2023-08-22,15.66,17.3845,11.0121,16.3825,14.2498,0.8303,0.9974,19778580000.0,30.7805,302.0077,14.0,1.0,-218.4,108.6703,21.54915515873016,23.753269738838338,0.9976222222222229,11.586191095692396,45.3024248975685,-10.588568873470171
2023-08-23,16.25,17.3845,6.9815,16.9997,14.2573,0.8615,0.9968,20523750000.0,30.7805,302.0077,14.0,1.0,-218.4,108.6703,21.50922182539683,23.76082272320499,1.1001682539682545,11.581481404315412,45.27004454860182,-10.481313150347155
2023-08-24,15.71,17.3845,10.6588,16.4348,14.2633,0.8329,0.9958,19841730000.0,30.7805,302.0077,14.0,1.0,-218.4,108.6703,21.48619543650793,23.765712513702,1.221616666666667,11.600984749171923,45.25190795020993,-10.379368082505255
2023-08-25,15.9,17.3845,9.3365,16.6335,14.2693,0.843,0.9946,20081700000.0,30.7805,302.0077,14.0,1.0,-218.4,108.6703,21.47082281746032,23.77107068782009,1.3111317460317466,11.61987490198856,45.24189350528041,-10.308743155956815
2023-08-28,15.71,17.3845,10.6588,16.4348,14.2702,0.8329,0.9915,19841730000.0,30.7805,302.0077,14.0,1.0,-218.4,108.6703,21.4606753968254,23.77459911056959,1.4283873015873023,11.639204746098294,45.23527450739498,-10.210817444510992
2023-08-29,16.04,17.4898,9.0387,16.7362,14.2711,0.8496,0.9893,20258520000.0,30.8487,304.3494,14.0,1.0,-218.4,108.6703,21.4410496031746,23.78077408366026,1.5177373015873024,11.654180532713443,45.22182368683486,-10.136443231126142
2023-08-30,15.87,17.4898,10.2067,16.5588,14.2774,0.8406,0.989,20043810000.0,30.8487,304.3494,14.0,1.0,-218.4,108.6703,21.43357777777777,23.78371675535313,1.6141587301587308,11.675562367675605,45.21729453313091,-10.061403637516872
2023-08-31,15.82,17.4898,10.555,16.5067,14.2838,0.8379,0.9886,19980660000.0,30.8487,304.3494,14.0,1.0,-218.4,108.6703,21.419906746031742,23.78799373886726,1.7256396825396831,11.693467755030252,45.20790048489901,-9.96782807249057
2023-09-01,15.73,17.4898,11.1875,16.4128,14.2988,0.8332,0.9875,19866990000.0,30.8487,304.3494,14.0,1.0,-218.4,108.6703,21.41241369047619,23.79062598849222,1.8662706349206355,11.699912749972556,45.20303967896841,-9.83364211505192
2023-09-05,15.37,17.4898,13.7918,16.0371,14.3138,0.8141,0.9859,19412310000.0,30.8487,304.3494,14.0,1.0,-218.4,108.6703,21.40696309523809,23.792059410147903,2.024889682539683,11.725211025177002,45.199022505386,-9.700321342637318
2023-09-06,15.43,17.4898,13.3493,16.0997,14.3412,0.8173,0.9852,19488090000.0,30.8487,304.3494,14.0,1.0,-218.4,108.6703,21.40554404761905,23.79251953696913,2.1662992063492066,11.753682955251046,45.19806358458818,-9.58738374890184
2023-09-07,15.3,17.4898,14.3124,15.9641,14.3687,0.8104,0.9832,19323900000.0,30.8487,304.3494,14.0,1.0,-218.4,108.6703,21.3955873015873,23.794439526656376,2.290871428571429,11.798848367069423,45.19002682824368,-9.507976938497992
2023-09-08,15.3,17.6477,15.3444,15.9791,14.385,0.8098,0.9779,19323900000.0,30.8587,302.6874,14.0,1.0,-218.4,107.9112,21.393707936507937,23.794880860670258,2.3813277777777784,11.8552010695501,45.1885887971782,-9.47387329177232
2023-09-11,15.48,17.6477,14.0032,16.2742,14.4139,0.8193,0.9701,19551240000.0,30.8587,290.992,14.0,1.0,-218.4,107.9112,21.38126686507937,23.79710682018805,2.4355984126984134,11.892867233490716,45.17837368526742,-9.457268820792304
2023-09-12,15.46,17.6477,14.1507,16.2532,14.4335,0.8183,0.9698,19525980000.0,30.8587,290.992,14.0,1.0,-218.4,107.9112,21.37424384920635,23.79872051570525,2.4496182539682545,11.90572317661988,45.17296436491161,-9.456104922651626
2023-09-13,15.02,17.6477,17.4947,15.7906,14.4531,0.795,0.9688,18970260000.0,30.8587,290.992,14.0,1.0,-218.4,107.9112,21.368415674603177,23.799311369351763,2.473460317460318,11.933005711615674,45.16772704395494,-9.459545394155356
2023-09-14,15.63,18.7948,20.2482,15.9343,14.4552,0.8255,0.9668,19740690000.0,30.9597,299.1055,14.0,1.0,-218.4,107.9112,21.37379146825397,23.79875060850188,2.483766666666667,11.947901229019246,45.172542076755846,-9.46413456235258
2023-09-15,15.19,18.8503,24.0968,15.2006,14.4573,0.8016,0.9652,19184970000.0,31.0006,319.5281,13.0,1.0,-218.4,108.9481,21.3822125,23.79896216499604,2.555980952380953,12.05119349246845,45.18117466499604,-9.495212540087495
2023-09-18,15.04,18.8503,25.3344,15.0505,14.4782,0.7937,0.9615,18995520000.0,31.0006,319.5281,13.0,1.0,-218.4,108.9481,21.39769742063492,23.7989897065847,2.5867793650793653,12.104715566206847,45.19668712721962,-9.517936201127483
2023-09-19,15.09,18.8503,24.9192,15.3012,14.5024,0.7961,0.9614,19058670000.0,31.0162,311.4021,13.0,1.0,-218.4,108.9481,21.411550595238097,23.79900345723348,2.621000000000001,12.162027481685758,45.21055405247158,-9.541027481685758
2023-09-20,14.65,18.7948,28.2922,14.9109,14.5265,0.7728,0.9614,18502950000.0,31.0162,300.5916,13.0,1.0,-218.4,108.9481,21.42839265873016,23.800866883132432,2.7355182539682543,12.33542600277687,45.22925954186259,-9.599907748808617
2023-09-21,14.45,18.7948,30.0678,14.7074,14.6032,0.7623,0.96,18250350000.0,31.0162,300.5916,13.0,1.0,-218.4,108.9481,21.445586904761907,23.80397771700088,2.851060317460318,12.522791622804093,45.24956462176279,-9.671731305343776
2023-09-22,14.05,18.7948,33.7708,14.3003,14.5265,0.7412,0.9587,17745150000.0,31.0162,300.5916,13.0,1.0,-218.4,108.9481,21.46719087301588,23.810224546428035,3.0188603174603177,12.793571118076937,45.27741541944391,-9.77471080061662
2023-09-25,13.9,18.7848,35.1424,14.1404,14.5024,0.7333,0.9573,17555700000.0,31.0162,306.038,13.0,1.0,-218.4,109.1602,21.49822857142857,23.817848799221096,3.1985142857142863,13.083510846085389,45.31607737064967,-9.8849965603711
2023-09-26,13.76,18.7848,36.5174,14.0465,14.4782,0.7259,0.9564,17378880000.0,31.0162,295.2711,13.0,1.0,-218.4,109.1602,21.54019206349206,23.825656365217142,3.343717460317461,13.350378109953756,45.3658484287092,-10.006660649636297
2023-09-27,13.98,19.289,37.9757,14.3827,14.4678,0.7375,0.9555,17656740000.0,31.0162,282.1815,13.0,1.0,-218.4,109.0316,21.597364484126985,23.83046338286213,3.536748412698413,13.672587463380776,45.42782786698912,-10.135839050682362
2023-09-28,14.44,19.289,33.5803,14.856,14.4782,0.7618,0.9553,18237720000.0,31.0162,282.1815,13.0,1.0,-218.4,109.0316,21.65295535714285,23.825662435083395,3.745969841269842,13.92867573092729,45.47861779222625,-10.182705889657448
2023-09-29,13.72,18.8228,37.1924,14.066,14.4678,0.7901,0.9551,19153120000.0,31.4445,364.9916,15.0,1.0,-218.4,110.3455,21.71403234126984,23.825964258548364,4.001879365079366,14.243586218804955,45.53999659981821,-10.241706853725592
2023-10-02,13.64,18.2872,34.0704,14.3022,14.4552,0.7856,0.9518,19041440000.0,31.4069,393.395,16.0,1.0,-218.4,116.7831,21.763537301587306,23.82566522270568,4.2321904761904765,14.493115596516446,45.589202524292986,-10.26092512032597
2023-10-03,12.74,17.7704,39.4851,13.4958,14.4531,0.7345,0.9514,17785040000.0,31.4051,423.2579,16.0,1.0,-218.4,117.0663,21.81937063492064,23.83417227915024,4.4904230158730165,14.827890171415008,45.65354291407088,-10.33746715554199
2023-10-04,13.09,17.7704,35.7555,13.8519,14.4335,0.7547,0.951,18273640000.0,31.4051,423.5688,16.0,1.0,-218.4,117.0663,21.877424404761907,23.832409023544027,4.708714285714286,15.083938858219827,45.709833428305934,-10.37522457250554
2023-10-05,13.3,17.4141,30.9331,14.2261,14.4139,0.7669,0.95,18566800000.0,31.3828,430.0536,16.0,1.0,-218.4,116.6267,21.919166666666666,23.82980406945772,4.86037380952381,15.251188667931046,45.748970736124384,-10.390814858407236
2023-10-06,13.26,17.4141,31.3281,14.1833,14.4076,0.7646,0.9496,18510960000.0,31.3828,430.0536,16.0,1.0,-218.4,116.6267,21.96237876984128,23.827074602938524,5.021553174603175,15.423145422413342,45.7894533727798,-10.401592247810166
2023-10-09,12.69,17.4141,37.227,13.5736,14.4012,0.7318,0.948,17715240000.0,31.3828,430.0536,16.0,1.0,-218.4,116.6267,22.01275595238096,23.83246423365969,5.242046825396826,15.68328453715068,45.84522018604065,-10.441237711753852
2023-10-10,12.9,17.4141,34.993,13.7983,14.392,0.7439,0.947,18008400000.0,31.3828,430.0536,16.0,1.0,-218.4,116.6267,22.054985515873017,23.836578108626103,5.454869841269842,15.903829284698794,45.89156362449912,-10.448959443428953
2023-10-11,12.65,17.4141,37.6609,13.5309,14.3827,0.7295,0.946,17659400000.0,31.3828,430.0536,16.0,1.0,-218.4,116.6267,22.096259920634925,23.84557087273312,5.651383333333334,16.147669272163082,45.94183079336804,-10.496285938829748
2023-10-12,12.6,17.4141,38.2071,13.4774,14.3757,0.7266,0.9454,17589600000.0,31.3828,430.0536,16.0,1.0,-218.4,116.6267,22.13910357142857,23.85509755178695,5.8659888888888885,16.399281626574847,45.994201123215525,-10.533292737685958
2023-10-13,12.26,17.4141,42.04,13.1137,14.3687,0.707,0.9426,17114960000.0,31.3828,430.0536,16.0,1.0,-218.4,116.6267,22.193831746031744,23.86907454750299,6.094753968253969,16.70089890124313,46.06290629353474,-10.60614493298916
2023-10-16,12.36,17.4141,38.2006,13.2207,14.3412,0.7119,0.9399,17254560000.0,31.3828,430.0536,16.0,1.0,-218.4,116.6267,22.2344123015873,23.878885058296166,6.306871428571428,16.937812138752072,46.11329735988347,-10.630940710180644
2023-10-17,12.5,17.4141,36.6528,13.3704,14.3138,0.7199,0.9398,17450000000.0,31.3828,430.0536,16.0,1.0,-218.4,116.6267,22.27270952380952,23.886514418730243,6.514796031746032,17.148623713953956,46.15922394253977,-10.633827682207924
2023-10-18,11.69,17.4141,46.1215,12.496,14.308,0.6733,0.9393,16319240000.0,31.3828,426.2444,16.0,1.0,-218.4,116.6267,22.32920357142857,23.909215937355807,6.794291269841271,17.504053319055078,46.238419508784375,-10.709762049213808
2023-10-19,11.39,17.4141,49.9701,12.1753,14.3022,0.656,0.9381,15900440000.0,31.3828,426.2444,16.0,1.0,-218.4,116.6267,22.38438849206349,23.940894324324898,7.059990476190476,17.90199879897852,46.32528281638839,-10.842008322788043
2023-10-20,11.03,17.4141,54.8649,11.7905,14.3012,0.6353,0.935,15397880000.0,31.3828,426.2444,16.0,1.0,-218.4,116.6267,22.439326984126986,23.98364310238889,7.369465873015874,18.386038824695923,46.42297008651588,-11.01657295168005
2023-10-23,11.38,17.4141,50.1019,12.1646,14.3003,0.6554,0.9268,15886480000.0,31.3828,426.2444,16.0,1.0,-218.4,116.6267,22.48593948412698,24.014572642236,7.631230158730159,18.757007262487345,46.50051212636298,-11.125777103757189
2023-10-24,11.45,17.4141,49.1843,12.2394,14.292,0.6595,0.9245,15984200000.0,31.3828,426.2444,16.0,1.0,-218.4,116.6267,22.52949384920635,24.043088450789003,7.837749206349207,19.070021732773125,46.57258229999536,-11.232272526423918
2023-10-25,11.27,17.0816,51.567,12.047,14.2838,0.6491,0.9221,15732920000.0,31.4695,426.2444,16.0,1.0,-218.4,116.6267,22.58260753968253,24.077652360287992,8.040861111111113,19.39820799701652,46.66025989997053,-11.357346885905404
2023-10-26,11.37,17.0816,50.2339,12.1539,14.2774,0.6548,0.9212,15872520000.0,31.4695,426.2444,16.0,1.0,-218.4,116.6267,22.630381150793653,24.10862372513408,8.249289682539684,19.70934599958032,46.73900487592773,-11.460056317040634
2023-10-27,11.13,17.0816,53.4735,11.8974,14.2711,0.641,0.9194,15537480000.0,31.4695,426.2444,16.0,1.0,-218.4,116.6267,22.681944047619048,24.14678971211935,8.516546825396826,20.091813521518404,46.8287337597384,-11.575266696121576
2023-10-30,11.4,17.0816,49.8386,12.186,14.2702,0.6566,0.9154,15914400000.0,31.4695,426.2444,16.0,1.0,-218.4,116.6267,22.72419087301587,24.175679249513145,8.783007936507937,20.41541700404125,46.899870122529016,-11.632409067533311
2023-10-31,11.46,17.0816,49.0541,12.2501,14.2693,0.66,0.9137,15998160000.0,31.4695,426.2444,16.0,1.0,-218.4,116.6267,22.768712103174604,24.203504650555303,9.039337301587302,20.71686468923996,46.97221675372991,-11.677527387652656
2023-11-01,11.3,17.0816,51.1646,12.0791,14.2633,0.6508,0.9126,15774800000.0,31.4695,426.2444,16.0,1.0,-218.4,116.6267,22.819574801587304,24.236231630099788,9.31045158730159,21.042889091794347,47.05580643168709,-11.732437504492758
2023-11-02,11.9,17.0816,43.5429,12.7205,14.2573,0.6854,0.9078,16612400000.0,31.4695,426.2444,16.0,1.0,-218.4,116.6267,22.86513968253968,24.25359036147014,9.517119841269842,21.25083783266917,47.11873004400982,-11.733717991399327
2023-11-03,12.55,17.0816,36.1084,13.4153,14.2498,0.7228,0.9034,17519800000.0,31.4695,426.2444,16.0,1.0,-218.4,116.6267,22.89428273809524,24.260674352259823,9.72254523809524,21.382430506239864,47.15495709035506,-11.659885268144624
2023-11-06,12.26,17.0816,39.3279,13.1053,14.2424,0.7061,0.9007,17114960000.0,31.4695,426.2444,16.0,1.0,-218.4,116.6267,22.932517063492064,24.27137750675741,10.00299285714286,21.53782977666665,47.203894570249474,-11.534836919523793
2023-11-07,12.56,17.0816,36.0,13.426,14.2342,0.7234,0.8998,17533760000.0,31.4695,426.2444,16.0,1.0,-218.4,116.6267,22.96112916666667,24.278278103165206,10.260128571428574,21.65387550676269,47.23940726983187,-11.393746935334118
2023-11-08,12.79,17.0816,33.5543,13.6718,14.2261,0.7366,0.899,17854840000.0,31.4695,426.2444,16.0,1.0,-218.4,116.6267,23.003859523809524,24.277932019231017,10.4853126984127,21.747960502969413,47.28179154304054,-11.262647804556712
2023-11-09,12.31,17.0816,38.762,13.1587,14.2243,0.709,0.8974,17184760000.0,31.4695,426.2444,16.0,1.0,-218.4,116.6267,23.05511507936508,24.283888483813328,10.73144761904762,21.89176530298355,47.33900356317841,-11.160317683935933
2023-11-10,12.76,17.0816,33.8683,13.6398,14.2225,0.7349,0.8927,17812960000.0,31.4695,426.2444,16.0,1.0,-218.4,116.6267,23.09276726190476,24.285917392249303,10.90307619047619,21.988267935989608,47.378684654154064,-11.085191745513418
2023-11-13,12.78,17.0816,33.6588,13.6611,14.2202,0.7361,0.8888,17840880000.0,31.4695,426.2444,16.0,1.0,-218.4,116.6267,23.12340476190476,24.28949444739092,11.11451507936508,22.078511382790527,47.41289920929569,-10.963996303425446
2023-11-14,13.89,17.0816,22.9777,14.8477,14.2225,0.8,0.8874,19390440000.0,31.4695,426.2444,16.0,1.0,-218.4,116.6267,23.128060515873013,24.289240682173364,11.24528253968254,22.09975187713412,47.41730119804637,-10.854469337451574
2023-11-15,14.57,17.0816,17.2382,15.5746,14.2243,0.8392,0.8872,20339720000.0,31.4695,426.2444,16.0,1.0,-218.4,116.6267,23.11426349206349,24.29061010519328,11.382561111111112,22.08268735901126,47.40487359725677,-10.700126247900148
2023-11-16,14.81,17.0816,15.3383,15.8311,14.2261,0.853,0.8848,20674760000.0,31.4695,426.2444,16.0,1.0,-218.4,116.6267,23.09603392857143,24.292995987218337,11.521637301587305,22.05171358855809,47.38902991578976,-10.530076286970788
2023-11-17,14.79,17.0816,15.4943,15.8097,14.2342,0.8518,0.8817,20646840000.0,31.4695,426.2444,16.0,1.0,-218.4,116.6267,23.06998869047619,24.294097414190684,11.637824603174604,22.0336209617709,47.36408610466688,-10.395796358596296
2023-11-20,14.57,17.0246,16.8469,15.8456,14.2498,0.8369,0.8785,20339720000.0,31.6191,454.7349,16.0,1.0,-218.4,116.6267,23.04351646825397,24.29359391767799,11.78472222222222,22.0059231036006,47.33711038593196,-10.221200881378373
2023-11-21,14.2,17.0246,19.8915,15.4432,14.2573,0.8156,0.8772,19823200000.0,31.6191,454.7349,16.0,1.0,-218.4,116.6267,23.02062817460317,24.29111357122222,11.94305873015873,21.991793203306624,47.311741745825394,-10.048734473147894
2023-11-22,14.47,17.0246,17.6545,15.7368,14.2633,0.8311,0.8772,20200120000.0,31.6191,454.7349,16.0,1.0,-218.4,116.6267,22.987447222222222,24.28699065241239,12.04349126984127,21.98872704099088,47.27443787463461,-9.945235771149608
2023-11-24,14.41,17.0246,18.1443,15.4946,14.2693,0.8277,0.865,20116360000.0,31.6048,474.9353,17.0,1.0,-218.4,116.6267,22.95313968253968,24.28158393062793,12.17281111111111,21.97620896096585,47.23472361316762,-9.803397849854742
2023-11-27,14.62,17.0246,16.4473,15.7204,14.2702,0.8398,0.8578,20409520000.0,31.6048,474.9353,17.0,1.0,-218.4,116.6267,22.913064484126984,24.27560807075194,12.305026984126986,21.951201809885177,47.18867255487892,-9.646174825758193
2023-11-28,14.63,17.0246,16.3677,15.7312,14.2711,0.8403,0.8572,20423480000.0,31.6048,474.9353,17.0,1.0,-218.4,116.6267,22.871406944444445,24.268775506946547,12.443570634920636,21.92105833864805,47.14018245139099,-9.477487703727412
2023-11-29,14.91,17.0246,14.1824,16.072,14.2774,0.8559,0.8566,20814360000.0,31.6418,496.6492,17.0,1.0,-218.4,116.4548,22.791857738095235,24.23131421136125,12.55428492063492,21.89410262345573,47.02317194945649,-9.33981770282081
2023-11-30,15.06,17.0246,13.0452,16.2337,14.2838,0.8645,0.8566,21023760000.0,31.6418,496.6492,17.0,1.0,-218.4,116.4548,22.71359186507937,24.19887873044134,12.697594444444444,21.83722548840052,46.91247059552071,-9.139631043956072
2023-12-01,15.76,17.0773,8.3585,16.9828,14.292,0.9045,0.8566,22000960000.0,31.6481,503.0124,17.0,1.0,-218.4,116.4548,22.61675436507937,24.15836146163212,12.825469047619048,21.76355928314472,46.775115826711485,-8.938090235525667
2023-12-04,16.35,17.0773,4.4483,17.6185,14.3003,0.9384,0.8561,22824600000.0,31.6481,503.0124,17.0,1.0,-218.4,116.4548,22.48855198412699,24.08272331816972,12.922658730158732,21.6979703922824,46.57127530229671,-8.775311662123665
2023-12-05,16.5,17.0773,3.4988,17.7802,14.3012,0.947,0.8564,23034000000.0,31.6481,503.0124,17.0,1.0,-218.4,116.4548,22.38677857142857,24.05430208374125,13.038592063492064,21.607377349405848,46.44108065516982,-8.568785285913783
2023-12-06,17.48,17.0773,-2.3038,18.885,14.3022,1.0032,0.8566,24402080000.0,31.6583,501.9013,17.0,1.0,-218.4,116.269,22.26117123015873,24.017516271036133,13.122550793650792,21.52625134175943,46.27868750119487,-8.403700548108636
2023-12-07,17.93,16.9552,-5.4367,19.3712,14.308,1.029,0.8566,25030280000.0,31.6583,501.9013,17.0,1.0,-218.4,116.269,22.153233333333336,24.0195135336368,13.166461111111111,21.48231232580692,46.17274686697014,-8.315851214695808
2023-12-08,18.11,16.9552,-6.3766,19.5657,14.3138,1.0393,0.8566,25281560000.0,31.6583,501.9013,17.0,1.0,-218.4,116.269,22.04199285714286,24.021562734834795,13.205307142857142,21.44215654810189,46.06355559197765,-8.236849405244753
2023-12-11,17.63,17.3236,-1.7379,18.9856,14.3687,1.0103,0.8561,24611480000.0,31.6811,519.9014,18.0,1.0,-218.4,116.269,21.9554755952381,24.028542185847936,13.332300793650797,21.30436025505576,45.98401778108604,-7.972059461404967
2023-12-12,17.82,17.3236,-2.7856,19.0527,14.3757,1.0206,0.8564,24876720000.0,31.7151,530.0093,18.0,1.0,-218.4,116.7195,21.862039087301586,24.03301610724154,13.477366666666663,21.129790774933863,45.895055194543126,-7.652424108267201
2023-12-13,18.27,17.3236,-5.1801,19.5988,14.3827,1.0466,0.8566,25504920000.0,31.6802,544.278,18.0,1.0,-218.4,116.7195,21.76518809523809,24.04346101625498,13.59039126984127,20.99003250175291,45.80864911149308,-7.399641231911641
2023-12-14,18.78,17.4288,-7.1949,20.1459,14.392,1.0758,0.8572,26216880000.0,31.6802,544.278,18.0,1.0,-218.4,116.7195,21.64973293650793,24.042535560382763,13.708054761904762,20.829753983636422,45.6922684968907,-7.121699221731664
2023-12-15,18.61,17.4288,-6.3471,19.9357,14.4012,1.066,0.8572,25979560000.0,31.6802,554.8053,18.0,1.0,-218.4,116.7195,21.532823611111112,24.03511505868176,13.819911904761904,20.68222412108566,45.56793866979287,-6.862312216323756
2023-12-18,18.36,17.2074,-6.2778,19.8101,14.4335,1.0518,0.8566,25630560000.0,31.675,549.5213,19.0,1.0,-218.4,115.8213,21.41650436507937,24.02754922155012,13.922159523809526,20.549288945666927,45.44405358662948,-6.627129421857401
2023-12-19,18.71,17.5074,-6.4276,19.9722,14.4531,1.0687,0.8572,26119160000.0,31.7019,557.6093,21.0,1.0,-218.4,113.7344,21.29438253968254,24.01230883956579,14.022814285714286,20.416829432793783,45.306691379248335,-6.3940151470795
2023-12-20,18.07,17.5074,-3.1134,19.2891,14.4552,1.0321,0.8578,25225720000.0,31.7019,556.8725,21.0,1.0,-218.4,113.7344,21.19282599206349,24.00707359146176,14.131227777777776,20.287852806700435,45.19989958352525,-6.156625028922658
2023-12-21,19.19,18.5074,-3.5571,14.3605,14.4531,0.9433,0.8578,24236970000.0,7.0616,556.8725,8.0,1.0,-218.4,32.4101,21.10238353174603,24.014294499924187,14.23982619047619,20.15476659821862,45.11667803167022,-5.914940407742432
2023-12-22,18.93,18.6824,-1.308,14.1132,14.4139,0.9295,0.8578,23908590000.0,7.0599,556.8725,9.0,1.0,-218.4,32.4101,21.041922023809526,24.032309792442515,14.285315873015874,20.11277862648089,45.07423181625204,-5.827462753465015
2023-12-26,18.61,18.6824,0.389,13.8705,14.3757,0.9138,0.8566,23504430000.0,7.0599,556.8725,9.0,1.0,-218.4,32.4101,20.99339047619048,24.04929809930613,14.372952380952382,20.02712027841733,45.04268857549661,-5.65416789746495
2023-12-27,18.54,18.6824,0.7681,13.8183,14.3687,0.9104,0.8572,23416020000.0,7.0599,556.8725,9.0,1.0,-218.4,32.4101,20.945026785714287,24.06543996960764,14.50224523809524,19.884651977171178,45.01046675532193,-5.382406739075938
2023-12-28,18.67,18.6824,0.0664,13.9152,14.3605,0.9168,0.8572,23580210000.0,7.0599,556.8725,9.0,1.0,-218.4,32.4101,20.89230773809524,24.08204402218709,14.573724603174604,19.815778364895746,44.97435176028234,-5.242053761721142
2023-12-29,18.54,18.9824,2.3862,13.8731,14.3138,0.9091,0.8572,23416020000.0,6.9579,556.8725,10.0,1.0,-218.4,30.8544,20.843590476190474,24.094618224208563,14.72327142857143,19.65013274964975,44.93820870039904,-4.92686132107832
2024-01-02,17.29,18.9824,9.7883,12.9377,14.3003,0.8478,0.856,21837270000.0,6.9579,556.8725,10.0,1.0,-218.4,30.8544,20.80822718253968,24.0977446081552,14.9209,19.47207236300442,44.90597179069488,-4.551172363004417
2024-01-03,16.35,18.9824,16.1003,12.2344,14.292,0.8017,0.8559,20650050000.0,6.9579,556.8725,10.0,1.0,-218.4,30.8544,20.78218115079365,24.095720729013173,15.17739126984127,19.270432440744127,44.87790187980683,-4.093041170902858
2024-01-04,16.85,19.0984,13.3436,12.634,14.2774,0.8255,0.853,21281550000.0,6.9742,556.8725,11.0,1.0,-218.4,30.9137,20.745440674603177,24.09291186859368,15.38502380952381,19.106622735675423,44.83835254319686,-3.721598926151616
2024-01-05,17.33,19.1484,10.4928,12.9716,14.2702,0.849,0.8518,21887790000.0,6.9764,556.8725,11.0,1.0,-218.4,30.9137,20.71863611111112,24.096795929357,15.576572222222223,18.933484482597034,44.81543204046811,-3.356912260374811
2024-01-08,17.35,19.1484,10.3654,12.9933,14.2424,0.8532,0.8515,21913050000.0,6.9764,556.8725,11.0,1.0,-218.4,30.9137,20.696571428571428,24.10118287482792,15.779546031746031,18.736872679239315,44.797754303399344,-2.957326647493284
2024-01-09,17.38,19.1484,10.1749,13.0158,14.2342,0.8547,0.8518,21950940000.0,6.9764,556.8725,11.0,1.0,-218.4,30.9137,20.667200595238096,24.1049746525446,15.966765873015872,18.5598460083662,44.7721752477827,-2.5930801353503234
2024-01-10,17.78,19.4881,9.6069,13.6193,14.2261,0.8724,0.852,22456140000.0,7.0141,556.8725,10.0,1.0,-218.4,29.6033,20.6355257936508,24.10900643642572,16.123830952380953,18.41998894271316,44.74453223007651,-2.296157990332201
2024-01-11,17.53,19.8529,13.251,13.3136,14.2243,0.8601,0.8522,22140390000.0,7.0141,556.8725,10.0,1.0,-218.4,29.738,20.620524007936503,24.11124874361626,16.29094285714286,18.296259678390804,44.73177275155277,-2.005316821247945
2024-01-12,16.96,19.8529,17.0572,12.8807,14.2202,0.8321,0.8518,21420480000.0,7.0141,556.8725,10.0,1.0,-218.4,29.738,20.608877380952386,24.11155005464096,16.47499126984127,18.18518740025969,44.72042743559334,-1.7101961304184208
2024-01-16,17.03,20.4062,19.825,12.8257,14.1767,0.8334,0.8508,21508890000.0,7.0239,556.8725,10.0,1.0,-218.4,29.738,20.60915853174604,24.111540066702386,16.68233095238095,18.07202143230012,44.720698598448415,-1.389690479919171
2024-01-17,16.86,20.4062,21.0332,12.6977,14.1702,0.825,0.8504,21294180000.0,7.0239,556.8725,10.0,1.0,-218.4,29.738,20.615349404761904,24.111246994543546,16.921263492063492,17.927226376345484,44.72659639930545,-1.005962884281992
2024-01-18,17.28,20.7812,20.2616,12.8638,14.1702,0.8471,0.8504,21824640000.0,6.9186,556.8725,11.0,1.0,-218.4,29.738,20.626036904761904,24.10989129149152,17.145492063492064,17.78929399821188,44.73592819625343,-0.6438019347198143
2024-01-19,17.33,20.7812,19.9146,12.9011,14.1428,0.8495,0.8503,21887790000.0,6.9186,556.8725,11.0,1.0,-218.4,29.738,20.63605257936508,24.108542460385383,17.359545238095237,17.657531051820857,44.74459503975047,-0.2979858137256208
2024-01-22,16.64,20.7188,24.512,12.3856,14.1169,0.8157,0.8495,21016320000.0,6.9186,556.8725,11.0,1.0,-218.4,27.6193,20.645132142857143,24.109139949787608,17.619574603174605,17.518048420556173,44.754272092644754,0.1015261826184321
2024-01-23,16.25,20.7188,27.5003,12.0953,14.115,0.7966,0.8492,20523750000.0,6.9186,556.8725,11.0,1.0,-218.4,27.6193,20.651618055555552,24.11054631991774,17.872729365079365,17.427579963848437,44.76216437547329,0.4451494012309283
2024-01-24,16.08,20.7188,28.8483,11.9687,14.1132,0.7883,0.849,20309040000.0,6.9186,556.8725,11.0,1.0,-218.4,27.6193,20.65580138888889,24.111787654177245,18.11918968253968,17.36081430597924,44.76758904306614,0.7583753765604406
2024-01-25,16.47,20.7188,25.7972,12.259,14.109,0.8074,0.8483,20801610000.0,6.9186,556.8725,11.0,1.0,-218.4,27.6193,20.643741468253967,24.10768453315793,18.35023015873016,17.266750206689274,44.7514260014119,1.0834799520408858
2024-01-26,15.83,20.7188,30.8831,11.7827,14.066,0.776,0.8478,19993290000.0,6.9186,556.8725,11.0,1.0,-218.4,27.6193,20.638458730158728,24.10514330093824,18.64564047619048,17.159049310533184,44.74360203109697,1.4865911656572912
2024-01-29,16.55,20.7188,25.1891,12.2875,14.0465,0.8109,0.8471,20902650000.0,6.9375,556.8725,11.0,1.0,-218.4,27.6193,20.6279123015873,24.101980734422423,18.90671507936508,17.00445249864669,44.72989303600973,1.9022625807183893
2024-01-30,16.47,20.7188,25.7972,12.229,14.0442,0.807,0.845,20801610000.0,6.9443,556.8725,11.0,1.0,-218.4,27.7376,20.62704841269841,24.10178724810748,19.186072222222226,16.823840051953155,44.72883566080589,2.362232170269067
2024-01-31,16.58,20.7188,24.9626,12.3052,14.0418,0.8124,0.843,20940540000.0,6.963,556.8725,11.0,1.0,-218.4,27.7376,20.609063095238096,24.095149055915456,19.42483253968254,16.68904820158578,44.70421215115356,2.73578433809676
2024-02-01,16.8,20.7188,23.3262,12.4685,14.0051,0.8231,0.8406,21218400000.0,6.963,556.8725,11.0,1.0,-218.4,27.7376,20.58586845238096,24.08687787118797,19.639131746031747,16.562934545808755,44.67274632356892,3.0761972002229925
2024-02-02,16.44,20.7188,26.0268,12.2013,13.9683,0.8055,0.8404,20763720000.0,6.963,556.8725,11.0,1.0,-218.4,27.7376,20.57869523809524,24.084713741806144,19.867898412698413,16.44922913403052,44.66340897990138,3.418669278667892
2024-02-05,15.83,20.7941,31.3588,11.5236,13.9152,0.7754,0.8395,19993290000.0,6.9583,556.8725,12.0,1.0,-218.4,27.7376,20.59586607142857,24.08931692328683,20.1210007936508,16.378022251617573,44.685182994715404,3.742978542033224
2024-02-06,15.97,20.7941,30.2073,11.6255,13.9146,0.7822,0.8392,20170110000.0,6.9583,556.8725,12.0,1.0,-218.4,27.7376,20.60981805555556,24.092850029027307,20.40347222222222,16.240965813865355,44.70266808458286,4.162506408356865
2024-02-07,15.72,20.7941,32.278,11.4435,13.9139,0.77,0.839,19854360000.0,6.9583,556.8725,12.0,1.0,-218.4,27.7376,20.621750595238098,24.09714486367856,20.69735,16.11670350879363,44.718895458916656,4.58064649120637
2024-02-08,15.69,20.7941,32.5309,11.4217,13.8962,0.7685,0.8383,19816470000.0,6.9583,556.8725,12.0,1.0,-218.4,27.7376,20.62941547619048,24.10032344225091,20.96478253968254,16.03035851904048,44.72973891844138,4.934424020642059
2024-02-09,15.31,20.7941,35.8204,11.1451,13.8917,0.7499,0.8378,19336530000.0,6.9583,556.8725,12.0,1.0,-218.4,27.7376,20.662113492063494,24.10974897844916,21.26238888888889,15.954531215472192,44.77186247051266,5.307857673416693
2024-02-12,15.49,20.7941,34.2421,11.2761,13.8705,0.7587,0.8352,19563870000.0,6.9583,556.8725,12.0,1.0,-218.4,27.7376,20.70249543650793,24.115426750867528,21.50605,15.91611026930767,44.81792218737546,5.589939730692329
2024-02-13,15.12,20.7941,37.5271,11.0068,13.8652,0.7406,0.8334,19096560000.0,6.9583,556.8725,12.0,1.0,-218.4,27.7376,20.75496765873016,24.12322052269891,21.777735714285715,15.894915182744302,44.87818818142907,5.882820531541412
2024-02-14,15.27,20.7941,36.1762,11.116,13.86,0.7479,0.8333,19286010000.0,6.9583,556.8725,12.0,1.0,-218.4,27.7376,20.80308313492064,24.129758996638056,22.027841269841268,15.871372367677733,44.93284213155869,6.156468902163535
2024-02-15,15.22,20.7941,36.6235,11.0804,13.8593,0.7455,0.833,19222860000.0,6.9584,556.8725,12.0,1.0,-218.4,27.725,20.841203968253968,24.139563339347603,22.25942142857143,15.869759115518365,44.98076730760157,6.389662313053064
2024-02-16,14.8,20.7941,40.5007,10.7746,13.8519,0.7249,0.8329,18692400000.0,6.9584,556.8725,12.0,1.0,-218.4,27.725,20.87282876984127,24.154883084634218,22.50126428571429,15.914002920469612,45.02771185447549,6.587261365244675
2024-02-20,14.76,20.7941,40.8814,10.7455,13.8026,0.723,0.8321,18641880000.0,6.9584,556.8725,12.0,1.0,-218.4,27.725,20.92061488095237,24.17062216418129,22.73436587301587,15.966746550609088,45.09123704513367,6.767619322406784
2024-02-21,14.71,20.7941,41.3603,10.7091,13.7983,0.7205,0.8316,18578730000.0,6.9584,556.8725,12.0,1.0,-218.4,27.725,20.977704166666665,24.18487602223452,22.97802857142857,16.015180235523367,45.16258018890118,6.962848335905203
2024-02-22,15.21,20.7941,36.7133,11.0731,13.7427,0.745,0.8308,19210230000.0,6.9584,556.8725,12.0,1.0,-218.4,27.725,21.01670555555556,24.19438781472328,23.18200634920635,16.025225491833822,45.21109337027883,7.156780857372528
2024-02-23,15.23,20.8783,37.0867,11.0877,13.7099,0.7463,0.8304,19235490000.0,6.9466,556.8725,12.0,1.0,-218.4,27.725,21.05382876984127,24.2046808009042,23.420936507936503,16.0061669533595,45.258509570745474,7.414769554577006
2024-02-26,14.78,20.8783,41.2605,10.76,13.6889,0.7243,0.829,18667140000.0,6.9466,556.8725,12.0,1.0,-218.4,27.725,21.09243611111111,24.22138959231337,23.663807142857145,16.043096511679714,45.31382570342448,7.620710631177431
2024-02-27,15.91,20.8783,31.2275,11.5827,13.6861,0.7797,0.8277,20094330000.0,6.9466,556.8725,12.0,1.0,-218.4,27.725,21.095591269841268,24.22260842928049,23.83754523809524,16.005187316470195,45.31819969912176,7.8323579216250465
2024-02-28,15.47,20.8783,34.9599,11.2624,13.6806,0.7581,0.8274,19538610000.0,6.9466,556.8725,12.0,1.0,-218.4,27.725,21.11167123015873,24.22912886666538,24.03041111111111,15.991521059847834,45.34080009682411,8.038890051263277
2024-02-29,15.86,20.8783,31.6412,11.5463,13.6752,0.7772,0.8268,20031180000.0,6.9466,556.8725,12.0,1.0,-218.4,27.725,21.123165873015875,24.232754208603183,24.20979603174603,15.948720671890438,45.35592008161906,8.261075359855592
2024-03-01,16.0,20.8783,30.4894,11.6482,13.6735,0.7841,0.826,20208000000.0,6.9466,556.8725,12.0,1.0,-218.4,27.725,21.12291785714286,24.23265751467171,24.37076984126984,15.90856200359682,45.35557537181457,8.462207837673022
2024-03-04,16.07,20.8783,29.921,11.6992,13.6656,0.7875,0.8252,20296410000.0,6.9466,556.8725,12.0,1.0,-218.4,27.725,21.101342857142857,24.219945565294537,24.52446825396825,15.867513015676572,45.32128842243739,8.65695523829168
2024-03-05,15.89,20.8783,31.3927,11.5681,13.6592,0.7787,0.825,20069070000.0,6.9466,556.8725,12.0,1.0,-218.4,27.725,21.0850378968254,24.21022456764404,24.684826984126985,15.83371187504141,45.29526246446943,8.851115109085576
2024-03-06,16.01,20.8783,30.4079,11.6555,13.6572,0.7846,0.824,20220630000.0,6.9466,556.8725,12.0,1.0,-218.4,27.725,21.05540773809524,24.18960841280091,24.816700793650792,15.811440988648716,45.24501615089615,9.005259805002076
2024-03-07,15.66,20.9339,33.6775,11.3659,13.6571,0.7672,0.8212,19778580000.0,6.9592,556.8725,12.0,1.0,-218.4,27.725,21.014858531746032,24.15118004218393,24.97803571428572,15.79720003045336,45.16603857392997,9.180835683832354
2024-03-08,16.37,20.9339,27.8797,11.8813,13.6489,0.8019,0.8188,20675310000.0,6.9592,556.8725,12.0,1.0,-218.4,27.725,20.92933313492064,24.04998363796185,25.0857126984127,15.770134833858547,44.97931677288248,9.31557786455415
2024-03-11,16.23,20.9339,28.9827,11.7796,13.6374,0.7951,0.8165,20498490000.0,6.9592,556.8725,12.0,1.0,-218.4,27.725,20.85347341269841,23.963838000528856,25.193953174603177,15.749529822979198,44.81731141322727,9.444423351623978
2024-03-12,16.24,20.8847,28.6004,11.7732,13.6284,0.7952,0.8157,20511120000.0,6.9669,556.8725,14.0,1.0,-218.4,27.725,20.80355873015873,23.921327866789863,25.30980396825397,15.720214001537812,44.72488659694859,9.589589966716158
2024-03-13,16.65,20.9305,25.7087,12.0705,13.6193,0.8154,0.8156,21028950000.0,6.9598,556.8725,14.0,1.0,-218.4,27.725,20.7544748015873,23.88573552140993,25.401534126984128,15.688266782857418,44.640210322997234,9.71326734412671
2024-03-14,16.2,20.9305,29.2006,11.7442,13.5736,0.7934,0.8155,20460600000.0,6.9598,556.8725,14.0,1.0,-218.4,27.725,20.7046875,23.84179942073642,25.49443809523809,15.675724336003697,44.54648692073643,9.8187137592344
2024-03-15,16.26,20.9305,28.7239,11.7749,13.5492,0.7962,0.8148,20536380000.0,6.9666,556.8725,14.0,1.0,-218.4,27.725,20.652344841269844,23.79503961879137,25.561705555555555,15.671216405506316,44.447384460061215,9.89048915004924
2024-03-18,16.19,20.9305,29.2804,11.7158,13.5309,0.7927,0.8121,20447970000.0,6.9718,556.8725,14.0,1.0,-218.4,27.725,20.62132996031746,23.7735338867039,25.60284523809524,15.674143661955462,44.39486384702136,9.928701576139776
2024-03-19,16.08,20.9305,30.1648,11.6101,13.5288,0.787,0.8119,20309040000.0,6.9899,556.8725,14.0,1.0,-218.4,27.8785,20.62212599206349,23.773847329388847,25.641181746031744,15.679388158901656,44.395973321452345,9.961793587130089
2024-03-20,16.85,20.9305,24.2166,12.1661,13.5267,0.8247,0.8121,21281550000.0,6.9899,556.8725,14.0,1.0,-218.4,27.8785,20.6087,23.769894726399865,25.63560555555556,15.679771908383437,44.37859472639987,9.955833647172115
2024-03-21,17.02,20.9305,22.9759,12.2888,13.5111,0.833,0.8121,21496260000.0,6.9899,556.8725,14.0,1.0,-218.4,27.8785,20.59995099206349,23.768206905597907,25.5934126984127,15.679718904898738,44.3681578976614,9.91369379351396
2024-03-22,17.08,20.8862,22.2845,12.1852,13.4958,0.8344,0.8121,21572040000.0,6.9877,556.8725,14.0,1.0,-218.4,28.0974,20.58302797619048,23.7639562605846,25.531640476190475,15.677281929432471,44.34698423677507,9.854358546758002
2024-03-25,17.11,20.8862,22.0701,12.2881,13.4776,0.8359,0.8114,21609930000.0,6.9877,556.8725,14.0,1.0,-218.4,28.1565,20.5703378968254,23.7614459591748,25.43877777777778,15.662734893012257,44.3317838560002,9.776042884765523
2024-03-26,17.03,20.8862,22.6436,12.2307,13.4775,0.832,0.8119,21508890000.0,6.9877,556.8725,14.0,1.0,-218.4,28.1565,20.55064920634921,23.75559644502413,25.33958095238095,15.640350618677182,44.30624565137334,9.699230333703769
2024-03-27,17.19,21.029,22.3328,12.2131,13.4774,0.8395,0.8121,21728160000.0,6.5515,556.8725,15.0,1.0,-218.4,28.5029,20.53557162698413,23.75204165905919,25.22700476190476,15.610271279948291,44.28761328604332,9.61673348195647
2024-03-28,16.34,21.1243,29.2797,11.4949,13.4688,0.7986,0.8114,20653760000.0,6.5591,556.8725,15.0,1.0,-218.4,28.5901,20.5409503968254,23.75371751969957,25.15798888888889,15.57263397774047,44.29466791652497,9.58535491114842
2024-04-01,16.26,21.1243,29.9157,11.4386,13.427,0.7945,0.8098,20552640000.0,6.5582,556.8725,15.0,1.0,-218.4,28.5901,20.566246428571432,23.756905109052,25.128904761904764,15.560195380381913,44.32315153762343,9.568709381522853
2024-04-02,15.48,21.0767,36.1544,10.8237,13.4265,0.7568,0.8098,19566720000.0,6.5557,556.8725,15.0,1.0,-218.4,28.5901,20.610102976190475,23.76525399416729,25.12066666666667,15.554031017379431,44.37535697035776,9.566635649287235
2024-04-03,15.34,21.0767,37.397,10.7258,13.426,0.75,0.8098,19389760000.0,6.5557,556.8725,15.0,1.0,-218.4,28.5901,20.65847936507937,23.774577111954983,25.147068253968254,15.572156669402782,44.43305647703436,9.574911584565472
2024-04-04,15.06,21.0767,39.9515,10.53,13.4153,0.7363,0.8098,19035840000.0,6.5557,556.8725,15.0,1.0,-218.4,28.5901,20.717573214285714,23.78546278428649,25.15076984126984,15.575647205970112,44.5030359985722,9.57512263529973
2024-04-05,15.12,21.0767,39.3962,10.566,13.3732,0.739,0.8074,19111680000.0,6.564,556.8725,15.0,1.0,-218.4,28.5901,20.77548134920635,23.7953571106831,25.17966428571429,15.598837140830584,44.57083845988944,9.580827144883704
2024-04-08,15.66,21.0767,34.5894,10.9434,13.3654,0.7654,0.807,19794240000.0,6.564,556.8725,15.0,1.0,-218.4,28.5901,20.820418253968253,23.80002544204291,25.20868253968254,15.613020213276291,44.620443696011165,9.595662326406243
2024-04-09,15.5,21.0767,35.9787,10.8029,13.3463,0.7577,0.8062,19592000000.0,6.5557,556.8725,15.0,1.0,-218.4,28.8201,20.873384126984124,23.804004102621,25.245592063492065,15.633086547993582,44.67738822960512,9.612505515498484
2024-04-10,14.95,21.0767,40.9813,10.4196,13.3204,0.7308,0.8055,18896800000.0,6.5557,556.8725,15.0,1.0,-218.4,28.8201,20.92149960317461,23.82011781697792,25.27538809523809,15.6596605025811,44.74161742015252,9.615727592656992
2024-04-11,14.97,21.0767,40.7929,10.4335,13.3055,0.7318,0.8037,18922080000.0,6.5557,556.8725,15.0,1.0,-218.4,28.8201,20.966893055555555,23.836170162391973,25.321419047619045,15.696933484391009,44.803063217947525,9.624485563228037
2024-04-12,14.36,21.0767,46.7737,10.0084,13.2862,0.702,0.8018,18151040000.0,6.5557,556.8725,15.0,1.0,-218.4,28.8201,21.01847599206349,23.86387034282247,25.393742857142858,15.775041958016784,44.88234633488596,9.618700899126074
2024-04-15,14.06,21.0767,49.9054,9.7993,13.2506,0.6879,0.8016,17771840000.0,6.5503,556.8725,15.0,1.0,-218.4,28.8201,21.07885773809524,23.89842800397985,25.486586507936508,15.885099105485557,44.97728574207508,9.601487402450951
2024-04-16,13.9,21.0767,51.6309,9.6878,13.2468,0.6801,0.8016,17569600000.0,6.5503,556.8725,15.0,1.0,-218.4,28.8201,21.14227876984128,23.93705467465657,25.56270476190476,15.98770184512016,45.07933344449784,9.575002916784602
2024-04-17,14.12,21.0767,49.2684,9.8411,13.24,0.6909,0.8008,17847680000.0,6.5503,556.8725,15.0,1.0,-218.4,28.8201,21.21021468253968,23.968236840507146,25.65054444444445,16.087783609855347,45.17845152304682,9.5627608345891
2024-04-18,14.18,21.0767,48.6368,9.8829,13.2332,0.6938,0.7993,17923520000.0,6.5503,556.8725,15.0,1.0,-218.4,28.8201,21.27819503968254,23.99738148092964,25.745655555555555,16.188459146019127,45.27557652061218,9.557196409536427
2024-04-19,14.12,20.513,45.2762,9.8831,13.2269,0.6886,0.7976,17847680000.0,6.7707,556.8725,16.0,1.0,-218.4,23.2047,21.333227380952383,24.02058365675436,25.738946825396823,16.180120555514762,45.35381103770675,9.55882626988206
2024-04-22,14.28,20.513,43.6485,9.9951,13.1587,0.6964,0.7962,18049920000.0,6.7707,556.8725,16.0,1.0,-218.4,23.2047,21.395220833333333,24.037805076851413,25.688775396825395,16.11404947141814,45.433025910184746,9.574725925407254
2024-04-23,14.79,20.513,38.6951,10.3521,13.1536,0.7213,0.7961,18694560000.0,6.7707,556.8725,16.0,1.0,-218.4,23.2047,21.444089682539683,24.047907687015737,25.560443650793648,15.943316325048588,45.49199736955542,9.61712732574506
2024-04-24,15.01,20.513,36.6622,10.5061,13.1485,0.7321,0.7956,18972640000.0,6.7707,556.8725,16.0,1.0,-218.4,23.2047,21.48793571428571,24.055482638576645,25.453779365079367,15.8223131831895,45.54341835286236,9.631466181889868
2024-04-25,15.18,20.513,35.1318,10.625,13.1311,0.7403,0.7952,19187520000.0,6.7691,556.8725,16.0,1.0,-218.4,23.2047,21.520661507936502,24.06281600339793,25.342251587301583,15.702778999419143,45.58347751133444,9.63947258788244
2024-04-26,15.08,20.513,36.0279,10.5551,13.1118,0.7355,0.795,19061120000.0,6.7691,556.8725,16.0,1.0,-218.4,23.2047,21.555663888888887,24.071077450326257,25.218925396825394,15.555497500950308,45.62674133921514,9.663427895875088
2024-04-29,15.13,20.513,35.5783,10.59,13.1002,0.7368,0.7937,19124320000.0,6.7691,556.8725,16.0,1.0,-218.4,23.2047,21.5712511904762,24.077621312876364,25.10261111111112,15.421167490144091,45.64887250335256,9.681443620967022
2024-04-30,14.82,20.513,38.4143,10.3731,13.0952,0.7217,0.7936,18732480000.0,6.7691,556.8725,16.0,1.0,-218.4,23.2047,21.59115555555556,24.08740772523593,24.98309365079365,15.257010121848932,45.67856328079149,9.72608352894472
2024-05-01,14.47,20.8708,44.235,10.0563,13.0742,0.7046,0.7935,18290080000.0,6.7691,556.8725,15.0,1.0,-218.4,23.8093,21.628609126984127,24.107943951048004,24.938620634920635,15.192007168372855,45.73655307803213,9.74661346654778
2024-05-02,14.46,20.8708,44.3347,10.0493,13.0401,0.7042,0.7934,18277440000.0,6.7691,556.8725,15.0,1.0,-218.4,23.8093,21.658640674603177,24.12681307380483,24.90116507936508,15.137796406998351,45.785453748408,9.763368672366727
2024-05-03,14.44,20.7756,43.8753,10.0354,13.0261,0.7032,0.7927,18252160000.0,6.7691,556.8725,15.0,1.0,-218.4,23.8093,21.688499404761902,24.14500661624152,24.84331349206349,15.05029915770374,45.83350602100343,9.793014334359754
2024-05-06,14.6,20.7756,42.2986,10.1466,13.0238,0.711,0.7883,18454400000.0,6.7691,556.8725,15.0,1.0,-218.4,23.8093,21.7172757936508,24.16093663687688,24.833438095238098,15.038334560874038,45.87821243052768,9.79510353436406
2024-05-07,14.12,20.7756,47.136,9.8131,13.0228,0.6876,0.7879,17847680000.0,6.7691,556.8725,15.0,1.0,-218.4,23.8093,21.75908253968253,24.18669132043303,24.92095873015873,15.136248585328024,45.945773860115565,9.784710144830708
2024-05-08,14.3,20.7756,45.2839,9.9395,13.0193,0.6964,0.7875,18075200000.0,6.814,556.8725,15.0,1.0,-218.4,23.8093,21.779218452380952,24.202069044048216,24.96822857142857,15.190802621543687,45.98128749642917,9.777425949884885
2024-05-09,14.56,20.7756,42.6896,10.1202,13.0052,0.709,0.787,18403840000.0,6.814,556.8725,15.0,1.0,-218.4,23.8093,21.78053055555556,24.2031869206672,25.021320634920635,15.241273541440432,45.98371747622275,9.7800470934802
2024-05-10,14.43,20.7756,43.9751,10.0299,12.994,0.7027,0.7856,18239520000.0,6.814,556.8725,15.0,1.0,-218.4,23.8093,21.74891884920635,24.16366282739525,25.1040253968254,15.316037231926256,45.9125816766016,9.78798816489914
2024-05-13,14.56,20.8232,43.0165,10.1104,12.9766,0.7089,0.7841,18403840000.0,6.8225,556.8725,15.0,1.0,-218.4,23.9014,21.716523214285715,24.12407238754842,25.13779126984127,15.351038370210812,45.84059560183414,9.786752899630455
2024-05-14,14.52,20.8232,43.4105,10.0819,12.9749,0.7069,0.7832,18353280000.0,6.8225,556.8725,15.0,1.0,-218.4,23.9014,21.66997638888889,24.05932189971386,25.21352301587301,15.417845461579498,45.72929828860275,9.795677554293515
2024-05-15,14.86,20.8232,40.1292,10.318,12.9732,0.7235,0.7822,18783040000.0,6.8225,556.8725,15.0,1.0,-218.4,23.9014,21.60967797619048,23.97458324306424,25.2648753968254,15.456925252003757,45.58426121925472,9.80795014482164
2024-05-16,14.9,20.8708,40.0725,10.3022,12.9713,0.7251,0.7807,18833600000.0,6.8652,556.8725,15.0,1.0,-218.4,23.9014,21.57343373015873,23.93271670851993,25.400548412698416,15.51161695060186,45.50615043867866,9.888931462096556
2024-05-17,15.0,20.8708,39.1387,10.3713,12.9648,0.73,0.7797,18960000000.0,6.8652,556.8725,15.0,1.0,-218.4,23.9014,21.53110019841269,23.882586732353907,25.574361904761904,15.542094795185708,45.4136869307666,10.032267109576196
2024-05-20,16.09,20.8708,29.7129,11.1249,12.9317,0.783,0.7787,20337760000.0,6.8652,556.8725,15.0,1.0,-218.4,23.9014,21.488434325396824,23.84863257926261,25.688446031746032,15.519097769747622,45.33706690465943,10.16934826199841
2024-05-21,16.2,20.8708,28.8321,11.201,12.9257,0.7884,0.7792,20476800000.0,6.8704,556.8725,15.0,1.0,-218.4,23.9328,21.421691666666668,23.780685840668514,25.79430158730159,15.494476309988634,45.20237750733519,10.299825277312957
2024-05-22,15.65,20.8708,33.3597,10.8207,12.9238,0.7616,0.7787,19781600000.0,6.8704,556.8725,15.0,1.0,-218.4,23.9328,21.35901547619048,23.70725307462025,25.92535555555556,15.488024975473484,45.06626855081073,10.437330580082074
2024-05-23,14.78,20.8708,41.2097,10.2192,12.9211,0.7192,0.7772,18681920000.0,6.8704,556.8725,15.0,1.0,-218.4,23.9328,21.300698015873014,23.621877152614147,26.09454761904762,15.5379436495553,44.92257516848716,10.556603969492322
2024-05-24,15.13,20.8232,37.6286,10.5018,12.9165,0.7362,0.776,19124320000.0,6.8712,556.8725,15.0,1.0,-218.4,23.9328,21.238542460317458,23.53729919776164,26.253072222222222,15.553030619485831,44.77584165807909,10.700041602736391
2024-05-28,15.65,20.8232,33.0556,10.8628,12.8862,0.7615,0.7728,19781600000.0,6.8712,556.8725,15.0,1.0,-218.4,23.9328,21.12883075396825,23.35199696851383,26.37141587301588,15.54756642587346,44.48082772248208,10.823849447142416
2024-05-29,15.22,20.8232,36.8147,10.5643,12.8733,0.7406,0.77,19238080000.0,6.8712,556.8725,15.0,1.0,-218.4,23.9328,21.03946408730159,23.20485833334505,26.533061904761908,15.54943973755385,44.24432242064665,10.983622167208058
2024-05-30,15.2,20.8232,36.9947,10.5504,12.866,0.7396,0.7692,19212800000.0,6.8712,556.8725,15.0,1.0,-218.4,23.9328,20.97858849206349,23.122366888501386,26.69676825396825,15.55014316000807,44.10095538056487,11.146625093960186
2024-05-31,15.08,20.8232,38.0849,10.4548,12.8638,0.7337,0.7678,19061120000.0,6.885,556.8725,15.0,1.0,-218.4,23.9328,20.937975198412698,23.07416255933096,26.886470634920634,15.542050008361588,44.01213775774366,11.344420626559046
2024-06-03,16.01,20.8953,30.5141,11.098,12.8468,0.7783,0.7662,20236640000.0,6.8894,556.8725,15.0,1.0,-218.4,32.8095,20.880300595238097,23.01362709542184,27.02511269841269,15.495437213703882,43.893927690659936,11.529675484708813
2024-06-04,16.94,20.8953,23.3489,11.7427,12.8362,0.8235,0.7669,21412160000.0,6.8894,556.8725,15.0,1.0,-218.4,32.8095,20.798771626984127,22.931644348292743,27.14408412698413,15.408273228716698,43.73041597527687,11.735810898267427
2024-06-05,16.95,20.8953,23.2761,11.7496,12.8257,0.824,0.767,21424800000.0,6.8894,556.8725,15.0,1.0,-218.4,32.8095,20.730789484126984,22.87322192029569,27.29351111111111,15.277148893440726,43.60401140442268,12.016362217670382
2024-06-06,16.62,20.8953,25.7238,11.5529,12.8217,0.8079,0.767,21007680000.0,6.8924,556.8725,15.0,1.0,-218.4,32.7353,20.65493869047619,22.79285223819335,27.469900000000003,15.127793034570566,43.44779092866954,12.342106965429435
2024-06-07,16.7,20.8953,25.1216,11.6085,12.8055,0.8118,0.767,21108800000.0,6.8924,556.8725,15.0,1.0,-218.4,32.7353,20.580283134920634,22.71619854288328,27.687561904761903,14.891430313706568,43.29648167780391,12.796131591055335
2024-06-10,16.53,20.8953,26.4083,11.4903,12.7733,0.8035,0.7662,20893920000.0,6.8924,556.8725,15.0,1.0,-218.4,32.7353,20.512164285714285,22.64690163778004,27.9403,14.591972707798002,43.15906592349432,13.348327292202
2024-06-11,16.34,20.8953,27.8782,11.3567,12.7642,0.7943,0.7662,20653760000.0,6.8925,556.8725,15.0,1.0,-218.4,32.7353,20.43606091269841,22.55721900979512,28.21216349206349,14.26288891897915,42.99327992249353,13.949274573084342
2024-06-12,16.74,20.8953,24.8226,11.6347,12.7632,0.8137,0.7669,21159360000.0,6.8925,556.8725,15.0,1.0,-218.4,32.7353,20.32015257936508,22.383279523641523,28.42296111111112,14.010748441598592,42.703432103006605,14.412212669512522
2024-06-13,16.51,20.8948,26.5584,11.4748,12.759,0.8026,0.7669,20868640000.0,6.8925,556.8725,15.0,1.0,-218.4,32.7353,20.19907599206349,22.18287181787576,28.65585,13.728889946874869,42.38194780993925,14.926960053125134
2024-06-14,15.34,20.8948,36.2112,10.6617,12.7558,0.7457,0.7654,19389760000.0,6.8925,556.8725,15.0,1.0,-218.4,32.7353,20.06101051587301,21.86330448000561,28.98435238095238,13.404153701683525,41.92431499587863,15.580198679268856
2024-06-17,15.69,20.8948,33.1727,10.7902,12.7469,0.7627,0.7625,19832160000.0,6.8925,556.8725,15.0,1.0,-218.4,32.7353,19.90018869047619,21.46372037362733,29.304730158730155,13.009100853862462,41.36390906410352,16.295629304867695
2024-06-18,15.95,20.8948,31.0019,10.969,12.7451,0.7753,0.7627,20160800000.0,6.8925,556.8725,15.0,1.0,-218.4,32.7353,19.748882539682537,21.112576132286662,29.601150793650792,12.609629496779087,40.8614586719692,16.991521296871703
2024-06-20,16.06,20.4354,27.2441,11.0904,12.7321,0.7819,0.7627,20299840000.0,6.8402,556.8725,16.0,1.0,-218.4,32.7353,19.53889285714285,20.50059007514203,29.86719761904762,12.193336766962364,40.03948293228488,17.673860852085255
2024-06-21,16.07,20.4354,27.1649,11.0889,12.7273,0.7822,0.7627,20312480000.0,6.8512,556.8725,16.0,1.0,-218.4,32.9733,19.38117599206349,20.13149919693956,30.133804761904763,11.752690506207465,39.51267518900305,18.38111425569729
2024-06-24,16.39,20.4354,24.6821,11.3097,12.7183,0.7978,0.7623,20716960000.0,6.8512,556.8725,16.0,1.0,-218.4,32.9733,19.21724761904762,19.746854519291805,30.35440396825397,11.378551599189858,38.96410213833943,18.97585236906411
2024-06-25,17.82,20.5318,15.2177,12.0113,12.713,0.8723,0.7625,22649220000.0,6.8941,556.8725,18.0,1.0,-218.4,35.8633,19.03667857142857,19.362003324969184,30.503410317460315,11.049076596044335,38.39868189639776,19.454333721415978
2024-06-26,18.37,20.9666,14.135,12.1882,12.7078,0.8983,0.7627,23348270000.0,6.9415,556.8725,18.0,1.0,-218.4,36.0451,18.861551587301587,19.0023301023376,30.62597380952381,10.775649580450848,37.86388168963919,19.85032422907296
2024-06-27,18.61,21.0536,13.1306,12.2354,12.6977,0.9099,0.7627,23653310000.0,6.9945,556.8725,18.0,1.0,-218.4,36.5471,18.79673492063492,18.96594644654804,30.72709761904762,10.546981758030883,37.76268136718296,20.18011586101673
2024-06-28,18.72,21.0536,12.4658,12.3077,12.6927,0.9153,0.7627,23793120000.0,6.9945,556.8725,18.0,1.0,-218.4,36.5471,18.73001825396825,18.92884784175424,30.819936507936507,10.330421279484128,37.65886609572249,20.48951522845238
2024-07-01,17.71,21.0536,18.8797,11.5873,12.6886,0.8661,0.7625,22509410000.0,6.9835,556.8725,18.0,1.0,-218.4,36.6938,18.669854365079367,18.87992729384341,30.969248412698413,10.013463203873046,37.549781658922775,20.955785208825368
2024-07-02,17.56,21.0536,19.8952,11.4891,12.6862,0.8587,0.7627,22318760000.0,6.9835,556.8725,18.0,1.0,-218.4,36.6938,18.56968849206349,18.738432453182654,31.10820873015873,9.731142379967787,37.30812094524615,21.37706635019094
2024-07-03,17.45,21.0536,20.651,11.4172,12.6838,0.8534,0.7636,22178950000.0,6.9835,556.8725,18.0,1.0,-218.4,36.6938,18.47504007936508,18.60648100272562,31.19442063492064,9.587812978779509,37.081521082090696,21.60660765614113
2024-07-05,17.21,21.0197,22.1365,11.195,12.6563,0.8413,0.7627,21873910000.0,7.4779,556.8725,17.0,1.0,-218.4,36.6938,18.38977757936508,18.49045779684132,31.242326984126983,9.526675806676115,36.8802353762064,21.715651177450862
2024-07-08,17.56,21.156,20.4784,11.4107,12.6212,0.8578,0.7623,22318760000.0,7.4804,556.8725,17.0,1.0,-218.4,36.6938,18.327035912698413,18.429393046555028,31.298952380952382,9.440249012086298,36.75642895925344,21.858703368866085
2024-07-09,17.9,21.156,18.1899,11.6015,12.6084,0.8744,0.7625,22750900000.0,7.4804,556.8725,17.0,1.0,-218.4,36.6938,18.23765476190476,18.320060883309463,31.36004047619048,9.328780735990668,36.55771564521422,22.031259740199808
2024-07-10,17.74,21.156,19.2559,11.4978,12.6084,0.8666,0.7627,22547540000.0,7.4804,556.8725,17.0,1.0,-218.4,36.6938,18.17998055555556,18.27084607077419,31.4306,9.201468026796704,36.45082662632974,22.22913197320329
2024-07-11,18.12,21.156,16.755,11.7441,12.6012,0.8852,0.7627,23030520000.0,7.4804,556.8725,17.0,1.0,-218.4,36.6938,18.10856130952381,18.20567999242732,31.482823015873016,9.097956496367086,36.31424130195113,22.38486651950593
2024-07-12,18.23,21.156,16.0505,11.8154,12.5901,0.8906,0.7627,23170330000.0,7.4804,556.8725,17.0,1.0,-218.4,36.6938,18.01718134920635,18.099678984036583,31.5339626984127,8.9914949206169,36.11686033324294,22.5424677777958
2024-07-15,18.32,21.156,15.4803,11.8761,12.5173,0.8942,0.7625,23284720000.0,7.4804,556.8725,17.0,1.0,-218.4,36.693,17.94721646825397,18.04098495121715,31.551655555555552,8.957359669791703,35.988201419471125,22.59429588576385
2024-07-16,19.18,21.156,10.3024,12.4336,12.5144,0.9362,0.7627,24377780000.0,7.4804,556.8725,17.0,1.0,-218.4,36.693,17.862657738095237,17.97650025314906,31.498046031746032,9.06437688093485,35.83915799124429,22.433669150811184
2024-07-17,18.4,21.156,14.9783,11.9279,12.5115,0.8981,0.7636,23386400000.0,7.4804,556.8725,17.0,1.0,-218.4,36.693,17.777274404761908,17.887402412375685,31.45958015873016,9.124394381086628,35.66467681713759,22.33518577764353
2024-07-18,18.25,21.156,15.9233,11.8307,12.5079,0.8908,0.7636,23195750000.0,7.4804,556.8725,17.0,1.0,-218.4,36.693,17.70981746031746,17.829953696604814,31.4190253968254,9.182279006816984,35.53977115692227,22.236746390008413
2024-07-19,18.43,21.156,14.7911,11.9474,12.505,0.8996,0.7636,23424530000.0,7.4804,556.8725,17.0,1.0,-218.4,36.693,17.654601984126984,17.795716544722573,31.37560873015873,9.24815364081746,35.45031852884956,22.12745508934127
2024-07-22,18.42,21.2924,15.5939,11.9123,12.4885,0.8991,0.7625,23411820000.0,7.4804,556.8725,17.0,1.0,-218.4,36.693,17.620372420634922,17.783026050664688,31.341317460317462,9.298861292679591,35.40339847129961,22.04245616763788
2024-07-23,19.07,21.5197,12.8458,12.3247,12.4871,0.9314,0.7627,24237970000.0,7.5091,556.8725,18.0,1.0,-218.4,36.7049,17.598040674603176,17.781938614387204,31.24872857142857,9.42463456955967,35.379979288990384,21.8240940018689
2024-07-24,18.19,21.5197,18.3051,11.756,12.4857,0.8875,0.7636,23119490000.0,7.5662,556.8725,18.0,1.0,-218.4,36.7049,17.574306746031745,17.772976111256206,31.1757507936508,9.489270932920054,35.34728285728795,21.686479860730746
2024-07-25,17.1,21.5197,25.8462,11.0515,12.4685,0.8343,0.7636,21734100000.0,7.5662,556.8725,18.0,1.0,-218.4,36.7049,17.54906706349206,17.75212506217342,31.151924603174603,9.49892558583506,35.30119212566548,21.652999017339543
2024-07-26,17.27,21.5197,24.6074,11.1614,12.4638,0.8426,0.7636,21950170000.0,7.5662,556.8725,18.0,1.0,-218.4,36.7049,17.51897361111111,17.727211715484245,31.14248174603175,9.50488081029879,35.24618532659535,21.63760093573296
2024-07-29,17.25,21.5197,24.7519,11.1485,12.4476,0.8416,0.7625,21924750000.0,7.5662,556.8725,18.0,1.0,-218.4,36.7049,17.47066626984127,17.674077870040996,31.093821428571427,9.521898471322784,35.14474413988226,21.57192295724864
2024-07-30,17.12,21.5197,25.6992,11.0644,12.4451,0.8353,0.7627,21759520000.0,7.5662,556.8725,18.0,1.0,-218.4,36.7049,17.435937896825397,17.640580887284994,31.09786984126984,9.51947601599401,35.07651878411039,21.578393825275832
2024-07-31,16.66,21.5197,29.1699,10.7671,12.4426,0.8129,0.7636,21174860000.0,7.5662,556.8725,18.0,1.0,-218.4,36.7049,17.415901785714286,17.62145908135642,31.124637301587303,9.509188247464634,35.0373608670707,21.61544905412267
2024-08-01,15.76,21.5197,36.5463,10.1855,12.4412,0.7689,0.7646,20030960000.0,7.5662,556.8725,18.0,1.0,-218.4,36.7049,17.40928134920635,17.613626405497875,31.21657142857143,9.505131845935605,35.02290775470422,21.711439582635823
2024-08-02,14.8,21.5197,45.4034,9.565,12.4396,0.7221,0.7627,18810800000.0,7.5662,556.8725,18.0,1.0,-218.4,36.7049,17.41587837301587,17.62350429209991,31.3917873015873,9.561833001612166,35.03938266511578,21.82995429997513
2024-08-05,14.4,21.5197,49.4424,9.3065,12.4263,0.7026,0.7618,18302400000.0,7.5662,556.8725,18.0,1.0,-218.4,36.7049,17.44345376984127,17.66275562965264,31.5776253968254,9.683499910003198,35.106209399493906,21.8941254868222
2024-08-06,14.54,21.5197,48.0034,9.397,12.419,0.7094,0.7617,18480340000.0,7.5662,556.8725,18.0,1.0,-218.4,36.7049,17.480261111111112,17.70710437662928,31.7097253968254,9.793398081760587,35.187365487740394,21.91632731506481
2024-08-07,14.01,21.5878,54.0885,9.0149,12.4172,0.6834,0.7616,17806710000.0,7.6087,556.8725,18.0,1.0,-218.4,36.7049,17.528088293650793,17.77337310505606,31.89925873015873,9.993140341536552,35.30146139870685,21.90611838862218
2024-08-08,14.49,21.5878,48.9841,9.3237,12.4155,0.7068,0.7615,18416790000.0,7.6087,556.8725,18.0,1.0,-218.4,36.7049,17.56762619047619,17.821171045683528,32.031846825396826,10.108368834582164,35.38879723615972,21.92347799081466
2024-08-09,14.77,21.5878,46.1598,9.5039,12.4142,0.7205,0.7587,18772670000.0,7.6087,556.8725,18.0,1.0,-218.4,36.7049,17.606420634920635,17.862123119784226,32.140012698412704,10.18636967205096,35.46854375470486,21.953643026361743
2024-08-12,14.6,21.5878,47.8616,9.3945,12.4034,0.7122,0.7577,18556600000.0,7.6087,556.8725,18.0,1.0,-218.4,36.7049,17.63268134920635,17.89689061467952,32.23557777777778,10.277251860421847,35.52957196388587,21.95832591735593
2024-08-13,14.87,21.5878,45.1769,9.5682,12.3967,0.7254,0.7572,18899770000.0,7.6087,556.8725,18.0,1.0,-218.4,36.7049,17.676090277777778,17.93714851380465,32.322361904761905,10.340305971363676,35.61323879158243,21.98205593339823
2024-08-14,14.76,21.5878,46.2588,9.4975,12.3951,0.72,0.7568,18759960000.0,7.6087,556.8725,18.0,1.0,-218.4,36.7049,17.727178373015875,17.981849410759686,32.39166111111111,10.40452626732797,35.70902778377556,21.987134843783146
2024-08-15,15.74,21.5878,37.1525,10.128,12.3896,0.7678,0.7568,20005540000.0,7.6087,556.8725,18.0,1.0,-218.4,36.7049,17.76421329365079,18.002626796660543,32.399409523809524,10.40773025918287,35.766840090311334,21.99167926462665
2024-08-16,15.46,21.5878,39.6365,9.9479,12.376,0.7542,0.7547,19649660000.0,7.6087,556.8725,18.0,1.0,-218.4,36.7049,17.805957142857142,18.028935967273103,32.423322222222225,10.420966033046282,35.834893110130245,22.00235618917594
2024-08-19,15.6,21.5878,38.3833,10.038,12.3613,0.761,0.7542,19827600000.0,7.6087,556.8725,18.0,1.0,-218.4,36.7049,17.855308333333333,18.051183057056708,32.40651746031746,10.409537301410417,35.906491390390045,21.996980158907043
2024-08-20,15.32,21.5878,40.9125,9.8578,12.3574,0.7473,0.7537,19471720000.0,7.6087,556.8725,18.0,1.0,-218.4,36.7049,17.89603095238095,18.08003648187679,32.40676428571429,10.409740227655847,35.97606743425774,21.99702405805844
2024-08-21,15.49,21.5878,39.366,9.9672,12.3542,0.7556,0.7542,19687790000.0,7.6087,556.8725,18.0,1.0,-218.4,36.7049,17.93117083333333,18.104552021927297,32.39093650793651,10.397526646472162,36.03572285526063,21.993409861464347
2024-08-22,15.45,21.5878,39.7269,9.9414,12.3261,0.7537,0.7537,19636950000.0,7.6087,556.8725,18.0,1.0,-218.4,36.7049,17.95306746031746,18.12425440195676,32.41485396825397,10.411006292209525,36.07732186227422,22.00384767604445
2024-08-23,16.61,21.5878,29.9687,10.6879,12.3247,0.8103,0.7537,21111310000.0,7.6087,556.8725,18.0,1.0,-218.4,36.7049,17.942550198412697,18.115721943415075,32.35836190476191,10.404763107514716,36.05827214182777,21.95359879724719
2024-08-26,16.6,21.5878,30.047,10.6814,12.3077,0.8098,0.7533,21098600000.0,7.6087,556.8725,18.0,1.0,-218.4,36.7049,17.941882341269842,18.115268576721203,32.26936587301587,10.3759272509491,36.057150917991045,21.89343862206677
2024-08-27,17.04,21.5878,26.689,10.9645,12.3064,0.8312,0.7535,21657840000.0,7.6087,556.8725,18.0,1.0,-218.4,36.7049,17.947679563492063,18.117603857286948,32.23334603174603,10.387444271755504,36.06528342077901,21.845901759990525
2024-08-28,16.63,21.5878,29.8124,10.7007,12.3052,0.8112,0.7537,21136730000.0,7.6087,556.8725,18.0,1.0,-218.4,36.7049,17.971090476190476,18.12531036441878,32.19249285714286,10.386757493571835,36.096400840609256,21.805735363571024
2024-08-29,16.54,21.7082,31.2467,10.5829,12.2998,0.8063,0.7537,21022340000.0,7.6469,556.8725,18.0,1.0,-218.4,36.7049,17.985783333333334,18.1330782958618,32.1893619047619,10.3869844589996,36.11886162919514,21.802377445762303
2024-08-30,16.5,21.7082,31.5648,10.5573,12.2945,0.8044,0.7537,20971500000.0,7.6469,556.8725,18.0,1.0,-218.4,36.7049,17.997607738095237,18.13999853246768,32.197896825396825,10.386018215881965,36.13760627056291,21.811878609514864
2024-09-03,16.34,21.7082,32.8531,10.4549,12.2888,0.7966,0.7533,20768140000.0,7.6469,556.8725,18.0,1.0,-218.4,36.7049,18.01045773809524,18.148237911315327,32.22116746031746,10.38416047556926,36.15869564941057,21.8370069847482
2024-09-04,16.15,21.7082,34.4161,10.3334,12.2885,0.7873,0.7535,20526650000.0,7.6469,556.8725,18.0,1.0,-218.4,34.8729,18.018192063492062,18.154408497795377,32.2451626984127,10.385723824987815,36.17260056128744,21.85943887342488
2024-09-05,16.15,21.7082,34.4161,10.3334,12.2881,0.7873,0.7535,20526650000.0,7.6469,556.8725,18.0,1.0,-218.4,34.8729,18.022879761904765,18.1583443971665,32.27697380952381,10.386189811615743,36.18122415907126,21.890783997908063
2024-09-06,15.67,21.7082,38.5335,10.0262,12.2878,0.7639,0.7535,19916570000.0,7.6469,556.8725,18.0,1.0,-218.4,34.8729,18.036296230158733,18.17101659336825,32.315513492063495,10.40042800966473,36.20731282352698,21.91508548239877
2024-09-09,16.03,21.7082,35.4223,10.2566,12.2768,0.7815,0.7516,20374130000.0,7.6469,556.8725,18.0,1.0,-218.4,34.8729,18.045478373015875,18.178644015773912,32.3753753968254,10.396398228114965,36.22412238878979,21.97897716871044
2024-09-10,16.14,21.7082,34.4994,10.327,12.2662,0.7868,0.7533,20513940000.0,7.6469,556.8725,18.0,1.0,-218.4,34.8729,18.062871626984126,18.190204277372224,32.41915873015873,10.393612157222597,36.25307590435635,22.025546572936133
2024-09-11,16.54,21.7082,31.2467,10.5829,12.2652,0.8063,0.7535,21022340000.0,7.6465,556.8725,18.0,1.0,-218.4,34.8636,18.08024583333333,18.198621256285367,32.44016111111111,10.388506291851476,36.2788670896187,22.051654819259632
2024-09-12,16.92,21.7082,28.2991,10.826,12.2643,0.8249,0.7535,21505320000.0,7.6465,556.8725,18.0,1.0,-218.4,34.8636,18.0992496031746,18.20429183899777,32.46071984126984,10.377635736556057,36.30354144217237,22.083084104713787
2024-09-13,17.26,21.7082,25.7717,10.9873,12.2616,0.8413,0.7535,21937460000.0,7.6552,556.8725,18.0,1.0,-218.4,34.9385,18.117683333333336,18.207353627147835,32.43350634920635,10.39074077351377,36.32503696048117,22.042765575692577
2024-09-16,17.83,21.7082,21.751,11.3502,12.2552,0.8691,0.7516,22661930000.0,7.6552,556.8725,18.0,1.0,-218.4,34.9385,18.120014285714287,18.207744194804885,32.378165873015874,10.429153602022945,36.32775848051917,21.94901227099293
2024-09-17,18.03,21.7082,20.4004,11.4614,12.2513,0.8788,0.7533,22916130000.0,7.6552,556.8725,18.0,1.0,-218.4,34.9385,18.127134722222223,18.207933248875587,32.30768968253968,10.48013377783198,36.33506797109781,21.8275559047077
2024-09-18,18.36,21.8445,18.9788,11.6092,12.2507,0.8945,0.7535,23335560000.0,7.6839,556.8725,19.0,1.0,-218.4,34.9385,18.1388628968254,18.20657158781238,32.2189119047619,10.54560562733593,36.34543448463778,21.67330627742597
2024-09-19,18.76,21.9354,16.9264,11.7699,12.2501,0.9136,0.7535,23843960000.0,7.7024,556.8725,19.0,1.0,-218.4,34.9385,18.14124126984127,18.20633427811764,32.161053174603175,10.609666113025044,36.34757554795891,21.551387061578133
2024-09-20,19.0,21.9354,15.4495,11.9204,12.2448,0.9253,0.7535,24149000000.0,7.7024,556.8725,19.0,1.0,-218.4,34.9385,18.14111527777777,18.206352722025063,32.10131984126984,10.68272859243018,36.34746799980284,21.41859124883966
2024-09-23,18.97,21.9354,15.6321,11.8867,12.2354,0.9237,0.7533,24110870000.0,7.7089,556.8725,19.0,1.0,-218.4,34.9385,18.13417023809524,18.20664144656892,32.048523015873016,10.747874319035748,36.34081168466415,21.30064869683727
2024-09-24,18.73,21.9354,17.1137,11.7158,12.2349,0.9124,0.7535,23805830000.0,7.6929,556.8725,19.0,1.0,-218.4,34.9883,18.11288095238095,18.20153815652761,32.00918650793651,10.793659376647875,36.31441910890857,21.21552713128864
2024-09-25,18.04,21.9354,21.5931,11.2842,12.2344,0.8788,0.7537,22928840000.0,7.6929,556.8725,19.0,1.0,-218.4,34.9883,18.0986375,18.195988499284216,32.00084920634921,10.801354445274049,36.29462599928421,21.19949476107516
2024-09-26,18.68,21.9354,17.4272,11.6845,12.2326,0.9099,0.7537,23742280000.0,7.6929,556.8725,19.0,1.0,-218.4,34.9883,18.05643075396825,18.1727650148773,31.961915873015872,10.845233539552208,36.22919576884556,21.116682333463665
2024-09-27,18.54,21.9354,18.3139,11.5795,12.2307,0.904,0.7537,23564340000.0,7.6924,556.8725,19.0,1.0,-218.4,34.9883,18.014437103174608,18.147600391865936,31.87488571428572,10.910730870439265,36.16203749504054,20.96415484384645
2024-09-30,18.48,22.1228,19.7121,11.2807,12.2298,0.9914,0.7533,25853520000.0,7.2419,556.8725,19.0,1.0,-218.4,34.2901,17.984822817460316,18.13259169153766,31.793904761904763,10.96312899361032,36.117414508997975,20.830775768294444
2024-10-01,18.02,22.4446,24.5538,10.8731,12.229,0.9641,0.7535,25209980000.0,7.3878,556.8725,20.0,1.0,-218.4,35.0113,17.981392261904762,18.13118215537993,31.70183650793651,10.974921163296736,36.11257441728469,20.72691534463977
2024-10-02,17.71,22.5355,27.2473,10.5845,12.2286,0.9478,0.7537,24776290000.0,7.3927,556.8725,21.0,1.0,-218.4,35.3604,17.96497876984127,18.11901407311207,31.62128333333333,10.970032720212007,36.083992842953336,20.651250613121327
2024-10-03,17.34,22.8887,31.9994,10.215,12.2283,0.9306,0.7537,24258660000.0,7.2513,556.8725,19.0,1.0,-218.4,35.6012,17.920347420634922,18.056452912585137,31.55817142857143,10.944569731382735,35.976800333220055,20.61360169718869
2024-10-04,18.02,22.8887,27.0183,10.6156,12.2266,0.9671,0.7537,25209980000.0,7.2513,556.8725,19.0,1.0,-218.4,35.0118,17.862829563492067,17.98090116466181,31.459934126984127,10.929194149558697,35.84373072815387,20.53073997742544
2024-10-07,18.01,22.8887,27.0888,10.5817,12.2238,0.9663,0.7533,25195990000.0,7.2649,556.8725,19.0,1.0,-218.4,35.0118,17.85382400793651,17.975129190601205,31.40040555555556,10.932438831933654,35.82895319853772,20.467966723621903
2024-10-08,18.87,22.8887,21.2968,11.0883,12.2226,1.0124,0.7535,26399130000.0,7.2649,556.8725,19.0,1.0,-218.4,35.5321,17.820629365079366,17.953235932019155,31.283882539682537,10.961455610522474,35.773865297098524,20.322426929160063
2024-10-09,20.2,23.0387,14.053,11.8357,12.2197,1.0838,0.7537,28259800000.0,7.2649,556.8725,19.0,1.0,-218.4,35.5321,17.75849603174603,17.91184936731984,31.07016587301588,11.033148968037546,35.670345399065866,20.03701690497833
2024-10-10,20.39,23.0387,12.9902,11.947,12.2168,1.094,0.7537,28525610000.0,7.2649,556.8725,19.0,1.0,-218.4,35.5321,17.68207003968254,17.84962479467199,30.849509523809523,11.114860605027417,35.531694834354525,19.734648918782103
2024-10-11,20.43,23.0387,12.769,11.9705,12.215,1.0961,0.7537,28581570000.0,7.2649,556.8725,19.0,1.0,-218.4,35.5321,17.5873003968254,17.74817202988474,30.57963095238096,11.137922113611504,35.33547242671014,19.44170883876945
2024-10-14,20.21,23.0387,13.9965,11.8416,12.2131,1.0843,0.7533,28273790000.0,7.2649,556.8725,19.0,1.0,-218.4,35.5321,17.512156547619046,17.682792068042435,30.29463968253968,11.09880886798284,35.19494861566148,19.19583081455684
2024-10-15,21.55,23.0387,6.9081,12.6282,12.215,1.1562,0.7535,30148450000.0,7.2649,556.8725,19.0,1.0,-218.4,35.5321,17.45573472222222,17.67114286967426,29.939696825396823,11.126100837788217,35.12687759189648,18.81359598760861
2024-10-16,21.4,23.1387,8.1248,12.4949,12.2168,1.1475,0.7537,29938600000.0,7.2891,556.8725,19.0,1.0,-218.4,35.5321,17.393784126984126,17.64895810056138,29.61316031746032,11.15800019759878,35.0427422275455,18.45516011986154
2024-10-17,21.41,23.1387,8.0743,12.5007,12.2197,1.148,0.7537,29952590000.0,7.2891,556.8725,19.0,1.0,-218.4,35.5321,17.332896626984127,17.628016228242664,29.291235714285715,11.18984776357194,34.960912855226795,18.10138795071377
2024-10-18,21.32,23.1387,8.5305,12.4482,12.2226,1.1432,0.7537,29826680000.0,7.2891,556.8725,19.0,1.0,-218.4,35.5321,17.27821626984127,17.612455366868947,28.999603174603177,11.248594381115868,34.890671636710216,17.75100879348731
2024-10-21,21.28,23.4387,10.1443,12.3707,12.2238,1.1409,0.7533,29770720000.0,7.3906,556.8725,20.0,1.0,-218.4,36.5559,17.25380654761905,17.61380298590897,28.733696825396827,11.29544430076442,34.86760953352802,17.438252524632407
2024-10-22,21.45,23.4387,9.2713,12.4695,12.225,1.1501,0.7535,30008550000.0,7.3906,556.8725,20.0,1.0,-218.4,36.5559,17.21501111111111,17.609800600312777,28.500174603174603,11.391599350320892,34.82481171142389,17.10857525285371
2024-10-23,21.0,23.513,11.9667,12.2079,12.2238,1.1259,0.7537,29379000000.0,7.3906,556.8725,20.0,1.0,-218.4,36.5559,17.1917876984127,17.608987127177254,28.30417857142857,11.462273377878343,34.800774825589954,16.841905193550225
2024-10-24,20.91,23.513,12.4486,12.1556,12.2226,1.1211,0.7537,29253090000.0,7.3906,556.8725,20.0,1.0,-218.4,36.5559,17.17563849206349,17.609598672182504,28.124153174603176,11.532098951720425,34.785237164246,16.59205422288275
2024-10-25,20.91,23.513,12.4486,12.1556,12.2197,1.1211,0.7537,29253090000.0,7.3906,556.8725,20.0,1.0,-218.4,36.5559,17.160071428571428,17.61030404347615,27.93701587301588,11.593965487583077,34.770375472047576,16.3430503854328
2024-10-28,21.92,23.513,7.2673,12.7427,12.2226,1.1753,0.7533,30666080000.0,7.3906,556.8725,20.0,1.0,-218.4,36.5559,17.145299603174603,17.615483093507578,27.7123253968254,11.718358651278397,34.760782696682185,15.993966745547002
2024-10-29,22.1,23.513,6.3937,12.8473,12.2238,1.1849,0.7535,30917900000.0,7.3906,556.8725,20.0,1.0,-218.4,36.5559,17.130107142857145,17.621458208285368,27.458193650793653,11.831079498478603,34.75156535114252,15.62711415231505
2024-10-30,22.16,23.513,6.1056,12.8822,12.225,1.1881,0.7537,31001840000.0,7.3906,556.8725,20.0,1.0,-218.4,36.5559,17.113819642857145,17.62785842326076,27.155579365079365,11.886038460515437,34.741678066117906,15.26954090456393
2024-10-31,22.0,23.513,6.8773,12.7892,12.2266,1.1799,0.7537,30778000000.0,7.3639,556.8725,20.0,1.0,-218.4,36.5559,17.10656746031746,17.631322954790246,26.858298412698414,11.92130524473888,34.73789041510771,14.936993167959534
2024-11-01,21.9,23.513,7.3653,12.7311,12.2283,1.1746,0.7537,30638100000.0,7.3639,556.8725,20.0,1.0,-218.4,36.5559,17.103188293650796,17.633029711628467,26.568536507936507,11.94805734141989,34.73621800527926,14.620479166516615
2024-11-04,21.91,23.513,7.3163,12.7369,12.2286,1.1751,0.7533,30652090000.0,7.3639,556.8725,20.0,1.0,-218.4,36.5559,17.09947261904762,17.63489793496244,26.29089920634921,11.98599536157096,34.734370554010056,14.304903844778243
2024-11-05,22.45,23.513,4.735,13.0508,12.229,1.204,0.7535,31407550000.0,7.3639,556.8725,20.0,1.0,-218.4,36.5559,17.081660515873015,17.642857903356187,25.95438333333333,11.991290357560406,34.7245184192292,13.963092975772929
2024-11-06,24.23,23.3231,-3.7429,14.0856,12.2298,1.2995,0.7537,33897770000.0,7.3639,556.8725,20.0,1.0,-218.4,36.5559,17.0516626984127,17.665417183635476,25.565281746031747,12.153387205887304,34.717079882048175,13.411894540144443
2024-11-07,23.68,23.3231,-1.5072,13.7658,12.2307,1.27,0.7537,33128320000.0,7.3639,556.8725,20.0,1.0,-218.4,36.5559,17.030275,17.681372740880605,25.21451349206349,12.292201342277856,34.71164774088061,12.922312149785636
2024-11-08,24.07,23.3231,-3.103,13.9926,12.2326,1.2909,0.7537,33673930000.0,7.3639,556.8725,20.0,1.0,-218.4,36.5559,16.999780952380952,17.702845724329052,24.840877777777777,12.4320902939507,34.702626676710004,12.408787483827076
2024-11-11,24.6,23.3231,-5.1907,14.3007,12.2344,1.3194,0.7533,34415400000.0,7.3639,556.8725,20.0,1.0,-218.4,36.5559,16.973467261904762,17.72598468320566,24.45828095238095,12.608792847404356,34.699451945110425,11.849488104976594
2024-11-12,24.59,23.4822,-4.5051,14.2915,12.2349,1.3188,0.7535,34401410000.0,7.3639,556.8725,20.0,1.0,-218.4,36.5559,16.934986904761903,17.75155108444562,24.077998412698413,12.754348747591871,34.68653798920752,11.323649665106542
2024-11-13,24.55,23.664,-3.609,14.2683,12.2354,1.3167,0.7537,34345450000.0,7.3639,556.8725,20.0,1.0,-218.4,36.5559,16.92672043650793,17.76016092440471,23.730869841269843,12.908267901380263,34.68688136091264,10.82260193988958
2024-11-14,24.31,23.664,-2.6573,14.1288,12.2394,1.3038,0.7537,34009690000.0,7.3639,556.8725,20.0,1.0,-218.4,36.5559,16.92230873015873,17.764757500657797,23.391744444444445,13.036170725384418,34.68706623081653,10.355573719060027
2024-11-15,24.31,23.664,-2.6573,14.1288,12.2501,1.3038,0.7537,34009690000.0,7.3639,556.8725,20.0,1.0,-218.4,36.5559,16.924360714285715,17.762431269813057,23.06003015873016,13.163416023080176,34.686791984098775,9.89661413564998
2024-11-18,24.51,23.664,-3.4517,14.245,12.2552,1.3145,0.7535,34289490000.0,7.3639,556.8725,20.0,1.0,-218.4,36.5559,16.9344251984127,17.74941534371415,22.79681904761905,13.359437725369844,34.68384054212685,9.437381322249202
2024-11-19,25.13,23.664,-5.8337,14.6054,12.259,1.3478,0.7537,35156870000.0,7.3639,556.8725,20.0,1.0,-218.4,36.5559,16.908726587301587,17.773016498835464,22.52169365079365,13.589132895084957,34.68174308613705,8.932560755708696
2024-11-20,25.08,23.664,-5.6459,14.5763,12.2616,1.3451,0.754,35086920000.0,7.3639,556.8725,20.0,1.0,-218.4,36.5559,16.88071884920635,17.797446697386157,22.2121253968254,13.78316151251194,34.67816554659251,8.428963884313456
2024-11-21,25.35,23.664,-6.6509,14.7332,12.2652,1.3596,0.754,35464650000.0,7.3639,556.8725,20.0,1.0,-218.4,36.5559,16.85019761904762,17.824618561290414,21.83227936507937,13.914288884529146,34.674816180338034,7.91799048055022
2024-11-22,24.9,23.9395,-3.8574,14.4793,12.2768,1.337,0.754,34835100000.0,7.3373,556.8725,21.0,1.0,-218.4,36.4153,16.821746825396822,17.8462343599496,21.5030253968254,14.027888179029311,34.66798118534642,7.475137217796087
2024-11-25,25.19,23.9395,-4.9643,14.6479,12.2885,1.3525,0.7535,35240810000.0,7.3373,556.8725,21.0,1.0,-218.4,36.4153,16.794572023809522,17.868990714530373,21.20128015873016,14.185426565412955,34.66356273833989,7.015853593317203
2024-11-26,25.34,24.5482,-3.1247,14.617,12.2888,1.3595,0.7537,35450660000.0,7.3905,556.8725,21.0,1.0,-218.4,36.4153,16.776812103174603,17.884355286736408,20.88430079365079,14.279665352165638,34.661167389911014,6.6046354414851525
2024-11-27,25.14,24.5482,-2.354,14.5016,12.2945,1.3488,0.754,35170860000.0,7.3905,556.8725,21.0,1.0,-218.4,36.4153,16.76058134920635,17.89801981489907,20.572009523809527,14.354592499107348,34.65860116410542,6.217417024702179
2024-11-29,25.43,24.5482,-3.4676,14.6689,12.3064,1.3643,0.7537,35576570000.0,7.3909,556.8725,21.0,1.0,-218.4,36.3903,16.72914662698413,17.919636504604746,20.24222777777777,14.426167603117,34.64878313158887,5.816060174660777
2024-12-02,25.99,24.809,-4.5441,14.9919,12.3227,1.3944,0.7533,36360010000.0,7.3909,556.8725,21.0,1.0,-218.4,36.3903,16.705409325396825,17.93990542029902,19.963988095238097,14.563896475180584,34.64531474569584,5.400091620057513
2024-12-03,26.11,24.809,-4.9828,15.0611,12.3247,1.4008,0.7535,36527890000.0,7.3909,556.8725,21.0,1.0,-218.4,36.3903,16.68466507936508,17.95895489591217,19.73913333333333,14.7289915900526,34.64361997527725,5.010141743280734
2024-12-04,26.78,24.809,-7.36,15.4825,12.3254,1.4384,0.7537,37465220000.0,7.3899,556.8725,21.0,1.0,-218.4,36.3903,16.66004384920635,17.983428238392335,19.495989682539683,14.921743350827777,34.64347208759868,4.574246331711908
2024-12-05,26.45,24.809,-6.2042,15.2917,12.3402,1.4206,0.7537,37003550000.0,7.3899,556.8725,21.0,1.0,-218.4,36.3903,16.638341071428574,18.004437403774617,19.242592857142856,15.085337716610416,34.64277847520319,4.157255140532442
2024-12-06,26.61,25.0699,-5.7877,15.3842,12.3402,1.4291,0.7537,37227390000.0,7.3995,556.8725,21.0,1.0,-218.4,36.3903,16.60771924603175,18.029461205919315,18.997280952380954,15.239500561184885,34.63718045195107,3.7577803911960697
2024-12-09,25.39,25.6351,0.9653,14.6391,12.3254,1.362,0.7535,35520610000.0,7.4654,556.8725,21.0,1.0,-218.4,36.3903,16.58160714285714,18.042588330359724,18.79535238095238,15.308922531489744,34.624195473216865,3.4864298494626365
2024-12-10,25.83,25.6351,-0.7545,14.8928,12.3261,1.3857,0.7537,36136170000.0,7.4654,556.8725,21.0,1.0,-218.4,36.3903,16.541639484126986,18.058660475933856,18.56810873015873,15.38533864232059,34.60029996006084,3.18277008783814
2024-12-11,26.61,26.4822,-0.4803,15.2668,12.3261,1.4268,0.7537,37227390000.0,7.5403,556.8725,21.0,1.0,-218.4,38.5887,16.505888492063495,18.07451243378998,18.367292063492062,15.467959816971872,34.580400925853475,2.8993322465201903
2024-12-12,26.18,27.1185,3.5848,14.9771,12.3402,1.4009,0.754,36625820000.0,7.6147,556.8725,22.0,1.0,-218.4,38.5887,16.477723015873014,18.08358078559027,18.184961904761906,15.505988947416968,34.56130380146328,2.678972957344936
2024-12-13,25.9,27.664,6.8108,14.7899,12.3574,1.3857,0.754,36234100000.0,7.6302,556.8725,22.0,1.0,-218.4,38.9009,16.459589484126983,18.088692467823453,17.9516253968254,15.45367988983303,34.54828195195044,2.497945506992369
2024-12-16,25.91,27.5231,6.2258,14.8235,12.3685,1.3862,0.754,36248090000.0,7.6302,556.8725,22.0,1.0,-218.4,38.9009,16.43647738095238,18.094322110839546,17.737761111111112,15.427787568363632,34.530799491791925,2.30997354274748
2024-12-17,25.72,27.5231,7.0105,14.7148,12.3707,1.376,0.7542,35982280000.0,7.6302,556.8725,22.0,1.0,-218.4,38.9009,16.416094841269842,18.09915160949237,17.547353174603174,15.41081367205086,34.51524645076221,2.136539502552316
2024-12-18,24.82,27.5231,10.8908,14.1999,12.3782,1.3279,0.7545,34723180000.0,7.6302,556.8725,22.0,1.0,-218.4,38.9009,16.395321825396824,18.09947373569361,17.41756507936508,15.397352393667251,34.494795561090434,2.020212685697828
2024-12-19,25.18,27.5231,9.3054,14.4059,12.3896,1.3471,0.7545,35226820000.0,7.6302,556.8725,22.0,1.0,-218.4,38.9009,16.36627380952381,18.09908022581323,17.27582301587302,15.38910597369015,34.46535403533704,1.8867170421828696
2024-12-20,26.8,28.2549,5.4287,12.8834,12.3951,1.3999,0.7545,37493200000.0,3.7099,19.8952,9.0,1.0,-218.4,7.3082,16.318590476190476,18.096169686222293,17.123018253968254,15.410550206262718,34.41476016241277,1.7124680477055367
2024-12-23,25.73,28.2549,9.9899,12.4174,12.4129,1.3455,0.7542,35996270000.0,3.7099,19.893,9.0,1.0,-218.4,7.3082,16.280274404761904,18.08906927876845,17.08152777777778,15.422753694961935,34.36934368353035,1.6587740828158442
2024-12-24,25.79,28.5276,10.615,12.408,12.4115,1.3484,0.7545,36080210000.0,3.6564,19.6991,10.0,1.0,-218.4,6.2229,16.2621751984127,18.09016726261372,17.05359126984127,15.431319337238891,34.352342461026424,1.622271932602379
2024-12-26,25.66,28.9822,12.947,12.3324,12.4129,1.3401,0.7542,35898340000.0,3.6563,19.7009,10.0,1.0,-218.4,6.2229,16.229913492063492,18.08153271642652,17.052134126984125,15.431701403229193,34.31144620849001,1.6204327237549323
2024-12-27,25.08,28.9822,15.559,12.0536,12.4129,1.3098,0.7542,35086920000.0,3.6563,19.7009,10.0,1.0,-218.4,6.2229,16.200536706349208,18.070546287587103,17.07668333333333,15.426806559491167,34.27108299393632,1.6498767738421627
2024-12-30,25.05,28.9822,15.6974,12.0392,12.4155,1.3082,0.7537,35044950000.0,3.6563,19.7009,10.0,1.0,-218.4,6.2229,16.166713095238094,18.05546619433725,17.051426984126984,15.426436077883505,34.222179289575344,1.6249909062434806
2024-12-31,24.92,28.9822,16.301,11.9767,12.4142,1.3014,0.754,34863080000.0,3.6563,19.7009,10.0,1.0,-218.4,6.2229,16.13265138888889,18.03894751624144,17.022901587301586,15.42445845476324,34.171598905130324,1.598443132538346
2025-01-02,25.01,28.9822,15.8824,12.0038,12.4129,1.3061,0.754,34988990000.0,3.6563,19.7046,10.0,1.0,-218.4,6.2229,16.11025873015873,18.03222479894928,16.985055555555554,15.421335091627077,34.142483529108006,1.5637204639284796
2025-01-03,24.38,28.9822,18.8769,11.7262,12.4101,1.2728,0.754,34107620000.0,3.6614,19.3787,10.0,1.0,-218.4,6.2229,16.093181349206347,18.02550637052628,16.959185714285717,15.415357114574867,34.11868771973262,1.5438285997108476
2025-01-06,24.13,29.3913,21.804,11.6093,12.408,1.26,0.7535,33757870000.0,3.6684,19.3101,10.0,1.0,18.1161,6.2147,16.079055357142856,18.01821987088169,16.96970634920635,15.4182301919137,34.09727522802454,1.5514761572926528
2025-01-07,23.84,29.3913,23.2857,11.4698,12.4023,1.2448,0.7537,33352160000.0,3.6684,19.3101,10.0,1.0,18.1161,6.2147,16.090405555555556,18.020959443612217,17.010149206349208,15.428136529314198,34.111364999167776,1.58201267703501
2025-01-08,24.18,29.4822,21.928,11.6038,12.3967,1.2481,0.754,33827820000.0,3.6767,19.0225,11.0,1.0,18.1161,6.2147,16.10453511904762,18.02274262176629,17.031356349206348,15.433083888345816,34.12727774081392,1.5982724608605334
2025-01-10,24.27,29.4822,23.871,11.6186,12.3935,1.2526,0.754,33953730000.0,3.6767,19.0277,11.0,1.0,18.1161,6.2147,16.131867063492063,18.024057202387432,17.08783253968254,15.44508005960644,34.15592426587949,1.6427524800761013
2025-01-13,23.89,29.4822,25.8414,11.4366,12.3935,1.233,0.7535,33422110000.0,3.6767,19.0277,11.0,1.0,18.1161,6.2147,16.170931150793653,18.023722443032085,17.165538095238094,15.464436707004136,34.194653593825734,1.7011013882339583
2025-01-14,24.51,29.4822,22.6581,11.7334,12.3896,1.265,0.7535,34289490000.0,3.6767,19.0277,11.0,1.0,18.1161,6.2147,16.20710873015873,18.01839663412516,17.222504761904762,15.47139803550206,34.22550536428388,1.7511067264027034
2025-01-15,24.94,30.0635,20.5433,11.9393,12.3856,1.2872,0.7537,34891060000.0,3.6767,19.0277,11.0,1.0,18.1161,6.2147,16.24287261904762,18.00905840715521,17.303781746031746,15.461649880461788,34.251931026202826,1.842131865569959
2025-01-16,25.05,30.0635,20.014,11.992,12.3782,1.2929,0.754,35044950000.0,3.6767,19.0277,11.0,1.0,18.1161,6.2147,16.285896825396826,17.99207254169661,17.34374761904762,15.462099026906865,34.277969367093434,1.881648592140756
2025-01-17,25.85,30.0635,16.2998,12.3749,12.3802,1.3342,0.754,36164150000.0,3.6767,19.0277,11.0,1.0,18.1161,6.2147,16.325821230158727,17.969675499866437,17.346735714285714,15.461858703250206,34.295496730025164,1.884877011035508
2025-01-21,25.6,30.0635,19.0988,12.2383,12.3856,1.3196,0.7537,35814400000.0,3.8088,19.1041,12.0,1.0,18.1161,6.2147,16.37778869047619,17.93966267726581,17.38092380952381,15.460925070178318,34.317451367742,1.919998739345493
2025-01-22,25.25,30.5369,20.9382,12.0658,12.3802,1.3021,0.754,35324750000.0,3.8086,19.0999,12.0,1.0,18.1161,6.2147,16.423867857142856,17.921445796747577,17.42333888888889,15.46331389685909,34.34531365389043,1.9600249920298
2025-01-23,25.61,30.5369,19.2382,12.2378,12.3802,1.3207,0.754,35828390000.0,3.8086,19.0999,12.0,1.0,18.1161,6.2147,16.460635119047616,17.90814198385557,17.474072222222226,15.458661037725811,34.36877710290319,2.015411184496413
2025-01-24,25.42,30.5369,20.1294,12.147,12.3802,1.3109,0.754,35562580000.0,3.8086,19.0999,12.0,1.0,18.1161,6.2147,16.5058501984127,17.88852983424666,17.488550793650795,15.460299836703014,34.39438003265936,2.0282509569477813
2025-01-27,25.69,30.5369,18.8669,12.276,12.3896,1.3248,0.7535,35940310000.0,3.8086,19.0999,12.0,1.0,18.1161,6.2147,16.553064484126985,17.863228013107157,17.433159523809525,15.442609063000605,34.41629249723414,1.9905504608089208
2025-01-28,27.77,30.5369,9.9636,13.2522,12.3951,1.4321,0.7537,38850230000.0,3.8086,19.0957,12.0,1.0,18.1161,7.5347,16.581080357142856,17.84174332254288,17.316938888888888,15.44328838438742,34.422823679685735,1.8736505045014693
2025-01-29,27.91,30.5369,9.412,13.319,12.3967,1.4393,0.7537,39046090000.0,3.8086,19.0957,12.0,1.0,18.1161,7.5347,16.611497420634922,17.816359315374267,17.19519365079365,15.444671927303578,34.42785673600919,1.750521723490074
2025-01-30,28.49,30.5369,7.1846,13.5958,12.408,1.4692,0.7537,39857510000.0,3.8086,19.0957,12.0,1.0,18.1161,7.5347,16.63310496031746,17.79826449879142,17.04825238095238,15.451190160029553,34.43136945910888,1.5970622209228296
2025-01-31,27.67,30.5369,10.361,13.1938,12.4129,1.4269,0.7537,38710330000.0,3.8086,19.1391,12.0,1.0,18.1161,7.5347,16.663775793650796,17.774046105336815,16.8989753968254,15.423977940262674,34.43782189898761,1.4749974565627255
2025-02-03,27.05,30.2852,11.9601,12.9203,12.4155,1.396,0.7533,37842950000.0,3.8248,19.0536,13.0,1.0,18.1161,7.5347,16.691599404761906,17.75563920071427,16.703846825396827,15.328656717078296,34.44723860547617,1.375190108318531
2025-02-04,27.09,30.2852,11.7948,12.9394,12.4165,1.3981,0.7535,37898910000.0,3.8248,19.0551,13.0,1.0,18.1161,7.5347,16.722327579365082,17.733679998431516,16.437111904761906,15.11619909760707,34.4560075777966,1.3209128071548353
2025-02-05,27.19,30.2852,11.3836,12.9822,12.4174,1.4032,0.7537,38038810000.0,3.8248,19.0567,13.0,1.0,18.9515,7.5321,16.76100238095238,17.700643669881128,16.135057936507938,14.828925119122292,34.46164605083351,1.3061328173856452
2025-02-06,27.44,30.2852,10.3688,13.1016,12.419,1.4161,0.7537,38388560000.0,3.8248,19.0567,13.0,1.0,18.9515,7.5321,16.808263888888888,17.65154777971173,15.836370634920636,14.558446359735312,34.45981166860062,1.277924275185324
2025-02-07,26.75,30.2852,13.2157,12.7722,12.4336,1.3805,0.7537,37423250000.0,3.8248,19.0567,13.0,1.0,18.9515,7.5321,16.857681349206352,17.60640955538677,15.511983333333331,14.148902133374149,34.46409090459312,1.3630811999591843
2025-02-10,26.1,30.2852,16.0352,12.4618,12.4412,1.347,0.7533,36513900000.0,3.8248,19.0567,13.0,1.0,18.9515,7.5321,16.91372638888889,17.558584798992623,15.250484126984126,13.8261213643764,34.47231118788152,1.4243627626077269
2025-02-11,25.61,30.2852,18.2554,12.2313,12.4399,1.3218,0.7535,35828390000.0,3.8451,19.3781,14.0,1.0,18.9515,7.5321,16.97874900793651,17.50255325180196,15.029020634920634,13.547743104622638,34.48130225973847,1.481277530297996
2025-02-12,25.89,30.2852,16.9764,12.3651,12.4396,1.3362,0.7537,36220110000.0,3.8451,19.3781,14.0,1.0,18.9515,7.5321,17.03726646825397,17.452976505862793,14.7839,13.224495853498514,34.49024297411677,1.5594041465014872
2025-02-13,25.86,30.2852,17.1121,12.3507,12.4396,1.3347,0.7537,36178140000.0,3.8451,19.3781,14.0,1.0,18.9515,7.5321,17.090934722222226,17.411404405440223,14.561163492063494,12.941822540304589,34.50233912766245,1.6193409517589077
2025-02-14,26.23,30.4216,15.9802,12.503,12.4396,1.3534,0.7537,36695770000.0,3.8616,19.4834,14.0,1.0,18.9515,7.5321,17.13643253968254,17.378385315791146,14.320857142857143,12.625796987972992,34.51481785547369,1.6950601548841495
2025-02-18,25.73,30.4216,18.234,12.2646,12.4396,1.3276,0.7533,35996270000.0,3.8616,19.4834,14.0,1.0,18.9515,7.5321,17.194015476190476,17.33369910191536,14.170710317460316,12.463557089831616,34.52771457810584,1.7071532276286998
2025-02-19,26.09,30.4216,16.6025,12.4844,12.4396,1.3461,0.7535,36499910000.0,3.8616,19.4799,14.0,1.0,18.9515,7.5321,17.2519373015873,17.282674941070965,13.987900793650793,12.25421665836534,34.53461224265827,1.7336841352854524
2025-02-20,24.56,30.4216,23.8664,11.7523,12.4364,1.2672,0.7535,34359440000.0,3.8616,19.4799,14.0,1.0,18.9515,7.5321,17.328682142857144,17.225791009946846,13.872687301587304,12.090162923686211,34.55447315280399,1.7825243779010922
2025-02-21,23.22,30.4216,31.0146,11.1111,12.4263,1.1981,0.7535,32484780000.0,3.8616,19.4799,14.0,1.0,18.9515,7.5321,17.411013095238093,17.191742649083324,13.79413253968254,11.944344641101576,34.60275574432141,1.8497878985809653
2025-02-24,23.63,30.4216,28.7414,11.2949,12.4155,1.2192,0.7516,33058370000.0,3.8616,19.5066,14.0,1.0,18.9515,7.63,17.483956547619048,17.161583182167178,13.70981031746032,11.798991693332608,34.64553972978622,1.9108186241277103
2025-02-25,23.74,30.4216,28.1449,11.3474,12.4155,1.2249,0.7533,33212260000.0,3.8616,19.5066,14.0,1.0,18.9515,7.63,17.553093055555554,17.134128582122763,13.617889682539683,11.638709157364998,34.68722163767832,1.9791805251746872
2025-02-26,24.12,30.4216,26.126,11.5291,12.4155,1.2445,0.7535,33743880000.0,3.8616,19.5066,14.0,1.0,18.9515,7.63,17.61671468253968,17.106233292239665,13.587392063492064,11.600493261475378,34.722947974779345,1.986898802016686
2025-02-27,23.5,30.4216,29.4536,11.2327,12.4129,1.2125,0.7535,32876500000.0,3.8616,19.5066,14.0,1.0,18.9515,7.63,17.684368055555556,17.085433634764467,13.58268253968254,11.593876161119365,34.76980169032002,1.988806378563176
2025-02-28,23.93,30.4216,27.1275,11.4383,12.408,1.2347,0.7535,33478070000.0,3.8616,19.5068,14.0,1.0,18.9515,7.6137,17.742046428571427,17.068103754441793,13.5861626984127,11.59790689789656,34.81015018301322,1.988255800516141
2025-03-03,23.26,30.4216,30.7893,11.118,12.3935,1.2001,0.7516,32540740000.0,3.8616,19.5068,14.0,1.0,18.9515,7.6137,17.811301785714285,17.05004380791274,13.593915873015876,11.609161945121842,34.86134559362702,1.9847539278940327
2025-03-04,21.91,30.4216,38.848,10.4727,12.3896,1.1305,0.7533,30652090000.0,3.8616,19.5068,14.0,1.0,18.9515,7.6137,17.89278472222222,17.052257202243727,13.654243650793653,11.720842816668029,34.94504192446595,1.9334008341256224
2025-03-05,22.34,30.4216,36.1755,10.6783,12.3856,1.1527,0.7535,31253660000.0,3.8616,19.5068,14.0,1.0,18.9515,7.6137,17.96841547619048,17.048639137650863,13.690836507936508,11.78423346060386,35.01705461384134,1.9066030473326467
2025-03-06,20.87,30.4216,45.7671,9.9485,12.3749,1.0763,0.7535,29197130000.0,3.8853,19.632,14.0,1.0,18.9515,7.6137,18.06615099206349,17.066554132276867,13.793328571428573,12.006295194344354,35.13270512434036,1.7870333770842173
2025-03-07,20.64,30.4216,47.3915,9.8309,12.3707,1.0642,0.7535,28875360000.0,3.8853,19.6333,14.0,1.0,18.9515,7.6137,18.173142063492065,17.08105891291447,13.896307936507938,12.23800400725934,35.25420097640654,1.6583039292485982
2025-03-10,19.08,30.4216,59.4423,9.0879,12.3651,0.9837,0.7533,26692920000.0,3.8853,19.633,14.0,1.0,18.9515,7.6137,18.30337321428572,17.145002148648192,14.094928571428571,12.765421283200032,35.44837536293391,1.3295072882285393
2025-03-11,19.1,30.4216,59.2754,9.0974,12.3636,0.9848,0.7535,26720900000.0,3.8853,19.633,14.0,1.0,18.9515,7.6137,18.429848809523808,17.211668939825415,14.259546825396823,13.209122392308622,35.64151774934922,1.050424433088203
2025-03-12,19.5,30.4216,56.0082,9.2879,12.3621,1.0054,0.7537,27280500000.0,3.8853,19.633,14.0,1.0,18.9515,7.6137,18.543721626984127,17.270075411555702,14.422926984126985,13.594657447461678,35.81379703853983,0.8282695366653066
2025-03-13,19.12,29.9216,56.4937,9.1571,12.359,0.9871,0.7537,26748880000.0,3.8357,19.4079,14.0,1.0,18.9515,7.6137,18.64798115079365,17.340249208090036,14.59748492063492,13.989963483297949,35.98823035888368,0.6075214373369722
2025-03-14,19.92,29.9216,50.2088,9.5402,12.3542,1.0284,0.7537,27868080000.0,3.8357,19.4081,14.0,1.0,18.9515,7.6137,18.73338531746032,17.389510711595303,14.74797777777778,14.269688299698124,36.12289602905562,0.478289478079656
2025-03-17,20.89,29.9216,43.2341,9.9652,12.3324,1.0785,0.7533,29225110000.0,3.8357,19.6032,14.0,1.0,18.9515,7.6137,18.794595436507937,17.42138326299206,14.866509523809524,14.444114786436304,36.2159786995,0.4223947373732208
2025-03-18,20.12,29.9216,48.7157,9.5819,12.3292,1.0388,0.7535,28147880000.0,3.8357,19.6084,14.0,1.0,18.9515,7.6137,18.862502380952385,17.471205232906215,15.048604761904762,14.724597928336667,36.3337076138586,0.3240068335680952
2025-03-19,21.05,29.8702,41.9012,10.0062,12.3261,1.0866,0.7537,29448950000.0,3.8543,19.851,13.0,1.0,18.9515,7.6137,18.90804126984128,17.501318552635837,15.208526984126983,14.90627795882746,36.40935982247712,0.302249025299524
2025-03-20,21.2,29.9179,41.1222,10.0441,12.3247,1.0943,0.7537,29658800000.0,3.8543,20.0625,13.0,1.0,18.9515,7.6137,18.9598753968254,17.528380209318048,15.372985714285717,15.077346012100197,36.48825560614345,0.2956397021855199
2025-03-21,20.94,28.5473,36.329,9.7522,12.3208,1.0105,0.7537,27410460000.0,3.8926,20.8084,14.0,1.0,18.9515,9.6902,18.989389682539684,17.5451032810138,15.510685714285714,15.189353866867204,36.53449296355349,0.3213318474185112
2025-03-24,21.44,28.5018,32.9375,9.9503,12.3052,1.0344,0.7533,28064960000.0,3.9046,20.6994,14.0,1.0,18.9515,9.6902,19.01385416666667,17.555956927591247,15.637757936507937,15.268061803586464,36.56981109425792,0.3696961329214741
2025-03-25,21.26,28.5018,34.063,9.8458,12.2945,1.0257,0.7533,27829340000.0,3.9046,20.7097,14.0,1.0,22.8068,9.6945,19.05393373015873,17.567228522963497,15.785484126984128,15.356019876873871,36.62116225312222,0.4294642501102537
2025-03-26,20.93,28.393,35.657,9.6607,12.2916,1.0094,0.7535,27397370000.0,3.9412,20.9589,15.0,2.0,20.9034,10.0675,19.093908928571427,17.582064043430538,15.944411904761903,15.457707310183377,36.675972972001965,0.48670459457853
2025-03-27,20.78,28.393,36.6362,9.5915,12.2885,1.0022,0.7535,27201020000.0,3.9412,20.9589,15.0,2.0,20.9034,10.0675,19.14154424603175,17.597027542529123,16.09935238095238,15.566977213420522,36.73857178856088,0.5323751675318569
2025-03-28,19.87,28.393,42.8938,9.1715,12.2878,0.9583,0.7535,26009830000.0,3.9412,20.9589,15.0,2.0,20.9034,10.0675,19.2018375,17.626281791602498,16.268405555555557,15.74179345684501,36.8281192916025,0.5266120987105474
2025-03-31,19.53,28.393,45.3815,9.0179,12.2878,0.9419,0.7516,25564770000.0,3.9412,20.9366,15.0,2.0,20.9034,10.0675,19.2557257936508,17.664754869474265,16.49026507936508,15.95381714590619,36.92048066312506,0.5364479334588914
2025-04-01,19.39,28.393,46.4312,8.9532,12.2875,0.9352,0.7533,25381510000.0,3.9412,20.9366,15.0,2.0,20.9034,10.0675,19.32076031746032,17.70438198479991,16.713418253968253,16.174645508441404,37.02514230226023,0.538772745526849
2025-04-02,20.02,28.393,41.8232,9.2441,12.2817,0.9656,0.7535,26206180000.0,3.9411,20.9335,15.0,2.0,20.9034,10.0675,19.38942063492064,17.724443862384597,16.88890317460318,16.3266710747681,37.11386449730523,0.5622320998350787
2025-04-03,17.28,28.2626,63.5567,7.9789,12.2817,0.8334,0.754,22619520000.0,3.9411,20.9335,15.0,2.0,20.9034,10.0675,19.50570813492064,17.821502611039804,17.19845,16.834983324321993,37.32721074596044,0.3634666756780085
2025-04-04,16.5,28.2626,71.2885,7.616,12.2817,0.7958,0.7545,21598500000.0,3.9411,20.9555,15.0,2.0,20.9034,10.0675,19.63713134920635,17.958402073544182,17.547983333333335,17.48975544632113,37.595533422750535,0.0582278870122046
2025-04-07,16.43,28.2626,72.0183,7.5837,12.2878,0.7924,0.7562,21506870000.0,3.9411,20.9555,15.0,2.0,20.9034,10.0675,19.766239484126984,18.10033784274857,17.865593650793652,18.106773259766605,37.86657732687555,-0.2411796089729527
2025-04-08,16.69,28.2626,69.3385,7.7037,12.2875,0.805,0.7568,21847210000.0,3.9411,20.9555,15.0,2.0,20.9034,10.0675,19.887445238095243,18.227160669073964,18.20146825396825,18.66191383737756,38.11460590716921,-0.4604455834093031
2025-04-09,19.61,28.2626,44.1234,9.0515,12.2817,0.9458,0.7572,25669490000.0,3.9411,20.9555,15.0,2.0,20.9034,10.0675,19.95153134920635,18.25551326605973,18.336663492063494,18.78808928918362,38.20704461526608,-0.4514257971201267
2025-04-10,17.6,28.0887,59.5949,8.1568,12.2817,0.8494,0.7579,23038400000.0,3.9061,20.7205,15.0,2.0,20.9034,10.0675,20.04791111111111,18.3363107808946,18.640616666666663,19.14280569505212,38.384221892005705,-0.5021890283854518
2025-04-11,17.64,28.0452,58.9864,8.1822,12.2817,0.8512,0.7584,23090760000.0,3.9119,20.7128,15.0,2.0,20.9034,10.1016,20.14620793650793,18.41199138039509,18.99723095238096,19.472357504641145,38.55819931690303,-0.4751265522601891
2025-04-14,17.82,28.0452,57.3805,8.2657,12.2878,0.8599,0.7612,23326380000.0,3.9119,20.7128,15.0,2.0,20.9034,10.1016,20.24383333333333,18.47872624781123,19.34953492063492,19.76221453008672,38.722559581144566,-0.4126796094517999
2025-04-15,18.0,28.0452,55.8067,8.3492,12.2875,0.8686,0.7615,23562000000.0,3.9119,20.7128,15.0,2.0,20.9034,10.1016,20.328965277777776,18.543548639610066,19.69110396825397,20.01784433773587,38.87251391738784,-0.3267403694819037
2025-04-16,17.87,27.9564,56.4432,8.2889,12.2817,0.8623,0.7615,23391830000.0,3.9119,20.7106,15.0,2.0,20.9034,10.1016,20.418799404761906,18.60863076945889,20.027982539682544,20.27673546820426,39.0274301742208,-0.2487529285217178
2025-04-17,17.99,27.5927,53.378,8.3729,12.2817,0.8689,0.7617,23548910000.0,3.8927,20.6571,15.0,2.0,20.9034,10.1016,20.498486706349208,18.66363531117205,20.39679126984127,20.457996773463503,39.162122017521256,-0.0612055036222365
2025-04-21,17.24,27.32,58.4687,8.0115,12.2878,0.8327,0.7627,22567160000.0,3.8927,20.6323,15.0,2.0,20.9034,10.1016,20.59173055555556,18.73571267483816,20.79634603174603,20.70651246686086,39.32744323039371,0.0898335648851684
2025-04-22,17.98,27.32,51.9466,8.3554,12.2875,0.8685,0.7633,23535820000.0,3.8927,20.6323,15.0,2.0,20.9034,10.1016,20.67405654761905,18.78218192207365,21.14453888888889,20.85917911387684,39.45623846969271,0.2853597750120542
2025-04-23,18.48,27.32,47.8355,8.5726,12.2817,0.8935,0.7639,24190320000.0,3.8268,20.6023,16.0,2.0,20.9034,10.1016,20.74733115079365,18.816002209329955,21.45648333333333,20.96267189356453,39.56333336012361,0.4938114397688053
2025-04-24,18.7,27.32,46.0963,8.6747,12.276,0.9041,0.7642,24478300000.0,3.8268,20.6023,16.0,2.0,20.9034,10.1016,20.80606984126984,18.848871529883688,21.741816666666665,21.051954471593376,39.65494137115353,0.6898621950732888
2025-04-25,18.6,27.32,46.8817,8.6283,12.276,0.8993,0.765,24347400000.0,3.8268,20.6023,16.0,2.0,20.9034,10.1016,20.86759900793651,18.883313047515603,22.040311904761904,21.14017441877568,39.75091205545211,0.9001374859862246
2025-04-28,18.86,27.32,44.8568,8.7489,12.2875,0.9118,0.767,24687740000.0,3.8268,20.6023,16.0,2.0,20.9034,10.1016,20.92263313492064,18.912764165511835,22.30134444444444,21.21770975254232,39.83539730043248,1.0836346919021267
2025-04-29,18.71,27.32,46.0182,8.6793,12.2817,0.9046,0.7672,24491390000.0,3.8268,20.6023,16.0,2.0,20.9034,10.1016,20.96798095238095,18.94551853921116,22.56776984126984,21.30359026328576,39.913499491592106,1.264179577984084
2025-04-30,18.34,27.2745,48.7159,8.5077,12.2817,0.8877,0.7678,24007060000.0,3.7337,20.6023,16.0,2.0,20.9034,10.1016,21.013101984126983,18.984506922458102,22.855605555555552,21.41051290400417,39.997608906585086,1.4450926515513771
2025-05-01,18.63,27.0882,45.401,8.6274,12.2817,0.9016,0.7685,24386670000.0,3.7723,20.7745,15.0,2.0,20.9034,11.2428,21.055620039682537,19.015118501815955,23.15825396825397,21.457868727038683,40.07073854149849,1.700385241215287
2025-05-02,19.57,27.0882,38.417,9.0627,12.2817,0.9472,0.7689,25617130000.0,3.7722,20.7745,15.0,2.0,20.9034,11.2428,21.092560317460315,19.0307505127804,23.412407142857145,21.44736002881541,40.12331083024071,1.965047114041731
2025-05-05,19.56,27.0882,38.4877,9.0581,12.2878,0.9468,0.7728,25604040000.0,3.7722,20.7745,15.0,2.0,20.9034,11.2428,21.13665396825397,19.04528148965773,23.66940793650793,21.43232571263364,40.1819354579117,2.2370822238742925
2025-05-06,19.53,27.0882,38.7005,9.0442,12.2878,0.9453,0.7753,25564770000.0,3.7722,20.7745,15.0,2.0,20.9034,11.2428,21.18019345238095,19.06032539738106,23.92197301587301,21.42036313271805,40.24051884976201,2.5016098831549662
2025-05-07,19.69,27.0882,37.5734,9.1183,12.2875,0.9531,0.7754,25774210000.0,3.7722,20.7745,15.0,2.0,20.9034,11.2428,21.221005357142857,19.07338287604719,24.16171984126984,21.40261485584609,40.29438823319005,2.759104985423747
2025-05-08,20.25,27.0882,33.7689,9.3841,12.2875,0.9802,0.7757,26507250000.0,3.7722,20.8456,14.0,2.0,20.9034,11.3004,21.25327956349206,19.08083921541213,24.37166111111111,21.365760755376726,40.33411877890419,3.005900355734383
2025-05-09,20.19,27.0364,33.9099,9.3563,12.2875,0.9772,0.7766,26428710000.0,3.787,20.8553,15.0,2.0,20.9034,10.1464,21.30027380952381,19.0827900916312,24.60320793650794,21.30926385739913,40.38306390115501,3.293944079108801
2025-05-12,22.13,27.0364,22.4049,10.2553,12.2878,1.0712,0.7787,28968170000.0,3.787,20.8553,15.0,2.0,20.9034,10.1464,21.33680833333333,19.06720620540227,24.81073015873016,21.1577872644765,40.4040145387356,3.652942894253659
2025-05-13,22.74,27.0364,19.1214,10.538,12.2878,1.1007,0.7797,29766660000.0,3.787,20.8553,15.0,2.0,20.9034,10.1464,21.36760297619048,19.05103113099454,24.97444920634921,21.031947694148545,40.41863410718501,3.942501512200664
2025-05-14,22.99,26.9412,17.1866,10.6554,12.2875,1.1137,0.7802,30093910000.0,3.7344,20.6408,15.0,2.0,20.9034,10.1464,21.39142341269841,19.038253365053546,25.13547777777778,20.8924662425857,40.42967677775195,4.243011535192078
2025-05-15,23.0,26.7983,16.5143,10.6857,12.2875,1.1146,0.7807,30107000000.0,3.7344,20.6371,15.0,2.0,20.9034,10.1464,21.40881488095238,19.029767883358605,25.307739682539683,20.72926470769703,40.438582764310986,4.578474974842653
2025-05-16,23.39,26.7983,14.5716,10.8664,12.2875,1.1335,0.7815,30617510000.0,3.7344,20.6384,15.0,2.0,20.9034,9.9267,21.41343492063492,19.02782076724357,25.459142063492063,20.578896557933746,40.44125568787849,4.880245505558317
2025-05-19,23.39,26.7983,14.5716,10.8664,12.2881,1.1335,0.7822,30617510000.0,3.7344,20.6387,15.0,2.0,20.9034,9.9267,21.428423214285715,19.01943183391878,25.603432539682537,20.436698626636684,40.447855048204495,5.166733913045853
2025-05-20,22.9,26.7983,17.0231,10.6388,12.2878,1.1097,0.7822,29976100000.0,3.7344,20.6387,15.0,2.0,20.9034,9.9267,21.4493003968254,19.008785728540246,25.7596261904762,20.293685814811205,40.45808612536565,5.465940375664989
2025-05-21,22.04,26.7983,21.5894,10.2393,12.2875,1.0681,0.7822,28850360000.0,3.7344,20.6387,15.0,2.0,20.9034,9.9267,21.49225337301588,18.984531546077225,25.95206031746032,20.136417495394102,40.4767849190931,5.815642822066216
2025-05-22,22.43,26.7983,19.4753,10.4204,12.2875,1.087,0.783,29360870000.0,3.7344,20.6387,15.0,2.0,20.9034,9.9267,21.535230753968253,18.955318760152505,26.13402063492064,19.971501534497897,40.49054951412076,6.162519100422742
2025-05-23,22.25,26.9382,21.0706,10.3368,12.2875,1.0774,0.7841,29125250000.0,3.7722,20.8425,14.0,2.0,20.9034,11.3004,21.575341666666667,18.932846043358555,26.347546825396822,19.769788564585888,40.508187710025226,6.577758260810938
2025-05-27,23.6,26.9382,14.1449,10.964,12.2885,1.1428,0.7862,30892400000.0,3.7722,20.8425,14.0,2.0,20.9034,11.3004,21.60670496031746,18.90735075303261,26.504616666666664,19.591382370423,40.51405571335008,6.913234296243665
2025-05-28,23.0,26.9382,17.1226,10.6852,12.2881,1.1137,0.7868,30107000000.0,3.7722,20.8425,14.0,2.0,20.9034,11.3004,21.64079523809524,18.88368409229482,26.69329523809524,19.38288550227696,40.52447933039007,7.310409735818279
2025-05-29,23.16,26.9382,16.3135,10.7596,12.2878,1.1214,0.787,30316440000.0,3.7722,20.8425,14.0,2.0,20.9034,11.3004,21.66324265873016,18.87058326257996,26.853381746031747,19.21107959069624,40.53382592131012,7.642302155335514
2025-05-30,23.22,26.9382,16.0129,10.7875,12.2878,1.1244,0.7873,30394980000.0,3.7722,20.8425,14.0,2.0,20.9034,11.3004,21.69134365079365,18.851555555358704,27.01986746031746,19.02311355139884,40.54289920615236,7.9967539089186275
2025-06-02,23.54,26.9882,14.6483,10.8876,12.2885,1.139,0.7875,30813860000.0,3.8164,21.1074,14.0,2.0,20.9034,11.3004,21.720828174603174,18.82883723281176,27.160923015873017,18.863024127078543,40.549665407414935,8.297898888794474
2025-06-03,23.93,26.9882,12.7798,11.0679,12.2885,1.1579,0.7879,31324370000.0,3.8164,21.1074,14.0,2.0,20.9034,11.3004,21.74834523809524,18.8055558564736,27.28103253968254,18.721234618987445,40.55390109456883,8.559797920695093
2025-06-04,23.83,26.9882,13.253,11.0217,12.2881,1.153,0.7883,31193470000.0,3.8164,21.1074,14.0,2.0,20.9034,11.3004,21.774179761904765,18.784871400058176,27.41373571428571,18.56010056536752,40.55905116196294,8.853635148918194
2025-06-05,24.02,27.1382,12.9817,11.1096,12.2881,1.1622,0.7884,31442180000.0,3.8164,21.1074,14.0,2.0,20.9034,11.3004,21.80988115079365,18.75093039624195,27.552829365079365,18.383516374922728,40.5608115470356,9.169312990156635
2025-06-06,24.28,27.1382,11.7718,11.2298,12.2881,1.1748,0.7901,31782520000.0,3.8164,21.1126,14.0,2.0,20.9034,11.3242,21.84862222222222,18.709853711919035,27.68580238095238,18.2060330853988,40.558475934141256,9.479769295553588
2025-06-09,24.21,27.1382,12.095,11.1974,12.2881,1.1714,0.7927,31690890000.0,3.8164,21.1126,14.0,2.0,20.9034,11.3242,21.888091666666668,18.66812479564277,27.840207142857142,17.987621521044684,40.55621646230944,9.85258562181246
2025-06-10,24.51,27.5666,12.4708,11.3378,12.2878,1.1857,0.793,32083590000.0,3.8056,20.9095,13.0,2.0,20.9034,11.3242,21.934876587301588,18.614736124533383,27.988421428571428,17.7806063146277,40.54961271183497,10.207815113943727
2025-06-11,23.87,27.5666,15.4864,11.0417,12.2875,1.1547,0.7934,31245830000.0,3.8056,20.9095,13.0,2.0,20.9034,11.3242,21.991164285714284,18.55203069831129,28.157263492063493,17.556907999433665,40.543194984025575,10.600355492629827
2025-06-12,23.57,27.5666,16.9563,10.903,12.2875,1.1402,0.7935,30853130000.0,3.8056,20.9095,13.0,2.0,20.9034,11.3242,22.046572420634924,18.49500812744468,28.28417619047619,17.416005639918414,40.5415805480796,10.868170550557778
2025-06-13,22.41,27.5666,23.0103,10.3664,12.2875,1.0841,0.7937,29334690000.0,3.8056,20.9095,13.0,2.0,20.9034,11.3242,22.11459126984127,18.43517371374904,28.47278571428572,17.226663831113548,40.54976498359031,11.246121883172163
2025-06-16,23.84,27.7245,16.294,10.9725,12.2875,1.1528,0.7945,31206560000.0,3.791,20.9422,13.0,2.0,20.9034,11.3096,22.182117261904764,18.35104161017261,28.605915079365083,17.065181356425494,40.53315887207738,11.540733722939589
2025-06-17,23.28,27.8824,19.7698,10.7044,12.2817,1.1249,0.7948,30473520000.0,3.8058,20.9964,13.0,2.0,20.9034,11.3096,22.26313650793651,18.2495915814561,28.734367460317465,16.93575946193303,40.51272808939261,11.798607998384432
2025-06-18,23.61,27.8824,18.0957,10.8562,12.276,1.1408,0.795,30905490000.0,3.8058,20.9964,13.0,2.0,20.9034,11.3096,22.337574801587305,18.155498548042377,28.82393015873016,16.84850647341908,40.49307334962968,11.975423685311082
2025-06-20,23.77,27.8824,17.3008,10.9423,12.2817,1.1484,0.7952,31114930000.0,3.8118,20.9927,13.0,2.0,20.9034,11.3096,22.41559325396825,18.048674670887543,28.911826984126986,16.758318503417566,40.46426792485579,12.15350848070942
2025-06-23,24.04,27.8824,15.9834,11.0666,12.2878,1.1615,0.7959,31468360000.0,3.8118,20.9927,13.0,2.0,20.9034,11.3096,22.48786408730159,17.949378630174927,28.98304047619048,16.68340300821718,40.43724271747652,12.299637467973298
2025-06-24,25.7,29.1716,13.5082,11.462,12.2875,1.3185,0.7961,35980000000.0,4.037,22.1494,14.0,2.0,19.4034,10.9114,22.55268392857143,17.85742774769233,29.003813492063493,16.662311758659964,40.41011167626376,12.341501733403527
2025-06-25,25.48,29.5127,15.8269,11.2703,12.2817,1.3023,0.7962,35672000000.0,4.2495,22.6063,15.0,2.0,19.4034,10.9165,22.622003373015872,17.762938210166023,29.05557142857143,16.610682143376856,40.3849415831819,12.444889285194574
2025-06-26,26.17,29.6555,13.3187,11.5084,12.2817,1.3355,0.7964,36638000000.0,4.2996,22.8648,15.0,2.0,19.4034,10.9165,22.681710119047622,17.680638392830875,29.11819047619048,16.535603082587286,40.362348511878494,12.582587393603191
2025-06-27,27.26,29.7984,9.3118,11.9441,12.2817,1.391,0.7966,38164000000.0,4.3436,23.0523,15.0,2.0,19.4034,11.1474,22.734393253968253,17.600824278567202,29.112808730158733,16.541987576080597,40.33521753253545,12.570821154078136
2025-06-30,28.12,30.227,7.4929,12.287,12.2646,1.4346,0.7986,39368000000.0,4.3491,23.1105,15.0,2.0,19.4034,11.1871,22.76322777777777,17.563815037698046,29.08803015873016,16.57222816290087,40.32704281547582,12.515801995829284
2025-07-01,28.64,30.4174,6.206,12.5098,12.2703,1.4599,0.7993,40096000000.0,4.403,23.1861,15.0,2.0,19.4034,11.1871,22.79667857142857,17.516035387088124,29.03453015873016,16.635513118988687,40.312713958516696,12.399017039741471
2025-07-02,29.65,30.4174,2.5882,12.9521,12.276,1.5114,0.8,41510000000.0,4.403,23.1882,15.0,2.0,19.4034,11.4904,22.83261309523809,17.455739637554725,28.931587301587303,16.759241105992807,40.288352732792816,12.172346195594496
2025-07-03,29.96,30.4174,1.5267,13.0875,12.276,1.5272,0.8016,41944000000.0,4.403,23.1882,15.0,2.0,19.4034,11.4904,22.853380357142857,17.424061726817545,28.819121428571428,16.895753483152465,40.2774420839604,11.923367945418963
2025-07-07,29.31,30.4174,3.7782,12.8036,12.2703,1.4941,0.8018,41034000000.0,4.403,23.1882,15.0,2.0,19.4034,11.4904,22.89352896825397,17.356484799761862,28.71973412698413,17.00644830528078,40.25001376801583,11.713285821703348
2025-07-08,28.84,30.4174,5.4695,12.5983,12.276,1.4701,0.8019,40376000000.0,4.403,23.1882,15.0,2.0,19.4034,11.4904,22.934367063492065,17.290972178332595,28.637092063492062,17.094402871338268,40.225339241824656,11.542689192153794
2025-07-09,28.83,30.4174,5.5061,12.5939,12.2815,1.4696,0.8022,40362000000.0,4.403,23.193,15.0,2.0,19.4034,11.4904,22.977469642857145,17.22011193042916,28.5309746031746,17.196671482665224,40.1975815732863,11.33430312050938
2025-07-10,29.1,30.4174,4.5271,12.7119,12.2815,1.4834,0.803,40740000000.0,4.403,23.193,15.0,2.0,19.4034,11.4904,23.011884722222224,17.165677334457765,28.393856349206352,17.31918094844675,40.17756205667999,11.074675400759602
2025-07-11,28.66,30.4174,6.1319,12.5197,12.2815,1.4609,0.8039,40124000000.0,4.403,23.193,15.0,2.0,19.4034,11.4904,23.051119246031742,17.104220899411587,28.25771507936508,17.426742596302162,40.15534014544333,10.830972483062917
2025-07-14,29.32,30.4174,3.7428,12.808,12.2703,1.4946,0.8052,41048000000.0,4.403,23.193,15.0,2.0,19.4034,11.4904,23.08872261904762,17.040653545811868,28.113388095238097,17.55442071798721,40.12937616485949,10.558967377250887
2025-07-15,28.97,30.4174,4.9962,12.6551,12.276,1.4767,0.8055,40558000000.0,4.403,23.193,15.0,2.0,19.4034,11.4904,23.12525238095238,16.981878302685704,27.96358809523809,17.671058808493015,40.10713068363808,10.29252928674508
2025-07-16,29.04,30.7508,5.8912,12.6857,12.2815,1.4803,0.8055,40656000000.0,4.403,23.193,15.0,2.0,19.4034,11.4904,23.15714623015873,16.934224767160558,27.805253174603177,17.77927281915296,40.09137099731929,10.025980355450216
2025-07-17,29.45,30.9413,5.0638,12.811,12.2872,1.4994,0.8059,41230000000.0,4.4037,23.2132,15.0,2.0,19.4034,11.4904,23.18267976190476,16.897108110442094,27.66561587301588,17.888776690058695,40.079787872346856,9.77683918295718
2025-07-18,29.55,31.1712,5.4863,12.8456,12.2872,1.5039,0.8063,41370000000.0,4.4144,23.3235,16.0,2.0,19.4034,11.4904,23.20573373015873,16.86492700948328,27.546115873015875,17.986758861128575,40.07066073964201,9.5593570118873
2025-07-21,29.79,31.1712,4.6365,12.9499,12.2815,1.5161,0.8072,41706000000.0,4.4144,23.3235,16.0,2.0,19.4034,11.4904,23.22743273809524,16.83389564496061,27.424072222222225,18.090147107137177,40.06132838305585,9.333925115085048
2025-07-22,29.89,31.1712,4.2864,12.9917,12.287,1.5212,0.8074,41846000000.0,4.4144,23.329,16.0,2.0,19.4034,11.4904,23.25393809523809,16.79340596057375,27.32872777777778,18.180678717181696,40.04734405581185,9.148049060596083
2025-07-23,30.74,31.7621,3.325,13.3258,12.2872,1.5642,0.8076,43036000000.0,4.4385,23.5395,16.0,2.0,19.169,11.4911,23.27639087301587,16.759077963059937,27.20353888888889,18.29177024974447,40.03546883607581,8.91176863914442
2025-07-24,29.78,31.7621,6.6558,12.9097,12.2872,1.5153,0.8088,41692000000.0,4.4385,23.5395,16.0,2.0,19.169,11.4911,23.303597023809527,16.720825347925643,27.090186507936508,18.37497069748678,40.02442237173517,8.715215810449727
2025-07-25,29.75,32.0803,7.8329,12.8967,12.2872,1.5138,0.8098,41650000000.0,4.4385,23.5391,16.0,2.0,19.169,11.4911,23.33551091269841,16.67576726219931,26.999668253968256,18.44193059749942,40.011278174897726,8.557737656468834
2025-07-28,29.73,32.3377,8.7713,12.8874,12.2815,1.5112,0.8098,41622000000.0,4.4389,23.5555,16.0,2.0,19.169,11.4911,23.36163888888889,16.642511820782428,26.909524603174603,18.50343740672935,40.00415070967132,8.406087196445252
2025-07-29,29.7,32.3377,8.8811,12.8744,12.287,1.5097,0.8098,41580000000.0,4.4389,23.5555,16.0,2.0,19.169,11.4911,23.383636507936505,16.61595635168576,26.830272222222224,18.55946084730544,39.99959285962227,8.270811374916786
2025-07-30,30.14,32.3377,7.2916,13.0652,12.2872,1.5321,0.81,42196000000.0,4.4389,23.5555,16.0,2.0,19.169,11.4911,23.404679166666668,16.58877226779674,26.809065873015875,18.580401886896507,39.99345143446341,8.228663986119368
2025-07-31,29.77,32.3377,8.6251,12.9048,12.2875,1.5133,0.8103,41678000000.0,4.4389,23.5585,16.0,2.0,19.169,11.4911,23.43436904761905,16.54877565740007,26.80282063492064,18.58642743172049,39.98314470501912,8.216393203200145
2025-08-01,29.07,32.3377,11.2408,12.6013,12.2875,1.4777,0.8104,40698000000.0,4.4389,23.5585,16.0,2.0,19.169,11.4911,23.4719625,16.499340511987022,26.8350126984127,18.55566369866405,39.97130301198702,8.279348999748652
2025-08-04,29.72,32.3377,8.8079,12.8831,12.287,1.5107,0.8112,41608000000.0,4.4389,23.5585,16.0,2.0,19.169,11.4911,23.508092857142856,16.44706527341874,26.822686507936503,18.567206890921906,39.9551581305616,8.255479617014604
2025-08-05,29.28,32.3377,10.443,12.6924,12.287,1.4884,0.8118,40992000000.0,4.4389,23.5585,16.0,2.0,19.169,11.4911,23.53897420634921,16.407768339121088,26.810646031746032,18.57741119791952,39.94674254547029,8.233234833826515
2025-08-06,29.24,32.3377,10.594,12.675,12.2872,1.4863,0.8121,40936000000.0,4.4389,23.5585,16.0,2.0,19.169,11.4911,23.567286706349208,16.372989459161683,26.80111587301587,18.585482158874097,39.940276165510895,8.215633714141774
2025-08-07,29.01,32.3377,11.4709,12.5753,12.2872,1.4746,0.8126,40614000000.0,4.4389,23.5585,16.0,2.0,19.169,11.4911,23.59559761904762,16.339612496700678,26.80180873015873,18.584904422086343,39.9352101157483,8.216904308072387
2025-08-08,28.37,32.3377,13.9855,12.2979,12.2872,1.4421,0.8133,39718000000.0,4.4389,23.5585,16.0,2.0,19.169,11.4911,23.624402380952382,16.309762842951184,26.8305126984127,18.562099930160887,39.93416522390356,8.268412768251814
2025-08-11,28.61,32.3377,13.0294,12.4019,12.2815,1.4543,0.8148,40054000000.0,4.4389,23.5585,16.0,2.0,19.169,11.4911,23.660937103174604,16.26521585966262,26.829034126984126,18.563200486684064,39.92615296283722,8.265833640300063
2025-08-12,29.64,32.3377,9.1016,12.8484,12.287,1.5067,0.8154,41496000000.0,4.4389,23.5585,16.0,2.0,19.169,11.4911,23.688421626984127,16.22877407770513,26.774005555555554,18.60568194032485,39.917195704689256,8.168323615230705
2025-08-13,30.64,32.3377,5.5408,13.2819,12.2872,1.5575,0.8155,42896000000.0,4.4389,23.5585,16.0,2.0,19.169,11.4911,23.70172797619048,16.21109491084109,26.673096031746034,18.686556539156847,39.91282288703157,7.986539492589188
2025-08-14,30.25,32.3377,6.9015,13.1128,12.2872,1.5377,0.8156,42350000000.0,4.4389,23.5585,16.0,2.0,19.169,11.4911,23.71875079365079,16.188880711362216,26.59313650793651,18.74982856943332,39.90763150501301,7.843307938503191
2025-08-15,29.76,32.4681,9.0998,12.8675,12.2872,1.5121,0.8165,41664000000.0,4.4724,23.7878,16.0,2.0,19.169,11.4911,23.72978055555556,16.17699515437731,26.529546825396828,18.79577105461628,39.90677570993287,7.733775770780547
2025-08-18,29.97,32.4681,8.3353,12.9583,12.2872,1.5228,0.8188,41958000000.0,4.4724,23.8335,16.0,2.0,19.169,11.4911,23.739781746031746,16.16589067557408,26.46887301587301,18.842378670664363,39.90567242160583,7.626494345208652
2025-08-19,29.57,32.4681,9.8008,12.7854,12.2875,1.5025,0.8193,41398000000.0,4.4724,23.8335,16.0,2.0,19.169,11.4911,23.749975992063494,16.155453452041176,26.401942857142856,18.886789316376404,39.90542944410467,7.515153540766452
2025-08-20,29.26,32.4681,10.9641,12.6513,12.2878,1.4867,0.8212,40964000000.0,4.4724,23.8335,16.0,2.0,19.169,11.4911,23.756959523809524,16.149150516270574,26.35719365079365,18.91684898348456,39.906110040080094,7.440344667309095
2025-08-21,29.27,32.4681,10.9262,12.6557,12.2885,1.4872,0.8233,40978000000.0,4.4724,23.8335,16.0,2.0,19.169,11.4911,23.75874067460317,16.147682781024937,26.25449365079365,18.96554338509605,39.90642345562812,7.288950265697597
2025-08-22,31.3,32.4681,3.7319,13.5334,12.2934,1.5904,0.8238,43820000000.0,4.4724,23.8335,16.0,2.0,19.169,11.4911,23.74330674603175,16.163122860118428,26.037964285714285,19.06623834805165,39.906429606150176,6.9717259376626295
2025-08-25,31.25,32.6855,4.5936,13.5007,12.3015,1.5878,0.8249,43750000000.0,4.4724,23.8797,16.0,2.0,19.169,11.4911,23.731272619047616,16.175137628336493,25.84631507936508,19.1599801422322,39.90641024738411,6.686334937132887
2025-08-26,31.87,32.6855,2.5588,13.7685,12.3052,1.6193,0.825,44618000000.0,4.4724,23.8797,16.0,2.0,19.169,11.4911,23.714500198412697,16.19272585025165,25.6432507936508,19.270689478927327,39.90722604866435,6.372561314723466
2025-08-27,32.34,32.9464,1.8751,13.9746,12.3052,1.6433,0.8252,45276000000.0,4.4706,23.864,16.0,2.0,19.169,11.4911,23.70436845238095,16.204809481124304,25.450783333333337,19.38658475552105,39.909177933505255,6.064198577812292
2025-08-28,32.49,32.9464,1.4047,14.0394,12.3052,1.6509,0.8255,45486000000.0,4.4706,23.864,16.0,2.0,19.169,11.4911,23.686007142857143,16.22485092612243,25.22817301587301,19.500955088046,39.91085806897957,5.7272179278270166
2025-08-29,31.89,32.9464,3.3126,13.7801,12.3052,1.6204,0.826,44646000000.0,4.4706,23.864,16.0,2.0,19.169,11.4911,23.67405496031746,16.237656361828293,25.039165873015875,19.59756921246375,39.91171132214575,5.4415966605521255
2025-09-02,31.16,32.9464,5.733,13.4647,12.3015,1.5833,0.8277,43624000000.0,4.4706,23.864,16.0,2.0,19.169,11.4911,23.664281547619048,16.246985526443193,24.84030634920635,19.665761351956867,39.91126707406224,5.174544997249484
2025-09-03,31.33,32.9464,5.1593,13.5382,12.3052,1.5919,0.829,43862000000.0,4.4706,23.864,16.0,2.0,19.169,11.4911,23.656584325396828,16.254845419831994,24.57293571428572,19.702769420446337,39.91142974522882,4.870166293839375
2025-09-04,31.76,32.9464,3.7355,13.724,12.3052,1.6138,0.8304,44464000000.0,4.4706,23.864,16.0,2.0,19.169,11.4911,23.643744642857143,16.268041028815862,24.3154753968254,19.76180509383773,39.911785671673,4.553670302987673
2025-09-05,31.57,32.9464,4.3598,13.6419,12.3052,1.6041,0.8308,44198000000.0,4.4706,23.864,16.0,2.0,19.169,11.4911,23.63145257936508,16.280286415778782,23.98684603174603,19.74650687054764,39.91173899514386,4.240339161198396
2025-09-08,31.56,32.9464,4.3929,13.6375,12.3015,1.6036,0.832,44184000000.0,4.4706,23.864,16.0,2.0,19.169,11.4911,23.61797123015873,16.29341939981881,23.6455873015873,19.71030957537903,39.91139062997754,3.935277726208273
2025-09-09,31.57,32.9464,4.3598,13.6419,12.3052,1.6041,0.832,44198000000.0,4.4706,23.864,16.0,2.0,19.169,11.4911,23.59925694444445,16.310136100139616,23.208424603174603,19.519937475751057,39.909393044584064,3.688487127423546
2025-09-10,31.36,33.1638,5.7519,13.5079,12.3064,1.5929,0.8321,43904000000.0,4.4706,23.8945,16.0,2.0,19.169,11.4911,23.58418273809524,16.323133849424835,22.783634920634924,19.310031007437853,39.90731658752007,3.47360391319707
2025-09-11,32.47,33.111,1.9741,13.9903,12.3064,1.649,0.8327,45458000000.0,4.4789,23.7843,16.0,2.0,19.169,11.4911,23.559701984126985,16.346302717218197,22.35479285714285,19.165730899182247,39.90600470134518,3.189061957960611
2025-09-12,31.51,33.4246,6.0762,13.576,12.3064,1.6003,0.8329,44114000000.0,4.4789,23.785,16.0,2.0,19.169,11.4911,23.5413126984127,16.360770026549005,21.954653968253968,18.972613676466,39.9020827249617,2.982040291787971
2025-09-15,31.24,33.5985,7.5496,13.4319,12.3052,1.5866,0.833,43736000000.0,4.4789,23.9218,16.0,2.0,19.169,11.4911,23.52850793650793,16.37077227306743,21.61608888888889,18.844580040099487,39.899280209575366,2.771508848789402
2025-09-16,31.2,33.5985,7.6875,13.3802,12.3064,1.5837,0.833,43680000000.0,4.4791,23.9269,16.0,2.0,19.169,11.4911,23.515684126984123,16.380661289327993,21.333973015873013,18.784336780394096,39.89634541631212,2.5496362354789177
2025-09-17,31.19,33.5985,7.722,13.3759,12.3077,1.5832,0.8331,43666000000.0,4.4791,23.9269,16.0,2.0,19.169,11.4911,23.49629384920635,16.393581700218174,21.0086261904762,18.660890268474034,39.88987554942453,2.3477359220021583
2025-09-18,31.45,33.5985,6.8315,13.4874,12.3077,1.5964,0.8333,44030000000.0,4.4791,23.9269,16.0,2.0,19.169,11.4911,23.469673412698413,16.409751811782478,20.73029523809524,18.60824193418329,39.87942522448089,2.122053303911948
2025-09-19,30.52,33.7724,10.6566,13.0779,12.3077,1.5487,0.8334,42728000000.0,4.5122,23.9778,16.0,2.0,19.169,11.4911,23.44300634920635,16.4196483350429,20.488504761904764,18.538957198103063,39.86265468424925,1.9495475638017008
2025-09-22,30.71,33.9464,10.5386,13.1279,12.3052,1.5571,0.8344,42994000000.0,4.5651,24.1372,16.0,2.0,19.169,11.4911,23.413649603174605,16.42948376813199,20.283819047619048,18.505008432978205,39.84313337130659,1.7788106146408431
2025-09-23,30.71,33.9464,10.5386,13.1279,12.3064,1.5571,0.8344,42994000000.0,4.5651,24.1372,16.0,2.0,19.169,11.4911,23.385116666666665,16.439348262021717,20.106050000000003,18.49005980727916,39.82446492868839,1.615990192720847
2025-09-24,30.37,34.0333,12.0622,12.9587,12.3077,1.5386,0.8349,42518000000.0,4.5614,24.1536,16.0,2.0,19.169,11.5026,23.352914285714284,16.44561181835298,19.93144047619048,18.4610626952846,39.798526104067264,1.4703777809058778
2025-09-25,30.48,34.0333,11.6578,13.0056,12.3077,1.5442,0.8356,42672000000.0,4.5604,24.1536,16.0,2.0,19.169,11.5026,23.31638650793651,16.451112105103565,19.74097063492064,18.42127970809441,39.76749861304008,1.319690926826226
2025-09-26,30.62,34.0333,11.1473,13.0654,12.3077,1.5513,0.8364,42868000000.0,4.5604,24.1536,16.0,2.0,19.169,11.5026,23.27149861111111,16.453394532710885,19.53867777777777,18.37415346354934,39.724893143822,1.1645243142284372
2025-09-29,29.4,34.7157,18.0806,12.2792,12.2979,1.4846,0.8378,41218800000.0,4.8044,25.3929,17.0,2.0,19.169,12.0713,23.23764583333333,16.44647248301869,19.341747619047617,18.25441693993742,39.68411831635203,1.087330679110195
2025-09-30,28.91,34.9331,20.834,12.0098,12.2934,1.4596,0.8379,40531820000.0,4.8077,25.762,17.0,2.0,18.9329,11.9142,23.206527976190475,16.43613010589416,19.1469261904762,18.10466082780312,39.64265808208464,1.0422653626730778
2025-10-01,28.36,34.9331,23.1774,11.7813,12.2888,1.4318,0.8385,39760720000.0,4.8077,25.7567,17.0,2.0,18.9329,11.9142,23.17716626984127,16.422906434796893,18.962372222222225,17.94209898578709,39.600072704638166,1.020273236435134
2025-10-02,28.85,34.9331,21.0853,11.9536,12.2881,1.456,0.8394,40447700000.0,4.8079,25.7938,17.0,1.0,21.8657,10.7916,23.152374603174604,16.416600747490072,18.79778571428572,17.82545162380898,39.56897535066467,0.9723340904767356
2025-10-03,28.57,35.0967,22.8446,11.8376,12.2875,1.4417,0.8396,40055140000.0,4.7876,25.7938,17.0,1.0,21.8657,10.7916,23.123906746031743,16.40464151166472,18.47467380952381,17.370826677563407,39.52854825769647,1.1038471319604035
2025-10-06,29.09,35.0967,20.6487,11.9707,12.2776,1.4671,0.8404,40784180000.0,4.8234,26.3585,16.0,1.0,21.8657,10.7916,23.09727638888889,16.397728826256945,18.07277063492064,16.712456740853234,39.49500521514584,1.3603138940674029
2025-10-07,28.71,35.0967,22.2456,11.8143,12.276,1.4479,0.8404,40251420000.0,4.8234,26.3585,16.0,1.0,21.8657,10.7916,23.06307103174603,16.38144872600268,17.67774920634921,16.00022684157569,39.44451975774871,1.6775223647735196
2025-10-08,28.92,35.0967,21.3579,11.9007,12.2703,1.4585,0.8405,40545840000.0,4.8235,26.359,16.0,1.0,21.8657,10.7916,23.034504365079364,16.37182187039918,17.296950793650794,15.317270454938082,39.40632623547855,1.9796803387127115
2025-10-09,28.45,35.0967,23.3627,11.7073,12.2618,1.4348,0.841,39886900000.0,4.8235,26.359,16.0,1.0,21.8657,10.7916,23.01948373015873,16.368033113070926,17.132183333333334,15.136990724001905,39.387516843229655,1.9951926093314287
2025-10-10,27.69,35.0967,26.7486,11.3946,12.2546,1.3965,0.8413,38821380000.0,4.8235,26.359,16.0,1.0,21.8657,10.7916,23.01039742063492,16.364682375444833,16.871498412698415,14.675664659564728,39.37507979607975,2.195833753133688
